[{"__type__":"cc.SpriteFrame","content":{"name":"861","texture":"1e1fca5a7","rect":[3,393,83,614],"offset":[0,0],"originalSize":[83,614],"capInsets":[0,0,0,0]}},{"__type__":"cc.SpriteFrame","content":{"name":"Top_Down_Moving","texture":"baL4mQu65NfqiUJaK8sD+X","rect":[2,151,128,1024],"offset":[0,0],"originalSize":[128,1024],"rotated":1,"capInsets":[0,0,0,0]}},{"__type__":"cc.SpriteFrame","content":{"name":"Push_Scifi_1","texture":"110b18844","rect":[73,622,106,35],"offset":[0,-0.5],"originalSize":[128,36],"capInsets":[0,0,0,0]}},{"__type__":"cc.SpriteFrame","content":{"name":"water1401","texture":"45vQ2LoilCT7wEp2u2yWOh","rect":[0,0,1060,384],"offset":[0,0],"originalSize":[1060,384],"capInsets":[0,0,0,0]}},{"__type__":"cc.SpriteFrame","content":{"name":"Round_Spikes","texture":"1d28d6ee5","rect":[399,496,256,256],"offset":[0,0],"originalSize":[256,256],"capInsets":[0,0,0,0]}},{"__type__":"cc.SpriteFrame","content":{"name":"Laser_Tronc01","texture":"1d28d6ee5","rect":[661,496,256,256],"offset":[0,0],"originalSize":[256,256],"capInsets":[0,0,0,0]}},[{"__type__":"cc.Prefab","_name":"Level-18","data":{"__id__":1}},{"__type__":"cc.Node","_name":"Level-7","_children":[{"__id__":2},{"__id__":23},{"__id__":49},{"__id__":51},{"__id__":53},{"__id__":94},{"__id__":95},{"__id__":104}],"_prefab":{"__type__":"cc.PrefabInfo","root":{"__id__":1},"asset":{"__uuid__":"4aZHqALSVFs4aAzBGYoyQc"},"fileId":"61PIOvex1FU6xN1HxuuM2y"},"_anchorPoint":{"__type__":"cc.Vec2"},"_trs":{"__type__":"TypedArray","ctor":"Float64Array","array":[0,0,0,0,0,0,1,1,1,1]}},{"__type__":"cc.Node","_name":"indication","_parent":{"__id__":1},"_children":[{"__id__":3},{"__id__":4},{"__id__":5},{"__id__":7},{"__id__":10},{"__id__":13},{"__id__":14},{"__id__":19},{"__id__":20},{"__id__":44},{"__id__":45},{"__id__":47}],"_prefab":{"__type__":"cc.PrefabInfo","root":{"__id__":1},"asset":{"__uuid__":"4aZHqALSVFs4aAzBGYoyQc"},"fileId":"eaWpX76QdBAZ2IVMIwBQ0/"},"_anchorPoint":{"__type__":"cc.Vec2"},"_trs":{"__type__":"TypedArray","ctor":"Float64Array","array":[0,0,0,0,0,0,1,1,1,1]},"_groupIndex":1,"groupIndex":1},{"__type__":"cc.Node","_name":"block","_parent":{"__id__":2},"_components":[{"__type__":"cc.RigidBody","node":{"__id__":3},"_type":0,"_linearDamping":2},{"__type__":"cc.PhysicsBoxCollider","node":{"__id__":3},"_density":1000,"_friction":0,"_offset":{"__type__":"cc.Vec2","x":50,"y":300},"_size":{"__type__":"cc.Size","width":100,"height":600}}],"_prefab":{"__type__":"cc.PrefabInfo","root":{"__id__":1},"asset":{"__uuid__":"4aZHqALSVFs4aAzBGYoyQc"},"fileId":"220qkMCDdIQbtBM3BZqXBq"},"_contentSize":{"__type__":"cc.Size","width":100,"height":600},"_anchorPoint":{"__type__":"cc.Vec2"},"_trs":{"__type__":"TypedArray","ctor":"Float64Array","array":[-91.503,211.19,0,0,0,0,1,1,1,1]},"_groupIndex":1,"groupIndex":1},{"__type__":"cc.Node","_name":"block","_parent":{"__id__":2},"_components":[{"__type__":"cc.RigidBody","node":{"__id__":4},"_type":0,"_linearDamping":2},{"__type__":"cc.PhysicsBoxCollider","node":{"__id__":4},"_density":1000,"_friction":0,"_offset":{"__type__":"cc.Vec2","x":50,"y":300},"_size":{"__type__":"cc.Size","width":100,"height":600}}],"_prefab":{"__type__":"cc.PrefabInfo","root":{"__id__":1},"asset":{"__uuid__":"4aZHqALSVFs4aAzBGYoyQc"},"fileId":"3cY5y7CNFIc4hom4Dj+hPe"},"_contentSize":{"__type__":"cc.Size","width":100,"height":600},"_anchorPoint":{"__type__":"cc.Vec2"},"_trs":{"__type__":"TypedArray","ctor":"Float64Array","array":[7045.369,510.393,0,0,0,0,1,1,1,1]},"_groupIndex":1,"groupIndex":1},{"__type__":"cc.Node","_name":"flag_ind","_parent":{"__id__":2},"_children":[{"__id__":6}],"_components":[{"__type__":"cc.Sprite","_name":"flag_ind<Sprite>","node":{"__id__":5},"_materials":[{"__uuid__":"ecpdLyjvZBwrvm+cedCcQy"}],"_spriteFrame":{"__uuid__":"07zKmIceRAwZknsZDy1S/V"}},{"__type__":"cc.RigidBody","node":{"__id__":5},"_type":0,"enabledContactListener":true},{"__type__":"cc.PhysicsBoxCollider","node":{"__id__":5},"_sensor":true,"_size":{"__type__":"cc.Size","width":83,"height":614}},{"__type__":"6ad49RTzopHHLKa1XzEQETT","node":{"__id__":5}}],"_prefab":{"__type__":"cc.PrefabInfo","root":{"__id__":1},"asset":{"__uuid__":"4aZHqALSVFs4aAzBGYoyQc"},"fileId":"d9z44AKvZGpqNTsqRZ29F0"},"_contentSize":{"__type__":"cc.Size","width":83,"height":614},"_trs":{"__type__":"TypedArray","ctor":"Float64Array","array":[3482.034,454.642,0,0,0,0,1,0.4,0.4,1]},"_groupIndex":1,"groupIndex":1},{"__type__":"cc.Node","_name":"flag","_parent":{"__id__":5},"_components":[{"__type__":"cc.Sprite","_name":"flag<Sprite>","node":{"__id__":6},"_materials":[{"__uuid__":"ecpdLyjvZBwrvm+cedCcQy"}],"_spriteFrame":{"__uuid__":"e33fRYcr9GP4j1b4ibM5Y8"}},{"__type__":"cc.Animation","node":{"__id__":6},"_defaultClip":{"__uuid__":"cbH2x9KCBJyaeYtYAInG18"},"_clips":[{"__uuid__":"cbH2x9KCBJyaeYtYAInG18"}],"playOnLoad":true}],"_prefab":{"__type__":"cc.PrefabInfo","root":{"__id__":1},"asset":{"__uuid__":"4aZHqALSVFs4aAzBGYoyQc"},"fileId":"07dUTPSRZMu5z7/blVKH5R"},"_contentSize":{"__type__":"cc.Size","width":273,"height":192},"_trs":{"__type__":"TypedArray","ctor":"Float64Array","array":[-130,-120,0,0,0,0,1,1,1,1]},"_groupIndex":1,"groupIndex":1},{"__type__":"cc.Node","_name":"item3","_parent":{"__id__":2},"_children":[{"__id__":8},{"__id__":9}],"_components":[{"__type__":"cc.Sprite","node":{"__id__":7},"_materials":[{"__uuid__":"ecpdLyjvZBwrvm+cedCcQy"}],"_spriteFrame":{"__uuid__":"d9ZNBsOAJD+44MuzjlznxJ"},"_sizeMode":0},{"__type__":"0fe67UN+dJDM6D3VEpdVsoM","node":{"__id__":7},"angle_max":0,"angle_min":0,"is_rotate_num":1,"double_ray_node":{"__id__":9},"interval":null},{"__type__":"cc.RigidBody","node":{"__id__":7},"_type":0},{"__type__":"cc.PhysicsChainCollider","node":{"__id__":7},"points":[{"__type__":"cc.Vec2","x":-28.125,"y":18.75},{"__type__":"cc.Vec2","x":-28.125,"y":17.1875},{"__type__":"cc.Vec2","x":-31.25,"y":15.625},{"__type__":"cc.Vec2","x":-32.03125,"y":10.15625},{"__type__":"cc.Vec2","x":-35.15625,"y":9.375},{"__type__":"cc.Vec2","x":-38.28125,"y":5.46875},{"__type__":"cc.Vec2","x":-38.28125,"y":-9.375},{"__type__":"cc.Vec2","x":-32.8125,"y":-13.28125},{"__type__":"cc.Vec2","x":-31.25,"y":-17.1875},{"__type__":"cc.Vec2","x":-31.25,"y":-21.875},{"__type__":"cc.Vec2","x":-28.90625,"y":-22.65625},{"__type__":"cc.Vec2","x":-25.78125,"y":-32.03125},{"__type__":"cc.Vec2","x":-21.09375,"y":-32.03125},{"__type__":"cc.Vec2","x":-20.3125,"y":-35.15625},{"__type__":"cc.Vec2","x":-18.75,"y":-35.9375},{"__type__":"cc.Vec2","x":-14.0625,"y":-45.3125},{"__type__":"cc.Vec2","x":-12.5,"y":-46.09375},{"__type__":"cc.Vec2","x":-13.28125,"y":-48.4375},{"__type__":"cc.Vec2","x":-11.71875,"y":-47.65625},{"__type__":"cc.Vec2","x":-10.9375,"y":-50},{"__type__":"cc.Vec2","x":10.9375,"y":-50},{"__type__":"cc.Vec2","x":17.1875,"y":-38.28125},{"__type__":"cc.Vec2","x":20.3125,"y":-35.15625},{"__type__":"cc.Vec2","x":21.09375,"y":-32.03125},{"__type__":"cc.Vec2","x":25.78125,"y":-32.03125},{"__type__":"cc.Vec2","x":28.90625,"y":-22.65625},{"__type__":"cc.Vec2","x":31.25,"y":-21.875},{"__type__":"cc.Vec2","x":31.25,"y":-17.1875},{"__type__":"cc.Vec2","x":32.8125,"y":-13.28125},{"__type__":"cc.Vec2","x":34.375,"y":-12.5},{"__type__":"cc.Vec2","x":34.375,"y":-10.9375},{"__type__":"cc.Vec2","x":37.5,"y":-9.375},{"__type__":"cc.Vec2","x":37.5,"y":7.03125},{"__type__":"cc.Vec2","x":35.9375,"y":7.03125},{"__type__":"cc.Vec2","x":35.9375,"y":8.59375},{"__type__":"cc.Vec2","x":34.375,"y":8.59375},{"__type__":"cc.Vec2","x":33.59375,"y":10.15625},{"__type__":"cc.Vec2","x":31.25,"y":10.15625},{"__type__":"cc.Vec2","x":29.6875,"y":16.40625},{"__type__":"cc.Vec2","x":26.5625,"y":17.96875}]}],"_prefab":{"__type__":"cc.PrefabInfo","root":{"__id__":1},"asset":{"__uuid__":"4aZHqALSVFs4aAzBGYoyQc"},"fileId":"99wO2scfZAGonHKU3feqy2"},"_contentSize":{"__type__":"cc.Size","width":100,"height":100},"_trs":{"__type__":"TypedArray","ctor":"Float64Array","array":[6384.794,665.741,0,0,0,0,1,1,1,1]},"_groupIndex":1,"groupIndex":1},{"__type__":"cc.Node","_name":"red_ray","_parent":{"__id__":7},"_children":[{"__type__":"cc.Node","_name":"ray_pt","_parent":{"__id__":8},"_prefab":{"__type__":"cc.PrefabInfo","root":{"__id__":1},"asset":{"__uuid__":"4aZHqALSVFs4aAzBGYoyQc"},"fileId":"61bxTneldP8bF6D5zBlNwk"},"_trs":{"__type__":"TypedArray","ctor":"Float64Array","array":[-0.787,-799.906,0,0,0,0,1,1,1,1]},"_groupIndex":1,"groupIndex":1},{"__type__":"cc.Node","_name":"ray_pt1","_parent":{"__id__":8},"_prefab":{"__type__":"cc.PrefabInfo","root":{"__id__":1},"asset":{"__uuid__":"4aZHqALSVFs4aAzBGYoyQc"},"fileId":"24vLen2g5DhrvIlOmELt29"},"_trs":{"__type__":"TypedArray","ctor":"Float64Array","array":[-0.787,-0.928,0,0,0,0,1,1,1,1]},"_groupIndex":1,"groupIndex":1}],"_components":[{"__type__":"cc.Sprite","node":{"__id__":8},"_materials":[{"__uuid__":"ecpdLyjvZBwrvm+cedCcQy"}],"_spriteFrame":{"__uuid__":"a2MjXRFdtLlYQ5ouAFv/+R"},"_sizeMode":0}],"_prefab":{"__type__":"cc.PrefabInfo","root":{"__id__":1},"asset":{"__uuid__":"4aZHqALSVFs4aAzBGYoyQc"},"fileId":"5dE2zHhI9KgKPaAPvOloj7"},"_color":{"__type__":"cc.Color","r":255},"_contentSize":{"__type__":"cc.Size","width":10,"height":800},"_anchorPoint":{"__type__":"cc.Vec2","x":0.5,"y":1},"_trs":{"__type__":"TypedArray","ctor":"Float64Array","array":[0,-50.072,0,0,0,0,1,1,1,1]},"_groupIndex":1,"groupIndex":1},{"__type__":"cc.Node","_name":"red_ray2","_parent":{"__id__":7},"_children":[{"__type__":"cc.Node","_name":"ray_pt","_parent":{"__id__":9},"_prefab":{"__type__":"cc.PrefabInfo","root":{"__id__":1},"asset":{"__uuid__":"4aZHqALSVFs4aAzBGYoyQc"},"fileId":"6bXCf23clGnae2wQz804/7"},"_trs":{"__type__":"TypedArray","ctor":"Float64Array","array":[-0.787,-799.906,0,0,0,0,1,1,1,1]},"_groupIndex":1,"groupIndex":1},{"__type__":"cc.Node","_name":"ray_pt1","_parent":{"__id__":9},"_prefab":{"__type__":"cc.PrefabInfo","root":{"__id__":1},"asset":{"__uuid__":"4aZHqALSVFs4aAzBGYoyQc"},"fileId":"dfZ2UIgsRJV47G5v4pXGKP"},"_trs":{"__type__":"TypedArray","ctor":"Float64Array","array":[-0.787,-0.928,0,0,0,0,1,1,1,1]},"_groupIndex":1,"groupIndex":1}],"_active":false,"_components":[{"__type__":"cc.Sprite","node":{"__id__":9},"_materials":[{"__uuid__":"ecpdLyjvZBwrvm+cedCcQy"}],"_spriteFrame":{"__uuid__":"a2MjXRFdtLlYQ5ouAFv/+R"},"_sizeMode":0}],"_prefab":{"__type__":"cc.PrefabInfo","root":{"__id__":1},"asset":{"__uuid__":"4aZHqALSVFs4aAzBGYoyQc"},"fileId":"b6On4uR8VDi4AKnqYstcBt"},"_color":{"__type__":"cc.Color","r":255},"_contentSize":{"__type__":"cc.Size","width":10,"height":800},"_anchorPoint":{"__type__":"cc.Vec2","x":0.5,"y":1},"_trs":{"__type__":"TypedArray","ctor":"Float64Array","array":[-6346.541,-685.449,0,0,0,0.49999999999999994,0.8660254037844387,1,1,1]},"_eulerAngles":{"__type__":"cc.Vec3","z":60},"_groupIndex":1,"groupIndex":1},{"__type__":"cc.Node","_name":"item2","_parent":{"__id__":2},"_children":[{"__id__":11},{"__id__":12}],"_components":[{"__type__":"cc.Sprite","node":{"__id__":10},"_materials":[{"__uuid__":"ecpdLyjvZBwrvm+cedCcQy"}],"_spriteFrame":{"__uuid__":"49l3QmG35NXYRmT2UOGKP9"},"_sizeMode":0},{"__type__":"0fe67UN+dJDM6D3VEpdVsoM","node":{"__id__":10},"angle_max":60,"is_rotate_num":2,"double_ray_node":{"__id__":12},"double_ray_node1":{"__id__":12}}],"_prefab":{"__type__":"cc.PrefabInfo","root":{"__id__":1},"asset":{"__uuid__":"4aZHqALSVFs4aAzBGYoyQc"},"fileId":"f47UaPmbRFsb1rN9nZVCK1"},"_contentSize":{"__type__":"cc.Size","width":100,"height":100},"_trs":{"__type__":"TypedArray","ctor":"Float64Array","array":[4933.877,741.407,0,0,0,0,1,1,1,1]}},{"__type__":"cc.Node","_name":"red_ray","_parent":{"__id__":10},"_children":[{"__type__":"cc.Node","_name":"ray_pt","_parent":{"__id__":11},"_prefab":{"__type__":"cc.PrefabInfo","root":{"__id__":1},"asset":{"__uuid__":"4aZHqALSVFs4aAzBGYoyQc"},"fileId":"cf25iDnERARIisqO6x5yc0"},"_trs":{"__type__":"TypedArray","ctor":"Float64Array","array":[-0.787,-1199.099,0,0,0,0,1,1,1,1]}},{"__type__":"cc.Node","_name":"ray_pt1","_parent":{"__id__":11},"_prefab":{"__type__":"cc.PrefabInfo","root":{"__id__":1},"asset":{"__uuid__":"4aZHqALSVFs4aAzBGYoyQc"},"fileId":"afZnByUdRLuoWInC2GB7H/"},"_trs":{"__type__":"TypedArray","ctor":"Float64Array","array":[-0.787,-0.928,0,0,0,0,1,1,1,1]}}],"_components":[{"__type__":"cc.Sprite","node":{"__id__":11},"_materials":[{"__uuid__":"ecpdLyjvZBwrvm+cedCcQy"}],"_spriteFrame":{"__uuid__":"a2MjXRFdtLlYQ5ouAFv/+R"},"_sizeMode":0}],"_prefab":{"__type__":"cc.PrefabInfo","root":{"__id__":1},"asset":{"__uuid__":"4aZHqALSVFs4aAzBGYoyQc"},"fileId":"c0lUfl/WVLQ6a7xsdjwPae"},"_color":{"__type__":"cc.Color","r":255},"_contentSize":{"__type__":"cc.Size","width":10,"height":1200},"_anchorPoint":{"__type__":"cc.Vec2","x":0.5,"y":1},"_trs":{"__type__":"TypedArray","ctor":"Float64Array","array":[-36.97,-18.149,0,0,0,-0.49999999999999994,0.8660254037844387,1,1,1]},"_eulerAngles":{"__type__":"cc.Vec3","z":-60}},{"__type__":"cc.Node","_name":"red_ray2","_parent":{"__id__":10},"_children":[{"__type__":"cc.Node","_name":"ray_pt","_parent":{"__id__":12},"_prefab":{"__type__":"cc.PrefabInfo","root":{"__id__":1},"asset":{"__uuid__":"4aZHqALSVFs4aAzBGYoyQc"},"fileId":"3deOdQCIlEiKk3JyVtrx/H"},"_trs":{"__type__":"TypedArray","ctor":"Float64Array","array":[-0.787,-998.546,0,0,0,0,1,1,1,1]}},{"__type__":"cc.Node","_name":"ray_pt1","_parent":{"__id__":12},"_prefab":{"__type__":"cc.PrefabInfo","root":{"__id__":1},"asset":{"__uuid__":"4aZHqALSVFs4aAzBGYoyQc"},"fileId":"74q6kkNfpCC5Yy2EDmwYe+"},"_trs":{"__type__":"TypedArray","ctor":"Float64Array","array":[-0.787,-0.928,0,0,0,0,1,1,1,1]}}],"_active":false,"_components":[{"__type__":"cc.Sprite","node":{"__id__":12},"_materials":[{"__uuid__":"ecpdLyjvZBwrvm+cedCcQy"}],"_spriteFrame":{"__uuid__":"a2MjXRFdtLlYQ5ouAFv/+R"},"_sizeMode":0}],"_prefab":{"__type__":"cc.PrefabInfo","root":{"__id__":1},"asset":{"__uuid__":"4aZHqALSVFs4aAzBGYoyQc"},"fileId":"37BLuc6j5FIIs6Tgx5s8/U"},"_color":{"__type__":"cc.Color","r":255},"_contentSize":{"__type__":"cc.Size","width":10,"height":1000},"_anchorPoint":{"__type__":"cc.Vec2","x":0.5,"y":1},"_trs":{"__type__":"TypedArray","ctor":"Float64Array","array":[38.253,-19.708,0,0,0,0.49999999999999994,0.8660254037844387,1,1,1]},"_eulerAngles":{"__type__":"cc.Vec3","z":60}},{"__type__":"cc.Node","_name":"22","_parent":{"__id__":2},"_components":[{"__type__":"cc.Sprite","node":{"__id__":13},"_materials":[{"__uuid__":"ecpdLyjvZBwrvm+cedCcQy"}],"_spriteFrame":{"__uuid__":"e1+8qCijNApIitxE5DtK8v"},"_sizeMode":0},{"__type__":"cc.RigidBody","node":{"__id__":13},"_type":0,"enabledContactListener":true},{"__type__":"cc.PhysicsBoxCollider","node":{"__id__":13},"_size":{"__type__":"cc.Size","width":700,"height":17}}],"_prefab":{"__type__":"cc.PrefabInfo","root":{"__id__":1},"asset":{"__uuid__":"4aZHqALSVFs4aAzBGYoyQc"},"fileId":"7c6AKg/HxMKZjYmv5YLTe+"},"_contentSize":{"__type__":"cc.Size","width":700,"height":17},"_trs":{"__type__":"TypedArray","ctor":"Float64Array","array":[6216.774,488.62,0,0,0,0,1,1,1,1]},"_groupIndex":3,"groupIndex":3},{"__type__":"cc.Node","_name":"turn_hammer","_parent":{"__id__":2},"_children":[{"__id__":15},{"__id__":17}],"_prefab":{"__type__":"cc.PrefabInfo","root":{"__id__":1},"asset":{"__uuid__":"4aZHqALSVFs4aAzBGYoyQc"},"fileId":"c4WJo8mBRFoq2lFYn1zvVw"},"_trs":{"__type__":"TypedArray","ctor":"Float64Array","array":[0,0,0,0,0,0,1,1,1,1]}},{"__type__":"cc.Node","_name":"metal-chain","_parent":{"__id__":14},"_children":[{"__id__":16}],"_components":[{"__type__":"cc.Sprite","node":{"__id__":15},"_materials":[{"__uuid__":"ecpdLyjvZBwrvm+cedCcQy"}],"_spriteFrame":{"__uuid__":"9dANs9hMVCood4+i0DVH22"},"_sizeMode":0},{"__type__":"cc.RigidBody","node":{"__id__":15},"_type":3,"enabledContactListener":true},{"__type__":"cc.PhysicsCircleCollider","node":{"__id__":15},"_offset":{"__type__":"cc.Vec2","x":0.5,"y":-111}},{"__type__":"9155eTSIPNEvbHUmba6LZO2","node":{"__id__":15},"speed":0}],"_prefab":{"__type__":"cc.PrefabInfo","root":{"__id__":1},"asset":{"__uuid__":"4aZHqALSVFs4aAzBGYoyQc"},"fileId":"39KDCUE4ZJO4RJ3OGvyrzc"},"_contentSize":{"__type__":"cc.Size","width":10,"height":82},"_anchorPoint":{"__type__":"cc.Vec2","x":0.5,"y":1},"_trs":{"__type__":"TypedArray","ctor":"Float64Array","array":[6030.042,487.546,0,0,0,0,1,1,1,1]},"_groupIndex":1,"groupIndex":1},{"__type__":"cc.Node","_name":"Round_Spikes","_parent":{"__id__":15},"_components":[{"__type__":"cc.Sprite","node":{"__id__":16},"_materials":[{"__uuid__":"ecpdLyjvZBwrvm+cedCcQy"}],"_spriteFrame":{"__uuid__":"35Y71Ba21JGaomQRaX4aQ4"},"_sizeMode":0}],"_prefab":{"__type__":"cc.PrefabInfo","root":{"__id__":1},"asset":{"__uuid__":"4aZHqALSVFs4aAzBGYoyQc"},"fileId":"48mbGjeq5GHYHtLg0SDbiJ"},"_contentSize":{"__type__":"cc.Size","width":100,"height":100},"_trs":{"__type__":"TypedArray","ctor":"Float64Array","array":[0,-112.599,0,0,0,0,1,1,1,1]},"_groupIndex":1,"groupIndex":1},{"__type__":"cc.Node","_name":"metal-chain","_parent":{"__id__":14},"_children":[{"__id__":18}],"_components":[{"__type__":"cc.Sprite","node":{"__id__":17},"_materials":[{"__uuid__":"ecpdLyjvZBwrvm+cedCcQy"}],"_spriteFrame":{"__uuid__":"9dANs9hMVCood4+i0DVH22"},"_sizeMode":0},{"__type__":"cc.RigidBody","node":{"__id__":17},"_type":3,"enabledContactListener":true},{"__type__":"cc.PhysicsCircleCollider","node":{"__id__":17},"_offset":{"__type__":"cc.Vec2","x":0.5,"y":-111}},{"__type__":"9155eTSIPNEvbHUmba6LZO2","node":{"__id__":17},"speed":0}],"_prefab":{"__type__":"cc.PrefabInfo","root":{"__id__":1},"asset":{"__uuid__":"4aZHqALSVFs4aAzBGYoyQc"},"fileId":"6abGLU4HxF8L6nC/Q3gudT"},"_contentSize":{"__type__":"cc.Size","width":10,"height":82},"_anchorPoint":{"__type__":"cc.Vec2","x":0.5,"y":1},"_trs":{"__type__":"TypedArray","ctor":"Float64Array","array":[6248.502,487.546,0,0,0,0,1,1,1,1]},"_groupIndex":1,"groupIndex":1},{"__type__":"cc.Node","_name":"Round_Spikes","_parent":{"__id__":17},"_components":[{"__type__":"cc.Sprite","node":{"__id__":18},"_materials":[{"__uuid__":"ecpdLyjvZBwrvm+cedCcQy"}],"_spriteFrame":{"__uuid__":"35Y71Ba21JGaomQRaX4aQ4"},"_sizeMode":0}],"_prefab":{"__type__":"cc.PrefabInfo","root":{"__id__":1},"asset":{"__uuid__":"4aZHqALSVFs4aAzBGYoyQc"},"fileId":"63ialwUAtCkItCMlcXzGee"},"_contentSize":{"__type__":"cc.Size","width":100,"height":100},"_trs":{"__type__":"TypedArray","ctor":"Float64Array","array":[0,-112.599,0,0,0,0,1,1,1,1]},"_groupIndex":1,"groupIndex":1},{"__type__":"cc.Node","_name":"text_Base","_parent":{"__id__":2},"_components":[{"__type__":"cc.RigidBody","node":{"__id__":19},"_type":0,"enabledContactListener":true},{"__type__":"cc.PhysicsBoxCollider","node":{"__id__":19},"_sensor":true,"_size":{"__type__":"cc.Size","width":100,"height":10}}],"_prefab":{"__type__":"cc.PrefabInfo","root":{"__id__":1},"asset":{"__uuid__":"4aZHqALSVFs4aAzBGYoyQc"},"fileId":"434aD+tphNd5sw6H/vRWQn"},"_contentSize":{"__type__":"cc.Size","width":100,"height":10},"_trs":{"__type__":"TypedArray","ctor":"Float64Array","array":[5632.147,406.139,0,0,0,0,1,1,1,1]},"_groupIndex":1,"groupIndex":1},{"__type__":"cc.Node","_name":"Base04_green","_parent":{"__id__":2},"_components":[{"__type__":"cc.Sprite","node":{"__id__":20},"_materials":[{"__uuid__":"ecpdLyjvZBwrvm+cedCcQy"}],"_spriteFrame":{"__uuid__":"daLkbETe9Ooq5licmD9tdA"}},{"__type__":"cc.RigidBody","node":{"__id__":20},"_type":3,"enabledContactListener":true},{"__type__":"cc.PhysicsBoxCollider","node":{"__id__":20},"_offset":{"__type__":"cc.Vec2","x":4,"y":-7.6},"_size":{"__type__":"cc.Size","width":347,"height":1008.7}},{"__type__":"18fcc2bsxNNRIPfBqJ/lnjp","node":{"__id__":20},"Horizantal":{"__id__":21}}],"_prefab":{"__type__":"cc.PrefabInfo","root":{"__id__":1},"asset":{"__uuid__":"4aZHqALSVFs4aAzBGYoyQc"},"fileId":"15OdKHLWVPlLhSknhRMcrm"},"_contentSize":{"__type__":"cc.Size","width":512,"height":1024},"_trs":{"__type__":"TypedArray","ctor":"Float64Array","array":[5631.578,51.364,0,0,0,0,1,0.5,0.5,1]},"_groupIndex":3,"groupIndex":3},{"__type__":"cc.Node","_name":"default","_parent":{"__id__":22},"_components":[{"__type__":"cc.Sprite","_name":"default<Sprite>","node":{"__id__":21},"_materials":[{"__uuid__":"ecpdLyjvZBwrvm+cedCcQy"}],"_spriteFrame":{"__uuid__":"0bWv0CyedP2KHSSDpnztRi"},"_sizeMode":0,"_isTrimmedMode":false},{"__type__":"cc.Animation","node":{"__id__":21},"_clips":[{"__uuid__":"57LfzDxBtGMayNpe5pa78m"},{"__uuid__":"84X60vOnNDVZTFNmeuZ/rX"}]},{"__type__":"cc.RigidBody","node":{"__id__":21},"_type":0,"enabledContactListener":true},{"__type__":"cc.PhysicsBoxCollider","node":{"__id__":21},"_sensor":true,"_friction":30,"_offset":{"__type__":"cc.Vec2","x":-2.9,"y":-31.1},"_size":{"__type__":"cc.Size","width":212,"height":71}},{"__type__":"473e3a4BbRAdLsvFWwa73vu","node":{"__id__":21},"elevator":{"__id__":20},"item3":{"__id__":7},"direction_Top":true}],"_prefab":{"__type__":"cc.PrefabInfo","root":{"__id__":1},"asset":{"__uuid__":"4aZHqALSVFs4aAzBGYoyQc"},"fileId":"31E0pSipFO95SpUQHO/Wyg"},"_contentSize":{"__type__":"cc.Size","width":256,"height":72},"_trs":{"__type__":"TypedArray","ctor":"Float64Array","array":[0,-331.571,0,0,0,0,1,1,1,1]},"_groupIndex":1,"groupIndex":1},{"__type__":"cc.Node","_name":"pushbutton","_parent":{"__id__":23},"_children":[{"__id__":21}],"_prefab":{"__type__":"cc.PrefabInfo","root":{"__id__":1},"asset":{"__uuid__":"4aZHqALSVFs4aAzBGYoyQc"},"fileId":"08mLTB13JNfIxF7Cu8ttzN"},"_trs":{"__type__":"TypedArray","ctor":"Float64Array","array":[6496.408,481.23,0,0,0,0,1,0.5,0.5,0.5]},"_groupIndex":1,"groupIndex":1},{"__type__":"cc.Node","_name":"heros","_parent":{"__id__":1},"_children":[{"__id__":24},{"__id__":25},{"__id__":22},{"__id__":43}],"_prefab":{"__type__":"cc.PrefabInfo","root":{"__id__":1},"asset":{"__uuid__":"4aZHqALSVFs4aAzBGYoyQc"},"fileId":"1cRNk2IAtCy5jw88Pj34EA"},"_anchorPoint":{"__type__":"cc.Vec2"},"_trs":{"__type__":"TypedArray","ctor":"Float64Array","array":[0,0,0,0,0,0,1,1,1,1]},"_groupIndex":1,"groupIndex":1},{"__type__":"cc.Node","_name":"round_enemy","_parent":{"__id__":23},"_components":[{"__type__":"cc.Sprite","_name":"round_enemy<Sprite>","node":{"__id__":24},"_materials":[{"__uuid__":"ecpdLyjvZBwrvm+cedCcQy"}],"_spriteFrame":{"__uuid__":"b2dhMg3+ZNUZOZ1ZAU+zgL"},"_sizeMode":0},{"__type__":"cc.RigidBody","node":{"__id__":24},"_allowSleep":false,"_gravityScale":4,"_linearDamping":2,"_angularDamping":0.1,"enabledContactListener":true},{"__type__":"cc.PhysicsCircleCollider","node":{"__id__":24},"tag":3,"_density":2,"_friction":0.4,"_restitution":0.4,"_radius":45},{"__type__":"e14c478LIdDO4lEL1y1pOAL","node":{"__id__":24},"damageToGiveToPlayer":1,"forceToApply":30000,"jump_height":400,"isBomb":true,"bomb_effect":{"__uuid__":"9aRB9QCZlCbaWjBN0RAsO3"}},{"__type__":"acd38zgRtJBkoJjC48fiJKY","node":{"__id__":24},"bombeffect":{"__uuid__":"b0ysQ6zQtMiofcv9uOb2rp"}}],"_prefab":{"__type__":"cc.PrefabInfo","root":{"__id__":1},"asset":{"__uuid__":"4aZHqALSVFs4aAzBGYoyQc"},"fileId":"68WQYRi7lCD47agR4V2dUR"},"_contentSize":{"__type__":"cc.Size","width":90,"height":90},"_trs":{"__type__":"TypedArray","ctor":"Float64Array","array":[1652.329,303.76,0,0,0,0,1,1,1,1]},"_groupIndex":1,"groupIndex":1},{"__type__":"cc.Node","_name":"coins","_parent":{"__id__":23},"_children":[{"__id__":26},{"__id__":31},{"__id__":36},{"__id__":37},{"__id__":38},{"__id__":39},{"__id__":40},{"__id__":41},{"__id__":42}],"_prefab":{"__type__":"cc.PrefabInfo","root":{"__id__":1},"asset":{"__uuid__":"4aZHqALSVFs4aAzBGYoyQc"},"fileId":"2cetlFYw9KPp5zjh01FiGY"},"_anchorPoint":{"__type__":"cc.Vec2"},"_trs":{"__type__":"TypedArray","ctor":"Float64Array","array":[0,-4.416,0,0,0,0,1,1,1,1]},"_groupIndex":1,"groupIndex":1},{"__type__":"cc.Node","_name":"coin4","_parent":{"__id__":25},"_children":[{"__id__":27},{"__id__":28},{"__id__":29},{"__id__":30}],"_prefab":{"__type__":"cc.PrefabInfo","root":{"__id__":1},"asset":{"__uuid__":"4aZHqALSVFs4aAzBGYoyQc"},"fileId":"35Pz85FytHvZNs+eQBj+Ka"},"_trs":{"__type__":"TypedArray","ctor":"Float64Array","array":[1216.912,301.631,0,0,0,0,1,1,1,1]},"_groupIndex":1,"groupIndex":1},{"__type__":"cc.Node","_name":"coin","_parent":{"__id__":26},"_components":[{"__type__":"cc.Sprite","_name":"coin<Sprite>","node":{"__id__":27},"_materials":[{"__uuid__":"ecpdLyjvZBwrvm+cedCcQy"}],"_spriteFrame":{"__uuid__":"5fBaYM24ZPr4CKfNVUvrdH"},"_sizeMode":0},{"__type__":"cc.RigidBody","node":{"__id__":27},"_type":0,"_allowSleep":false,"enabledContactListener":true},{"__type__":"cc.PhysicsCircleCollider","node":{"__id__":27},"_sensor":true,"_restitution":0.2,"_radius":23},{"__type__":"069edsCLOBL15FM+XA6qGxf","node":{"__id__":27},"pickeffect":{"__uuid__":"2e0DSCaaJHNKIgvBUfLo/u"}}],"_prefab":{"__type__":"cc.PrefabInfo","root":{"__id__":1},"asset":{"__uuid__":"4aZHqALSVFs4aAzBGYoyQc"},"fileId":"13rOrtS8JHHKpCbxhYl7Km"},"_contentSize":{"__type__":"cc.Size","width":46,"height":46},"_trs":{"__type__":"TypedArray","ctor":"Float64Array","array":[0,0,0,0,0,0,1,1,1,1]},"_groupIndex":1,"groupIndex":1},{"__type__":"cc.Node","_name":"coin copy","_parent":{"__id__":26},"_components":[{"__type__":"cc.Sprite","_name":"coin copy<Sprite>","node":{"__id__":28},"_materials":[{"__uuid__":"ecpdLyjvZBwrvm+cedCcQy"}],"_spriteFrame":{"__uuid__":"5fBaYM24ZPr4CKfNVUvrdH"},"_sizeMode":0},{"__type__":"cc.RigidBody","node":{"__id__":28},"_type":0,"_allowSleep":false,"enabledContactListener":true},{"__type__":"cc.PhysicsCircleCollider","node":{"__id__":28},"_sensor":true,"_restitution":0.2,"_radius":23},{"__type__":"069edsCLOBL15FM+XA6qGxf","node":{"__id__":28},"pickeffect":{"__uuid__":"2e0DSCaaJHNKIgvBUfLo/u"}}],"_prefab":{"__type__":"cc.PrefabInfo","root":{"__id__":1},"asset":{"__uuid__":"4aZHqALSVFs4aAzBGYoyQc"},"fileId":"7dpBEXCVVGe5NJ8tL157o5"},"_contentSize":{"__type__":"cc.Size","width":46,"height":46},"_trs":{"__type__":"TypedArray","ctor":"Float64Array","array":[70,0,0,0,0,0,1,1,1,1]},"_groupIndex":1,"groupIndex":1},{"__type__":"cc.Node","_name":"coin copy","_parent":{"__id__":26},"_components":[{"__type__":"cc.Sprite","_name":"coin copy<Sprite>","node":{"__id__":29},"_materials":[{"__uuid__":"ecpdLyjvZBwrvm+cedCcQy"}],"_spriteFrame":{"__uuid__":"5fBaYM24ZPr4CKfNVUvrdH"},"_sizeMode":0},{"__type__":"cc.RigidBody","node":{"__id__":29},"_type":0,"_allowSleep":false,"enabledContactListener":true},{"__type__":"cc.PhysicsCircleCollider","node":{"__id__":29},"_sensor":true,"_restitution":0.2,"_radius":23},{"__type__":"069edsCLOBL15FM+XA6qGxf","node":{"__id__":29},"pickeffect":{"__uuid__":"2e0DSCaaJHNKIgvBUfLo/u"}}],"_prefab":{"__type__":"cc.PrefabInfo","root":{"__id__":1},"asset":{"__uuid__":"4aZHqALSVFs4aAzBGYoyQc"},"fileId":"57aMnP3qVFjai1ztNhwIRr"},"_contentSize":{"__type__":"cc.Size","width":46,"height":46},"_trs":{"__type__":"TypedArray","ctor":"Float64Array","array":[140,0,0,0,0,0,1,1,1,1]},"_groupIndex":1,"groupIndex":1},{"__type__":"cc.Node","_name":"coin copy","_parent":{"__id__":26},"_components":[{"__type__":"cc.Sprite","_name":"coin copy<Sprite>","node":{"__id__":30},"_materials":[{"__uuid__":"ecpdLyjvZBwrvm+cedCcQy"}],"_spriteFrame":{"__uuid__":"5fBaYM24ZPr4CKfNVUvrdH"},"_sizeMode":0},{"__type__":"cc.RigidBody","node":{"__id__":30},"_type":0,"_allowSleep":false,"enabledContactListener":true},{"__type__":"cc.PhysicsCircleCollider","node":{"__id__":30},"_sensor":true,"_restitution":0.2,"_radius":23},{"__type__":"069edsCLOBL15FM+XA6qGxf","node":{"__id__":30},"pickeffect":{"__uuid__":"2e0DSCaaJHNKIgvBUfLo/u"}}],"_prefab":{"__type__":"cc.PrefabInfo","root":{"__id__":1},"asset":{"__uuid__":"4aZHqALSVFs4aAzBGYoyQc"},"fileId":"efUTmaSLJPDKiuBD4R95Ka"},"_contentSize":{"__type__":"cc.Size","width":46,"height":46},"_trs":{"__type__":"TypedArray","ctor":"Float64Array","array":[210,0,0,0,0,0,1,1,1,1]},"_groupIndex":1,"groupIndex":1},{"__type__":"cc.Node","_name":"coin4 copy","_parent":{"__id__":25},"_children":[{"__id__":32},{"__id__":33},{"__id__":34},{"__id__":35}],"_prefab":{"__type__":"cc.PrefabInfo","root":{"__id__":1},"asset":{"__uuid__":"4aZHqALSVFs4aAzBGYoyQc"},"fileId":"5e4CcVGoRBU5+reLljDgzh"},"_trs":{"__type__":"TypedArray","ctor":"Float64Array","array":[3209.805,383.237,0,0,0,0,1,1,1,1]},"_groupIndex":1,"groupIndex":1},{"__type__":"cc.Node","_name":"coin","_parent":{"__id__":31},"_components":[{"__type__":"cc.Sprite","_name":"coin<Sprite>","node":{"__id__":32},"_materials":[{"__uuid__":"ecpdLyjvZBwrvm+cedCcQy"}],"_spriteFrame":{"__uuid__":"5fBaYM24ZPr4CKfNVUvrdH"},"_sizeMode":0},{"__type__":"cc.RigidBody","node":{"__id__":32},"_type":0,"_allowSleep":false,"enabledContactListener":true},{"__type__":"cc.PhysicsCircleCollider","node":{"__id__":32},"_sensor":true,"_restitution":0.2,"_radius":23},{"__type__":"069edsCLOBL15FM+XA6qGxf","node":{"__id__":32},"pickeffect":{"__uuid__":"2e0DSCaaJHNKIgvBUfLo/u"}}],"_prefab":{"__type__":"cc.PrefabInfo","root":{"__id__":1},"asset":{"__uuid__":"4aZHqALSVFs4aAzBGYoyQc"},"fileId":"75rEpXBrVBf4AFCtkJkPVN"},"_contentSize":{"__type__":"cc.Size","width":46,"height":46},"_trs":{"__type__":"TypedArray","ctor":"Float64Array","array":[0,0,0,0,0,0,1,1,1,1]},"_groupIndex":1,"groupIndex":1},{"__type__":"cc.Node","_name":"coin copy","_parent":{"__id__":31},"_components":[{"__type__":"cc.Sprite","_name":"coin copy<Sprite>","node":{"__id__":33},"_materials":[{"__uuid__":"ecpdLyjvZBwrvm+cedCcQy"}],"_spriteFrame":{"__uuid__":"5fBaYM24ZPr4CKfNVUvrdH"},"_sizeMode":0},{"__type__":"cc.RigidBody","node":{"__id__":33},"_type":0,"_allowSleep":false,"enabledContactListener":true},{"__type__":"cc.PhysicsCircleCollider","node":{"__id__":33},"_sensor":true,"_restitution":0.2,"_radius":23},{"__type__":"069edsCLOBL15FM+XA6qGxf","node":{"__id__":33},"pickeffect":{"__uuid__":"2e0DSCaaJHNKIgvBUfLo/u"}}],"_prefab":{"__type__":"cc.PrefabInfo","root":{"__id__":1},"asset":{"__uuid__":"4aZHqALSVFs4aAzBGYoyQc"},"fileId":"03Sh9hpQZB8IPAHjyK7VFx"},"_contentSize":{"__type__":"cc.Size","width":46,"height":46},"_trs":{"__type__":"TypedArray","ctor":"Float64Array","array":[70,0,0,0,0,0,1,1,1,1]},"_groupIndex":1,"groupIndex":1},{"__type__":"cc.Node","_name":"coin copy","_parent":{"__id__":31},"_components":[{"__type__":"cc.Sprite","_name":"coin copy<Sprite>","node":{"__id__":34},"_materials":[{"__uuid__":"ecpdLyjvZBwrvm+cedCcQy"}],"_spriteFrame":{"__uuid__":"5fBaYM24ZPr4CKfNVUvrdH"},"_sizeMode":0},{"__type__":"cc.RigidBody","node":{"__id__":34},"_type":0,"_allowSleep":false,"enabledContactListener":true},{"__type__":"cc.PhysicsCircleCollider","node":{"__id__":34},"_sensor":true,"_restitution":0.2,"_radius":23},{"__type__":"069edsCLOBL15FM+XA6qGxf","node":{"__id__":34},"pickeffect":{"__uuid__":"2e0DSCaaJHNKIgvBUfLo/u"}}],"_prefab":{"__type__":"cc.PrefabInfo","root":{"__id__":1},"asset":{"__uuid__":"4aZHqALSVFs4aAzBGYoyQc"},"fileId":"1f829/PfRIrKsKUR1b1DZz"},"_contentSize":{"__type__":"cc.Size","width":46,"height":46},"_trs":{"__type__":"TypedArray","ctor":"Float64Array","array":[140,0,0,0,0,0,1,1,1,1]},"_groupIndex":1,"groupIndex":1},{"__type__":"cc.Node","_name":"coin copy","_parent":{"__id__":31},"_components":[{"__type__":"cc.Sprite","_name":"coin copy<Sprite>","node":{"__id__":35},"_materials":[{"__uuid__":"ecpdLyjvZBwrvm+cedCcQy"}],"_spriteFrame":{"__uuid__":"5fBaYM24ZPr4CKfNVUvrdH"},"_sizeMode":0},{"__type__":"cc.RigidBody","node":{"__id__":35},"_type":0,"_allowSleep":false,"enabledContactListener":true},{"__type__":"cc.PhysicsCircleCollider","node":{"__id__":35},"_sensor":true,"_restitution":0.2,"_radius":23},{"__type__":"069edsCLOBL15FM+XA6qGxf","node":{"__id__":35},"pickeffect":{"__uuid__":"2e0DSCaaJHNKIgvBUfLo/u"}}],"_prefab":{"__type__":"cc.PrefabInfo","root":{"__id__":1},"asset":{"__uuid__":"4aZHqALSVFs4aAzBGYoyQc"},"fileId":"88w9gClblAc4wnoRHZApEA"},"_contentSize":{"__type__":"cc.Size","width":46,"height":46},"_trs":{"__type__":"TypedArray","ctor":"Float64Array","array":[210,0,0,0,0,0,1,1,1,1]},"_groupIndex":1,"groupIndex":1},{"__type__":"cc.Node","_name":"coin","_parent":{"__id__":25},"_components":[{"__type__":"cc.Sprite","_name":"coin<Sprite>","node":{"__id__":36},"_materials":[{"__uuid__":"ecpdLyjvZBwrvm+cedCcQy"}],"_spriteFrame":{"__uuid__":"5fBaYM24ZPr4CKfNVUvrdH"},"_sizeMode":0},{"__type__":"cc.RigidBody","node":{"__id__":36},"_type":0,"_allowSleep":false,"enabledContactListener":true},{"__type__":"cc.PhysicsCircleCollider","node":{"__id__":36},"_sensor":true,"_restitution":0.2,"_radius":23},{"__type__":"069edsCLOBL15FM+XA6qGxf","node":{"__id__":36},"pickeffect":{"__uuid__":"2e0DSCaaJHNKIgvBUfLo/u"}}],"_prefab":{"__type__":"cc.PrefabInfo","root":{"__id__":1},"asset":{"__uuid__":"4aZHqALSVFs4aAzBGYoyQc"},"fileId":"efwefeIHhCaYWlU+I1C8Mr"},"_contentSize":{"__type__":"cc.Size","width":46,"height":46},"_trs":{"__type__":"TypedArray","ctor":"Float64Array","array":[2278.565,278.389,0,0,0,0,1,1,1,1]},"_groupIndex":1,"groupIndex":1},{"__type__":"cc.Node","_name":"coin copy","_parent":{"__id__":25},"_components":[{"__type__":"cc.Sprite","_name":"coin copy<Sprite>","node":{"__id__":37},"_materials":[{"__uuid__":"ecpdLyjvZBwrvm+cedCcQy"}],"_spriteFrame":{"__uuid__":"5fBaYM24ZPr4CKfNVUvrdH"},"_sizeMode":0},{"__type__":"cc.RigidBody","node":{"__id__":37},"_type":0,"_allowSleep":false,"enabledContactListener":true},{"__type__":"cc.PhysicsCircleCollider","node":{"__id__":37},"_sensor":true,"_restitution":0.2,"_radius":23},{"__type__":"069edsCLOBL15FM+XA6qGxf","node":{"__id__":37},"pickeffect":{"__uuid__":"2e0DSCaaJHNKIgvBUfLo/u"}}],"_prefab":{"__type__":"cc.PrefabInfo","root":{"__id__":1},"asset":{"__uuid__":"4aZHqALSVFs4aAzBGYoyQc"},"fileId":"17yO/RgTFJp6fNsL0yAMKX"},"_contentSize":{"__type__":"cc.Size","width":46,"height":46},"_trs":{"__type__":"TypedArray","ctor":"Float64Array","array":[2655.624,274.563,0,0,0,0,1,1,1,1]},"_groupIndex":1,"groupIndex":1},{"__type__":"cc.Node","_name":"coin copy","_parent":{"__id__":25},"_components":[{"__type__":"cc.Sprite","_name":"coin copy<Sprite>","node":{"__id__":38},"_materials":[{"__uuid__":"ecpdLyjvZBwrvm+cedCcQy"}],"_spriteFrame":{"__uuid__":"5fBaYM24ZPr4CKfNVUvrdH"},"_sizeMode":0},{"__type__":"cc.RigidBody","node":{"__id__":38},"_type":0,"_allowSleep":false,"enabledContactListener":true},{"__type__":"cc.PhysicsCircleCollider","node":{"__id__":38},"_sensor":true,"_restitution":0.2,"_radius":23},{"__type__":"069edsCLOBL15FM+XA6qGxf","node":{"__id__":38},"pickeffect":{"__uuid__":"2e0DSCaaJHNKIgvBUfLo/u"}}],"_prefab":{"__type__":"cc.PrefabInfo","root":{"__id__":1},"asset":{"__uuid__":"4aZHqALSVFs4aAzBGYoyQc"},"fileId":"79vGU+xllNTI8q1gzVRiV/"},"_contentSize":{"__type__":"cc.Size","width":46,"height":46},"_trs":{"__type__":"TypedArray","ctor":"Float64Array","array":[5627.661,363.939,0,0,0,0,1,1,1,1]},"_groupIndex":1,"groupIndex":1},{"__type__":"cc.Node","_name":"coin copy","_parent":{"__id__":25},"_components":[{"__type__":"cc.Sprite","_name":"coin copy<Sprite>","node":{"__id__":39},"_materials":[{"__uuid__":"ecpdLyjvZBwrvm+cedCcQy"}],"_spriteFrame":{"__uuid__":"5fBaYM24ZPr4CKfNVUvrdH"},"_sizeMode":0},{"__type__":"cc.RigidBody","node":{"__id__":39},"_type":0,"_allowSleep":false,"enabledContactListener":true},{"__type__":"cc.PhysicsCircleCollider","node":{"__id__":39},"_sensor":true,"_restitution":0.2,"_radius":23},{"__type__":"069edsCLOBL15FM+XA6qGxf","node":{"__id__":39},"pickeffect":{"__uuid__":"2e0DSCaaJHNKIgvBUfLo/u"}}],"_prefab":{"__type__":"cc.PrefabInfo","root":{"__id__":1},"asset":{"__uuid__":"4aZHqALSVFs4aAzBGYoyQc"},"fileId":"7c2kL5pTxPH4OZs9VfnJSU"},"_contentSize":{"__type__":"cc.Size","width":46,"height":46},"_trs":{"__type__":"TypedArray","ctor":"Float64Array","array":[5626.612,438.527,0,0,0,0,1,1,1,1]},"_groupIndex":1,"groupIndex":1},{"__type__":"cc.Node","_name":"coin copy","_parent":{"__id__":25},"_components":[{"__type__":"cc.Sprite","_name":"coin copy<Sprite>","node":{"__id__":40},"_materials":[{"__uuid__":"ecpdLyjvZBwrvm+cedCcQy"}],"_spriteFrame":{"__uuid__":"5fBaYM24ZPr4CKfNVUvrdH"},"_sizeMode":0},{"__type__":"cc.RigidBody","node":{"__id__":40},"_type":0,"_allowSleep":false,"enabledContactListener":true},{"__type__":"cc.PhysicsCircleCollider","node":{"__id__":40},"_sensor":true,"_restitution":0.2,"_radius":23},{"__type__":"069edsCLOBL15FM+XA6qGxf","node":{"__id__":40},"pickeffect":{"__uuid__":"2e0DSCaaJHNKIgvBUfLo/u"}}],"_prefab":{"__type__":"cc.PrefabInfo","root":{"__id__":1},"asset":{"__uuid__":"4aZHqALSVFs4aAzBGYoyQc"},"fileId":"c13nYoSmdPy5nKd8HllYU+"},"_contentSize":{"__type__":"cc.Size","width":46,"height":46},"_trs":{"__type__":"TypedArray","ctor":"Float64Array","array":[6022.977,543.78,0,0,0,0,1,1,1,1]},"_groupIndex":1,"groupIndex":1},{"__type__":"cc.Node","_name":"coin copy","_parent":{"__id__":25},"_components":[{"__type__":"cc.Sprite","_name":"coin copy<Sprite>","node":{"__id__":41},"_materials":[{"__uuid__":"ecpdLyjvZBwrvm+cedCcQy"}],"_spriteFrame":{"__uuid__":"5fBaYM24ZPr4CKfNVUvrdH"},"_sizeMode":0},{"__type__":"cc.RigidBody","node":{"__id__":41},"_type":0,"_allowSleep":false,"enabledContactListener":true},{"__type__":"cc.PhysicsCircleCollider","node":{"__id__":41},"_sensor":true,"_restitution":0.2,"_radius":23},{"__type__":"069edsCLOBL15FM+XA6qGxf","node":{"__id__":41},"pickeffect":{"__uuid__":"2e0DSCaaJHNKIgvBUfLo/u"}}],"_prefab":{"__type__":"cc.PrefabInfo","root":{"__id__":1},"asset":{"__uuid__":"4aZHqALSVFs4aAzBGYoyQc"},"fileId":"c78n3zHVlIMa4JH2pvGND9"},"_contentSize":{"__type__":"cc.Size","width":46,"height":46},"_trs":{"__type__":"TypedArray","ctor":"Float64Array","array":[6132.977,543.78,0,0,0,0,1,1,1,1]},"_groupIndex":1,"groupIndex":1},{"__type__":"cc.Node","_name":"coin copy","_parent":{"__id__":25},"_components":[{"__type__":"cc.Sprite","_name":"coin copy<Sprite>","node":{"__id__":42},"_materials":[{"__uuid__":"ecpdLyjvZBwrvm+cedCcQy"}],"_spriteFrame":{"__uuid__":"5fBaYM24ZPr4CKfNVUvrdH"},"_sizeMode":0},{"__type__":"cc.RigidBody","node":{"__id__":42},"_type":0,"_allowSleep":false,"enabledContactListener":true},{"__type__":"cc.PhysicsCircleCollider","node":{"__id__":42},"_sensor":true,"_restitution":0.2,"_radius":23},{"__type__":"069edsCLOBL15FM+XA6qGxf","node":{"__id__":42},"pickeffect":{"__uuid__":"2e0DSCaaJHNKIgvBUfLo/u"}}],"_prefab":{"__type__":"cc.PrefabInfo","root":{"__id__":1},"asset":{"__uuid__":"4aZHqALSVFs4aAzBGYoyQc"},"fileId":"2fRPUFl2hKaJr306GTMDzM"},"_contentSize":{"__type__":"cc.Size","width":46,"height":46},"_trs":{"__type__":"TypedArray","ctor":"Float64Array","array":[6242.977,543.78,0,0,0,0,1,1,1,1]},"_groupIndex":1,"groupIndex":1},{"__type__":"cc.Node","_name":"Boulder_Stone_01","_parent":{"__id__":23},"_components":[{"__type__":"cc.Sprite","node":{"__id__":43},"_materials":[{"__uuid__":"ecpdLyjvZBwrvm+cedCcQy"}],"_spriteFrame":{"__uuid__":"5bUBxMlwBLLIhLET7ZzlUs"},"_sizeMode":0},{"__type__":"cc.RigidBody","node":{"__id__":43},"_gravityScale":3,"_linearDamping":0.4,"_angularDamping":0.4},{"__type__":"cc.PhysicsCircleCollider","node":{"__id__":43},"tag":2,"_density":2,"_friction":0.3,"_radius":60}],"_prefab":{"__type__":"cc.PrefabInfo","root":{"__id__":1},"asset":{"__uuid__":"4aZHqALSVFs4aAzBGYoyQc"},"fileId":"c8+uMuWd1H/In5VSnw2zbD"},"_contentSize":{"__type__":"cc.Size","width":200,"height":200},"_trs":{"__type__":"TypedArray","ctor":"Float64Array","array":[4941.767,465.597,0,0,0,0,1,1,1,1]},"_groupIndex":1,"groupIndex":1},{"__type__":"cc.Node","_name":"text_Base","_parent":{"__id__":2},"_components":[{"__type__":"cc.RigidBody","node":{"__id__":44},"_type":0,"enabledContactListener":true},{"__type__":"cc.PhysicsBoxCollider","node":{"__id__":44},"_sensor":true,"_size":{"__type__":"cc.Size","width":100,"height":10}}],"_prefab":{"__type__":"cc.PrefabInfo","root":{"__id__":1},"asset":{"__uuid__":"4aZHqALSVFs4aAzBGYoyQc"},"fileId":"3aKnTPUI5JpqETcjFW4Zcv"},"_contentSize":{"__type__":"cc.Size","width":100,"height":10},"_trs":{"__type__":"TypedArray","ctor":"Float64Array","array":[5632.147,-216.889,0,0,0,0,1,1,1,1]},"_groupIndex":1,"groupIndex":1},{"__type__":"cc.Node","_name":"start_ind","_parent":{"__id__":2},"_children":[{"__id__":46}],"_components":[{"__type__":"cc.Sprite","_name":"start_ind<Sprite>","node":{"__id__":45},"_materials":[{"__uuid__":"ecpdLyjvZBwrvm+cedCcQy"}],"_spriteFrame":{"__uuid__":"92RMQdt0ZAnrDBwLzz8BNO"},"_sizeMode":0},{"__type__":"c5ddfZAPb5I4rCMDbSaJibP","node":{"__id__":45}}],"_prefab":{"__type__":"cc.PrefabInfo","root":{"__id__":1},"asset":{"__uuid__":"4aZHqALSVFs4aAzBGYoyQc"},"fileId":"2chSJU7q1BFIhmvBtD6m+a"},"_contentSize":{"__type__":"cc.Size","width":168,"height":143},"_trs":{"__type__":"TypedArray","ctor":"Float64Array","array":[480,317.339,0,0,0,0,1,1,1,1]},"_groupIndex":1,"groupIndex":1},{"__type__":"cc.Node","_name":"levelname","_parent":{"__id__":45},"_components":[{"__type__":"cc.Label","_name":"levelname<Label>","node":{"__id__":46},"_materials":[{"__uuid__":"ecpdLyjvZBwrvm+cedCcQy"}],"_useOriginalSize":false,"_string":"关卡-1","_N$string":"关卡-1","_fontSize":30,"_N$file":{"__uuid__":"b5NGPI3wRL+6w0kWBDf59a"},"_isSystemFontUsed":false,"_N$horizontalAlign":1,"_N$verticalAlign":1},{"__type__":"cc.Widget","node":{"__id__":46},"_alignFlags":16,"_left":45.66,"_right":45.66,"_originalWidth":76.68}],"_prefab":{"__type__":"cc.PrefabInfo","root":{"__id__":1},"asset":{"__uuid__":"4aZHqALSVFs4aAzBGYoyQc"},"fileId":"d94NRNMDhJV5dxq8opBCq+"},"_color":{"__type__":"cc.Color","r":155,"g":35,"b":35},"_contentSize":{"__type__":"cc.Size","width":66.56,"height":40},"_trs":{"__type__":"TypedArray","ctor":"Float64Array","array":[0,25,0,0,0,0,1,1,1,1]},"_groupIndex":1,"groupIndex":1},{"__type__":"cc.Node","_name":"end_ind","_parent":{"__id__":2},"_children":[{"__id__":48}],"_components":[{"__type__":"cc.Sprite","_name":"end_ind<Sprite>","node":{"__id__":47},"_materials":[{"__uuid__":"ecpdLyjvZBwrvm+cedCcQy"}],"_spriteFrame":{"__uuid__":"c5Gv3cetxK1qqCYcHOIFZo"},"_sizeMode":0},{"__type__":"cc.RigidBody","node":{"__id__":47},"_type":0},{"__type__":"cc.PhysicsBoxCollider","node":{"__id__":47},"_sensor":true,"_offset":{"__type__":"cc.Vec2","y":420.5},"_size":{"__type__":"cc.Size","width":20,"height":1042}},{"__type__":"41579J+mQ9OGKIgDuSf0wr1","node":{"__id__":47}}],"_prefab":{"__type__":"cc.PrefabInfo","root":{"__id__":1},"asset":{"__uuid__":"4aZHqALSVFs4aAzBGYoyQc"},"fileId":"4bEnRoCyxBEq/krW8Z4CS3"},"_contentSize":{"__type__":"cc.Size","width":168,"height":143},"_trs":{"__type__":"TypedArray","ctor":"Float64Array","array":[6885.66,556.096,0,0,0,0,1,1,1,1]},"_groupIndex":1,"groupIndex":1},{"__type__":"cc.Node","_name":"over","_parent":{"__id__":47},"_components":[{"__type__":"cc.Label","_name":"over<Label>","node":{"__id__":48},"_materials":[{"__uuid__":"ecpdLyjvZBwrvm+cedCcQy"}],"_useOriginalSize":false,"_string":"关卡-2","_N$string":"关卡-2","_fontSize":30,"_N$file":{"__uuid__":"b5NGPI3wRL+6w0kWBDf59a"},"_isSystemFontUsed":false,"_N$horizontalAlign":1,"_N$verticalAlign":1}],"_prefab":{"__type__":"cc.PrefabInfo","root":{"__id__":1},"asset":{"__uuid__":"4aZHqALSVFs4aAzBGYoyQc"},"fileId":"15zC9XqU1PeoZtIzST8cUw"},"_color":{"__type__":"cc.Color","r":90,"g":35,"b":35},"_contentSize":{"__type__":"cc.Size","width":70.31,"height":40},"_trs":{"__type__":"TypedArray","ctor":"Float64Array","array":[0,20,0,0,0,0,1,1,1,1]},"_groupIndex":1,"groupIndex":1},{"__type__":"cc.Node","_name":"redballs","_parent":{"__id__":1},"_children":[{"__id__":50}],"_prefab":{"__type__":"cc.PrefabInfo","root":{"__id__":1},"asset":{"__uuid__":"4aZHqALSVFs4aAzBGYoyQc"},"fileId":"c3ujbw9IFGyaMzy66tEGvC"},"_trs":{"__type__":"TypedArray","ctor":"Float64Array","array":[0,0,0,0,0,0,1,1,1,1]}},{"__type__":"cc.Node","_name":"redball","_parent":{"__id__":49},"_components":[{"__type__":"cc.Sprite","_name":"redball<Sprite>","node":{"__id__":50},"_materials":[{"__uuid__":"ecpdLyjvZBwrvm+cedCcQy"}],"_spriteFrame":{"__uuid__":"8amSVup6xJdK42n8GJawo0"},"_sizeMode":0},{"__type__":"cc.RigidBody","node":{"__id__":50},"_allowSleep":false,"_gravityScale":4,"_linearDamping":2.5,"_angularDamping":0.4,"enabledContactListener":true},{"__type__":"cc.PhysicsCircleCollider","node":{"__id__":50},"tag":1,"_density":2,"_friction":0.3,"_radius":35},{"__type__":"cc.Animation","node":{"__id__":50},"_defaultClip":{"__uuid__":"91lpimYu1IKoRAirw7OZNc"},"_clips":[{"__uuid__":"91lpimYu1IKoRAirw7OZNc"}]}],"_prefab":{"__type__":"cc.PrefabInfo","root":{"__id__":1},"asset":{"__uuid__":"4aZHqALSVFs4aAzBGYoyQc"},"fileId":"9azP8YbkBC4qD3oWP9IOvu"},"_contentSize":{"__type__":"cc.Size","width":70,"height":70},"_trs":{"__type__":"TypedArray","ctor":"Float64Array","array":[300,500,0,0,0,0,1,1,1,1]},"_groupIndex":1,"groupIndex":1},{"__type__":"cc.Node","_name":"water","_parent":{"__id__":1},"_children":[{"__id__":52}],"_components":[{"__type__":"3f7d7Fq0GJHmorMw7NXzmcC","node":{"__id__":51},"_enabled":false}],"_prefab":{"__type__":"cc.PrefabInfo","root":{"__id__":1},"asset":{"__uuid__":"4aZHqALSVFs4aAzBGYoyQc"},"fileId":"871biPVKlDErMIA+Nxkr7E"},"_opacity":0,"_trs":{"__type__":"TypedArray","ctor":"Float64Array","array":[-203.632,0,0,0,0,0,1,1,1,1]},"_groupIndex":2,"groupIndex":2},{"__type__":"cc.Node","_name":"water1 copy","_parent":{"__id__":51},"_components":[{"__type__":"cc.Sprite","_name":"water1 copy<Sprite>","node":{"__id__":52},"_materials":[{"__uuid__":"ecpdLyjvZBwrvm+cedCcQy"}],"_spriteFrame":{"__uuid__":"0db9rXK7BAuJhYB4L7U0Kf"},"_sizeMode":0},{"__type__":"019bfUOFLZAC62vrujK9eUg","node":{"__id__":52},"normalmap":{"__uuid__":"abTirDIrROorOQNbbLQEOw"},"fallin_effect":{"__uuid__":"08QeMWPQtOsIi8UzSsTttc"}},{"__type__":"2f15ftGjExIyrnz9ttHdx3T","node":{"__id__":52},"density":2.5}],"_prefab":{"__type__":"cc.PrefabInfo","root":{"__id__":1},"asset":{"__uuid__":"4aZHqALSVFs4aAzBGYoyQc"},"fileId":"a5XDyLhHZBh4UoJPeliDrc"},"_contentSize":{"__type__":"cc.Size","width":1660,"height":384},"_trs":{"__type__":"TypedArray","ctor":"Float64Array","array":[2799.887,-215.331,0,0,0,0,1,1,1,1]},"_groupIndex":2,"groupIndex":2},{"__type__":"cc.Node","_name":"map","_parent":{"__id__":1},"_children":[{"__id__":54},{"__id__":55},{"__id__":56},{"__id__":57},{"__id__":58},{"__id__":59},{"__id__":60},{"__id__":61},{"__id__":62},{"__id__":63},{"__id__":64},{"__id__":65},{"__id__":66},{"__id__":67},{"__id__":68},{"__id__":69},{"__id__":70},{"__id__":71},{"__id__":72},{"__id__":73},{"__id__":74},{"__id__":75},{"__id__":76},{"__id__":77},{"__id__":78},{"__id__":79},{"__id__":80},{"__id__":81},{"__id__":82},{"__id__":83},{"__id__":84},{"__id__":85},{"__id__":86},{"__id__":87},{"__id__":88},{"__id__":89},{"__id__":90},{"__id__":91},{"__id__":92},{"__id__":93}],"_components":[{"__type__":"cc.Widget","node":{"__id__":53},"_alignFlags":12,"_left":-100},{"__type__":"3f7d7Fq0GJHmorMw7NXzmcC","node":{"__id__":53}},{"__type__":"cc.RigidBody","node":{"__id__":53},"_type":0},{"__type__":"cc.PhysicsPolygonCollider","node":{"__id__":53},"points":[{"__type__":"cc.Vec2"},{"__type__":"cc.Vec2","x":3254,"y":-1320},{"__type__":"cc.Vec2","x":8144.95,"y":-0.01},{"__type__":"cc.Vec2","x":8144.909,"y":499.9999},{"__type__":"cc.Vec2","x":6644.911,"y":499.997},{"__type__":"cc.Vec2","x":6644.6,"y":300},{"__type__":"cc.Vec2","x":5173.16,"y":300.06},{"__type__":"cc.Vec2","x":5173.2108,"y":399.9998},{"__type__":"cc.Vec2","x":4773.2109,"y":399.9998},{"__type__":"cc.Vec2","x":4773.21,"y":299.99},{"__type__":"cc.Vec2","x":4150.3237,"y":299.9999},{"__type__":"cc.Vec2","x":4150.3239,"y":350},{"__type__":"cc.Vec2","x":3902.17,"y":350.05},{"__type__":"cc.Vec2","x":3902.1672,"y":493.6429},{"__type__":"cc.Vec2","x":3652.1662,"y":493.6424},{"__type__":"cc.Vec2","x":3652.33,"y":350.1},{"__type__":"cc.Vec2","x":3150.35,"y":349.98},{"__type__":"cc.Vec2","x":3150,"y":-623},{"__type__":"cc.Vec2","x":1981,"y":-539},{"__type__":"cc.Vec2","x":2000,"y":68},{"__type__":"cc.Vec2","x":2000.0001,"y":249.9998},{"__type__":"cc.Vec2","y":250}]},{"__type__":"cc.PhysicsBoxCollider","node":{"__id__":53},"_offset":{"__type__":"cc.Vec2","x":4166.2,"y":827.8},"_size":{"__type__":"cc.Size","width":198.3,"height":699.4}},{"__type__":"cc.PhysicsBoxCollider","node":{"__id__":53},"_offset":{"__type__":"cc.Vec2","x":5277.89,"y":921.08},"_size":{"__type__":"cc.Size","width":199.89,"height":700.06}},{"__type__":"cc.PhysicsBoxCollider","node":{"__id__":53},"_offset":{"__type__":"cc.Vec2","x":6475.1,"y":1032.2},"_size":{"__type__":"cc.Size","width":229.9,"height":700.6}}],"_prefab":{"__type__":"cc.PrefabInfo","root":{"__id__":1},"asset":{"__uuid__":"4aZHqALSVFs4aAzBGYoyQc"},"fileId":"3euAhvjZJI554LRfjNifY1"},"_contentSize":{"__type__":"cc.Size","width":8319,"height":685},"_anchorPoint":{"__type__":"cc.Vec2"},"_trs":{"__type__":"TypedArray","ctor":"Float64Array","array":[-100,0,0,0,0,0,1,1,1,1]},"_groupIndex":3,"groupIndex":3},{"__type__":"cc.Node","_name":"m1","_parent":{"__id__":53},"_components":[{"__type__":"cc.Sprite","_name":"m1<Sprite>","node":{"__id__":54},"_materials":[{"__uuid__":"ecpdLyjvZBwrvm+cedCcQy"}],"_spriteFrame":{"__uuid__":"dd9aZPtTFKkJkLuRmRL4XS"},"_type":2,"_sizeMode":0}],"_prefab":{"__type__":"cc.PrefabInfo","root":{"__id__":1},"asset":{"__uuid__":"4aZHqALSVFs4aAzBGYoyQc"},"fileId":"2e7IL/8dlEGIhQezKdsF6z"},"_contentSize":{"__type__":"cc.Size","width":2000,"height":250},"_anchorPoint":{"__type__":"cc.Vec2"},"_trs":{"__type__":"TypedArray","ctor":"Float64Array","array":[0,0,0,0,0,0,1,1,1,1]},"_groupIndex":3,"groupIndex":3},{"__type__":"cc.Node","_name":"m2","_parent":{"__id__":53},"_components":[{"__type__":"cc.Sprite","_name":"m2<Sprite>","node":{"__id__":55},"_materials":[{"__uuid__":"ecpdLyjvZBwrvm+cedCcQy"}],"_spriteFrame":{"__uuid__":"dd9aZPtTFKkJkLuRmRL4XS"},"_type":2,"_sizeMode":0}],"_prefab":{"__type__":"cc.PrefabInfo","root":{"__id__":1},"asset":{"__uuid__":"4aZHqALSVFs4aAzBGYoyQc"},"fileId":"0aPv79bjFO1Ldtv5DeKNYq"},"_contentSize":{"__type__":"cc.Size","width":1000,"height":350},"_anchorPoint":{"__type__":"cc.Vec2"},"_trs":{"__type__":"TypedArray","ctor":"Float64Array","array":[3150.324,0,0,0,0,0,1,1,1,1]},"_groupIndex":3,"groupIndex":3},{"__type__":"cc.Node","_name":"m3","_parent":{"__id__":53},"_components":[{"__type__":"cc.Sprite","_name":"m3<Sprite>","node":{"__id__":56},"_materials":[{"__uuid__":"ecpdLyjvZBwrvm+cedCcQy"}],"_spriteFrame":{"__uuid__":"dd9aZPtTFKkJkLuRmRL4XS"},"_type":2,"_sizeMode":0}],"_prefab":{"__type__":"cc.PrefabInfo","root":{"__id__":1},"asset":{"__uuid__":"4aZHqALSVFs4aAzBGYoyQc"},"fileId":"efEJi5Z0ZDIIRVRU28vmHD"},"_contentSize":{"__type__":"cc.Size","width":250,"height":150},"_anchorPoint":{"__type__":"cc.Vec2"},"_trs":{"__type__":"TypedArray","ctor":"Float64Array","array":[3652.167,343.643,0,0,0,0,1,1,1,1]},"_groupIndex":3,"groupIndex":3},{"__type__":"cc.Node","_name":"m4","_parent":{"__id__":53},"_components":[{"__type__":"cc.Sprite","_name":"m4<Sprite>","node":{"__id__":57},"_materials":[{"__uuid__":"ecpdLyjvZBwrvm+cedCcQy"}],"_spriteFrame":{"__uuid__":"dd9aZPtTFKkJkLuRmRL4XS"},"_type":2,"_sizeMode":0}],"_prefab":{"__type__":"cc.PrefabInfo","root":{"__id__":1},"asset":{"__uuid__":"4aZHqALSVFs4aAzBGYoyQc"},"fileId":"8bgVmSURZJQJt7KjJPrD68"},"_contentSize":{"__type__":"cc.Size","width":700,"height":300},"_anchorPoint":{"__type__":"cc.Vec2"},"_trs":{"__type__":"TypedArray","ctor":"Float64Array","array":[4147.818,0,0,0,0,0,1,1,1,1]},"_groupIndex":3,"groupIndex":3},{"__type__":"cc.Node","_name":"m5","_parent":{"__id__":53},"_components":[{"__type__":"cc.Sprite","_name":"m4<Sprite>","node":{"__id__":58},"_materials":[{"__uuid__":"ecpdLyjvZBwrvm+cedCcQy"}],"_spriteFrame":{"__uuid__":"dd9aZPtTFKkJkLuRmRL4XS"},"_type":2,"_sizeMode":0}],"_prefab":{"__type__":"cc.PrefabInfo","root":{"__id__":1},"asset":{"__uuid__":"4aZHqALSVFs4aAzBGYoyQc"},"fileId":"57s79G+U1GM4NGUc7Z954Q"},"_contentSize":{"__type__":"cc.Size","width":400,"height":400},"_anchorPoint":{"__type__":"cc.Vec2"},"_trs":{"__type__":"TypedArray","ctor":"Float64Array","array":[4773.211,0,0,0,0,0,1,1,1,1]},"_groupIndex":3,"groupIndex":3},{"__type__":"cc.Node","_name":"m6","_parent":{"__id__":53},"_components":[{"__type__":"cc.Sprite","_name":"m4<Sprite>","node":{"__id__":59},"_materials":[{"__uuid__":"ecpdLyjvZBwrvm+cedCcQy"}],"_spriteFrame":{"__uuid__":"dd9aZPtTFKkJkLuRmRL4XS"},"_type":2,"_sizeMode":0}],"_prefab":{"__type__":"cc.PrefabInfo","root":{"__id__":1},"asset":{"__uuid__":"4aZHqALSVFs4aAzBGYoyQc"},"fileId":"89d+MaXjFHaI1HE5mgrrAx"},"_contentSize":{"__type__":"cc.Size","width":1500,"height":300},"_anchorPoint":{"__type__":"cc.Vec2"},"_trs":{"__type__":"TypedArray","ctor":"Float64Array","array":[5147.08,0,0,0,0,0,1,1,1,1]},"_groupIndex":3,"groupIndex":3},{"__type__":"cc.Node","_name":"m7","_parent":{"__id__":53},"_components":[{"__type__":"cc.Sprite","_name":"m5<Sprite>","node":{"__id__":60},"_materials":[{"__uuid__":"ecpdLyjvZBwrvm+cedCcQy"}],"_spriteFrame":{"__uuid__":"dd9aZPtTFKkJkLuRmRL4XS"},"_type":2,"_sizeMode":0}],"_prefab":{"__type__":"cc.PrefabInfo","root":{"__id__":1},"asset":{"__uuid__":"4aZHqALSVFs4aAzBGYoyQc"},"fileId":"f8SAT1LVZDlazzZ50bzwpR"},"_contentSize":{"__type__":"cc.Size","width":1500,"height":500},"_anchorPoint":{"__type__":"cc.Vec2"},"_trs":{"__type__":"TypedArray","ctor":"Float64Array","array":[6644.909,0,0,0,0,0,1,1,1,1]},"_groupIndex":3,"groupIndex":3},{"__type__":"cc.Node","_name":"m8","_parent":{"__id__":53},"_components":[{"__type__":"cc.Sprite","_name":"m4<Sprite>","node":{"__id__":61},"_materials":[{"__uuid__":"ecpdLyjvZBwrvm+cedCcQy"}],"_spriteFrame":{"__uuid__":"dd9aZPtTFKkJkLuRmRL4XS"},"_type":2,"_sizeMode":0}],"_prefab":{"__type__":"cc.PrefabInfo","root":{"__id__":1},"asset":{"__uuid__":"4aZHqALSVFs4aAzBGYoyQc"},"fileId":"4exrJ16EJK8JZGeR633zyX"},"_contentSize":{"__type__":"cc.Size","width":230,"height":700},"_anchorPoint":{"__type__":"cc.Vec2"},"_trs":{"__type__":"TypedArray","ctor":"Float64Array","array":[6360.079,682.464,0,0,0,0,1,1,1,1]},"_groupIndex":3,"groupIndex":3},{"__type__":"cc.Node","_name":"m9","_parent":{"__id__":53},"_components":[{"__type__":"cc.Sprite","_name":"m4<Sprite>","node":{"__id__":62},"_materials":[{"__uuid__":"ecpdLyjvZBwrvm+cedCcQy"}],"_spriteFrame":{"__uuid__":"dd9aZPtTFKkJkLuRmRL4XS"},"_type":2,"_sizeMode":0}],"_prefab":{"__type__":"cc.PrefabInfo","root":{"__id__":1},"asset":{"__uuid__":"4aZHqALSVFs4aAzBGYoyQc"},"fileId":"1aq+abR25BEo4B4e+q0Ey8"},"_contentSize":{"__type__":"cc.Size","width":200,"height":700},"_anchorPoint":{"__type__":"cc.Vec2"},"_trs":{"__type__":"TypedArray","ctor":"Float64Array","array":[5177.83,571.133,0,0,0,0,1,1,1,1]},"_groupIndex":3,"groupIndex":3},{"__type__":"cc.Node","_name":"m10","_parent":{"__id__":53},"_components":[{"__type__":"cc.Sprite","_name":"m4<Sprite>","node":{"__id__":63},"_materials":[{"__uuid__":"ecpdLyjvZBwrvm+cedCcQy"}],"_spriteFrame":{"__uuid__":"dd9aZPtTFKkJkLuRmRL4XS"},"_type":2,"_sizeMode":0}],"_prefab":{"__type__":"cc.PrefabInfo","root":{"__id__":1},"asset":{"__uuid__":"4aZHqALSVFs4aAzBGYoyQc"},"fileId":"73Zw+MTSJCF7SEnCSxy0KV"},"_contentSize":{"__type__":"cc.Size","width":200,"height":700},"_anchorPoint":{"__type__":"cc.Vec2"},"_trs":{"__type__":"TypedArray","ctor":"Float64Array","array":[4066.51,477.234,0,0,0,0,1,1,1,1]},"_groupIndex":3,"groupIndex":3},{"__type__":"cc.Node","_name":"2","_parent":{"__id__":53},"_components":[{"__type__":"cc.Sprite","node":{"__id__":64},"_materials":[{"__uuid__":"ecpdLyjvZBwrvm+cedCcQy"}],"_spriteFrame":{"__uuid__":"deWoBim89PJqKU5tDe0S28"},"_type":2,"_sizeMode":0}],"_prefab":{"__type__":"cc.PrefabInfo","root":{"__id__":1},"asset":{"__uuid__":"4aZHqALSVFs4aAzBGYoyQc"},"fileId":"60Q1qdNSxK+5StfimJH86b"},"_contentSize":{"__type__":"cc.Size","width":320,"height":38},"_trs":{"__type__":"TypedArray","ctor":"Float64Array","array":[13.352,124.954,0,0,0,0.7071067811865475,0.7071067811865476,0.7,0.7,1]},"_eulerAngles":{"__type__":"cc.Vec3","z":90}},{"__type__":"cc.Node","_name":"2","_parent":{"__id__":53},"_components":[{"__type__":"cc.Sprite","node":{"__id__":65},"_materials":[{"__uuid__":"ecpdLyjvZBwrvm+cedCcQy"}],"_spriteFrame":{"__uuid__":"deWoBim89PJqKU5tDe0S28"},"_type":2,"_sizeMode":0}],"_prefab":{"__type__":"cc.PrefabInfo","root":{"__id__":1},"asset":{"__uuid__":"4aZHqALSVFs4aAzBGYoyQc"},"fileId":"53P5HH1qRHJpBjh9vF3/3U"},"_contentSize":{"__type__":"cc.Size","width":320,"height":38},"_trs":{"__type__":"TypedArray","ctor":"Float64Array","array":[1986.795,124.954,0,0,0,0.7071067811865475,0.7071067811865476,0.7,-0.7,1]},"_eulerAngles":{"__type__":"cc.Vec3","z":90}},{"__type__":"cc.Node","_name":"2","_parent":{"__id__":53},"_components":[{"__type__":"cc.Sprite","node":{"__id__":66},"_materials":[{"__uuid__":"ecpdLyjvZBwrvm+cedCcQy"}],"_spriteFrame":{"__uuid__":"deWoBim89PJqKU5tDe0S28"},"_type":2,"_sizeMode":0}],"_prefab":{"__type__":"cc.PrefabInfo","root":{"__id__":1},"asset":{"__uuid__":"4aZHqALSVFs4aAzBGYoyQc"},"fileId":"bah+ymqEdEuqFopKZ1ms/l"},"_contentSize":{"__type__":"cc.Size","width":720,"height":38},"_anchorPoint":{"__type__":"cc.Vec2","y":0.5},"_trs":{"__type__":"TypedArray","ctor":"Float64Array","array":[3150.393,336.645,0,0,0,0,1,0.7,0.7,1]}},{"__type__":"cc.Node","_name":"2","_parent":{"__id__":53},"_components":[{"__type__":"cc.Sprite","node":{"__id__":67},"_materials":[{"__uuid__":"ecpdLyjvZBwrvm+cedCcQy"}],"_spriteFrame":{"__uuid__":"deWoBim89PJqKU5tDe0S28"},"_type":2,"_sizeMode":0}],"_prefab":{"__type__":"cc.PrefabInfo","root":{"__id__":1},"asset":{"__uuid__":"4aZHqALSVFs4aAzBGYoyQc"},"fileId":"8eOKL5MxlH65EEZjRXi3GC"},"_contentSize":{"__type__":"cc.Size","width":460,"height":38},"_trs":{"__type__":"TypedArray","ctor":"Float64Array","array":[3163.575,171.237,0,0,0,0.7071067811865475,0.7071067811865476,0.7,0.7,1]},"_eulerAngles":{"__type__":"cc.Vec3","z":90}},{"__type__":"cc.Node","_name":"2","_parent":{"__id__":53},"_components":[{"__type__":"cc.Sprite","node":{"__id__":68},"_materials":[{"__uuid__":"ecpdLyjvZBwrvm+cedCcQy"}],"_spriteFrame":{"__uuid__":"deWoBim89PJqKU5tDe0S28"},"_type":2,"_sizeMode":0}],"_prefab":{"__type__":"cc.PrefabInfo","root":{"__id__":1},"asset":{"__uuid__":"4aZHqALSVFs4aAzBGYoyQc"},"fileId":"75y+AMUmVCU7OSLaddSDlE"},"_contentSize":{"__type__":"cc.Size","width":2856,"height":38},"_anchorPoint":{"__type__":"cc.Vec2","y":0.5},"_trs":{"__type__":"TypedArray","ctor":"Float64Array","array":[-0.181,236.772,0,0,0,0,1,0.7,0.7,1]}},{"__type__":"cc.Node","_name":"2","_parent":{"__id__":53},"_components":[{"__type__":"cc.Sprite","node":{"__id__":69},"_materials":[{"__uuid__":"ecpdLyjvZBwrvm+cedCcQy"}],"_spriteFrame":{"__uuid__":"deWoBim89PJqKU5tDe0S28"},"_type":2,"_sizeMode":0}],"_prefab":{"__type__":"cc.PrefabInfo","root":{"__id__":1},"asset":{"__uuid__":"4aZHqALSVFs4aAzBGYoyQc"},"fileId":"6aUYiVs4tPKZpWYkcLJNgV"},"_contentSize":{"__type__":"cc.Size","width":300,"height":38},"_trs":{"__type__":"TypedArray","ctor":"Float64Array","array":[6658.907,396.1,0,0,0,0.7071067811865475,0.7071067811865476,0.7,0.7,1]},"_eulerAngles":{"__type__":"cc.Vec3","z":90}},{"__type__":"cc.Node","_name":"2","_parent":{"__id__":53},"_components":[{"__type__":"cc.Sprite","node":{"__id__":70},"_materials":[{"__uuid__":"ecpdLyjvZBwrvm+cedCcQy"}],"_spriteFrame":{"__uuid__":"deWoBim89PJqKU5tDe0S28"},"_type":2,"_sizeMode":0}],"_prefab":{"__type__":"cc.PrefabInfo","root":{"__id__":1},"asset":{"__uuid__":"4aZHqALSVFs4aAzBGYoyQc"},"fileId":"17zSwDW51P+ZVwLT3TyaSt"},"_contentSize":{"__type__":"cc.Size","width":2856,"height":38},"_anchorPoint":{"__type__":"cc.Vec2","y":0.5},"_trs":{"__type__":"TypedArray","ctor":"Float64Array","array":[0.046,13.162,0,0,0,0,1,0.7,-0.7,1]}},{"__type__":"cc.Node","_name":"2","_parent":{"__id__":53},"_components":[{"__type__":"cc.Sprite","node":{"__id__":71},"_materials":[{"__uuid__":"ecpdLyjvZBwrvm+cedCcQy"}],"_spriteFrame":{"__uuid__":"deWoBim89PJqKU5tDe0S28"},"_type":2,"_sizeMode":0}],"_prefab":{"__type__":"cc.PrefabInfo","root":{"__id__":1},"asset":{"__uuid__":"4aZHqALSVFs4aAzBGYoyQc"},"fileId":"e5thiM17NNipnaYFeHxa/E"},"_contentSize":{"__type__":"cc.Size","width":690,"height":38},"_trs":{"__type__":"TypedArray","ctor":"Float64Array","array":[8134.629,257.699,0,0,0,0.7071067811865475,0.7071067811865476,0.7,0.7,1]},"_eulerAngles":{"__type__":"cc.Vec3","z":90}},{"__type__":"cc.Node","_name":"2","_parent":{"__id__":53},"_components":[{"__type__":"cc.Sprite","node":{"__id__":72},"_materials":[{"__uuid__":"ecpdLyjvZBwrvm+cedCcQy"}],"_spriteFrame":{"__uuid__":"deWoBim89PJqKU5tDe0S28"},"_type":2,"_sizeMode":0}],"_prefab":{"__type__":"cc.PrefabInfo","root":{"__id__":1},"asset":{"__uuid__":"4aZHqALSVFs4aAzBGYoyQc"},"fileId":"f73TdbbgFOoJG/JWWqh313"},"_contentSize":{"__type__":"cc.Size","width":180,"height":38},"_trs":{"__type__":"TypedArray","ctor":"Float64Array","array":[5159.472,337.252,0,0,0,0.7071067811865475,0.7071067811865476,0.7,-0.7,1]},"_eulerAngles":{"__type__":"cc.Vec3","z":90}},{"__type__":"cc.Node","_name":"2","_parent":{"__id__":53},"_components":[{"__type__":"cc.Sprite","node":{"__id__":73},"_materials":[{"__uuid__":"ecpdLyjvZBwrvm+cedCcQy"}],"_spriteFrame":{"__uuid__":"deWoBim89PJqKU5tDe0S28"},"_type":2,"_sizeMode":0}],"_prefab":{"__type__":"cc.PrefabInfo","root":{"__id__":1},"asset":{"__uuid__":"4aZHqALSVFs4aAzBGYoyQc"},"fileId":"55jjGt/v1NK6g6yfDkjA1l"},"_contentSize":{"__type__":"cc.Size","width":7000,"height":38},"_trs":{"__type__":"TypedArray","ctor":"Float64Array","array":[5645.826,13.162,0,0,0,0,1,0.7,-0.7,1]}},{"__type__":"cc.Node","_name":"2","_parent":{"__id__":53},"_components":[{"__type__":"cc.Sprite","node":{"__id__":74},"_materials":[{"__uuid__":"ecpdLyjvZBwrvm+cedCcQy"}],"_spriteFrame":{"__uuid__":"deWoBim89PJqKU5tDe0S28"},"_type":2,"_sizeMode":0}],"_prefab":{"__type__":"cc.PrefabInfo","root":{"__id__":1},"asset":{"__uuid__":"4aZHqALSVFs4aAzBGYoyQc"},"fileId":"76TnmCEVVCUJRn2sGo9raG"},"_contentSize":{"__type__":"cc.Size","width":180,"height":38},"_trs":{"__type__":"TypedArray","ctor":"Float64Array","array":[4786.42,337.252,0,0,0,0.7071067811865475,0.7071067811865476,0.7,0.7,1]},"_eulerAngles":{"__type__":"cc.Vec3","z":90}},{"__type__":"cc.Node","_name":"2","_parent":{"__id__":53},"_components":[{"__type__":"cc.Sprite","node":{"__id__":75},"_materials":[{"__uuid__":"ecpdLyjvZBwrvm+cedCcQy"}],"_spriteFrame":{"__uuid__":"deWoBim89PJqKU5tDe0S28"},"_type":2,"_sizeMode":0}],"_prefab":{"__type__":"cc.PrefabInfo","root":{"__id__":1},"asset":{"__uuid__":"4aZHqALSVFs4aAzBGYoyQc"},"fileId":"caIYrefOdE/qZNskl1aoKV"},"_contentSize":{"__type__":"cc.Size","width":2000,"height":38},"_trs":{"__type__":"TypedArray","ctor":"Float64Array","array":[7370.179,486.698,0,0,0,0,1,0.7,0.7,1]}},{"__type__":"cc.Node","_name":"2","_parent":{"__id__":53},"_components":[{"__type__":"cc.Sprite","node":{"__id__":76},"_materials":[{"__uuid__":"ecpdLyjvZBwrvm+cedCcQy"}],"_spriteFrame":{"__uuid__":"deWoBim89PJqKU5tDe0S28"},"_type":2,"_sizeMode":0}],"_prefab":{"__type__":"cc.PrefabInfo","root":{"__id__":1},"asset":{"__uuid__":"4aZHqALSVFs4aAzBGYoyQc"},"fileId":"37tO+/bpdGJIg7UI/EtcDj"},"_contentSize":{"__type__":"cc.Size","width":2175,"height":38},"_anchorPoint":{"__type__":"cc.Vec2","y":0.5},"_trs":{"__type__":"TypedArray","ctor":"Float64Array","array":[5146.524,286.665,0,0,0,0,1,0.7,0.7,1]}},{"__type__":"cc.Node","_name":"2","_parent":{"__id__":53},"_components":[{"__type__":"cc.Sprite","node":{"__id__":77},"_materials":[{"__uuid__":"ecpdLyjvZBwrvm+cedCcQy"}],"_spriteFrame":{"__uuid__":"deWoBim89PJqKU5tDe0S28"},"_type":2,"_sizeMode":0}],"_prefab":{"__type__":"cc.PrefabInfo","root":{"__id__":1},"asset":{"__uuid__":"4aZHqALSVFs4aAzBGYoyQc"},"fileId":"98G/e4vatJNZl2PVHy5N17"},"_contentSize":{"__type__":"cc.Size","width":550,"height":38},"_anchorPoint":{"__type__":"cc.Vec2","y":0.5},"_trs":{"__type__":"TypedArray","ctor":"Float64Array","array":[4785.087,386.757,0,0,0,0,1,0.7,0.7,1]}},{"__type__":"cc.Node","_name":"2","_parent":{"__id__":53},"_components":[{"__type__":"cc.Sprite","node":{"__id__":78},"_materials":[{"__uuid__":"ecpdLyjvZBwrvm+cedCcQy"}],"_spriteFrame":{"__uuid__":"deWoBim89PJqKU5tDe0S28"},"_type":2,"_sizeMode":0}],"_prefab":{"__type__":"cc.PrefabInfo","root":{"__id__":1},"asset":{"__uuid__":"4aZHqALSVFs4aAzBGYoyQc"},"fileId":"fcLHtM1O5GG7pAIse3kXgR"},"_contentSize":{"__type__":"cc.Size","width":970,"height":38},"_trs":{"__type__":"TypedArray","ctor":"Float64Array","array":[4253.136,823.052,0,0,0,0.7071067811865475,0.7071067811865476,0.7,-0.7,1]},"_eulerAngles":{"__type__":"cc.Vec3","z":90}},{"__type__":"cc.Node","_name":"2","_parent":{"__id__":53},"_components":[{"__type__":"cc.Sprite","node":{"__id__":79},"_materials":[{"__uuid__":"ecpdLyjvZBwrvm+cedCcQy"}],"_spriteFrame":{"__uuid__":"deWoBim89PJqKU5tDe0S28"},"_type":2,"_sizeMode":0}],"_prefab":{"__type__":"cc.PrefabInfo","root":{"__id__":1},"asset":{"__uuid__":"4aZHqALSVFs4aAzBGYoyQc"},"fileId":"edi0tcW3NNcJJaj8aUnr1Z"},"_contentSize":{"__type__":"cc.Size","width":100,"height":38},"_trs":{"__type__":"TypedArray","ctor":"Float64Array","array":[4136.98,314.951,0,0,0,0.7071067811865475,0.7071067811865476,0.7,-0.7,1]},"_eulerAngles":{"__type__":"cc.Vec3","z":90}},{"__type__":"cc.Node","_name":"2","_parent":{"__id__":53},"_components":[{"__type__":"cc.Sprite","node":{"__id__":80},"_materials":[{"__uuid__":"ecpdLyjvZBwrvm+cedCcQy"}],"_spriteFrame":{"__uuid__":"deWoBim89PJqKU5tDe0S28"},"_type":2,"_sizeMode":0}],"_prefab":{"__type__":"cc.PrefabInfo","root":{"__id__":1},"asset":{"__uuid__":"4aZHqALSVFs4aAzBGYoyQc"},"fileId":"e1JMVA3idKfYEdpf8kDo0n"},"_contentSize":{"__type__":"cc.Size","width":950,"height":38},"_anchorPoint":{"__type__":"cc.Vec2","y":0.5},"_trs":{"__type__":"TypedArray","ctor":"Float64Array","array":[4123.839,286.744,0,0,0,0,1,0.7,0.7,1]}},{"__type__":"cc.Node","_name":"2","_parent":{"__id__":53},"_components":[{"__type__":"cc.Sprite","node":{"__id__":81},"_materials":[{"__uuid__":"ecpdLyjvZBwrvm+cedCcQy"}],"_spriteFrame":{"__uuid__":"deWoBim89PJqKU5tDe0S28"},"_type":2,"_sizeMode":0}],"_prefab":{"__type__":"cc.PrefabInfo","root":{"__id__":1},"asset":{"__uuid__":"4aZHqALSVFs4aAzBGYoyQc"},"fileId":"76MnRoIwlBgYCTGnNJKWMA"},"_contentSize":{"__type__":"cc.Size","width":350,"height":38},"_trs":{"__type__":"TypedArray","ctor":"Float64Array","array":[4025.719,336.955,0,0,0,0,1,0.7,0.7,1]}},{"__type__":"cc.Node","_name":"2","_parent":{"__id__":53},"_components":[{"__type__":"cc.Sprite","node":{"__id__":82},"_materials":[{"__uuid__":"ecpdLyjvZBwrvm+cedCcQy"}],"_spriteFrame":{"__uuid__":"deWoBim89PJqKU5tDe0S28"},"_type":2,"_sizeMode":0}],"_prefab":{"__type__":"cc.PrefabInfo","root":{"__id__":1},"asset":{"__uuid__":"4aZHqALSVFs4aAzBGYoyQc"},"fileId":"84ocg46g1JqoGbavKYQlXh"},"_contentSize":{"__type__":"cc.Size","width":240,"height":38},"_trs":{"__type__":"TypedArray","ctor":"Float64Array","array":[3890.257,409.159,0,0,0,0.7071067811865475,0.7071067811865476,0.7,-0.7,1]},"_eulerAngles":{"__type__":"cc.Vec3","z":90}},{"__type__":"cc.Node","_name":"2","_parent":{"__id__":53},"_components":[{"__type__":"cc.Sprite","node":{"__id__":83},"_materials":[{"__uuid__":"ecpdLyjvZBwrvm+cedCcQy"}],"_spriteFrame":{"__uuid__":"deWoBim89PJqKU5tDe0S28"},"_type":2,"_sizeMode":0}],"_prefab":{"__type__":"cc.PrefabInfo","root":{"__id__":1},"asset":{"__uuid__":"4aZHqALSVFs4aAzBGYoyQc"},"fileId":"7b7gItJqdOhYasm/pnpnKy"},"_contentSize":{"__type__":"cc.Size","width":240,"height":38},"_trs":{"__type__":"TypedArray","ctor":"Float64Array","array":[3665.7,409.003,0,0,0,0.7071067811865475,0.7071067811865476,0.7,0.7,1]},"_eulerAngles":{"__type__":"cc.Vec3","z":90}},{"__type__":"cc.Node","_name":"2","_parent":{"__id__":53},"_components":[{"__type__":"cc.Sprite","node":{"__id__":84},"_materials":[{"__uuid__":"ecpdLyjvZBwrvm+cedCcQy"}],"_spriteFrame":{"__uuid__":"deWoBim89PJqKU5tDe0S28"},"_type":2,"_sizeMode":0}],"_prefab":{"__type__":"cc.PrefabInfo","root":{"__id__":1},"asset":{"__uuid__":"4aZHqALSVFs4aAzBGYoyQc"},"fileId":"c5ZHBXctpGQqRDjFt1lkhp"},"_contentSize":{"__type__":"cc.Size","width":970,"height":38},"_trs":{"__type__":"TypedArray","ctor":"Float64Array","array":[4079.73,823.052,0,0,0,0.7071067811865475,0.7071067811865476,0.7,0.7,1]},"_eulerAngles":{"__type__":"cc.Vec3","z":90}},{"__type__":"cc.Node","_name":"2","_parent":{"__id__":53},"_components":[{"__type__":"cc.Sprite","node":{"__id__":85},"_materials":[{"__uuid__":"ecpdLyjvZBwrvm+cedCcQy"}],"_spriteFrame":{"__uuid__":"deWoBim89PJqKU5tDe0S28"},"_type":2,"_sizeMode":0}],"_prefab":{"__type__":"cc.PrefabInfo","root":{"__id__":1},"asset":{"__uuid__":"4aZHqALSVFs4aAzBGYoyQc"},"fileId":"d7dExVLvZCML0rZ449fMc+"},"_contentSize":{"__type__":"cc.Size","width":360,"height":38},"_trs":{"__type__":"TypedArray","ctor":"Float64Array","array":[3778.878,480.181,0,0,0,0,1,0.7,0.7,1]}},{"__type__":"cc.Node","_name":"2","_parent":{"__id__":53},"_components":[{"__type__":"cc.Sprite","node":{"__id__":86},"_materials":[{"__uuid__":"ecpdLyjvZBwrvm+cedCcQy"}],"_spriteFrame":{"__uuid__":"deWoBim89PJqKU5tDe0S28"},"_type":2,"_sizeMode":0}],"_prefab":{"__type__":"cc.PrefabInfo","root":{"__id__":1},"asset":{"__uuid__":"4aZHqALSVFs4aAzBGYoyQc"},"fileId":"e2oEWbVNhAmbtOe+w0I0af"},"_contentSize":{"__type__":"cc.Size","width":970,"height":38},"_trs":{"__type__":"TypedArray","ctor":"Float64Array","array":[5364.354,924.826,0,0,0,0.7071067811865475,0.7071067811865476,0.7,-0.7,1]},"_eulerAngles":{"__type__":"cc.Vec3","z":90}},{"__type__":"cc.Node","_name":"2","_parent":{"__id__":53},"_components":[{"__type__":"cc.Sprite","node":{"__id__":87},"_materials":[{"__uuid__":"ecpdLyjvZBwrvm+cedCcQy"}],"_spriteFrame":{"__uuid__":"deWoBim89PJqKU5tDe0S28"},"_type":2,"_sizeMode":0}],"_prefab":{"__type__":"cc.PrefabInfo","root":{"__id__":1},"asset":{"__uuid__":"4aZHqALSVFs4aAzBGYoyQc"},"fileId":"fbTQocaS5JgIBb7NOux9x0"},"_contentSize":{"__type__":"cc.Size","width":970,"height":38},"_trs":{"__type__":"TypedArray","ctor":"Float64Array","array":[5191.258,915.976,0,0,0,0.7071067811865475,0.7071067811865476,0.7,0.7,1]},"_eulerAngles":{"__type__":"cc.Vec3","z":90}},{"__type__":"cc.Node","_name":"3","_parent":{"__id__":53},"_components":[{"__type__":"cc.Sprite","node":{"__id__":88},"_materials":[{"__uuid__":"ecpdLyjvZBwrvm+cedCcQy"}],"_spriteFrame":{"__uuid__":"deWoBim89PJqKU5tDe0S28"},"_sizeMode":0}],"_prefab":{"__type__":"cc.PrefabInfo","root":{"__id__":1},"asset":{"__uuid__":"4aZHqALSVFs4aAzBGYoyQc"},"fileId":"c1SN5E7u5F7ba5BHeUSGzQ"},"_contentSize":{"__type__":"cc.Size","width":285,"height":50},"_anchorPoint":{"__type__":"cc.Vec2","y":0.5},"_trs":{"__type__":"TypedArray","ctor":"Float64Array","array":[5177.848,1253.622,0,0,0,0,1,0.7,0.7,1]}},{"__type__":"cc.Node","_name":"2","_parent":{"__id__":53},"_components":[{"__type__":"cc.Sprite","node":{"__id__":89},"_materials":[{"__uuid__":"ecpdLyjvZBwrvm+cedCcQy"}],"_spriteFrame":{"__uuid__":"deWoBim89PJqKU5tDe0S28"},"_type":2,"_sizeMode":0}],"_prefab":{"__type__":"cc.PrefabInfo","root":{"__id__":1},"asset":{"__uuid__":"4aZHqALSVFs4aAzBGYoyQc"},"fileId":"b1MFRV00ZMdYTfHHg4Ymab"},"_contentSize":{"__type__":"cc.Size","width":970,"height":38},"_trs":{"__type__":"TypedArray","ctor":"Float64Array","array":[6576.706,1032.868,0,0,0,0.7071067811865475,0.7071067811865476,0.7,-0.7,1]},"_eulerAngles":{"__type__":"cc.Vec3","z":90}},{"__type__":"cc.Node","_name":"2","_parent":{"__id__":53},"_components":[{"__type__":"cc.Sprite","node":{"__id__":90},"_materials":[{"__uuid__":"ecpdLyjvZBwrvm+cedCcQy"}],"_spriteFrame":{"__uuid__":"deWoBim89PJqKU5tDe0S28"},"_type":2,"_sizeMode":0}],"_prefab":{"__type__":"cc.PrefabInfo","root":{"__id__":1},"asset":{"__uuid__":"4aZHqALSVFs4aAzBGYoyQc"},"fileId":"7f/eevR9xNHowhgEyBlojG"},"_contentSize":{"__type__":"cc.Size","width":970,"height":38},"_trs":{"__type__":"TypedArray","ctor":"Float64Array","array":[6373.277,1032.868,0,0,0,0.7071067811865475,0.7071067811865476,0.7,0.7,1]},"_eulerAngles":{"__type__":"cc.Vec3","z":90}},{"__type__":"cc.Node","_name":"2","_parent":{"__id__":53},"_components":[{"__type__":"cc.Sprite","node":{"__id__":91},"_materials":[{"__uuid__":"ecpdLyjvZBwrvm+cedCcQy"}],"_spriteFrame":{"__uuid__":"deWoBim89PJqKU5tDe0S28"},"_type":2,"_sizeMode":0}],"_prefab":{"__type__":"cc.PrefabInfo","root":{"__id__":1},"asset":{"__uuid__":"4aZHqALSVFs4aAzBGYoyQc"},"fileId":"21EGAJ1IFH/oJA9/0rItMI"},"_contentSize":{"__type__":"cc.Size","width":330,"height":38},"_trs":{"__type__":"TypedArray","ctor":"Float64Array","array":[6474.658,1369.068,0,0,0,0,1,0.7,0.7,1]}},{"__type__":"cc.Node","_name":"3","_parent":{"__id__":53},"_components":[{"__type__":"cc.Sprite","node":{"__id__":92},"_materials":[{"__uuid__":"ecpdLyjvZBwrvm+cedCcQy"}],"_spriteFrame":{"__uuid__":"deWoBim89PJqKU5tDe0S28"},"_sizeMode":0}],"_prefab":{"__type__":"cc.PrefabInfo","root":{"__id__":1},"asset":{"__uuid__":"4aZHqALSVFs4aAzBGYoyQc"},"fileId":"0diG52YPVCiJ254Pfnn5p5"},"_contentSize":{"__type__":"cc.Size","width":285,"height":50},"_anchorPoint":{"__type__":"cc.Vec2","y":0.5},"_trs":{"__type__":"TypedArray","ctor":"Float64Array","array":[5177.848,588.619,0,0,0,0,1,0.7,-0.7,1]}},{"__type__":"cc.Node","_name":"2","_parent":{"__id__":53},"_components":[{"__type__":"cc.Sprite","node":{"__id__":93},"_materials":[{"__uuid__":"ecpdLyjvZBwrvm+cedCcQy"}],"_spriteFrame":{"__uuid__":"deWoBim89PJqKU5tDe0S28"},"_type":2,"_sizeMode":0}],"_prefab":{"__type__":"cc.PrefabInfo","root":{"__id__":1},"asset":{"__uuid__":"4aZHqALSVFs4aAzBGYoyQc"},"fileId":"60BFbWG+9Gs4AawGrHMb12"},"_contentSize":{"__type__":"cc.Size","width":330,"height":38},"_trs":{"__type__":"TypedArray","ctor":"Float64Array","array":[6474.658,695.756,0,0,0,0,1,0.7,0.7,1]}},{"__type__":"cc.Node","_name":"points","_parent":{"__id__":1},"_children":[{"__type__":"cc.Node","_name":"p1","_parent":{"__id__":94},"_prefab":{"__type__":"cc.PrefabInfo","root":{"__id__":1},"asset":{"__uuid__":"4aZHqALSVFs4aAzBGYoyQc"},"fileId":"fa8/Fg4fBBeZa4TsJJBAZ9"},"_trs":{"__type__":"TypedArray","ctor":"Float64Array","array":[480,420,0,0,0,0,1,1,1,1]}},{"__type__":"cc.Node","_name":"p1","_parent":{"__id__":94},"_prefab":{"__type__":"cc.PrefabInfo","root":{"__id__":1},"asset":{"__uuid__":"4aZHqALSVFs4aAzBGYoyQc"},"fileId":"9ao+jNQuhIxLkhGfqKbQvI"},"_trs":{"__type__":"TypedArray","ctor":"Float64Array","array":[2976.134,420,0,0,0,0,1,1,1,1]}},{"__type__":"cc.Node","_name":"p3","_parent":{"__id__":94},"_prefab":{"__type__":"cc.PrefabInfo","root":{"__id__":1},"asset":{"__uuid__":"4aZHqALSVFs4aAzBGYoyQc"},"fileId":"6c/twSzSRKULUIztCoAus5"},"_trs":{"__type__":"TypedArray","ctor":"Float64Array","array":[3100.816,520,0,0,0,0,1,1,1,1]}},{"__type__":"cc.Node","_name":"p3","_parent":{"__id__":94},"_prefab":{"__type__":"cc.PrefabInfo","root":{"__id__":1},"asset":{"__uuid__":"4aZHqALSVFs4aAzBGYoyQc"},"fileId":"cbOH+xyjtNwL+AAKb/JaFi"},"_trs":{"__type__":"TypedArray","ctor":"Float64Array","array":[3507.386,520,0,0,0,0,1,1,1,1]}},{"__type__":"cc.Node","_name":"p3","_parent":{"__id__":94},"_prefab":{"__type__":"cc.PrefabInfo","root":{"__id__":1},"asset":{"__uuid__":"4aZHqALSVFs4aAzBGYoyQc"},"fileId":"cfDMGwQahFb7GxMAnkB3SH"},"_trs":{"__type__":"TypedArray","ctor":"Float64Array","array":[3552.128,640,0,0,0,0,1,1,1,1]}},{"__type__":"cc.Node","_name":"p3","_parent":{"__id__":94},"_prefab":{"__type__":"cc.PrefabInfo","root":{"__id__":1},"asset":{"__uuid__":"4aZHqALSVFs4aAzBGYoyQc"},"fileId":"a2Zx5cSjJLy7bazdvqA4Qc"},"_trs":{"__type__":"TypedArray","ctor":"Float64Array","array":[3756.476,640,0,0,0,0,1,1,1,1]}},{"__type__":"cc.Node","_name":"p3","_parent":{"__id__":94},"_prefab":{"__type__":"cc.PrefabInfo","root":{"__id__":1},"asset":{"__uuid__":"4aZHqALSVFs4aAzBGYoyQc"},"fileId":"2ddyo5oBBA5ruJUKTtu0b5"},"_trs":{"__type__":"TypedArray","ctor":"Float64Array","array":[3820.808,420,0,0,0,0,1,1,1,1]}},{"__type__":"cc.Node","_name":"p3","_parent":{"__id__":94},"_prefab":{"__type__":"cc.PrefabInfo","root":{"__id__":1},"asset":{"__uuid__":"4aZHqALSVFs4aAzBGYoyQc"},"fileId":"2cmNVz7XpJT6HyoPdbxOkD"},"_trs":{"__type__":"TypedArray","ctor":"Float64Array","array":[4636.173,420,0,0,0,0,1,1,1,1]}},{"__type__":"cc.Node","_name":"p3","_parent":{"__id__":94},"_prefab":{"__type__":"cc.PrefabInfo","root":{"__id__":1},"asset":{"__uuid__":"4aZHqALSVFs4aAzBGYoyQc"},"fileId":"f0UiwnaZNEnogHrKhgb4Ih"},"_trs":{"__type__":"TypedArray","ctor":"Float64Array","array":[4647.66,520,0,0,0,0,1,1,1,1]}},{"__type__":"cc.Node","_name":"p3","_parent":{"__id__":94},"_prefab":{"__type__":"cc.PrefabInfo","root":{"__id__":1},"asset":{"__uuid__":"4aZHqALSVFs4aAzBGYoyQc"},"fileId":"dafs+KRiRNxImWSxSF4IpK"},"_trs":{"__type__":"TypedArray","ctor":"Float64Array","array":[5026.73,520,0,0,0,0,1,1,1,1]}},{"__type__":"cc.Node","_name":"p3","_parent":{"__id__":94},"_prefab":{"__type__":"cc.PrefabInfo","root":{"__id__":1},"asset":{"__uuid__":"4aZHqALSVFs4aAzBGYoyQc"},"fileId":"a5Sk1Fy3xPwIuTcVGREzOu"},"_trs":{"__type__":"TypedArray","ctor":"Float64Array","array":[5058.894,420,0,0,0,0,1,1,1,1]}},{"__type__":"cc.Node","_name":"p3","_parent":{"__id__":94},"_prefab":{"__type__":"cc.PrefabInfo","root":{"__id__":1},"asset":{"__uuid__":"4aZHqALSVFs4aAzBGYoyQc"},"fileId":"2c3X5IIBxNaZMtPoUz3z/7"},"_trs":{"__type__":"TypedArray","ctor":"Float64Array","array":[6537.207,420,0,0,0,0,1,1,1,1]}},{"__type__":"cc.Node","_name":"p3","_parent":{"__id__":94},"_prefab":{"__type__":"cc.PrefabInfo","root":{"__id__":1},"asset":{"__uuid__":"4aZHqALSVFs4aAzBGYoyQc"},"fileId":"dfph+1/gtGD7/MJ4Xtu5+B"},"_trs":{"__type__":"TypedArray","ctor":"Float64Array","array":[6582.207,720,0,0,0,0,1,1,1,1]}}],"_components":[{"__type__":"f6f92o9xoBI1aLPMvQN70M5","node":{"__id__":94}}],"_prefab":{"__type__":"cc.PrefabInfo","root":{"__id__":1},"asset":{"__uuid__":"4aZHqALSVFs4aAzBGYoyQc"},"fileId":"fdxHjsj91IwqLfKWDYHGzl"},"_trs":{"__type__":"TypedArray","ctor":"Float64Array","array":[0,0,0,0,0,0,1,1,1,1]}},{"__type__":"cc.Node","_name":"press","_parent":{"__id__":1},"_children":[{"__id__":96},{"__id__":98},{"__id__":99},{"__id__":100},{"__id__":102},{"__id__":103}],"_prefab":{"__type__":"cc.PrefabInfo","root":{"__id__":1},"asset":{"__uuid__":"4aZHqALSVFs4aAzBGYoyQc"},"fileId":"0d1UxPfHtBtJEZId3w1SP6"},"_trs":{"__type__":"TypedArray","ctor":"Float64Array","array":[0,0,0,0,0,0,1,1,1,1]}},{"__type__":"cc.Node","_name":"Top_Down_Moving1","_parent":{"__id__":95},"_children":[{"__id__":97}],"_components":[{"__type__":"cc.Sprite","node":{"__id__":96},"_materials":[{"__uuid__":"ecpdLyjvZBwrvm+cedCcQy"}],"_spriteFrame":{"__uuid__":"08U0cYQQhO0YZQ+CdB6vtP"}},{"__type__":"cc.RigidBody","node":{"__id__":96},"_type":3,"_allowSleep":false,"_fixedRotation":true,"enabledContactListener":true,"bullet":true},{"__type__":"838b6GXRKlFKr+l3AKWAO3t","node":{"__id__":96},"deep_speed":4000},{"__type__":"cc.PhysicsPolygonCollider","node":{"__id__":96},"points":[{"__type__":"cc.Vec2","x":-44.9,"y":-491.1},{"__type__":"cc.Vec2","x":-129.7,"y":-493.6},{"__type__":"cc.Vec2","x":-138.6,"y":-511.3},{"__type__":"cc.Vec2","x":-137.2,"y":-542.1},{"__type__":"cc.Vec2","x":-126.2,"y":-555.8},{"__type__":"cc.Vec2","x":127.4,"y":-555.7},{"__type__":"cc.Vec2","x":141.6,"y":-536.6},{"__type__":"cc.Vec2","x":142.6,"y":-510.2},{"__type__":"cc.Vec2","x":129.1,"y":-491.3},{"__type__":"cc.Vec2","x":50,"y":-492.3},{"__type__":"cc.Vec2","x":49.49,"y":511.99},{"__type__":"cc.Vec2","x":-48.889,"y":511.983}]},{"__type__":"cc.PhysicsBoxCollider","node":{"__id__":96},"_offset":{"__type__":"cc.Vec2","x":1.5,"y":-523.3},"_size":{"__type__":"cc.Size","width":285.3,"height":68.9}},{"__type__":"cc.PhysicsBoxCollider","node":{"__id__":96},"_size":{"__type__":"cc.Size","width":128,"height":1024}}],"_prefab":{"__type__":"cc.PrefabInfo","root":{"__id__":1},"asset":{"__uuid__":"4aZHqALSVFs4aAzBGYoyQc"},"fileId":"79/Wmvlu1CHZRsTPqntq7n"},"_contentSize":{"__type__":"cc.Size","width":128,"height":1024},"_trs":{"__type__":"TypedArray","ctor":"Float64Array","array":[2279.98,599.746,0,0,0,0,1,0.5,0.5,1]},"_groupIndex":9,"groupIndex":9},{"__type__":"cc.Node","_name":"Moving01","_parent":{"__id__":96},"_components":[{"__type__":"cc.Sprite","node":{"__id__":97},"_materials":[{"__uuid__":"ecpdLyjvZBwrvm+cedCcQy"}],"_spriteFrame":{"__uuid__":"7dbCh1dnRBP5V4L5/ECOUB"}}],"_prefab":{"__type__":"cc.PrefabInfo","root":{"__id__":1},"asset":{"__uuid__":"4aZHqALSVFs4aAzBGYoyQc"},"fileId":"0cyr2YkyhFBIZq9PI4c4Tm"},"_contentSize":{"__type__":"cc.Size","width":512,"height":128},"_trs":{"__type__":"TypedArray","ctor":"Float64Array","array":[0,-493.661,0,0,0,0,1,1,1,1]},"_groupIndex":9,"groupIndex":9},{"__type__":"cc.Node","_name":"Top_Part","_parent":{"__id__":95},"_components":[{"__type__":"cc.Sprite","node":{"__id__":98},"_materials":[{"__uuid__":"ecpdLyjvZBwrvm+cedCcQy"}],"_spriteFrame":{"__uuid__":"78Z/JZSalMjJJkbixkE+cv"}},{"__type__":"cc.RigidBody","node":{"__id__":98},"_type":0,"enabledContactListener":true},{"__type__":"cc.PhysicsBoxCollider","node":{"__id__":98},"_offset":{"__type__":"cc.Vec2","x":-142},"_size":{"__type__":"cc.Size","width":34,"height":512}},{"__type__":"cc.PhysicsBoxCollider","node":{"__id__":98},"_offset":{"__type__":"cc.Vec2","x":140},"_size":{"__type__":"cc.Size","width":29,"height":512}}],"_prefab":{"__type__":"cc.PrefabInfo","root":{"__id__":1},"asset":{"__uuid__":"4aZHqALSVFs4aAzBGYoyQc"},"fileId":"58ll/DF7FJxLp9V1LAriVo"},"_contentSize":{"__type__":"cc.Size","width":256,"height":512},"_trs":{"__type__":"TypedArray","ctor":"Float64Array","array":[2281.434,639.746,0,0,0,0,1,0.5,0.5,1]},"_groupIndex":11,"groupIndex":11},{"__type__":"cc.Node","_name":"Down_Part","_parent":{"__id__":95},"_components":[{"__type__":"cc.Sprite","node":{"__id__":99},"_materials":[{"__uuid__":"ecpdLyjvZBwrvm+cedCcQy"}],"_spriteFrame":{"__uuid__":"65IIevXfVCYprzx9V3zpE5"}},{"__type__":"cc.RigidBody","node":{"__id__":99},"_type":0,"enabledContactListener":true},{"__type__":"cc.PhysicsBoxCollider","node":{"__id__":99},"_offset":{"__type__":"cc.Vec2","y":-0.1},"_size":{"__type__":"cc.Size","width":256,"height":514.1}}],"_prefab":{"__type__":"cc.PrefabInfo","root":{"__id__":1},"asset":{"__uuid__":"4aZHqALSVFs4aAzBGYoyQc"},"fileId":"f2eDzE6tBIiqiRapSsj+1c"},"_contentSize":{"__type__":"cc.Size","width":256,"height":512},"_trs":{"__type__":"TypedArray","ctor":"Float64Array","array":[2281.133,107.465,0,0,0,1,6.123233995736766e-17,0.5,0.5,0.5]},"_eulerAngles":{"__type__":"cc.Vec3","z":180},"_groupIndex":3,"groupIndex":3},{"__type__":"cc.Node","_name":"Top_Down_Moving2","_parent":{"__id__":95},"_children":[{"__id__":101}],"_components":[{"__type__":"cc.Sprite","node":{"__id__":100},"_materials":[{"__uuid__":"ecpdLyjvZBwrvm+cedCcQy"}],"_spriteFrame":{"__uuid__":"08U0cYQQhO0YZQ+CdB6vtP"}},{"__type__":"cc.RigidBody","node":{"__id__":100},"_type":3,"_allowSleep":false,"_fixedRotation":true,"enabledContactListener":true,"bullet":true},{"__type__":"838b6GXRKlFKr+l3AKWAO3t","node":{"__id__":100},"deep_speed":4000},{"__type__":"cc.PhysicsBoxCollider","node":{"__id__":100},"_offset":{"__type__":"cc.Vec2","x":0.8,"y":-524.61},"_size":{"__type__":"cc.Size","width":286,"height":65.52}},{"__type__":"cc.PhysicsBoxCollider","node":{"__id__":100},"_size":{"__type__":"cc.Size","width":128,"height":1024}}],"_prefab":{"__type__":"cc.PrefabInfo","root":{"__id__":1},"asset":{"__uuid__":"4aZHqALSVFs4aAzBGYoyQc"},"fileId":"67vS5PH/pF7KzMouMM/rsg"},"_contentSize":{"__type__":"cc.Size","width":128,"height":1024},"_trs":{"__type__":"TypedArray","ctor":"Float64Array","array":[2654.928,648.501,0,0,0,0,1,0.5,0.5,1]},"_groupIndex":9,"groupIndex":9},{"__type__":"cc.Node","_name":"Moving01","_parent":{"__id__":100},"_components":[{"__type__":"cc.Sprite","node":{"__id__":101},"_materials":[{"__uuid__":"ecpdLyjvZBwrvm+cedCcQy"}],"_spriteFrame":{"__uuid__":"7dbCh1dnRBP5V4L5/ECOUB"}}],"_prefab":{"__type__":"cc.PrefabInfo","root":{"__id__":1},"asset":{"__uuid__":"4aZHqALSVFs4aAzBGYoyQc"},"fileId":"d9+iGhws5DjalwWi4voz8e"},"_contentSize":{"__type__":"cc.Size","width":512,"height":128},"_trs":{"__type__":"TypedArray","ctor":"Float64Array","array":[0,-493.661,0,0,0,0,1,1,1,1]},"_groupIndex":9,"groupIndex":9},{"__type__":"cc.Node","_name":"Down_Part","_parent":{"__id__":95},"_components":[{"__type__":"cc.Sprite","node":{"__id__":102},"_materials":[{"__uuid__":"ecpdLyjvZBwrvm+cedCcQy"}],"_spriteFrame":{"__uuid__":"65IIevXfVCYprzx9V3zpE5"},"_type":1,"_sizeMode":0},{"__type__":"cc.RigidBody","node":{"__id__":102},"_type":0,"enabledContactListener":true},{"__type__":"cc.PhysicsBoxCollider","node":{"__id__":102},"_size":{"__type__":"cc.Size","width":256,"height":514.1}}],"_prefab":{"__type__":"cc.PrefabInfo","root":{"__id__":1},"asset":{"__uuid__":"4aZHqALSVFs4aAzBGYoyQc"},"fileId":"e8XR8QUDJEJ639ErEXefHo"},"_contentSize":{"__type__":"cc.Size","width":256,"height":512},"_trs":{"__type__":"TypedArray","ctor":"Float64Array","array":[2656.081,106.22,0,0,0,1,6.123233995736766e-17,0.5,0.5,0.5]},"_eulerAngles":{"__type__":"cc.Vec3","z":180},"_groupIndex":3,"groupIndex":3},{"__type__":"cc.Node","_name":"Top_Part","_parent":{"__id__":95},"_components":[{"__type__":"cc.Sprite","node":{"__id__":103},"_materials":[{"__uuid__":"ecpdLyjvZBwrvm+cedCcQy"}],"_spriteFrame":{"__uuid__":"78Z/JZSalMjJJkbixkE+cv"}},{"__type__":"cc.RigidBody","node":{"__id__":103},"_type":0,"enabledContactListener":true},{"__type__":"cc.PhysicsBoxCollider","node":{"__id__":103},"_offset":{"__type__":"cc.Vec2","x":-149,"y":2},"_size":{"__type__":"cc.Size","width":48,"height":512}},{"__type__":"cc.PhysicsBoxCollider","node":{"__id__":103},"_offset":{"__type__":"cc.Vec2","x":143.7,"y":0.1},"_size":{"__type__":"cc.Size","width":35.9,"height":512}}],"_prefab":{"__type__":"cc.PrefabInfo","root":{"__id__":1},"asset":{"__uuid__":"4aZHqALSVFs4aAzBGYoyQc"},"fileId":"8a9G1B6S9DvoKTbTsfsVou"},"_contentSize":{"__type__":"cc.Size","width":256,"height":512},"_trs":{"__type__":"TypedArray","ctor":"Float64Array","array":[2656.382,638.501,0,0,0,0,1,0.5,0.5,1]},"_groupIndex":11,"groupIndex":11},{"__type__":"cc.Node","_name":"box_box","_parent":{"__id__":1},"_children":[{"__id__":105},{"__id__":106}],"_prefab":{"__type__":"cc.PrefabInfo","root":{"__id__":1},"asset":{"__uuid__":"4aZHqALSVFs4aAzBGYoyQc"},"fileId":"93cwG/dTNPcaWRV7k5bRI5"},"_trs":{"__type__":"TypedArray","ctor":"Float64Array","array":[0,0,0,0,0,0,1,1,1,1]}},{"__type__":"cc.Node","_name":"dazzle","_parent":{"__id__":104},"_components":[{"__type__":"cc.Sprite","node":{"__id__":105},"_materials":[{"__uuid__":"ecpdLyjvZBwrvm+cedCcQy"}],"_spriteFrame":{"__uuid__":"7dtBpkOKJCOYRMql8o1GeZ"}},{"__type__":"843e4uJ/vROcKYcmAz/qlZ2","node":{"__id__":105}}],"_prefab":{"__type__":"cc.PrefabInfo","root":{"__id__":1},"asset":{"__uuid__":"4aZHqALSVFs4aAzBGYoyQc"},"fileId":"76ayv5KUhHyK39O8U1ewI/"},"_contentSize":{"__type__":"cc.Size","width":754,"height":776},"_trs":{"__type__":"TypedArray","ctor":"Float64Array","array":[3644.867,560.993,0,0,0,0,1,0.3,0.3,0.3]}},{"__type__":"cc.Node","_name":"box","_parent":{"__id__":104},"_components":[{"__type__":"cc.Sprite","node":{"__id__":106},"_materials":[{"__uuid__":"ecpdLyjvZBwrvm+cedCcQy"}],"_spriteFrame":{"__uuid__":"a1xXzxgtpCIr4CwdhohL1H"},"_sizeMode":0},{"__type__":"cc.RigidBody","node":{"__id__":106},"_type":0},{"__type__":"cc.PhysicsBoxCollider","node":{"__id__":106},"_size":{"__type__":"cc.Size","width":355,"height":338}}],"_prefab":{"__type__":"cc.PrefabInfo","root":{"__id__":1},"asset":{"__uuid__":"4aZHqALSVFs4aAzBGYoyQc"},"fileId":"f6BfqImW9P0IMpSO7LivHa"},"_contentSize":{"__type__":"cc.Size","width":355,"height":338},"_trs":{"__type__":"TypedArray","ctor":"Float64Array","array":[3644.867,560.993,0,0,0,0,1,0.3,0.3,0.3]},"_groupIndex":1,"groupIndex":1}],{"__type__":"cc.SpriteFrame","content":{"name":"Boulder_Scifi","texture":"1d28d6ee5","rect":[715,202,256,256],"offset":[0,0],"originalSize":[256,256],"capInsets":[0,0,0,0]}},{"__type__":"cc.SpriteFrame","content":{"name":"coin_new","texture":"110b18844","rect":[3,622,64,64],"offset":[0,0],"originalSize":[64,64],"capInsets":[0,0,0,0]}},{"__type__":"cc.SpriteFrame","content":{"name":"Down_Part","texture":"113252041","rect":[378,3,256,512],"offset":[0,0],"originalSize":[256,512],"capInsets":[0,42,0,45]}},{"__type__":"cc.SpriteFrame","content":{"name":"Top_Part","texture":"113252041","rect":[3,309,256,512],"offset":[0,0],"originalSize":[256,512],"capInsets":[0,0,0,0]}},{"__type__":"cc.SpriteFrame","content":{"name":"Moving01","texture":"1d28d6ee5","rect":[3,309,512,128],"offset":[0,0],"originalSize":[512,128],"capInsets":[0,0,0,0]}},{"__type__":"cc.SpriteFrame","content":{"name":"图层 61","texture":"b2MScKwz9BT4kInk3E86Db","rect":[0,0,754,776],"offset":[0,0],"originalSize":[754,776],"capInsets":[0,0,0,0]}},{"__type__":"cc.SpriteFrame","content":{"name":"skin1_2","texture":"186d6527b","rect":[243,850,100,100],"offset":[0,0],"originalSize":[128,128],"capInsets":[0,0,0,0]}},{"__type__":"cc.SpriteFrame","content":{"name":"关卡指示牌-3","texture":"fbYisHukRK/6SWZSDpYXxb","rect":[71,108,302,322],"offset":[0,-5],"originalSize":[444,528],"capInsets":[0,0,0,0]}},{"__type__":"cc.SpriteFrame","content":{"name":"metal-chain","texture":"113252041","rect":[265,309,64,512],"offset":[0,0],"originalSize":[64,512],"capInsets":[0,0,0,0]}},{"__type__":"cc.SpriteFrame","content":{"name":"开宝箱","texture":"05dkSnzCFDJrxhCggIvceP","rect":[66,57,265,236],"offset":[-1.5,-8],"originalSize":[400,334],"capInsets":[0,0,0,0]}},{"__type__":"cc.SpriteFrame","content":{"name":"default_sprite_splash","texture":"02delMVqdBD70a/HSD99FK","rect":[0,0,2,2],"offset":[0,0],"originalSize":[2,2],"capInsets":[0,0,0,0]}},{"__type__":"cc.SpriteFrame","content":{"name":"normal3","texture":"40e7mc9GtLcqq6i0M7DIwi","rect":[0,0,256,256],"offset":[0,0],"originalSize":[256,256],"capInsets":[0,0,0,0]}},{"__type__":"cc.SpriteFrame","content":{"name":"Round_Ennemy01","texture":"166c691fb","rect":[3,693,128,128],"offset":[0,0],"originalSize":[128,128],"capInsets":[0,0,0,0]}},{"__type__":"cc.SpriteFrame","content":{"name":"关卡指示牌-2","texture":"ceRftKe3JCbYEQW9th2i14","rect":[71,108,302,322],"offset":[0,-5],"originalSize":[444,528],"capInsets":[0,0,0,0]}},{"__type__":"cc.SpriteFrame","content":{"name":"item2","texture":"166c691fb","rect":[181,498,128,128],"offset":[0,0],"originalSize":[128,128],"capInsets":[0,0,0,0]}},{"__type__":"cc.SpriteFrame","content":{"name":"Base04_green","texture":"baL4mQu65NfqiUJaK8sD+X","rect":[2,1055,512,1024],"offset":[0,0],"originalSize":[512,1024],"rotated":1,"capInsets":[0,0,0,0]}},{"__type__":"cc.SpriteFrame","content":{"name":"基地-底-2","texture":"423TtQpIpJz5ubGV1DHY76","rect":[0,0,512,512],"offset":[0,0],"originalSize":[512,512],"capInsets":[0,0,0,0]}},{"__type__":"cc.SpriteFrame","content":{"name":"基地-皮-2(1)","texture":"76NbMnZ4NGTJ+4XYxm6ygr","rect":[0,0,512,50],"offset":[0,0],"originalSize":[512,50],"capInsets":[0,0,0,0]}},{"__type__":"cc.SpriteFrame","content":{"name":"22","texture":"baL4mQu65NfqiUJaK8sD+X","rect":[2,2,1260,17],"offset":[0,0],"originalSize":[1260,17],"capInsets":[0,0,0,0]}},{"__type__":"cc.SpriteFrame","content":{"name":"flag_0","texture":"1e1fca5a7","rect":[290,745,273,192],"offset":[0,0],"originalSize":[273,192],"rotated":1,"capInsets":[0,0,0,0]}}]