[{"__type__":"cc.SpriteFrame","content":{"name":"Level_14w_06","texture":"15f20cb8d","rect":[3,3,943,20],"offset":[0,0],"originalSize":[943,20],"rotated":1,"capInsets":[0,0,0,0]}},{"__type__":"cc.SpriteFrame","content":{"name":"Level_14w_08","texture":"15f20cb8d","rect":[29,3,943,20],"offset":[0,0],"originalSize":[943,20],"rotated":1,"capInsets":[0,0,0,0]}},{"__type__":"cc.SpriteFrame","content":{"name":"Level_14w_05","texture":"15f20cb8d","rect":[133,3,943,19],"offset":[0,-0.5],"originalSize":[943,20],"rotated":1,"capInsets":[0,0,0,0]}},{"__type__":"cc.SpriteFrame","content":{"name":"Level_14w_03","texture":"15f20cb8d","rect":[55,3,943,20],"offset":[0,0],"originalSize":[943,20],"rotated":1,"capInsets":[0,0,0,0]}},{"__type__":"cc.SpriteFrame","content":{"name":"Level_14w_07","texture":"15f20cb8d","rect":[81,3,943,20],"offset":[0,0],"originalSize":[943,20],"rotated":1,"capInsets":[0,0,0,0]}},{"__type__":"cc.SpriteFrame","content":{"name":"Level_14w_02","texture":"15f20cb8d","rect":[107,3,943,20],"offset":[0,0],"originalSize":[943,20],"rotated":1,"capInsets":[0,0,0,0]}},{"__type__":"cc.SpriteFrame","content":{"name":"Level_14w_04","texture":"15f20cb8d","rect":[158,3,943,19],"offset":[0,-0.5],"originalSize":[943,20],"rotated":1,"capInsets":[0,0,0,0]}},{"__type__":"cc.AnimationClip","_name":"wave","_duration":0.6888888888888889,"sample":45,"wrapMode":2,"curveData":{"comps":{"cc.Sprite":{"spriteFrame":[{"frame":0,"value":{"__uuid__":"b97Yew/qRLIJLQB85aYZHt"}},{"frame":0.1111111111111111,"value":{"__uuid__":"b63h9ExGZGFp6NDpTQEX69"}},{"frame":0.2222222222222222,"value":{"__uuid__":"c3wTswCOlDlbssla3OaU0R"}},{"frame":0.3333333333333333,"value":{"__uuid__":"7bGbIwC6ZBdKzwapJaLFJ2"}},{"frame":0.4444444444444444,"value":{"__uuid__":"5bsRmRphFIWL/nkCRXbchU"}},{"frame":0.5555555555555556,"value":{"__uuid__":"b7fLg9BQBAYZN2UW7WIadJ"}},{"frame":0.6666666666666666,"value":{"__uuid__":"60lHlAKt9AY7hjIJYIxR+E"}}]}}}}]