[[{"__type__":"cc.Prefab","_name":"redball-1","data":{"__id__":1}},{"__type__":"cc.Node","_name":"redball","_components":[{"__type__":"cc.Sprite","_name":"redball<Sprite>","node":{"__id__":1},"_materials":[{"__uuid__":"ecpdLyjvZBwrvm+cedCcQy"}],"_spriteFrame":{"__uuid__":"8amSVup6xJdK42n8GJawo0"},"_sizeMode":0},{"__type__":"cc.RigidBody","node":{"__id__":1},"_allowSleep":false,"_gravityScale":4,"_linearDamping":2.5,"_angularDamping":0.2,"enabledContactListener":true},{"__type__":"cc.PhysicsCircleCollider","node":{"__id__":1},"tag":1,"_density":2,"_friction":0.3,"_offset":{"__type__":"cc.Vec2","x":0.5,"y":0.2},"_radius":35},{"__type__":"dfa8blogb5HLonvKfid+4Lr","node":{"__id__":1},"dead_effect":{"__uuid__":"b83SG/oxpMbZ/bRF36oVqI"},"block":{"__uuid__":"d5PC5HPfFDCJHr0LiXcNBs"},"move_force":12600,"jump_force":1000},{"__type__":"cc.Animation","node":{"__id__":1},"_defaultClip":{"__uuid__":"91lpimYu1IKoRAirw7OZNc"},"_clips":[{"__uuid__":"91lpimYu1IKoRAirw7OZNc"}]}],"_prefab":{"__type__":"cc.PrefabInfo","root":{"__id__":1},"asset":{"__uuid__":"26ty9pWJlB8bke6Bf1JnsK"},"fileId":"69L5mTj55PpbuwVZ/y/fOh"},"_contentSize":{"__type__":"cc.Size","width":70,"height":70},"_trs":{"__type__":"TypedArray","ctor":"Float64Array","array":[500,400,0,0,0,0,1,1,1,1]},"_groupIndex":1,"groupIndex":1}],{"__type__":"cc.SpriteFrame","content":{"name":"skin1_2","texture":"186d6527b","rect":[243,850,100,100],"offset":[0,0],"originalSize":[128,128],"capInsets":[0,0,0,0]}}]