[1,["1aPiBYYvZGfoJiEQskXh0J@6c48a"],0,[["sp.SkeletonData",["_name","_atlasText","textureNames","_skeletonJson","textures"],-1,3]],[[0,0,1,2,3,4,5]],[[0,"Sound_1_Tree","\r\nSound_1_Tree.png\r\nsize: 626, 312\r\nformat: RGBA8888\r\nfilter: Linear, Linear\r\nrepeat: none\r\n1\r\n  rotate: false\r\n  xy: 2, 2\r\n  size: 206, 308\r\n  orig: 206, 308\r\n  offset: 0, 0\r\n  index: -1\r\n5\r\n  rotate: false\r\n  xy: 210, 2\r\n  size: 206, 308\r\n  orig: 206, 308\r\n  offset: 0, 0\r\n  index: -1\r\n8\r\n  rotate: false\r\n  xy: 418, 2\r\n  size: 206, 308\r\n  orig: 206, 308\r\n  offset: 0, 0\r\n  index: -1\r\n",["Sound_1_Tree.png"],{"skeleton":{"hash":"q9MtgGUxGRA","spine":"3.8-from-4.0-from-4.1-from-4.2.38","images":"C:\\Users\\006\\Desktop\\222","audio":"./audio"},"bones":[{"name":"root"},{"name":"bone","parent":"root","x":2.36,"y":-84.5}],"slots":[{"name":"1","bone":"bone"},{"name":"5","bone":"bone","attachment":"5"},{"name":"8","bone":"bone"}],"skins":[{"name":"default","attachments":{"1":{"1":{"x":2.91,"y":238.27,"width":206,"height":308}},"5":{"5":{"x":2.91,"y":238.27,"width":206,"height":308}},"8":{"8":{"x":2.91,"y":238.27,"width":206,"height":308}}}}],"animations":{"Sound_1":{"slots":{"1":{"attachment":[{"time":1.2667,"name":"1"},{"time":1.6,"name":null},{"time":1.9333,"name":"1"},{"time":2.2667,"name":null},{"time":3.8,"name":"1"},{"time":4.1333,"name":null},{"time":4.4667,"name":"1"},{"time":4.8,"name":null}]},"5":{"attachment":[{"time":1.2667,"name":null},{"time":2.2667,"name":"5"},{"time":3.8,"name":null},{"time":4.8,"name":"5"}]},"8":{"attachment":[{"time":1.6,"name":"8"},{"time":1.9333,"name":null},{"time":4.1333,"name":"8"},{"time":4.4667,"name":null}]}},"bones":{"bone":{"translate":[{"curve":"stepped"},{"time":0.0333,"x":1.66,"y":-5.77,"curve":"stepped"},{"time":0.0667,"curve":"stepped"},{"time":0.1,"x":0.4,"y":3.61,"curve":"stepped"},{"time":0.1333,"curve":"stepped"},{"time":0.1667,"x":1.66,"y":-5.77,"curve":"stepped"},{"time":0.2,"curve":"stepped"},{"time":0.2333,"x":0.4,"y":3.61,"curve":"stepped"},{"time":0.2667,"curve":"stepped"},{"time":0.3,"x":1.66,"y":-5.77,"curve":"stepped"},{"time":0.3333,"curve":"stepped"},{"time":0.3667,"x":0.4,"y":3.61,"curve":"stepped"},{"time":0.4,"curve":"stepped"},{"time":0.4333,"x":1.66,"y":-5.77,"curve":"stepped"},{"time":0.4667,"curve":"stepped"},{"time":0.5,"x":0.4,"y":3.61,"curve":"stepped"},{"time":0.5333,"curve":"stepped"},{"time":0.5667,"x":1.66,"y":-5.77,"curve":"stepped"},{"time":0.6,"curve":"stepped"},{"time":0.6333,"x":0.4,"y":3.61,"curve":"stepped"},{"time":0.6667,"curve":"stepped"},{"time":0.7,"x":1.66,"y":-5.77,"curve":"stepped"},{"time":0.7333,"curve":"stepped"},{"time":0.7667,"x":0.4,"y":3.61,"curve":"stepped"},{"time":0.8,"curve":"stepped"},{"time":0.8333,"x":1.66,"y":-5.77,"curve":"stepped"},{"time":0.8667,"curve":"stepped"},{"time":0.9,"x":0.4,"y":3.61,"curve":"stepped"},{"time":0.9333,"curve":"stepped"},{"time":0.9667,"x":1.66,"y":-5.77,"curve":"stepped"},{"time":1,"curve":"stepped"},{"time":1.0333,"x":0.4,"y":3.61,"curve":"stepped"},{"time":1.0667,"curve":"stepped"},{"time":1.1,"x":1.66,"y":-5.77,"curve":"stepped"},{"time":1.1333,"curve":"stepped"},{"time":1.1667,"x":0.4,"y":3.61,"curve":"stepped"},{"time":1.2,"curve":"stepped"},{"time":1.2333,"x":1.66,"y":-5.77,"curve":"stepped"},{"time":1.2667,"curve":"stepped"},{"time":1.3,"x":0.4,"y":3.61,"curve":"stepped"},{"time":1.3333,"curve":"stepped"},{"time":1.3667,"x":1.66,"y":-5.77,"curve":"stepped"},{"time":1.4,"curve":"stepped"},{"time":1.4333,"x":0.4,"y":3.61,"curve":"stepped"},{"time":1.4667,"curve":"stepped"},{"time":1.5,"x":1.66,"y":-5.77,"curve":"stepped"},{"time":1.5333,"curve":"stepped"},{"time":1.5667,"x":0.4,"y":3.61,"curve":"stepped"},{"time":1.6,"curve":"stepped"},{"time":1.6333,"x":1.66,"y":-5.77,"curve":"stepped"},{"time":1.6667,"curve":"stepped"},{"time":1.7,"x":0.4,"y":3.61,"curve":"stepped"},{"time":1.7333,"curve":"stepped"},{"time":1.7667,"x":1.66,"y":-5.77,"curve":"stepped"},{"time":1.8,"curve":"stepped"},{"time":1.8333,"x":0.4,"y":3.61,"curve":"stepped"},{"time":1.8667,"curve":"stepped"},{"time":1.9,"x":1.66,"y":-5.77,"curve":"stepped"},{"time":1.9333,"curve":"stepped"},{"time":1.9667,"x":0.4,"y":3.61,"curve":"stepped"},{"time":2,"curve":"stepped"},{"time":2.0333,"x":1.66,"y":-5.77,"curve":"stepped"},{"time":2.0667,"curve":"stepped"},{"time":2.1,"x":0.4,"y":3.61,"curve":"stepped"},{"time":2.1333,"curve":"stepped"},{"time":2.1667,"x":1.66,"y":-5.77,"curve":"stepped"},{"time":2.2,"curve":"stepped"},{"time":2.2333,"x":0.4,"y":3.61,"curve":"stepped"},{"time":2.2667,"curve":"stepped"},{"time":2.3,"x":1.66,"y":-5.77,"curve":"stepped"},{"time":2.3333,"curve":"stepped"},{"time":2.3667,"x":0.4,"y":3.61,"curve":"stepped"},{"time":2.4,"curve":"stepped"},{"time":2.4333,"x":1.66,"y":-5.77,"curve":"stepped"},{"time":2.4667,"curve":"stepped"},{"time":2.5,"x":0.4,"y":3.61,"curve":"stepped"},{"time":2.5333,"curve":"stepped"},{"time":2.5667,"x":1.66,"y":-5.77,"curve":"stepped"},{"time":2.6,"curve":"stepped"},{"time":2.6333,"x":0.4,"y":3.61,"curve":"stepped"},{"time":2.6667,"curve":"stepped"},{"time":2.7,"x":1.66,"y":-5.77,"curve":"stepped"},{"time":2.7333,"curve":"stepped"},{"time":2.7667,"x":0.4,"y":3.61,"curve":"stepped"},{"time":2.8,"curve":"stepped"},{"time":2.8333,"x":1.66,"y":-5.77,"curve":"stepped"},{"time":2.8667,"curve":"stepped"},{"time":2.9,"x":0.4,"y":3.61,"curve":"stepped"},{"time":2.9333,"curve":"stepped"},{"time":2.9667,"x":1.66,"y":-5.77,"curve":"stepped"},{"time":3,"curve":"stepped"},{"time":3.0333,"x":0.4,"y":3.61,"curve":"stepped"},{"time":3.0667,"curve":"stepped"},{"time":3.1,"x":1.66,"y":-5.77,"curve":"stepped"},{"time":3.1333,"curve":"stepped"},{"time":3.1667,"x":0.4,"y":3.61,"curve":"stepped"},{"time":3.2,"curve":"stepped"},{"time":3.2333,"x":1.66,"y":-5.77,"curve":"stepped"},{"time":3.2667,"curve":"stepped"},{"time":3.3,"x":0.4,"y":3.61,"curve":"stepped"},{"time":3.3333,"curve":"stepped"},{"time":3.3667,"x":1.66,"y":-5.77,"curve":"stepped"},{"time":3.4,"curve":"stepped"},{"time":3.4333,"x":0.4,"y":3.61,"curve":"stepped"},{"time":3.4667,"curve":"stepped"},{"time":3.5,"x":1.66,"y":-5.77,"curve":"stepped"},{"time":3.5333,"curve":"stepped"},{"time":3.5667,"x":0.4,"y":3.61,"curve":"stepped"},{"time":3.6,"curve":"stepped"},{"time":3.6333,"x":1.66,"y":-5.77,"curve":"stepped"},{"time":3.6667,"curve":"stepped"},{"time":3.7,"x":0.4,"y":3.61,"curve":"stepped"},{"time":3.7333,"curve":"stepped"},{"time":3.7667,"x":1.66,"y":-5.77,"curve":"stepped"},{"time":3.8,"curve":"stepped"},{"time":3.8333,"x":0.4,"y":3.61,"curve":"stepped"},{"time":3.8667,"curve":"stepped"},{"time":3.9,"x":1.66,"y":-5.77,"curve":"stepped"},{"time":3.9333,"curve":"stepped"},{"time":3.9667,"x":0.4,"y":3.61,"curve":"stepped"},{"time":4,"curve":"stepped"},{"time":4.0333,"x":1.66,"y":-5.77,"curve":"stepped"},{"time":4.0667,"curve":"stepped"},{"time":4.1,"x":0.4,"y":3.61,"curve":"stepped"},{"time":4.1333,"curve":"stepped"},{"time":4.1667,"x":1.66,"y":-5.77,"curve":"stepped"},{"time":4.2,"curve":"stepped"},{"time":4.2333,"x":0.4,"y":3.61,"curve":"stepped"},{"time":4.2667,"curve":"stepped"},{"time":4.3,"x":1.66,"y":-5.77,"curve":"stepped"},{"time":4.3333,"curve":"stepped"},{"time":4.3667,"x":0.4,"y":3.61,"curve":"stepped"},{"time":4.4,"curve":"stepped"},{"time":4.4333,"x":1.66,"y":-5.77,"curve":"stepped"},{"time":4.4667,"curve":"stepped"},{"time":4.5,"x":0.4,"y":3.61,"curve":"stepped"},{"time":4.5333,"curve":"stepped"},{"time":4.5667,"x":1.66,"y":-5.77,"curve":"stepped"},{"time":4.6,"curve":"stepped"},{"time":4.6333,"x":0.4,"y":3.61,"curve":"stepped"},{"time":4.6667,"curve":"stepped"},{"time":4.7,"x":1.66,"y":-5.77,"curve":"stepped"},{"time":4.7333,"curve":"stepped"},{"time":4.7667,"x":0.4,"y":3.61,"curve":"stepped"},{"time":4.8}]}}},"Sound_2":{"slots":{"1":{"attachment":[{"time":1.2667,"name":"1"},{"time":1.6,"name":null},{"time":1.9333,"name":"1"},{"time":2.2667,"name":null},{"time":3.8,"name":"1"},{"time":4.1333,"name":null},{"time":4.4667,"name":"1"},{"time":4.8,"name":null}]},"5":{"attachment":[{"time":1.2667,"name":null},{"time":2.2667,"name":"5"},{"time":3.8,"name":null},{"time":4.8,"name":"5"}]},"8":{"attachment":[{"time":1.6,"name":"8"},{"time":1.9333,"name":null},{"time":4.1333,"name":"8"},{"time":4.4667,"name":null}]}},"bones":{"bone":{"translate":[{"curve":"stepped"},{"time":0.0333,"x":1.66,"y":-5.77,"curve":"stepped"},{"time":0.0667,"curve":"stepped"},{"time":0.1,"x":0.4,"y":3.61,"curve":"stepped"},{"time":0.1333,"curve":"stepped"},{"time":0.1667,"x":1.66,"y":-5.77,"curve":"stepped"},{"time":0.2,"curve":"stepped"},{"time":0.2333,"x":0.4,"y":3.61,"curve":"stepped"},{"time":0.2667,"curve":"stepped"},{"time":0.3,"x":1.66,"y":-5.77,"curve":"stepped"},{"time":0.3333,"curve":"stepped"},{"time":0.3667,"x":0.4,"y":3.61,"curve":"stepped"},{"time":0.4,"curve":"stepped"},{"time":0.4333,"x":1.66,"y":-5.77,"curve":"stepped"},{"time":0.4667,"curve":"stepped"},{"time":0.5,"x":0.4,"y":3.61,"curve":"stepped"},{"time":0.5333,"curve":"stepped"},{"time":0.5667,"x":1.66,"y":-5.77,"curve":"stepped"},{"time":0.6,"curve":"stepped"},{"time":0.6333,"x":0.4,"y":3.61,"curve":"stepped"},{"time":0.6667,"curve":"stepped"},{"time":0.7,"x":1.66,"y":-5.77,"curve":"stepped"},{"time":0.7333,"curve":"stepped"},{"time":0.7667,"x":0.4,"y":3.61,"curve":"stepped"},{"time":0.8,"curve":"stepped"},{"time":0.8333,"x":1.66,"y":-5.77,"curve":"stepped"},{"time":0.8667,"curve":"stepped"},{"time":0.9,"x":0.4,"y":3.61,"curve":"stepped"},{"time":0.9333,"curve":"stepped"},{"time":0.9667,"x":1.66,"y":-5.77,"curve":"stepped"},{"time":1,"curve":"stepped"},{"time":1.0333,"x":0.4,"y":3.61,"curve":"stepped"},{"time":1.0667,"curve":"stepped"},{"time":1.1,"x":1.66,"y":-5.77,"curve":"stepped"},{"time":1.1333,"curve":"stepped"},{"time":1.1667,"x":0.4,"y":3.61,"curve":"stepped"},{"time":1.2,"curve":"stepped"},{"time":1.2333,"x":1.66,"y":-5.77,"curve":"stepped"},{"time":1.2667,"curve":"stepped"},{"time":1.3,"x":0.4,"y":3.61,"curve":"stepped"},{"time":1.3333,"curve":"stepped"},{"time":1.3667,"x":1.66,"y":-5.77,"curve":"stepped"},{"time":1.4,"curve":"stepped"},{"time":1.4333,"x":0.4,"y":3.61,"curve":"stepped"},{"time":1.4667,"curve":"stepped"},{"time":1.5,"x":1.66,"y":-5.77,"curve":"stepped"},{"time":1.5333,"curve":"stepped"},{"time":1.5667,"x":0.4,"y":3.61,"curve":"stepped"},{"time":1.6,"curve":"stepped"},{"time":1.6333,"x":1.66,"y":-5.77,"curve":"stepped"},{"time":1.6667,"curve":"stepped"},{"time":1.7,"x":0.4,"y":3.61,"curve":"stepped"},{"time":1.7333,"curve":"stepped"},{"time":1.7667,"x":1.66,"y":-5.77,"curve":"stepped"},{"time":1.8,"curve":"stepped"},{"time":1.8333,"x":0.4,"y":3.61,"curve":"stepped"},{"time":1.8667,"curve":"stepped"},{"time":1.9,"x":1.66,"y":-5.77,"curve":"stepped"},{"time":1.9333,"curve":"stepped"},{"time":1.9667,"x":0.4,"y":3.61,"curve":"stepped"},{"time":2,"curve":"stepped"},{"time":2.0333,"x":1.66,"y":-5.77,"curve":"stepped"},{"time":2.0667,"curve":"stepped"},{"time":2.1,"x":0.4,"y":3.61,"curve":"stepped"},{"time":2.1333,"curve":"stepped"},{"time":2.1667,"x":1.66,"y":-5.77,"curve":"stepped"},{"time":2.2,"curve":"stepped"},{"time":2.2333,"x":0.4,"y":3.61,"curve":"stepped"},{"time":2.2667,"curve":"stepped"},{"time":2.3,"x":1.66,"y":-5.77,"curve":"stepped"},{"time":2.3333,"curve":"stepped"},{"time":2.3667,"x":0.4,"y":3.61,"curve":"stepped"},{"time":2.4,"curve":"stepped"},{"time":2.4333,"x":1.66,"y":-5.77,"curve":"stepped"},{"time":2.4667,"curve":"stepped"},{"time":2.5,"x":0.4,"y":3.61,"curve":"stepped"},{"time":2.5333,"curve":"stepped"},{"time":2.5667,"x":1.66,"y":-5.77,"curve":"stepped"},{"time":2.6,"curve":"stepped"},{"time":2.6333,"x":0.4,"y":3.61,"curve":"stepped"},{"time":2.6667,"curve":"stepped"},{"time":2.7,"x":1.66,"y":-5.77,"curve":"stepped"},{"time":2.7333,"curve":"stepped"},{"time":2.7667,"x":0.4,"y":3.61,"curve":"stepped"},{"time":2.8,"curve":"stepped"},{"time":2.8333,"x":1.66,"y":-5.77,"curve":"stepped"},{"time":2.8667,"curve":"stepped"},{"time":2.9,"x":0.4,"y":3.61,"curve":"stepped"},{"time":2.9333,"curve":"stepped"},{"time":2.9667,"x":1.66,"y":-5.77,"curve":"stepped"},{"time":3,"curve":"stepped"},{"time":3.0333,"x":0.4,"y":3.61,"curve":"stepped"},{"time":3.0667,"curve":"stepped"},{"time":3.1,"x":1.66,"y":-5.77,"curve":"stepped"},{"time":3.1333,"curve":"stepped"},{"time":3.1667,"x":0.4,"y":3.61,"curve":"stepped"},{"time":3.2,"curve":"stepped"},{"time":3.2333,"x":1.66,"y":-5.77,"curve":"stepped"},{"time":3.2667,"curve":"stepped"},{"time":3.3,"x":0.4,"y":3.61,"curve":"stepped"},{"time":3.3333,"curve":"stepped"},{"time":3.3667,"x":1.66,"y":-5.77,"curve":"stepped"},{"time":3.4,"curve":"stepped"},{"time":3.4333,"x":0.4,"y":3.61,"curve":"stepped"},{"time":3.4667,"curve":"stepped"},{"time":3.5,"x":1.66,"y":-5.77,"curve":"stepped"},{"time":3.5333,"curve":"stepped"},{"time":3.5667,"x":0.4,"y":3.61,"curve":"stepped"},{"time":3.6,"curve":"stepped"},{"time":3.6333,"x":1.66,"y":-5.77,"curve":"stepped"},{"time":3.6667,"curve":"stepped"},{"time":3.7,"x":0.4,"y":3.61,"curve":"stepped"},{"time":3.7333,"curve":"stepped"},{"time":3.7667,"x":1.66,"y":-5.77,"curve":"stepped"},{"time":3.8,"curve":"stepped"},{"time":3.8333,"x":0.4,"y":3.61,"curve":"stepped"},{"time":3.8667,"curve":"stepped"},{"time":3.9,"x":1.66,"y":-5.77,"curve":"stepped"},{"time":3.9333,"curve":"stepped"},{"time":3.9667,"x":0.4,"y":3.61,"curve":"stepped"},{"time":4,"curve":"stepped"},{"time":4.0333,"x":1.66,"y":-5.77,"curve":"stepped"},{"time":4.0667,"curve":"stepped"},{"time":4.1,"x":0.4,"y":3.61,"curve":"stepped"},{"time":4.1333,"curve":"stepped"},{"time":4.1667,"x":1.66,"y":-5.77,"curve":"stepped"},{"time":4.2,"curve":"stepped"},{"time":4.2333,"x":0.4,"y":3.61,"curve":"stepped"},{"time":4.2667,"curve":"stepped"},{"time":4.3,"x":1.66,"y":-5.77,"curve":"stepped"},{"time":4.3333,"curve":"stepped"},{"time":4.3667,"x":0.4,"y":3.61,"curve":"stepped"},{"time":4.4,"curve":"stepped"},{"time":4.4333,"x":1.66,"y":-5.77,"curve":"stepped"},{"time":4.4667,"curve":"stepped"},{"time":4.5,"x":0.4,"y":3.61,"curve":"stepped"},{"time":4.5333,"curve":"stepped"},{"time":4.5667,"x":1.66,"y":-5.77,"curve":"stepped"},{"time":4.6,"curve":"stepped"},{"time":4.6333,"x":0.4,"y":3.61,"curve":"stepped"},{"time":4.6667,"curve":"stepped"},{"time":4.7,"x":1.66,"y":-5.77,"curve":"stepped"},{"time":4.7333,"curve":"stepped"},{"time":4.7667,"x":0.4,"y":3.61,"curve":"stepped"},{"time":4.8}]}}}}},[0]]],0,0,[0],[-1],[0]]
