[1,["a6upv42kVO1K23L7Dm63G7@6c48a"],0,[["sp.SkeletonData",["_name","_atlasText","textureNames","_skeletonJson","textures"],-1,3]],[[0,0,1,2,3,4,5]],[[0,"Sound_R_Blue","\r\nSound_R_Blue.png\r\nsize: 1059, 256\r\nformat: RGBA8888\r\nfilter: Linear, Linear\r\nrepeat: none\r\n1\r\n  rotate: false\r\n  xy: 153, 4\r\n  size: 149, 250\r\n  orig: 149, 250\r\n  offset: 0, 0\r\n  index: -1\r\n2\r\n  rotate: false\r\n  xy: 606, 5\r\n  size: 149, 249\r\n  orig: 149, 249\r\n  offset: 0, 0\r\n  index: -1\r\n3\r\n  rotate: false\r\n  xy: 908, 6\r\n  size: 149, 248\r\n  orig: 149, 248\r\n  offset: 0, 0\r\n  index: -1\r\n4\r\n  rotate: false\r\n  xy: 304, 4\r\n  size: 149, 250\r\n  orig: 149, 250\r\n  offset: 0, 0\r\n  index: -1\r\n5\r\n  rotate: false\r\n  xy: 455, 4\r\n  size: 149, 250\r\n  orig: 149, 250\r\n  offset: 0, 0\r\n  index: -1\r\n6\r\n  rotate: false\r\n  xy: 2, 2\r\n  size: 149, 252\r\n  orig: 149, 252\r\n  offset: 0, 0\r\n  index: -1\r\n7\r\n  rotate: false\r\n  xy: 757, 5\r\n  size: 149, 249\r\n  orig: 149, 249\r\n  offset: 0, 0\r\n  index: -1\r\n",["Sound_R_Blue.png"],{"skeleton":{"hash":"C3DVzTt94/E","spine":"3.8-from-4.0-from-4.1-from-4.2.37","x":-74.5,"y":3.91,"width":149,"height":250,"images":"C:\\Users\\006\\Desktop\\111","audio":"./audio"},"bones":[{"name":"root"},{"name":"bone","parent":"root","x":0.25,"y":-22.84}],"slots":[{"name":"1","bone":"bone","attachment":"1"},{"name":"2","bone":"bone"},{"name":"3","bone":"bone"},{"name":"4","bone":"bone"},{"name":"5","bone":"bone"},{"name":"6","bone":"bone"},{"name":"7","bone":"bone"}],"skins":[{"name":"default","attachments":{"1":{"1":{"x":-0.25,"y":151.75,"width":149,"height":250}},"2":{"2":{"x":-0.25,"y":151.75,"width":149,"height":249}},"3":{"3":{"x":0.48,"y":151.02,"width":149,"height":248}},"4":{"4":{"x":-0.25,"y":151.75,"width":149,"height":250}},"5":{"5":{"x":-0.25,"y":151.75,"width":149,"height":250}},"6":{"6":{"x":-0.25,"y":153.01,"width":149,"height":252}},"7":{"7":{"x":-0.67,"y":151.75,"width":149,"height":249}}}}],"animations":{"Sound_1":{"slots":{"1":{"attachment":[{"name":null}]},"2":{"attachment":[{"name":"2"},{"time":0.1333,"name":null},{"time":0.2667,"name":"2"},{"time":1.7333,"name":null},{"time":2.2667,"name":"2"},{"time":2.4,"name":null},{"time":2.5333,"name":"2"},{"time":3.5,"name":null},{"time":3.9333,"name":"2"},{"time":4.1,"name":null},{"time":4.2667,"name":"2"},{"time":4.4,"name":null},{"time":4.8,"name":"2"}]},"3":{"attachment":[{"time":0.1333,"name":"3"},{"time":0.2667,"name":null},{"time":2.4,"name":"3"},{"time":2.5333,"name":null},{"time":4.1,"name":"3"},{"time":4.2667,"name":null}]},"4":{"attachment":[{"time":1.7333,"name":"4"},{"time":1.8667,"name":null},{"time":3.5,"name":"4"},{"time":3.6333,"name":null},{"time":3.7667,"name":"4"},{"time":3.9333,"name":null},{"time":4.4,"name":"4"},{"time":4.5333,"name":null},{"time":4.6667,"name":"4"},{"time":4.8,"name":null}]},"5":{"attachment":[{"time":1.8667,"name":"5"},{"time":2,"name":null},{"time":3.6333,"name":"5"},{"time":3.7667,"name":null},{"time":4.5333,"name":"5"},{"time":4.8,"name":null}]},"6":{"attachment":[{"time":2,"name":"6"},{"time":2.1333,"name":null}]},"7":{"attachment":[{"time":2.1333,"name":"7"},{"time":2.2667,"name":null}]}}},"Sound_2":{"slots":{"1":{"attachment":[{"name":null}]},"2":{"attachment":[{"name":"2"},{"time":0.1333,"name":null},{"time":0.2667,"name":"2"},{"time":1.7333,"name":null},{"time":2.2667,"name":"2"},{"time":2.4,"name":null},{"time":2.5333,"name":"2"},{"time":3.5,"name":null},{"time":3.9333,"name":"2"},{"time":4.1,"name":null},{"time":4.2667,"name":"2"},{"time":4.4,"name":null},{"time":4.8,"name":"2"}]},"3":{"attachment":[{"time":0.1333,"name":"3"},{"time":0.2667,"name":null},{"time":2.4,"name":"3"},{"time":2.5333,"name":null},{"time":4.1,"name":"3"},{"time":4.2667,"name":null}]},"4":{"attachment":[{"time":1.7333,"name":"4"},{"time":1.8667,"name":null},{"time":3.5,"name":"4"},{"time":3.6333,"name":null},{"time":3.7667,"name":"4"},{"time":3.9333,"name":null},{"time":4.4,"name":"4"},{"time":4.5333,"name":null},{"time":4.6667,"name":"4"},{"time":4.8,"name":null}]},"5":{"attachment":[{"time":1.8667,"name":"5"},{"time":2,"name":null},{"time":3.6333,"name":"5"},{"time":3.7667,"name":null},{"time":4.5333,"name":"5"},{"time":4.8,"name":null}]},"6":{"attachment":[{"time":2,"name":"6"},{"time":2.1333,"name":null}]},"7":{"attachment":[{"time":2.1333,"name":"7"},{"time":2.2667,"name":null}]}}}}},[0]]],0,0,[0],[-1],[0]]
