[1,["e2U0YMpoVAJp/VJEKjS/aZ@6c48a"],0,[["sp.SkeletonData",["_name","_atlasText","textureNames","_skeletonJson","textures"],-1,3]],[[0,0,1,2,3,4,5]],[[0,"Sound_1_White","\r\nSound_1_White.png\r\nsize: 1676, 394\r\nformat: RGBA8888\r\nfilter: Linear, Linear\r\nrepeat: none\r\n1\r\n  rotate: true\r\n  xy: 2, 198\r\n  size: 194, 278\r\n  orig: 194, 278\r\n  offset: 0, 0\r\n  index: -1\r\n10\r\n  rotate: true\r\n  xy: 282, 198\r\n  size: 194, 272\r\n  orig: 194, 272\r\n  offset: 0, 0\r\n  index: -1\r\n11\r\n  rotate: true\r\n  xy: 556, 198\r\n  size: 194, 278\r\n  orig: 194, 278\r\n  offset: 0, 0\r\n  index: -1\r\n12\r\n  rotate: true\r\n  xy: 556, 198\r\n  size: 194, 278\r\n  orig: 194, 278\r\n  offset: 0, 0\r\n  index: -1\r\n13\r\n  rotate: true\r\n  xy: 836, 198\r\n  size: 194, 274\r\n  orig: 194, 274\r\n  offset: 0, 0\r\n  index: -1\r\n2\r\n  rotate: true\r\n  xy: 1112, 198\r\n  size: 194, 280\r\n  orig: 194, 280\r\n  offset: 0, 0\r\n  index: -1\r\n3\r\n  rotate: true\r\n  xy: 1394, 198\r\n  size: 194, 280\r\n  orig: 194, 280\r\n  offset: 0, 0\r\n  index: -1\r\n4\r\n  rotate: true\r\n  xy: 2, 2\r\n  size: 194, 278\r\n  orig: 194, 278\r\n  offset: 0, 0\r\n  index: -1\r\n5\r\n  rotate: true\r\n  xy: 282, 2\r\n  size: 194, 275\r\n  orig: 194, 275\r\n  offset: 0, 0\r\n  index: -1\r\n6\r\n  rotate: true\r\n  xy: 559, 2\r\n  size: 194, 278\r\n  orig: 194, 278\r\n  offset: 0, 0\r\n  index: -1\r\n7\r\n  rotate: true\r\n  xy: 839, 2\r\n  size: 194, 278\r\n  orig: 194, 278\r\n  offset: 0, 0\r\n  index: -1\r\n8\r\n  rotate: true\r\n  xy: 1119, 2\r\n  size: 194, 280\r\n  orig: 194, 280\r\n  offset: 0, 0\r\n  index: -1\r\n9\r\n  rotate: true\r\n  xy: 1401, 2\r\n  size: 194, 273\r\n  orig: 194, 273\r\n  offset: 0, 0\r\n  index: -1\r\n",["Sound_1_White.png"],{"skeleton":{"hash":"GA4pqPjtDKw","spine":"3.8-from-4.0-from-4.1-from-4.2.38","images":"C:\\Users\\006\\Desktop\\222","audio":"./audio"},"bones":[{"name":"root"},{"name":"bone","parent":"root","x":-2.13,"y":-27.03}],"slots":[{"name":"1","bone":"bone"},{"name":"2","bone":"bone"},{"name":"3","bone":"bone","attachment":"3"},{"name":"4","bone":"bone"},{"name":"5","bone":"bone"},{"name":"6","bone":"bone"},{"name":"7","bone":"bone"},{"name":"8","bone":"bone"},{"name":"9","bone":"bone"},{"name":"10","bone":"bone"},{"name":"11","bone":"bone"},{"name":"12","bone":"bone"},{"name":"13","bone":"bone"}],"skins":[{"name":"default","attachments":{"1":{"1":{"x":11.77,"y":166.66,"width":194,"height":278}},"2":{"2":{"x":14.68,"y":171.63,"width":194,"height":280}},"3":{"3":{"x":12.06,"y":167.48,"width":194,"height":280}},"4":{"4":{"x":11.77,"y":166.95,"width":194,"height":278}},"5":{"5":{"x":12.39,"y":164.9,"width":194,"height":275}},"6":{"6":{"x":10.94,"y":166.62,"width":194,"height":278}},"7":{"7":{"x":13.18,"y":166.33,"width":194,"height":278}},"8":{"8":{"x":11.77,"y":168.93,"width":194,"height":280}},"9":{"9":{"x":26.02,"y":164.04,"width":194,"height":273}},"10":{"10":{"x":-3.88,"y":164.04,"width":194,"height":272}},"11":{"11":{"x":12.6,"y":166.32,"width":194,"height":278}},"12":{"12":{"x":10.68,"y":166.32,"width":194,"height":278}},"13":{"13":{"x":2.04,"y":164.89,"width":194,"height":274}}}}],"animations":{"Sound_1":{"slots":{"1":{"attachment":[{"time":0.6333,"name":"1"},{"time":0.7333,"name":null},{"time":1.8333,"name":"1"},{"time":1.9333,"name":null},{"time":3.0333,"name":"1"},{"time":3.1333,"name":null},{"time":4.2333,"name":"1"},{"time":4.3333,"name":null}]},"2":{"attachment":[{"time":0.5,"name":"2"},{"time":0.6333,"name":null},{"time":1.7,"name":"2"},{"time":1.8333,"name":null},{"time":2.9,"name":"2"},{"time":3.0333,"name":null},{"time":4.1,"name":"2"},{"time":4.2333,"name":null}]},"3":{"attachment":[{"time":0.4,"name":null},{"time":1.2,"name":"3"},{"time":1.6,"name":null},{"time":2.4,"name":"3"},{"time":2.8,"name":null},{"time":3.6,"name":"3"},{"time":4,"name":null},{"time":4.8,"name":"3"}]},"5":{"attachment":[{"time":2.0667,"name":"5"},{"time":2.1667,"name":null},{"time":4.4333,"name":"5"},{"time":4.5667,"name":null}]},"6":{"attachment":[{"time":2.2667,"name":"6"},{"time":2.4,"name":null},{"time":4.6667,"name":"6"},{"time":4.8,"name":null}]},"7":{"attachment":[{"time":1.1,"name":"7"},{"time":1.2,"name":null},{"time":3.4667,"name":"7"},{"time":3.6,"name":null}]},"8":{"attachment":[{"time":0.4,"name":"8"},{"time":0.5,"name":null},{"time":1.6,"name":"8"},{"time":1.7,"name":null},{"time":2.8,"name":"8"},{"time":2.9,"name":null},{"time":4,"name":"8"},{"time":4.1,"name":null}]},"9":{"attachment":[{"time":1.9333,"name":"9"},{"time":2.0667,"name":null},{"time":4.3333,"name":"9"},{"time":4.4333,"name":null}]},"10":{"attachment":[{"time":0.7333,"name":"10"},{"time":0.8667,"name":null},{"time":3.1333,"name":"10"},{"time":3.2667,"name":null}]},"11":{"attachment":[{"time":0.9667,"name":"11"},{"time":1.1,"name":null},{"time":3.3667,"name":"11"},{"time":3.4667,"name":null}]},"12":{"attachment":[{"time":2.1667,"name":"12"},{"time":2.2667,"name":null},{"time":4.5667,"name":"12"},{"time":4.6667,"name":null}]},"13":{"attachment":[{"time":0.8667,"name":"13"},{"time":0.9667,"name":null},{"time":3.2667,"name":"13"},{"time":3.3667,"name":null}]}}},"Sound_2":{"slots":{"1":{"attachment":[{"time":0.6333,"name":"1"},{"time":0.7333,"name":null},{"time":1.8333,"name":"1"},{"time":1.9333,"name":null},{"time":3.0333,"name":"1"},{"time":3.1333,"name":null},{"time":4.2333,"name":"1"},{"time":4.3333,"name":null}]},"2":{"attachment":[{"time":0.5,"name":"2"},{"time":0.6333,"name":null},{"time":1.7,"name":"2"},{"time":1.8333,"name":null},{"time":2.9,"name":"2"},{"time":3.0333,"name":null},{"time":4.1,"name":"2"},{"time":4.2333,"name":null}]},"3":{"attachment":[{"time":0.4,"name":null},{"time":1.2,"name":"3"},{"time":1.6,"name":null},{"time":2.4,"name":"3"},{"time":2.8,"name":null},{"time":3.6,"name":"3"},{"time":4,"name":null},{"time":4.8,"name":"3"}]},"5":{"attachment":[{"time":2.0667,"name":"5"},{"time":2.1667,"name":null},{"time":4.4333,"name":"5"},{"time":4.5667,"name":null}]},"6":{"attachment":[{"time":2.2667,"name":"6"},{"time":2.4,"name":null},{"time":4.6667,"name":"6"},{"time":4.8,"name":null}]},"7":{"attachment":[{"time":1.1,"name":"7"},{"time":1.2,"name":null},{"time":3.4667,"name":"7"},{"time":3.6,"name":null}]},"8":{"attachment":[{"time":0.4,"name":"8"},{"time":0.5,"name":null},{"time":1.6,"name":"8"},{"time":1.7,"name":null},{"time":2.8,"name":"8"},{"time":2.9,"name":null},{"time":4,"name":"8"},{"time":4.1,"name":null}]},"9":{"attachment":[{"time":1.9333,"name":"9"},{"time":2.0667,"name":null},{"time":4.3333,"name":"9"},{"time":4.4333,"name":null}]},"10":{"attachment":[{"time":0.7333,"name":"10"},{"time":0.8667,"name":null},{"time":3.1333,"name":"10"},{"time":3.2667,"name":null}]},"11":{"attachment":[{"time":0.9667,"name":"11"},{"time":1.1,"name":null},{"time":3.3667,"name":"11"},{"time":3.4667,"name":null}]},"12":{"attachment":[{"time":2.1667,"name":"12"},{"time":2.2667,"name":null},{"time":4.5667,"name":"12"},{"time":4.6667,"name":null}]},"13":{"attachment":[{"time":0.8667,"name":"13"},{"time":0.9667,"name":null},{"time":3.2667,"name":"13"},{"time":3.3667,"name":null}]}}}}},[0]]],0,0,[0],[-1],[0]]
