[1,["a2z1r1ir1MM4ylU+c61eTi@6c48a"],0,[["sp.SkeletonData",["_name","_atlasText","textureNames","_skeletonJson","textures"],-1,3]],[[0,0,1,2,3,4,5]],[[0,"bass","\r\nbass.png\r\nsize: 421, 269\r\nformat: RGBA8888\r\nfilter: Linear, Linear\r\nrepeat: none\r\nbass/meo_bass_dau\r\n  rotate: true\r\n  xy: 2, 2\r\n  size: 265, 179\r\n  orig: 265, 179\r\n  offset: 0, 0\r\n  index: -1\r\nbass/meo_bass_duoi\r\n  rotate: false\r\n  xy: 236, 65\r\n  size: 67, 45\r\n  orig: 67, 45\r\n  offset: 0, 0\r\n  index: -1\r\nbass/meo_bass_mat\r\n  rotate: true\r\n  xy: 236, 112\r\n  size: 155, 33\r\n  orig: 155, 33\r\n  offset: 0, 0\r\n  index: -1\r\nbass/meo_bass_mieng\r\n  rotate: false\r\n  xy: 183, 3\r\n  size: 62, 57\r\n  orig: 62, 57\r\n  offset: 0, 0\r\n  index: -1\r\nbass/meo_bass_mieng1\r\n  rotate: false\r\n  xy: 305, 67\r\n  size: 87, 44\r\n  orig: 87, 44\r\n  offset: 0, 0\r\n  index: -1\r\nbass/meo_bass_mieng2\r\n  rotate: true\r\n  xy: 314, 21\r\n  size: 44, 70\r\n  orig: 44, 70\r\n  offset: 0, 0\r\n  index: -1\r\nbass/meo_bass_nguoi1\r\n  rotate: false\r\n  xy: 314, 12\r\n  size: 19, 7\r\n  orig: 19, 7\r\n  offset: 0, 0\r\n  index: -1\r\nbass/meo_bass_nguoi2\r\n  rotate: false\r\n  xy: 314, 12\r\n  size: 19, 7\r\n  orig: 19, 7\r\n  offset: 0, 0\r\n  index: -1\r\nbass/meo_bass_tay1\r\n  rotate: false\r\n  xy: 386, 26\r\n  size: 33, 39\r\n  orig: 33, 39\r\n  offset: 0, 0\r\n  index: -1\r\nbass/meo_bass_tay2\r\n  rotate: false\r\n  xy: 384, 228\r\n  size: 33, 39\r\n  orig: 33, 39\r\n  offset: 0, 0\r\n  index: -1\r\nbass/meo_bass_than\r\n  rotate: false\r\n  xy: 271, 113\r\n  size: 111, 154\r\n  orig: 111, 154\r\n  offset: 0, 0\r\n  index: -1\r\nbass/meo_bass_toc\r\n  rotate: true\r\n  xy: 247, 2\r\n  size: 61, 65\r\n  orig: 61, 65\r\n  offset: 0, 0\r\n  index: -1\r\nmeo_idle_raup\r\n  rotate: true\r\n  xy: 384, 188\r\n  size: 38, 31\r\n  orig: 40, 33\r\n  offset: 1, 1\r\n  index: -1\r\nmeo_idle_raut\r\n  rotate: true\r\n  xy: 384, 148\r\n  size: 38, 31\r\n  orig: 40, 33\r\n  offset: 1, 1\r\n  index: -1\r\nshadow\r\n  rotate: true\r\n  xy: 183, 62\r\n  size: 205, 51\r\n  orig: 207, 53\r\n  offset: 1, 1\r\n  index: -1\r\n",["bass.png"],{"skeleton":{"hash":"4B3id3dRFnM","spine":"3.8-from-4.0-from-4.1-from-4.2.38","x":-134.01,"y":-7.45,"width":265,"height":304.92,"images":"C:/Users/006/Desktop/222","audio":"./images/20Track 3/"},"bones":[{"name":"root"},{"name":"bone","parent":"root","icon":"arrows"},{"name":"bone2","parent":"bone","length":137.48,"rotation":90},{"name":"bone2b2","parent":"bone2","length":116.41,"rotation":0.52,"x":142.79,"y":3.1},{"name":"bone2b3","parent":"bone2","length":22.23,"rotation":-173.69,"x":108.44,"y":26.91},{"name":"bone2b4","parent":"bone2","length":23.25,"rotation":175.51,"x":110.6,"y":-25.5},{"name":"bone2b6","parent":"bone2b2","x":32.87,"y":0.34},{"name":"bone2b5","parent":"bone2b6","x":-7.09,"y":-0.06},{"name":"bone3","parent":"bone2","length":21.06,"rotation":-68.2,"x":43.64,"y":-41.55},{"name":"bone2b11","parent":"bone2b6","rotation":-90,"x":2.52,"y":37.57,"icon":"suiteHearts"},{"name":"bone2b12","parent":"bone2b6","rotation":-90,"x":1.04,"y":-44.33,"icon":"suiteHearts"},{"name":"bone2b22","parent":"bone2b5","x":-29.81,"y":-0.34}],"slots":[{"name":"Group 67","bone":"root"},{"name":"shadow","bone":"bone"},{"name":"meo_idle_duoi","bone":"bone3","attachment":"bass/meo_bass_duoi"},{"name":"meo_idle_than","bone":"bone2","attachment":"bass/meo_bass_than"},{"name":"meo_idle_dau","bone":"bone2b2","attachment":"bass/meo_bass_dau"},{"name":"meo_bass_mat","bone":"bone2b6","attachment":"bass/meo_bass_mat"},{"name":"meo_chumchoe2_nguoi1","bone":"bone2b11","attachment":"bass/meo_bass_nguoi1"},{"name":"meo_chumchoe2_nguoi2","bone":"bone2b12","attachment":"bass/meo_bass_nguoi2"},{"name":"meo_idle_mieng","bone":"bone2b5"},{"name":"meo_idle_tayt1","bone":"bone2b3","attachment":"bass/meo_bass_tay1"},{"name":"meo_idle_tayp1","bone":"bone2b4","attachment":"bass/meo_bass_tay2"},{"name":"meo_idle_raut2","bone":"bone2b2","attachment":"meo_idle_raut2"},{"name":"meo_idle_raup2","bone":"bone2b2","attachment":"meo_idle_raup2"},{"name":"meo_idle_bc10","bone":"bone2b6"},{"name":"meo_idle_mat4","bone":"bone2b12"},{"name":"meo_bass_mieng1","bone":"bone2b5"},{"name":"meo_bass_mieng2","bone":"bone2b5","attachment":"bass/meo_bass_mieng2"},{"name":"meo_bass_toc","bone":"bone2b2","attachment":"bass/meo_bass_toc"}],"skins":[{"name":"default","attachments":{"meo_bass_mat":{"bass/meo_bass_mat":{"x":-1.79,"y":-3.34,"rotation":-90.52,"width":155,"height":33}},"meo_bass_mieng1":{"bass/meo_bass_mieng1":{"type":"mesh","hull":12,"width":87,"height":44,"uvs":[0.58784,0.18008,0.52607,0.24232,0.52767,0.54959,1,0.55441,1,1,0,1,0,0.54023,0.47433,0.55097,0.47289,0.24232,0.38884,0.15052,0.3884,0.00001,0.58946,0.00001],"triangles":[5,7,4,7,2,4,2,3,4,5,6,7,7,1,2,7,8,1,11,1,8,0,1,11,8,10,11,10,8,9],"vertices":[2,7,-4.01,-7.97,0.98413,11,25.8,-7.63,0.01587,2,7,-6.7,-2.57,0.88699,11,23.11,-2.24,0.11301,2,7,-20.22,-2.59,0.13457,11,9.59,-2.25,0.86543,1,11,9.01,-43.34,1,1,11,-10.6,-43.16,1,1,11,-9.81,43.83,1,1,11,10.42,43.65,1,2,7,-20.24,2.05,0.13444,11,9.57,2.39,0.86556,2,7,-6.66,2.05,0.88768,11,23.15,2.39,0.11232,2,7,-2.55,9.33,0.99549,11,27.26,9.67,0.00451,1,7,4.07,9.31,1,1,7,3.91,-8.19,1],"edges":[8,10,20,18,20,22,0,22,18,16,16,14,10,12,14,12,0,2,2,16,2,4,8,6,4,6,14,4]}},"meo_bass_mieng2":{"bass/meo_bass_mieng2":{"type":"mesh","hull":24,"width":44,"height":70,"uvs":[0.70001,0.13104,0.5581,0.13511,0.55936,0.22842,0.67006,0.26025,0.81431,0.37232,0.84906,0.46424,0.88381,0.55617,1,0.62479,1,0.75306,0.88081,0.88473,0.65057,1,0.30114,1,0.09536,0.88703,0,0.76722,0,0.63259,0.10212,0.56304,0.13762,0.45815,0.17311,0.35326,0.3323,0.24915,0.46241,0.22675,0.46257,0.1361,0.27633,0.12779,0.27504,0,0.69871,0,0.21122,0.64266,0.23032,0.47021,0.29109,0.36216,0.44389,0.28249,0.5637,0.2803,0.71477,0.38399,0.77033,0.47458,0.7686,0.63393,0.30768,0.75737,0.4222,0.82076,0.54868,0.82291,0.67346,0.75952],"triangles":[10,33,34,9,34,35,9,10,34,10,11,33,33,12,32,33,11,12,12,13,32,9,35,8,35,34,32,34,33,32,13,24,32,13,14,24,35,31,8,35,32,31,32,24,30,30,24,25,31,32,30,25,29,30,8,31,7,31,6,7,26,27,29,27,28,29,14,15,24,24,15,25,31,30,6,30,5,6,26,29,25,15,16,25,30,4,5,30,29,4,16,17,25,25,17,26,28,3,29,29,3,4,26,18,27,26,17,18,28,19,2,28,27,19,27,18,19,28,2,3,2,19,1,19,20,1,23,1,20,0,1,23,22,23,20,22,20,21],"vertices":[2,7,-5.24,-8.59,0.99209,11,24.57,-8.25,0.00791,2,7,-5.47,-2.35,0.87622,11,24.34,-2.01,0.12378,2,7,-12,-2.34,0.33965,11,17.81,-2,0.66035,2,7,-14.27,-7.19,0.15011,11,15.54,-6.85,0.84989,2,7,-22.18,-13.47,0.03697,11,7.63,-13.13,0.96303,2,7,-28.62,-14.94,0.00913,11,1.18,-14.6,0.99087,2,7,-35.07,-16.41,0.00034,11,-5.26,-16.07,0.99966,1,11,-10.11,-21.14,1,1,11,-19.09,-21.06,1,1,11,-28.26,-15.73,1,1,11,-36.24,-5.53,1,1,11,-36.1,9.85,1,1,11,-28.11,18.83,1,1,11,-19.68,22.95,1,1,11,-10.26,22.86,1,2,7,-35.24,17.99,0.00051,11,-5.43,18.33,0.99949,2,7,-27.91,16.36,0.01154,11,1.9,16.7,0.98846,2,7,-20.59,14.73,0.04268,11,9.22,15.07,0.95732,2,7,-13.36,7.66,0.14309,11,16.45,8,0.85691,2,7,-11.85,1.92,0.33917,11,17.96,2.26,0.66083,2,7,-5.5,1.86,0.87506,11,24.31,2.2,0.12494,2,7,-4.85,10.05,0.99959,11,24.96,10.39,0.00041,1,7,4.1,10.02,1,1,7,3.93,-8.62,1,1,11,-11.05,13.58,1,2,7,-28.8,12.29,0.01108,11,1.01,12.63,0.98892,2,7,-21.26,9.55,0.05609,11,8.55,9.88,0.94391,2,7,-15.74,2.77,0.18025,11,14.07,3.11,0.81975,2,7,-15.64,-2.5,0.19305,11,14.17,-2.16,0.80695,2,7,-22.95,-9.08,0.04442,11,6.86,-8.74,0.95558,2,7,-29.32,-11.47,0.00879,11,0.49,-11.13,0.99121,1,11,-10.66,-10.95,1,1,11,-19.12,9.41,1,1,11,-23.6,4.41,1,1,11,-23.8,-1.16,1,1,11,-19.41,-6.69,1],"edges":[44,42,44,46,0,46,42,40,40,38,0,2,2,40,2,4,38,36,36,34,4,6,6,8,26,28,26,24,24,22,20,22,20,18,14,16,18,16,28,30,12,14,38,4,30,32,32,34,8,10,10,12,48,50,50,52,52,54,54,56,56,58,58,60,60,62,48,64,64,66,66,68,68,70,70,62]}},"meo_bass_toc":{"bass/meo_bass_toc":{"x":119.97,"y":-10.91,"rotation":-90.52,"width":61,"height":65}},"meo_chumchoe2_nguoi1":{"bass/meo_bass_nguoi1":{"x":-0.05,"y":0.08,"rotation":-0.52,"width":19,"height":7}},"meo_chumchoe2_nguoi2":{"bass/meo_bass_nguoi2":{"x":0.09,"y":0.98,"rotation":-0.52,"width":19,"height":7}},"meo_idle_dau":{"bass/meo_bass_dau":{"x":65.16,"y":-2.18,"rotation":-90.52,"width":265,"height":179}},"meo_idle_duoi":{"bass/meo_bass_duoi":{"x":31.9,"y":5.89,"rotation":-21.8,"width":67,"height":45}},"meo_idle_mieng":{"bass/meo_bass_mieng":{"x":-24.55,"y":-1.61,"rotation":-90.52,"width":62,"height":57}},"meo_idle_raup2":{"meo_idle_raup2":{"path":"meo_idle_raup","x":7.38,"y":-87.16,"rotation":-90.52,"width":40,"height":33}},"meo_idle_raut2":{"meo_idle_raut2":{"path":"meo_idle_raut","x":3.01,"y":91.89,"rotation":-90.52,"width":40,"height":33}},"meo_idle_tayp1":{"bass/meo_bass_tay2":{"x":33.07,"y":-1.45,"rotation":94.49,"width":33,"height":39}},"meo_idle_tayt1":{"bass/meo_bass_tay1":{"x":30.98,"y":4.9,"rotation":83.69,"width":33,"height":39}},"meo_idle_than":{"bass/meo_bass_than":{"x":69.55,"y":0.37,"rotation":-90,"width":111,"height":154}},"shadow":{"shadow":{"x":-5.98,"y":8.98,"width":207,"height":53}}}}],"events":{"8. BASS":{"audio":"8. BASS.mp3"}},"animations":{"1_play":{"bones":{"bone2b2":{"translate":[{"x":16.92,"y":-0.23},{"time":0.1,"x":-18.16,"y":-0.55},{"time":0.2667,"x":-4.41,"y":-0.42},{"time":0.6},{"time":2.1667,"x":16.92,"y":-0.23},{"time":2.2667,"x":-4.92,"y":-0.43},{"time":2.5,"x":16.92,"y":-0.23},{"time":2.6,"x":-18.16,"y":-0.55},{"time":2.7,"x":-4.41,"y":-0.42},{"time":3.0333},{"time":4.1667,"x":16.92,"y":-0.23},{"time":4.2667,"x":-18.16,"y":-0.55},{"time":4.4333,"x":16.92,"y":-0.23},{"time":4.5,"x":-18.16,"y":-0.55},{"time":4.6667,"x":-4.41,"y":-0.42},{"time":5.0333},{"time":5.1667,"x":-18.16,"y":-0.55},{"time":5.3333,"x":-4.41,"y":-0.42},{"time":5.7667},{"time":7,"x":16.92,"y":-0.23},{"time":7.1,"x":-18.16,"y":-0.55},{"time":7.2667,"x":-4.41,"y":-0.42},{"time":7.5,"x":16.92,"y":-0.23},{"time":7.6,"x":-18.16,"y":-0.55},{"time":7.7667,"x":-4.41,"y":-0.42},{"time":8,"curve":"stepped"},{"time":8.1},{"time":8.1667,"x":16.92,"y":-0.23},{"time":8.2667,"x":-18.16,"y":-0.55},{"time":8.5,"x":-4.41,"y":-0.42},{"time":8.8333},{"time":9,"x":-18.16,"y":-0.55},{"time":9.1667,"x":-4.41,"y":-0.42},{"time":9.5667,"x":16.92,"y":-0.23},{"time":9.6667,"x":-18.16,"y":-0.55},{"time":9.8333,"x":-4.41,"y":-0.42},{"time":10,"x":-18.16,"y":-0.55},{"time":10.1,"x":-4.41,"y":-0.42}]},"bone2b22":{"translate":[{"x":14.29},{"time":0.1667},{"time":2.1667,"x":14.29},{"time":2.3},{"time":2.4333,"x":14.29},{"time":2.5},{"time":4.1667,"x":14.29},{"time":4.3333},{"time":4.4333,"x":14.29},{"time":4.5},{"time":5.0333,"x":14.29},{"time":5.1667},{"time":7,"x":14.29},{"time":7.1667},{"time":7.5,"x":14.29},{"time":7.6667},{"time":8.1667,"x":14.29},{"time":8.3333},{"time":8.9,"x":14.29},{"time":9},{"time":9.5,"x":14.29},{"time":9.6667},{"time":9.7333,"x":1.73},{"time":10},{"time":10.0667,"x":1.73}],"scale":[{"x":0.23,"y":0.517},{"time":0.1667,"x":1.358,"y":1.358},{"time":0.3333},{"time":0.6667,"x":0.747,"y":0.747},{"time":2.1667,"x":0.23,"y":0.517},{"time":2.3,"x":0.936,"y":0.936},{"time":2.4333,"x":0.23,"y":0.517},{"time":2.5333,"x":1.358,"y":1.358},{"time":2.6667},{"time":3,"x":0.747,"y":0.747},{"time":4.1667,"x":0.23,"y":0.517},{"time":4.3333,"x":0.942,"y":0.942},{"time":4.4333,"x":0.23,"y":0.517},{"time":4.5,"x":1.358,"y":1.358},{"time":4.6667},{"time":4.8667,"x":0.429,"y":0.429},{"time":5.0333,"x":0.23,"y":0.517},{"time":5.1667,"x":0.972,"y":0.972},{"time":5.3333},{"time":5.6667,"x":0.747,"y":0.747},{"time":7,"x":0.23,"y":0.517},{"time":7.1667,"x":1.358,"y":1.358},{"time":7.3333,"y":0.738},{"time":7.5,"x":0.23,"y":0.517},{"time":7.6667,"x":1.358,"y":1.358},{"time":7.8333},{"time":8.1667,"x":0.23,"y":0.517},{"time":8.3333,"x":1.358,"y":1.358},{"time":8.5},{"time":8.9,"x":0.23,"y":0.517},{"time":9,"x":1.358,"y":1.358},{"time":9.1667},{"time":9.5,"x":0.23,"y":0.517},{"time":9.6667,"x":1.358,"y":1.358},{"time":9.7333},{"time":9.9,"x":0.435,"y":0.435},{"time":10,"x":1.358,"y":1.358},{"time":10.0667}]},"bone2b11":{"translate":[{},{"time":0.1667,"x":0.33,"y":13.24,"curve":"stepped"},{"time":2.1667,"x":0.33,"y":13.24},{"time":2.3333,"x":0.33,"y":-11.38,"curve":"stepped"},{"time":2.5,"x":0.33,"y":-11.38},{"time":2.6667,"x":0.33,"y":2.82,"curve":"stepped"},{"time":4.1667,"x":0.33,"y":2.82},{"time":4.3333,"x":0.33,"y":13.38,"curve":"stepped"},{"time":4.4,"x":0.33,"y":13.38},{"time":4.5667,"x":0.33,"y":-5.74,"curve":"stepped"},{"time":5.1667,"x":0.33,"y":-5.74},{"time":5.3,"x":0.33,"y":14.08,"curve":"stepped"},{"time":7,"x":0.33,"y":14.08},{"time":7.1,"x":0.33,"y":-12.26,"curve":"stepped"},{"time":7.5,"x":0.33,"y":-12.26},{"time":7.6,"x":0.33,"y":14.84,"curve":"stepped"},{"time":8.1667,"x":0.33,"y":14.84},{"time":8.3,"x":0.33,"y":-14.49,"curve":"stepped"},{"time":8.8667,"x":0.33,"y":-14.49},{"time":9,"x":0.33,"y":14.58,"curve":"stepped"},{"time":9.6667,"x":0.33,"y":14.58},{"time":9.7667,"x":0.33,"y":-3.88,"curve":"stepped"},{"time":9.9,"x":0.33,"y":-3.88},{"time":10}]},"bone2b12":{"translate":[{},{"time":0.1667,"x":0.33,"y":13.24,"curve":"stepped"},{"time":2.1667,"x":0.33,"y":13.24},{"time":2.3333,"x":0.33,"y":-11.38,"curve":"stepped"},{"time":2.5,"x":0.33,"y":-11.38},{"time":2.6667,"x":0.33,"y":2.82,"curve":"stepped"},{"time":4.1667,"x":0.33,"y":2.82},{"time":4.3333,"x":0.33,"y":13.38,"curve":"stepped"},{"time":4.4,"x":0.33,"y":13.38},{"time":4.5667,"x":0.33,"y":-5.74,"curve":"stepped"},{"time":5.1667,"x":0.33,"y":-5.74},{"time":5.3,"x":0.33,"y":14.08,"curve":"stepped"},{"time":7,"x":0.33,"y":14.08},{"time":7.1,"x":0.33,"y":-12.26,"curve":"stepped"},{"time":7.5,"x":0.33,"y":-12.26},{"time":7.6,"x":0.33,"y":14.84,"curve":"stepped"},{"time":8.1667,"x":0.33,"y":14.84},{"time":8.3,"x":0.33,"y":-14.49,"curve":"stepped"},{"time":8.8667,"x":0.33,"y":-14.49},{"time":9,"x":0.33,"y":14.58,"curve":"stepped"},{"time":9.6667,"x":0.33,"y":14.58},{"time":9.7667,"x":0.33,"y":-3.88,"curve":"stepped"},{"time":9.9,"x":0.33,"y":-3.88},{"time":10}]}},"events":[{"name":"8. BASS"}]},"2_idle":{"bones":{"bone2b22":{"translate":[{}]}}}}},[0]]],0,0,[0],[-1],[0]]
