[1,["62AkCm2klLL4HXJjtQAqLW@6c48a"],0,[["sp.SkeletonData",["_name","_atlasText","textureNames","_skeletonJson","textures"],-1,3]],[[0,0,1,2,3,4,5]],[[0,"dientu2","\r\ndientu2.png\r\nsize: 748, 220\r\nformat: RGBA8888\r\nfilter: Linear, Linear\r\nrepeat: none\r\ndientu2/meo_dientu2_dau\r\n  rotate: false\r\n  xy: 246, 42\r\n  size: 265, 176\r\n  orig: 265, 179\r\n  offset: 0, 3\r\n  index: -1\r\ndientu2/meo_dientu2_duoi\r\n  rotate: false\r\n  xy: 513, 6\r\n  size: 63, 45\r\n  orig: 67, 45\r\n  offset: 2, 0\r\n  index: -1\r\ndientu2/meo_dientu2_mat\r\n  rotate: true\r\n  xy: 663, 13\r\n  size: 142, 64\r\n  orig: 142, 65\r\n  offset: 0, 0\r\n  index: -1\r\ndientu2/meo_dientu2_mieng1\r\n  rotate: true\r\n  xy: 721, 157\r\n  size: 33, 24\r\n  orig: 35, 24\r\n  offset: 1, 0\r\n  index: -1\r\ndientu2/meo_dientu2_mieng2\r\n  rotate: true\r\n  xy: 246, 2\r\n  size: 38, 62\r\n  orig: 38, 62\r\n  offset: 0, 0\r\n  index: -1\r\ndientu2/meo_dientu2_mieng3\r\n  rotate: false\r\n  xy: 578, 8\r\n  size: 68, 43\r\n  orig: 68, 43\r\n  offset: 0, 0\r\n  index: -1\r\ndientu2/meo_dientu2_mu\r\n  rotate: false\r\n  xy: 2, 5\r\n  size: 242, 213\r\n  orig: 242, 220\r\n  offset: 0, 3\r\n  index: -1\r\ndientu2/meo_dientu2_nguoi1\r\n  rotate: true\r\n  xy: 476, 16\r\n  size: 24, 23\r\n  orig: 24, 23\r\n  offset: 0, 0\r\n  index: -1\r\ndientu2/meo_dientu2_nguoi2\r\n  rotate: true\r\n  xy: 721, 192\r\n  size: 26, 25\r\n  orig: 26, 25\r\n  offset: 0, 0\r\n  index: -1\r\ndientu2/meo_dientu2_tay1\r\n  rotate: true\r\n  xy: 394, 7\r\n  size: 33, 39\r\n  orig: 33, 39\r\n  offset: 0, 0\r\n  index: -1\r\ndientu2/meo_dientu2_tay2\r\n  rotate: true\r\n  xy: 435, 7\r\n  size: 33, 39\r\n  orig: 33, 39\r\n  offset: 0, 0\r\n  index: -1\r\ndientu2/meo_dientu2_than\r\n  rotate: true\r\n  xy: 513, 53\r\n  size: 111, 148\r\n  orig: 111, 154\r\n  offset: 0, 3\r\n  index: -1\r\nmeo_idle_raup\r\n  rotate: false\r\n  xy: 310, 7\r\n  size: 40, 33\r\n  orig: 40, 33\r\n  offset: 0, 0\r\n  index: -1\r\nmeo_idle_raut\r\n  rotate: false\r\n  xy: 352, 7\r\n  size: 40, 33\r\n  orig: 40, 33\r\n  offset: 0, 0\r\n  index: -1\r\nshadow\r\n  rotate: false\r\n  xy: 513, 166\r\n  size: 206, 52\r\n  orig: 207, 53\r\n  offset: 1, 0\r\n  index: -1\r\n",["dientu2.png"],{"skeleton":{"hash":"D2GIrl11u3s","spine":"3.8-from-4.0-from-4.1-from-4.2.38","x":-134.74,"y":-7.45,"width":265,"height":308.83,"images":"C:/Users/006/Desktop/222","audio":"./images/20Track 3/"},"bones":[{"name":"root"},{"name":"bone","parent":"root","icon":"arrows"},{"name":"bone2","parent":"bone","length":137.48,"rotation":90},{"name":"bone2b2","parent":"bone2","length":116.41,"rotation":0.52,"x":142.79,"y":3.1},{"name":"bone2b3","parent":"bone2","length":22.23,"rotation":-173.69,"x":108.44,"y":26.91},{"name":"bone2b4","parent":"bone2","length":23.25,"rotation":175.51,"x":110.6,"y":-25.5},{"name":"bone2b6","parent":"bone2b2","x":65.94,"y":1.06},{"name":"bone2b5","parent":"bone2b6","x":-49.97,"y":-20.33},{"name":"bone3","parent":"bone2","length":21.06,"rotation":-68.2,"x":43.64,"y":-41.55},{"name":"bone2b11","parent":"bone2b6","rotation":-90,"x":-19.62,"y":35.99,"icon":"suiteHearts"},{"name":"bone2b12","parent":"bone2b6","rotation":-90,"x":-19.46,"y":-71.92,"icon":"suiteHearts"},{"name":"bone2b22","parent":"bone2b5","x":-31.13,"y":1.05},{"name":"bone2b7","parent":"bone2b5","x":-20.06,"y":0.13,"icon":"circle"}],"slots":[{"name":"Group 67","bone":"root"},{"name":"shadow","bone":"bone"},{"name":"meo_idle_duoi","bone":"bone3","attachment":"dientu2/meo_dientu2_duoi"},{"name":"meo_idle_than","bone":"bone2","attachment":"dientu2/meo_dientu2_than"},{"name":"meo_idle_dau","bone":"bone2b2","attachment":"dientu2/meo_dientu2_dau"},{"name":"meo_ech_mat","bone":"bone2b6","attachment":"dientu2/meo_dientu2_mat"},{"name":"meo_chumchoe2_nguoi1","bone":"bone2b11","attachment":"dientu2/meo_dientu2_nguoi1"},{"name":"meo_chumchoe2_nguoi2","bone":"bone2b12","attachment":"dientu2/meo_dientu2_nguoi2"},{"name":"meo_idle_tayt1","bone":"bone2b3","attachment":"dientu2/meo_dientu2_tay1"},{"name":"meo_idle_tayp1","bone":"bone2b4","attachment":"dientu2/meo_dientu2_tay2"},{"name":"meo_dientu2_mu","bone":"bone2b2","attachment":"dientu2/meo_dientu2_mu"},{"name":"meo_idle_mieng","bone":"bone2b5","attachment":"dientu2/meo_dientu2_mieng1"},{"name":"meo_idle_raut2","bone":"bone2b2","attachment":"meo_idle_raut2"},{"name":"meo_idle_raup2","bone":"bone2b2","attachment":"meo_idle_raup2"},{"name":"meo_idle_bc10","bone":"bone2b6"},{"name":"meo_ech_mieng2","bone":"bone2b5"},{"name":"meo_bogo_mieng3","bone":"bone2b5"},{"name":"demo","bone":"root","color":"ffffff9a"},{"name":"demo2","bone":"root","color":"ffffff91"}],"skins":[{"name":"default","attachments":{"meo_bogo_mieng3":{"dientu2/meo_dientu2_mieng2":{"type":"mesh","hull":20,"width":38,"height":62,"uvs":[0.75168,0.15502,0.60072,0.15619,0.61434,0.23461,0.71603,0.29296,0.78959,0.40833,1,0.42557,1,0.71279,0.88018,0.87713,0.63838,1,0.27676,1,0.09253,0.87713,0,0.72003,0,0.5,0.1946,0.4017,0.29629,0.26777,0.4499,0.22003,0.44976,0.15736,0.30813,0.15846,0.28567,0,0.75168,0,0.20094,0.57288,0.257,0.78359,0.41309,0.90082,0.57305,0.90286,0.72368,0.81474,0.79366,0.65369,0.33255,0.73794,0.29758,0.58345,0.31215,0.41199,0.4592,0.28732,0.5526,0.28608,0.6724,0.39062,0.713,0.58476,0.6663,0.74405,0.54651,0.85356,0.44498,0.85356],"triangles":[15,1,2,15,16,1,17,18,16,1,16,19,0,1,19,18,19,16,9,22,8,22,23,8,7,23,24,7,8,23,9,10,22,22,35,23,35,34,23,23,34,24,10,21,22,22,21,35,7,24,6,10,11,21,24,34,33,21,26,35,33,34,26,34,35,26,24,25,6,24,33,25,26,21,20,26,20,27,11,20,21,33,32,25,32,27,31,27,32,33,29,31,28,29,30,31,27,33,26,28,31,27,11,12,20,25,5,6,5,25,4,4,25,32,32,31,4,27,20,28,12,13,20,20,13,28,13,14,28,28,14,29,31,3,4,31,30,3,30,2,3,14,15,29,29,15,30,30,15,2],"vertices":[2,11,25.76,-10.16,0.0119,7,-5.37,-9.1,0.9881,2,11,25.74,-4.42,0.1307,7,-5.39,-3.37,0.8693,2,11,20.88,-4.89,0.50204,7,-10.25,-3.84,0.49796,2,11,17.22,-8.72,0.72177,7,-13.91,-7.67,0.27823,2,11,10.05,-11.45,0.91214,7,-21.08,-10.4,0.08786,2,11,8.9,-19.44,0.97657,7,-22.22,-18.39,0.02343,1,11,-8.9,-19.28,1,1,11,-19.05,-14.63,1,1,11,-26.58,-5.37,1,1,11,-26.46,8.37,1,1,11,-18.78,15.3,1,1,11,-9.01,18.73,1,2,11,4.64,18.6,0.98698,7,-26.49,19.65,0.01302,2,11,10.66,11.15,0.9098,7,-20.47,12.2,0.0902,2,11,18.93,7.21,0.72436,7,-12.2,8.26,0.27564,2,11,21.84,1.35,0.46136,7,-9.29,2.4,0.53864,2,11,25.72,1.32,0.12496,7,-5.41,2.37,0.87504,2,11,25.7,6.7,0.01309,7,-5.43,7.75,0.98691,1,7,4.41,8.52,1,1,7,4.25,-9.19,1,2,11,0.05,11.01,0.99138,7,-31.08,12.06,0.00862,1,11,-13.04,9,1,1,11,-20.36,3.13,1,1,11,-20.54,-2.95,1,1,11,-15.13,-8.72,1,2,11,-5.17,-11.47,0.99902,7,-36.3,-10.42,0.00098,1,11,-10.23,6.1,1,2,11,-0.64,7.34,0.99338,7,-31.77,8.39,0.00662,2,11,9.98,6.69,0.88552,7,-21.15,7.74,0.11448,2,11,17.66,1.03,0.64865,7,-13.47,2.08,0.35135,2,11,17.71,-2.52,0.62797,7,-13.42,-1.47,0.37203,2,11,11.18,-7.01,0.84592,7,-19.94,-5.96,0.15408,2,11,-0.87,-8.44,0.99192,7,-31.99,-7.39,0.00808,1,11,-10.73,-6.58,1,1,11,-17.47,-1.97,1,1,11,-17.44,1.89,1],"edges":[36,34,36,38,0,38,34,32,32,30,30,28,28,26,26,24,0,2,2,32,2,4,4,6,6,8,8,10,22,24,22,20,20,18,16,18,16,14,10,12,14,12,26,40,40,42,42,44,44,46,46,48,48,50,50,8,52,54,54,56,56,58,58,60,60,62,62,64,64,66,66,68,68,70,70,52]}},"meo_chumchoe2_nguoi1":{"dientu2/meo_dientu2_nguoi1":{"x":-0.05,"y":0.08,"rotation":-0.52,"width":24,"height":23}},"meo_chumchoe2_nguoi2":{"dientu2/meo_dientu2_nguoi2":{"x":0.09,"y":0.98,"rotation":-0.52,"width":26,"height":25}},"meo_dientu2_mu":{"dientu2/meo_dientu2_mu":{"x":48.61,"y":1.95,"rotation":-90.52,"width":242,"height":220}},"meo_ech_mat":{"dientu2/meo_dientu2_mat":{"x":-23.09,"y":-16.89,"rotation":-90.52,"width":142,"height":65}},"meo_ech_mieng2":{"dientu2/meo_dientu2_mieng3":{"type":"mesh","hull":21,"width":68,"height":43,"uvs":[0.60463,0.13424,0.53231,0.23112,0.52103,0.33332,0.65138,0.33025,0.80941,0.39529,0.90471,0.46172,1,0.52814,1,0.68787,0.92141,0.85786,0.72135,1,0.18495,1,0.07118,0.9104,0,0.81509,0,0.63018,0.0748,0.46147,0.20098,0.35765,0.42973,0.33656,0.43384,0.23761,0.33341,0.18082,0.33586,0,0.60954,0,0.26755,0.83154,0.66428,0.83154,0.85195,0.72237],"triangles":[2,17,1,1,17,19,20,0,1,19,17,18,20,1,19,10,21,9,21,22,9,9,23,8,9,22,23,10,11,21,21,11,13,8,23,7,21,16,22,16,2,22,2,3,22,22,4,23,22,3,4,21,13,14,14,15,21,21,15,16,13,11,12,23,5,7,23,4,5,5,6,7,16,17,2],"vertices":[2,12,18.56,-9.82,0.01712,7,-1.5,-9.69,0.98288,2,12,14.44,-4.86,0.20479,7,-5.63,-4.73,0.79521,2,12,10.05,-4.05,0.67157,7,-10.01,-3.92,0.32843,2,12,10.1,-12.92,0.95749,7,-9.96,-12.79,0.04251,2,12,7.21,-23.64,0.9987,7,-12.86,-23.51,0.0013,1,12,4.29,-30.09,1,1,12,1.38,-36.55,1,1,12,-5.49,-36.48,1,1,12,-12.75,-31.07,1,1,12,-18.74,-17.41,1,1,12,-18.41,19.06,1,1,12,-14.48,26.76,1,1,12,-10.34,31.56,1,1,12,-2.39,31.49,1,1,12,4.82,26.34,1,2,12,9.2,17.72,0.99756,7,-10.86,17.85,0.00244,2,12,9.97,2.15,0.6977,7,-10.1,2.28,0.3023,2,12,14.22,1.84,0.22229,7,-5.84,1.97,0.77771,2,12,16.73,8.64,0.00612,7,-3.34,8.77,0.99388,1,7,4.43,8.54,1,1,7,4.26,-10.07,1,1,12,-11.21,13.38,1,1,12,-11.46,-13.6,1,1,12,-6.88,-26.4,1],"edges":[26,28,28,30,30,32,32,34,34,2,2,4,4,6,6,8,34,36,36,38,2,0,38,40,0,40,24,26,24,22,22,20,18,20,18,16,12,14,16,14,26,42,42,44,44,46,8,10,10,12,46,10]}},"meo_idle_dau":{"dientu2/meo_dientu2_dau":{"x":66.05,"y":-1.46,"rotation":-90.52,"width":265,"height":179}},"meo_idle_duoi":{"dientu2/meo_dientu2_duoi":{"x":31.9,"y":5.89,"rotation":-21.8,"width":67,"height":45}},"meo_idle_mieng":{"dientu2/meo_dientu2_mieng1":{"x":-7.63,"y":3,"rotation":-90.52,"width":35,"height":24}},"meo_idle_raup2":{"meo_idle_raup2":{"path":"meo_idle_raup","x":7.38,"y":-87.16,"rotation":-90.52,"width":40,"height":33}},"meo_idle_raut2":{"meo_idle_raut2":{"path":"meo_idle_raut","x":3.01,"y":91.89,"rotation":-90.52,"width":40,"height":33}},"meo_idle_tayp1":{"dientu2/meo_dientu2_tay2":{"x":33.07,"y":-1.45,"rotation":94.49,"width":33,"height":39}},"meo_idle_tayt1":{"dientu2/meo_dientu2_tay1":{"x":30.98,"y":4.9,"rotation":83.69,"width":33,"height":39}},"meo_idle_than":{"dientu2/meo_dientu2_than":{"x":69.55,"y":0.37,"rotation":-90,"width":111,"height":154}},"shadow":{"shadow":{"x":-5.98,"y":8.98,"width":207,"height":53}}}}],"events":{"14. Âm thanh điện tử 2":{"audio":"14. Âm thanh điện tử 2.mp3"}},"animations":{"1_play":{"slots":{"meo_bogo_mieng3":{"attachment":[{"name":"dientu2/meo_dientu2_mieng2"},{"time":1,"name":null},{"time":2.6667,"name":"dientu2/meo_dientu2_mieng2"},{"time":3.5,"name":null},{"time":5.0667,"name":"dientu2/meo_dientu2_mieng2"},{"time":6.0333,"name":null},{"time":7.3333,"name":"dientu2/meo_dientu2_mieng2"},{"time":7.5,"name":null}]},"meo_ech_mieng2":{"attachment":[{"time":1,"name":"dientu2/meo_dientu2_mieng3"},{"time":2.6667,"name":null},{"time":3.5,"name":"dientu2/meo_dientu2_mieng3"},{"time":5.0667,"name":null},{"time":6.0333,"name":"dientu2/meo_dientu2_mieng3"},{"time":7.3333,"name":null},{"time":7.5,"name":"dientu2/meo_dientu2_mieng3"}]},"meo_idle_mieng":{"attachment":[{"name":null}]}},"bones":{"bone2b22":{"translate":[{"x":12.14},{"time":0.1667,"x":-3.7},{"time":0.6667},{"time":1,"x":11.79},{"time":2.6667,"x":12.14},{"time":3,"x":0.3,"y":-1.08},{"time":3.1667,"x":2.82,"y":-0.23},{"time":3.3333,"x":0.96,"y":-0.43},{"time":3.5,"x":7.62,"y":-0.48},{"time":5.0667,"x":12.14},{"time":5.4,"x":1.06,"y":0.44},{"time":5.5667,"x":2.82,"y":-0.23},{"time":5.7333,"x":1.13,"y":0.57},{"time":5.9,"x":7.62,"y":-0.48},{"time":7.3333,"x":12.14}],"scale":[{"x":0.6,"y":0.6},{"time":0.1667,"x":1.363,"y":1.363},{"time":0.6667,"x":0.685,"y":0.685},{"time":1,"x":0.734,"y":0.734},{"time":2.6667,"x":0.6,"y":0.6},{"time":3,"x":0.646,"y":0.646},{"time":3.1667,"x":1.484,"y":1.484},{"time":3.3333,"x":0.649,"y":0.649},{"time":3.5,"x":0.616,"y":0.779},{"time":5.0667,"x":0.6,"y":0.6},{"time":5.4,"x":0.64,"y":0.64},{"time":5.5667,"x":1.484,"y":1.484},{"time":5.7333,"x":0.514,"y":0.514},{"time":5.9,"x":0.616,"y":0.779},{"time":7.3333,"x":0.6,"y":0.6},{"time":7.5,"x":0.323,"y":1.046}]},"bone2b7":{"scale":[{"time":1,"y":0.39},{"time":1.3333},{"time":1.5,"x":1.223,"y":1.123},{"time":1.6667,"y":1.245},{"time":1.8333,"x":1.223,"y":1.368},{"time":2,"y":1.49},{"time":2.1667,"x":1.223,"y":1.613},{"time":2.3333,"y":1.735},{"time":2.5,"x":1.223,"y":1.858},{"time":2.6667,"y":0.255},{"time":3.5,"y":0.39},{"time":3.8333},{"time":4,"x":1.223,"y":1.123},{"time":4.1667,"y":1.245},{"time":4.3333,"x":1.223,"y":1.368},{"time":4.5,"y":1.49},{"time":4.6667,"x":1.223,"y":1.613},{"time":4.8333,"y":1.735},{"time":4.9667,"x":1.223,"y":1.613},{"time":5.0667,"x":0.713,"y":0.307},{"time":6.0333,"y":0.39},{"time":6.3667},{"time":6.5333,"x":1.223,"y":1.123},{"time":6.7,"y":1.245},{"time":6.8667,"x":1.223,"y":1.368},{"time":7.0333,"y":1.49},{"time":7.2,"x":1.223,"y":1.613},{"time":7.3333,"x":0.713,"y":0.307},{"time":7.5,"x":0.713,"y":1.032},{"time":8.2667,"x":1.339,"y":1.958},{"time":8.4,"x":0.924,"y":0.397},{"time":8.5,"x":1.142,"y":0.491},{"time":8.6,"x":0.924,"y":0.397},{"time":8.7,"x":1.142,"y":0.491},{"time":8.8,"x":0.924,"y":0.397},{"time":8.9,"x":1.142,"y":0.491},{"time":9,"x":1.142,"y":0.301},{"time":9.1667,"x":2.019,"y":0.532},{"time":9.3333,"x":0.862,"y":0.227},{"time":9.4667,"x":0.607,"y":0.16},{"time":9.6333,"x":2.416,"y":0.637},{"time":9.7667,"x":1.271,"y":1.744},{"time":10.1,"x":0.748,"y":1.178}]},"bone2b2":{"rotate":[{},{"time":0.1667,"angle":-15.47,"curve":"stepped"},{"time":0.5,"angle":-15.47},{"time":0.6667,"angle":-2.8},{"time":1,"angle":-23.52},{"time":1.1667,"angle":19.86},{"time":1.3333,"angle":18.13},{"time":2.6667,"angle":-0.52,"curve":"stepped"},{"time":3,"angle":-0.52},{"time":3.1667,"angle":-16.26},{"time":3.3333,"angle":12.79},{"time":3.5,"angle":-3.16},{"time":5.0667,"angle":18.97},{"time":5.2333,"angle":-0.41,"curve":"stepped"},{"time":5.5667,"angle":-0.41},{"time":5.7333,"angle":-13.73},{"time":5.9,"angle":13.23,"curve":"stepped"},{"time":6.0333,"angle":13.23},{"time":7.3333,"angle":30.79},{"time":7.5,"angle":0.16},{"time":7.6667,"angle":16.34},{"time":8.2667,"angle":26.89},{"time":8.4333,"angle":-2.41,"curve":"stepped"},{"time":8.9,"angle":-2.41},{"time":9.0667,"angle":18.23},{"time":9.3333,"angle":-4.04},{"time":9.6333,"angle":13.26},{"time":10.1}]},"bone2b11":{"translate":[{},{"time":0.1667,"x":-15.29,"y":-24.61,"curve":"stepped"},{"time":0.5,"x":-15.29,"y":-24.61},{"time":0.6667,"x":-21.85,"y":-15.33},{"time":1,"x":-15.29,"y":-24.61},{"time":2.6667,"x":-11.02,"y":4.89},{"time":2.7667,"x":-15.29,"y":-24.61},{"time":2.9,"x":-21.85,"y":-15.33},{"time":3.1667,"x":-15.29,"y":-24.61,"curve":"stepped"},{"time":3.5,"x":-15.29,"y":-24.61},{"time":5.0667,"x":-11.02,"y":4.89},{"time":5.2},{"time":5.3667,"x":-15.29,"y":-24.61,"curve":"stepped"},{"time":5.5667,"x":-15.29,"y":-24.61},{"time":5.7333,"x":-21.85,"y":-15.33},{"time":6.0333,"x":-15.29,"y":-24.61},{"time":7.3333,"x":-11.02,"y":4.89},{"time":7.5,"x":-15.29,"y":-24.61,"curve":"stepped"},{"time":7.6667,"x":-15.29,"y":-24.61},{"time":7.8333,"x":-21.85,"y":-15.33},{"time":8.2667,"x":-15.29,"y":-24.61},{"time":8.9,"x":-15.29,"y":-7.83},{"time":9.0667,"x":-24.37,"y":-7.83,"curve":"stepped"},{"time":9.2,"x":-24.37,"y":-7.83},{"time":9.3333,"x":2.72,"y":-7.83,"curve":"stepped"},{"time":9.4667,"x":2.72,"y":-7.83},{"time":9.6333,"x":-1.64,"y":-20.74},{"time":10.1}]},"bone2b12":{"translate":[{},{"time":0.1667,"x":-6.94,"y":31.62,"curve":"stepped"},{"time":0.5,"x":-6.94,"y":31.62},{"time":0.6667,"x":1.99,"y":31.62},{"time":1,"x":-6.94,"y":31.62},{"time":2.6667,"x":3.15,"y":-1.37},{"time":2.7667,"x":-6.94,"y":31.62},{"time":2.9,"x":1.99,"y":31.62},{"time":3.1667,"x":-6.94,"y":31.62,"curve":"stepped"},{"time":3.5,"x":-6.94,"y":31.62},{"time":5.0667,"x":3.15,"y":-1.37},{"time":5.2},{"time":5.3667,"x":-6.94,"y":31.62,"curve":"stepped"},{"time":5.5667,"x":-6.94,"y":31.62},{"time":5.7333,"x":1.99,"y":31.62},{"time":6.0333,"x":-6.94,"y":31.62},{"time":7.3333,"x":3.15,"y":-1.37},{"time":7.5,"x":-6.94,"y":31.62,"curve":"stepped"},{"time":7.6667,"x":-6.94,"y":31.62},{"time":7.8333,"x":1.99,"y":31.62},{"time":8.2667,"x":-6.94,"y":31.62},{"time":8.9,"x":-6.94,"y":12.66},{"time":9.0667,"x":11.84,"y":18.79,"curve":"stepped"},{"time":9.2,"x":11.84,"y":18.79},{"time":9.3333,"x":-14.19,"y":12.48,"curve":"stepped"},{"time":9.4667,"x":-14.19,"y":12.48},{"time":9.6333,"x":-10.77,"y":26.42},{"time":10.1}]}},"events":[{"name":"14. Âm thanh điện tử 2"}]},"2_idle":{"bones":{"bone2b7":{"translate":[{}]}}}}},[0]]],0,0,[0],[-1],[0]]
