[1,["59PEydNw1KFLsGtx04JJd/@6c48a"],0,[["sp.SkeletonData",["_name","_atlasText","textureNames","_skeletonJson","textures"],-1,3]],[[0,0,1,2,3,4,5]],[[0,"Sound_2_Sun","\r\nSound_2_Sun.png\r\nsize: 1813, 260\r\nformat: RGBA8888\r\nfilter: Linear, Linear\r\nrepeat: none\r\n1\r\n  rotate: true\r\n  xy: 1576, 3\r\n  size: 255, 235\r\n  orig: 255, 273\r\n  offset: 0, 38\r\n  index: -1\r\n2\r\n  rotate: false\r\n  xy: 2, 3\r\n  size: 280, 255\r\n  orig: 280, 304\r\n  offset: 0, 49\r\n  index: -1\r\n3\r\n  rotate: true\r\n  xy: 840, 2\r\n  size: 256, 247\r\n  orig: 256, 288\r\n  offset: 0, 41\r\n  index: -1\r\n4\r\n  rotate: false\r\n  xy: 284, 29\r\n  size: 285, 229\r\n  orig: 285, 270\r\n  offset: 0, 41\r\n  index: -1\r\n5\r\n  rotate: false\r\n  xy: 571, 18\r\n  size: 267, 240\r\n  orig: 267, 279\r\n  offset: 0, 39\r\n  index: -1\r\n6\r\n  rotate: true\r\n  xy: 1089, 4\r\n  size: 254, 242\r\n  orig: 254, 279\r\n  offset: 0, 37\r\n  index: -1\r\n7\r\n  rotate: true\r\n  xy: 1333, 4\r\n  size: 254, 241\r\n  orig: 254, 279\r\n  offset: 0, 38\r\n  index: -1\r\n",["Sound_2_Sun.png"],{"skeleton":{"hash":"PF0R7K84TOQ","spine":"3.8-from-4.0-from-4.1-from-4.2.38","images":"C:\\Users\\006\\Desktop\\222","audio":"./audio"},"bones":[{"name":"root"},{"name":"bone","parent":"root","x":0.62,"y":-45.13}],"slots":[{"name":"1","bone":"root","attachment":"1"},{"name":"2","bone":"root"},{"name":"3","bone":"root"},{"name":"4","bone":"root"},{"name":"5","bone":"root"},{"name":"6","bone":"root"},{"name":"7","bone":"bone"}],"skins":[{"name":"default","attachments":{"1":{"1":{"x":0.78,"y":152.15,"width":255,"height":273}},"2":{"2":{"x":18.29,"y":169.65,"width":280,"height":304}},"3":{"3":{"x":13.91,"y":162.49,"width":256,"height":288}},"4":{"4":{"x":-17.4,"y":153.51,"width":285,"height":270}},"5":{"5":{"x":-4.22,"y":157.6,"width":267,"height":279}},"6":{"6":{"x":7.6,"y":157.6,"width":254,"height":279}},"7":{"7":{"x":-5.38,"y":201.88,"width":254,"height":279}}}}],"animations":{"Sound_1":{"slots":{"1":{"attachment":[{"time":0.1,"name":null},{"time":0.4,"name":"1"},{"time":0.7,"name":null},{"time":1,"name":"1"},{"time":1.3,"name":null},{"time":1.6,"name":"1"},{"time":1.9,"name":null},{"time":2.2,"name":"1"},{"time":2.5,"name":null},{"time":2.8,"name":"1"},{"time":3.1,"name":null},{"time":3.4,"name":"1"},{"time":3.7,"name":null},{"time":4,"name":"1"},{"time":4.3,"name":null},{"time":4.6,"name":"1"}]},"2":{"attachment":[{"time":0.7,"name":"2"},{"time":0.8,"name":null},{"time":1.9,"name":"2"},{"time":2,"name":null},{"time":3.1,"name":"2"},{"time":3.2,"name":null},{"time":4.3,"name":"2"},{"time":4.4,"name":null}]},"3":{"attachment":[{"time":0.8,"name":"3"},{"time":0.9,"name":null},{"time":2,"name":"3"},{"time":2.1,"name":null},{"time":3.2,"name":"3"},{"time":3.3,"name":null},{"time":4.4,"name":"3"},{"time":4.5,"name":null}]},"4":{"attachment":[{"time":0.1,"name":"4"},{"time":0.2,"name":null},{"time":1.3,"name":"4"},{"time":1.4,"name":null},{"time":2.5,"name":"4"},{"time":2.6,"name":null},{"time":3.7,"name":"4"},{"time":3.8,"name":null}]},"5":{"attachment":[{"time":0.2,"name":"5"},{"time":0.3,"name":null},{"time":1.4,"name":"5"},{"time":1.5,"name":null},{"time":2.6,"name":"5"},{"time":2.7,"name":null},{"time":3.8,"name":"5"},{"time":3.9,"name":null}]},"6":{"attachment":[{"time":0.9,"name":"6"},{"time":1,"name":null},{"time":2.1,"name":"6"},{"time":2.2,"name":null},{"time":3.3,"name":"6"},{"time":3.4,"name":null},{"time":4.5,"name":"6"},{"time":4.6,"name":null},{"time":4.8,"name":null}]},"7":{"attachment":[{"time":0.3,"name":"7"},{"time":0.4,"name":null},{"time":1.5,"name":"7"},{"time":1.6,"name":null},{"time":2.7,"name":"7"},{"time":2.8,"name":null},{"time":3.9,"name":"7"},{"time":4,"name":null}]}}},"Sound_2":{"slots":{"1":{"attachment":[{"time":0.1,"name":null},{"time":0.4,"name":"1"},{"time":0.7,"name":null},{"time":1,"name":"1"},{"time":1.3,"name":null},{"time":1.6,"name":"1"},{"time":1.9,"name":null},{"time":2.2,"name":"1"},{"time":2.5,"name":null},{"time":2.8,"name":"1"},{"time":3.1,"name":null},{"time":3.4,"name":"1"},{"time":3.7,"name":null},{"time":4,"name":"1"},{"time":4.3,"name":null},{"time":4.6,"name":"1"}]},"2":{"attachment":[{"time":0.7,"name":"2"},{"time":0.8,"name":null},{"time":1.9,"name":"2"},{"time":2,"name":null},{"time":3.1,"name":"2"},{"time":3.2,"name":null},{"time":4.3,"name":"2"},{"time":4.4,"name":null}]},"3":{"attachment":[{"time":0.8,"name":"3"},{"time":0.9,"name":null},{"time":2,"name":"3"},{"time":2.1,"name":null},{"time":3.2,"name":"3"},{"time":3.3,"name":null},{"time":4.4,"name":"3"},{"time":4.5,"name":null}]},"4":{"attachment":[{"time":0.1,"name":"4"},{"time":0.2,"name":null},{"time":1.3,"name":"4"},{"time":1.4,"name":null},{"time":2.5,"name":"4"},{"time":2.6,"name":null},{"time":3.7,"name":"4"},{"time":3.8,"name":null}]},"5":{"attachment":[{"time":0.2,"name":"5"},{"time":0.3,"name":null},{"time":1.4,"name":"5"},{"time":1.5,"name":null},{"time":2.6,"name":"5"},{"time":2.7,"name":null},{"time":3.8,"name":"5"},{"time":3.9,"name":null}]},"6":{"attachment":[{"time":0.9,"name":"6"},{"time":1,"name":null},{"time":2.1,"name":"6"},{"time":2.2,"name":null},{"time":3.3,"name":"6"},{"time":3.4,"name":null},{"time":4.5,"name":"6"},{"time":4.6,"name":null},{"time":4.8,"name":null}]},"7":{"attachment":[{"time":0.3,"name":"7"},{"time":0.4,"name":null},{"time":1.5,"name":"7"},{"time":1.6,"name":null},{"time":2.7,"name":"7"},{"time":2.8,"name":null},{"time":3.9,"name":"7"},{"time":4,"name":null}]}}}}},[0]]],0,0,[0],[-1],[0]]
