[1,["d1zRugX8JHIpaLu1XsdVb2@6c48a"],0,[["sp.SkeletonData",["_name","_atlasText","textureNames","_skeletonJson","textures"],-1,3]],[[0,0,1,2,3,4,5]],[[0,"char_0_base_noel","\r\nchar_0_base_noel.png\r\nsize: 1145, 382\r\nformat: RGBA8888\r\nfilter: Linear, Linear\r\nrepeat: none\r\nbody\r\n  rotate: true\r\n  xy: 2, 192\r\n  size: 188, 954\r\n  orig: 188, 954\r\n  offset: 0, 0\r\n  index: -1\r\nbody_selected\r\n  rotate: true\r\n  xy: 2, 2\r\n  size: 188, 954\r\n  orig: 188, 954\r\n  offset: 0, 0\r\n  index: -1\r\neyeball copy\r\n  rotate: false\r\n  xy: 1083, 80\r\n  size: 60, 60\r\n  orig: 61, 61\r\n  offset: 1, 1\r\n  index: -1\r\neyeball\r\n  rotate: false\r\n  xy: 1083, 80\r\n  size: 60, 60\r\n  orig: 61, 61\r\n  offset: 1, 1\r\n  index: -1\r\neyeball copy 3_selected\r\n  rotate: false\r\n  xy: 1021, 80\r\n  size: 60, 60\r\n  orig: 61, 61\r\n  offset: 1, 1\r\n  index: -1\r\neyeball_selected\r\n  rotate: true\r\n  xy: 958, 80\r\n  size: 60, 61\r\n  orig: 61, 61\r\n  offset: 1, 0\r\n  index: -1\r\neyeclose_l\r\n  rotate: false\r\n  xy: 958, 18\r\n  size: 60, 60\r\n  orig: 61, 61\r\n  offset: 1, 1\r\n  index: -1\r\neyeclose_r\r\n  rotate: false\r\n  xy: 958, 18\r\n  size: 60, 60\r\n  orig: 61, 61\r\n  offset: 1, 1\r\n  index: -1\r\neyelid copy\r\n  rotate: false\r\n  xy: 1020, 43\r\n  size: 60, 35\r\n  orig: 61, 35\r\n  offset: 1, 0\r\n  index: -1\r\neyelid\r\n  rotate: false\r\n  xy: 1020, 43\r\n  size: 60, 35\r\n  orig: 61, 35\r\n  offset: 1, 0\r\n  index: -1\r\neyelid_selected\r\n  rotate: false\r\n  xy: 1082, 43\r\n  size: 60, 35\r\n  orig: 61, 35\r\n  offset: 1, 0\r\n  index: -1\r\niris copy\r\n  rotate: false\r\n  xy: 1020, 3\r\n  size: 39, 38\r\n  orig: 40, 40\r\n  offset: 1, 1\r\n  index: -1\r\niris\r\n  rotate: false\r\n  xy: 1020, 3\r\n  size: 39, 38\r\n  orig: 40, 40\r\n  offset: 1, 1\r\n  index: -1\r\nsantahat\r\n  rotate: true\r\n  xy: 958, 142\r\n  size: 238, 181\r\n  orig: 238, 181\r\n  offset: 0, 0\r\n  index: -1\r\n",["char_0_base_noel.png"],{"skeleton":{"hash":"30U5Q4C5LDM","spine":"3.8-from-4.0-from-4.1-from-4.2.38","images":"C:/Users/006/Desktop/132","audio":"./audio"},"bones":[{"name":"root"},{"name":"body","parent":"root","length":300,"rotation":90},{"name":"body2","parent":"body","length":200,"x":300},{"name":"body3","parent":"body2","length":180,"x":200},{"name":"body4","parent":"body3","length":150,"x":180},{"name":"body5","parent":"body4","length":120,"x":150},{"name":"head","parent":"body5","length":100,"x":120},{"name":"face","parent":"head"},{"name":"iris","parent":"face","x":17.98}],"slots":[{"name":"base/body","bone":"body","attachment":"body"},{"name":"base/eyeball","bone":"face","attachment":"eyeball"},{"name":"base/iris","bone":"iris","attachment":"iris"},{"name":"base/eyelid","bone":"face","attachment":"eyelid"},{"name":"base/eyeclose_r","bone":"face","attachment":"eyeclose_r"},{"name":"base/eyeball copy","bone":"face","attachment":"eyeball copy"},{"name":"base/iris copy","bone":"iris","attachment":"iris copy"},{"name":"base/eyelid copy","bone":"face","attachment":"eyelid copy"},{"name":"base/eyeclose_l","bone":"face","attachment":"eyeclose_l"},{"name":"base_selected/body2","bone":"body","attachment":"body"},{"name":"base_selected/eyeball2","bone":"face","attachment":"eyeball"},{"name":"base_selected/iris2","bone":"iris","attachment":"iris"},{"name":"base_selected/eyelid2","bone":"face","attachment":"eyelid"},{"name":"base_selected/eyeclose_r2","bone":"face","attachment":"eyeclose_r"},{"name":"base_selected/eyeball copy2","bone":"face","attachment":"eyeball copy"},{"name":"base_selected/iris copy2","bone":"iris","attachment":"iris copy"},{"name":"base_selected/eyelid copy2","bone":"face","attachment":"eyelid copy"},{"name":"base_selected/eyeclose_l2","bone":"face","attachment":"eyeclose_l"},{"name":"santahat","bone":"head","attachment":"santahat"}],"skins":[{"name":"default","attachments":{"santahat":{"santahat":{"x":99.86,"y":-19.82,"rotation":-90,"width":238,"height":181}}}},{"name":"base","attachments":{"base/body":{"body":{"type":"mesh","hull":56,"width":188,"height":954,"uvs":[0.76108,0.01018,0.83663,0.02059,0.89442,0.03196,0.92666,0.03992,0.97713,0.05979,0.99573,0.07896,1,0.09761,0.95723,0.12753,0.95723,0.18139,0.95722,0.23525,0.95722,0.28911,0.95721,0.34297,0.95721,0.39683,0.95721,0.4507,0.9572,0.50456,0.9572,0.55842,0.95719,0.61228,0.95719,0.66614,0.95719,0.72,0.95718,0.77386,0.95718,0.82773,0.95718,0.88159,0.95717,0.93545,0.95717,0.98931,0.93693,0.99542,0.89293,0.99907,0.49678,0.99907,0.10063,0.99907,0.07975,0.99706,0.04949,0.99103,0.043,0.98822,0.043,0.9344,0.043,0.88058,0.043,0.82676,0.043,0.77294,0.043,0.71912,0.04299,0.66529,0.04299,0.61147,0.04299,0.55765,0.04299,0.50383,0.04299,0.45001,0.04299,0.39619,0.04299,0.34237,0.04298,0.28855,0.04298,0.23473,0.04298,0.1809,0.04298,0.12708,0.00466,0.10352,0.00438,0.07208,0.04074,0.05012,0.09167,0.0341,0.14998,0.02184,0.2353,0.00982,0.36455,0.00093,0.50079,0.00093,0.63134,0.00093,0.50099,0.60524,0.49977,0.8093,0.50074,0.38875,0.50035,0.49261,0.5002,0.2834,0.50016,0.71329,0.5047,0.07065,0.5007,0.18237,0.49661,0.91983,0.4986,0.12499],"triangles":[23,24,25,27,64,26,64,22,25,64,27,31,27,30,31,22,23,25,28,29,30,26,64,25,27,28,30,22,64,21,31,32,64,64,57,21,64,32,57,21,57,20,32,33,57,20,57,19,33,34,57,57,61,19,57,34,61,19,61,18,34,35,61,18,61,17,35,36,61,61,56,17,61,36,56,17,56,16,36,37,56,16,56,15,37,38,56,38,59,56,56,59,15,15,59,14,38,39,59,14,59,13,39,40,59,59,58,13,59,40,58,13,58,12,40,41,58,12,58,11,41,42,58,42,60,58,58,60,11,11,60,10,42,43,60,10,60,9,43,44,60,60,63,9,60,44,63,65,62,6,62,2,3,6,62,5,4,62,3,62,4,5,62,1,2,62,0,1,65,47,62,49,62,48,62,49,50,62,50,51,62,51,52,52,53,62,53,54,62,62,47,48,62,55,0,62,54,55,9,63,8,44,45,63,45,65,63,8,63,7,7,63,65,6,7,65,45,46,65,46,47,65],"vertices":[2,5,218.54,-54.57,0.0152,6,98.54,-54.57,0.9848,2,5,207.52,-70.36,0.04595,6,87.52,-70.36,0.95405,2,5,195.46,-82.43,0.09051,6,75.46,-82.43,0.90949,2,5,187.03,-89.17,0.12414,6,67.03,-89.17,0.87586,2,5,165.96,-99.72,0.22371,6,45.96,-99.72,0.77629,2,5,145.64,-103.61,0.33428,6,25.64,-103.61,0.66572,3,5,125.88,-104.5,0.45449,6,5.88,-104.5,0.54542,4,275.88,-104.5,0.00009,3,5,94.16,-95.56,0.69962,6,-25.84,-95.56,0.28897,4,244.16,-95.56,0.01141,3,5,37.07,-95.56,0.77727,6,-82.93,-95.56,0.02608,4,187.07,-95.56,0.19665,3,5,-20.03,-95.56,0.33283,4,129.97,-95.56,0.66657,3,309.97,-95.56,0.0006,3,5,-77.12,-95.56,0.04221,4,72.88,-95.56,0.89646,3,252.88,-95.56,0.06133,2,4,15.79,-95.56,0.6162,3,195.79,-95.56,0.3838,2,4,-41.31,-95.56,0.16124,3,138.69,-95.56,0.83876,3,4,-98.4,-95.56,0.00798,3,81.6,-95.56,0.95694,2,281.6,-95.56,0.03508,2,3,24.51,-95.56,0.69978,2,224.51,-95.56,0.30022,2,3,-32.59,-95.56,0.22112,2,167.41,-95.56,0.77888,3,3,-89.68,-95.55,0.01612,2,110.32,-95.55,0.98052,1,410.32,-95.55,0.00336,2,2,53.23,-95.55,0.8874,1,353.23,-95.55,0.1126,2,2,-3.87,-95.55,0.46408,1,296.13,-95.55,0.53592,2,2,-60.96,-95.55,0.07947,1,239.04,-95.55,0.92053,2,2,-118.05,-95.55,0.00068,1,181.95,-95.55,0.99932,1,1,124.86,-95.55,1,1,1,67.76,-95.55,1,1,1,10.67,-95.55,1,1,1,4.2,-91.32,1,1,1,0.32,-82.12,1,1,1,0.33,0.67,1,1,1,0.33,83.47,1,1,1,2.45,87.83,1,1,1,8.84,94.16,1,1,1,11.82,95.51,1,1,1,68.87,95.51,1,1,1,125.92,95.51,1,2,2,-117.02,95.51,0.00078,1,182.98,95.51,0.99922,2,2,-59.97,95.51,0.07907,1,240.03,95.51,0.92093,2,2,-2.92,95.51,0.46553,1,297.08,95.51,0.53447,2,2,54.13,95.51,0.89089,1,354.13,95.51,0.10911,3,3,-88.82,95.51,0.0249,2,111.18,95.51,0.97241,1,411.18,95.51,0.00269,2,3,-31.77,95.51,0.2551,2,168.23,95.51,0.7449,2,3,25.28,95.51,0.73787,2,225.28,95.51,0.26213,3,4,-97.67,95.51,0.00847,3,82.33,95.51,0.96805,2,282.33,95.51,0.02348,2,4,-40.62,95.52,0.1699,3,139.38,95.52,0.8301,3,5,-133.57,95.52,0.00013,4,16.43,95.52,0.6358,3,196.43,95.52,0.36407,3,5,-76.52,95.52,0.04934,4,73.48,95.52,0.90075,3,253.48,95.52,0.04991,2,5,-19.47,95.52,0.34784,4,130.53,95.52,0.65216,3,5,37.58,95.52,0.7829,6,-82.42,95.52,0.02896,4,187.58,95.52,0.18815,3,5,94.63,95.52,0.69017,6,-25.37,95.52,0.2991,4,244.63,95.52,0.01073,3,5,119.6,103.53,0.49687,6,-0.4,103.53,0.50267,4,269.6,103.53,0.00047,2,5,152.93,103.58,0.29146,6,32.93,103.58,0.70854,2,5,176.21,95.98,0.17511,6,56.21,95.98,0.82489,2,5,193.19,85.34,0.10076,6,73.19,85.34,0.89924,2,5,206.19,73.15,0.05169,6,86.19,73.15,0.94831,2,5,218.93,55.32,0.01489,6,98.93,55.32,0.98511,1,6,108.35,28.31,1,1,6,108.35,-0.17,1,1,6,108.36,-27.45,1,1,2,117.79,-0.21,1,1,1,201.48,0.05,1,1,3,147.26,-0.15,1,1,3,37.17,-0.07,1,1,4,78.94,-0.04,1,2,2,3.25,-0.03,0.65654,1,303.25,-0.03,0.34346,1,6,34.45,-0.98,1,1,5,36.03,-0.15,1,1,1,84.32,0.71,1,1,5,96.85,0.29,1],"edges":[0,110,0,2,2,4,4,6,6,8,8,10,10,12,12,14,14,16,16,18,18,20,20,22,22,24,24,26,26,28,28,30,30,32,32,34,34,36,36,38,38,40,40,42,42,44,44,46,46,48,48,50,50,52,52,54,54,56,56,58,58,60,60,62,62,64,64,66,66,68,68,70,70,72,72,74,74,76,76,78,78,80,80,82,82,84,84,86,86,88,88,90,90,92,92,94,94,96,96,98,98,100,100,102,102,104,104,106,106,108,108,110]}},"base/eyeball":{"eyeball":{"x":17.34,"y":38.5,"rotation":-90,"width":61,"height":61}},"base/eyeball copy":{"eyeball copy":{"x":17.34,"y":-37.5,"rotation":-90,"width":61,"height":61}},"base/eyeclose_l":{"eyeclose_l":{"x":17.34,"y":-37.5,"rotation":-90,"width":61,"height":61}},"base/eyeclose_r":{"eyeclose_r":{"x":17.34,"y":38.5,"rotation":-90,"width":61,"height":61}},"base/eyelid":{"eyelid":{"x":31.84,"y":38.5,"rotation":-90,"width":61,"height":35}},"base/eyelid copy":{"eyelid copy":{"x":31.84,"y":-37.5,"rotation":-90,"width":61,"height":35}},"base/iris":{"iris":{"x":-0.64,"y":38.5,"rotation":-90,"width":40,"height":40}},"base/iris copy":{"iris copy":{"x":-0.64,"y":-37.5,"rotation":-90,"width":40,"height":40}}}},{"name":"base_selected","attachments":{"base_selected/body2":{"body":{"type":"mesh","path":"body_selected","hull":56,"width":188,"height":954,"uvs":[0.76108,0.01018,0.83663,0.02059,0.89442,0.03196,0.92666,0.03992,0.97713,0.05979,0.99573,0.07896,1,0.09761,0.95723,0.12753,0.95723,0.18139,0.95722,0.23525,0.95722,0.28911,0.95721,0.34297,0.95721,0.39683,0.95721,0.4507,0.9572,0.50456,0.9572,0.55842,0.95719,0.61228,0.95719,0.66614,0.95719,0.72,0.95718,0.77386,0.95718,0.82773,0.95718,0.88159,0.95717,0.93545,0.95717,0.98931,0.93693,0.99542,0.89293,0.99907,0.49678,0.99907,0.10063,0.99907,0.07975,0.99706,0.04949,0.99103,0.043,0.98822,0.043,0.9344,0.043,0.88058,0.043,0.82676,0.043,0.77294,0.043,0.71912,0.04299,0.66529,0.04299,0.61147,0.04299,0.55765,0.04299,0.50383,0.04299,0.45001,0.04299,0.39619,0.04299,0.34237,0.04298,0.28855,0.04298,0.23473,0.04298,0.1809,0.04298,0.12708,0.00466,0.10352,0.00438,0.07208,0.04074,0.05012,0.09167,0.0341,0.14998,0.02184,0.2353,0.00982,0.36455,0.00093,0.50079,0.00093,0.63134,0.00093,0.50099,0.60524,0.49977,0.8093,0.50074,0.38875,0.50035,0.49261,0.5002,0.2834,0.50016,0.71329,0.5047,0.07065,0.5007,0.18237,0.49661,0.91983,0.4986,0.12499],"triangles":[23,24,25,27,64,26,64,22,25,64,27,31,27,30,31,22,23,25,28,29,30,26,64,25,27,28,30,22,64,21,31,32,64,64,57,21,64,32,57,21,57,20,32,33,57,20,57,19,33,34,57,57,61,19,57,34,61,19,61,18,34,35,61,18,61,17,35,36,61,61,56,17,61,36,56,17,56,16,36,37,56,16,56,15,37,38,56,38,59,56,56,59,15,15,59,14,38,39,59,14,59,13,39,40,59,59,58,13,59,40,58,13,58,12,40,41,58,12,58,11,41,42,58,42,60,58,58,60,11,11,60,10,42,43,60,10,60,9,43,44,60,60,63,9,60,44,63,65,62,6,62,2,3,6,62,5,4,62,3,62,4,5,62,1,2,62,0,1,65,47,62,49,62,48,62,49,50,62,50,51,62,51,52,52,53,62,53,54,62,62,47,48,62,55,0,62,54,55,9,63,8,44,45,63,45,65,63,8,63,7,7,63,65,6,7,65,45,46,65,46,47,65],"vertices":[2,5,218.54,-54.57,0.0152,6,98.54,-54.57,0.9848,2,5,207.52,-70.36,0.04595,6,87.52,-70.36,0.95405,2,5,195.46,-82.43,0.09051,6,75.46,-82.43,0.90949,2,5,187.03,-89.17,0.12414,6,67.03,-89.17,0.87586,2,5,165.96,-99.72,0.22371,6,45.96,-99.72,0.77629,2,5,145.64,-103.61,0.33428,6,25.64,-103.61,0.66572,3,5,125.88,-104.5,0.45449,6,5.88,-104.5,0.54542,4,275.88,-104.5,0.00009,3,5,94.16,-95.56,0.69962,6,-25.84,-95.56,0.28897,4,244.16,-95.56,0.01141,3,5,37.07,-95.56,0.77727,6,-82.93,-95.56,0.02608,4,187.07,-95.56,0.19665,3,5,-20.03,-95.56,0.33283,4,129.97,-95.56,0.66657,3,309.97,-95.56,0.0006,3,5,-77.12,-95.56,0.04221,4,72.88,-95.56,0.89646,3,252.88,-95.56,0.06133,2,4,15.79,-95.56,0.6162,3,195.79,-95.56,0.3838,2,4,-41.31,-95.56,0.16124,3,138.69,-95.56,0.83876,3,4,-98.4,-95.56,0.00798,3,81.6,-95.56,0.95694,2,281.6,-95.56,0.03508,2,3,24.51,-95.56,0.69978,2,224.51,-95.56,0.30022,2,3,-32.59,-95.56,0.22112,2,167.41,-95.56,0.77888,3,3,-89.68,-95.55,0.01612,2,110.32,-95.55,0.98052,1,410.32,-95.55,0.00336,2,2,53.23,-95.55,0.8874,1,353.23,-95.55,0.1126,2,2,-3.87,-95.55,0.46408,1,296.13,-95.55,0.53592,2,2,-60.96,-95.55,0.07947,1,239.04,-95.55,0.92053,2,2,-118.05,-95.55,0.00068,1,181.95,-95.55,0.99932,1,1,124.86,-95.55,1,1,1,67.76,-95.55,1,1,1,10.67,-95.55,1,1,1,4.2,-91.32,1,1,1,0.32,-82.12,1,1,1,0.33,0.67,1,1,1,0.33,83.47,1,1,1,2.45,87.83,1,1,1,8.84,94.16,1,1,1,11.82,95.51,1,1,1,68.87,95.51,1,1,1,125.92,95.51,1,2,2,-117.02,95.51,0.00078,1,182.98,95.51,0.99922,2,2,-59.97,95.51,0.07907,1,240.03,95.51,0.92093,2,2,-2.92,95.51,0.46553,1,297.08,95.51,0.53447,2,2,54.13,95.51,0.89089,1,354.13,95.51,0.10911,3,3,-88.82,95.51,0.0249,2,111.18,95.51,0.97241,1,411.18,95.51,0.00269,2,3,-31.77,95.51,0.2551,2,168.23,95.51,0.7449,2,3,25.28,95.51,0.73787,2,225.28,95.51,0.26213,3,4,-97.67,95.51,0.00847,3,82.33,95.51,0.96805,2,282.33,95.51,0.02348,2,4,-40.62,95.52,0.1699,3,139.38,95.52,0.8301,3,5,-133.57,95.52,0.00013,4,16.43,95.52,0.6358,3,196.43,95.52,0.36407,3,5,-76.52,95.52,0.04934,4,73.48,95.52,0.90075,3,253.48,95.52,0.04991,2,5,-19.47,95.52,0.34784,4,130.53,95.52,0.65216,3,5,37.58,95.52,0.7829,6,-82.42,95.52,0.02896,4,187.58,95.52,0.18815,3,5,94.63,95.52,0.69017,6,-25.37,95.52,0.2991,4,244.63,95.52,0.01073,3,5,119.6,103.53,0.49687,6,-0.4,103.53,0.50267,4,269.6,103.53,0.00047,2,5,152.93,103.58,0.29146,6,32.93,103.58,0.70854,2,5,176.21,95.98,0.17511,6,56.21,95.98,0.82489,2,5,193.19,85.34,0.10076,6,73.19,85.34,0.89924,2,5,206.19,73.15,0.05169,6,86.19,73.15,0.94831,2,5,218.93,55.32,0.01489,6,98.93,55.32,0.98511,1,6,108.35,28.31,1,1,6,108.35,-0.17,1,1,6,108.36,-27.45,1,1,2,117.79,-0.21,1,1,1,201.48,0.05,1,1,3,147.26,-0.15,1,1,3,37.17,-0.07,1,1,4,78.94,-0.04,1,2,2,3.25,-0.03,0.65654,1,303.25,-0.03,0.34346,1,6,34.45,-0.98,1,1,5,36.03,-0.15,1,1,1,84.32,0.71,1,1,5,96.85,0.29,1],"edges":[0,110,0,2,2,4,4,6,6,8,8,10,10,12,12,14,14,16,16,18,18,20,20,22,22,24,24,26,26,28,28,30,30,32,32,34,34,36,36,38,38,40,40,42,42,44,44,46,46,48,48,50,50,52,52,54,54,56,56,58,58,60,60,62,62,64,64,66,66,68,68,70,70,72,72,74,74,76,76,78,78,80,80,82,82,84,84,86,86,88,88,90,90,92,92,94,94,96,96,98,98,100,100,102,102,104,104,106,106,108,108,110]}},"base_selected/eyeball2":{"eyeball":{"path":"eyeball_selected","x":17.34,"y":38.5,"rotation":-90,"width":61,"height":61}},"base_selected/eyeball copy2":{"eyeball copy":{"path":"eyeball_selected","x":17.34,"y":-37.5,"rotation":-90,"width":61,"height":61}},"base_selected/eyeclose_l2":{"eyeclose_l":{"path":"eyeball copy 3_selected","x":17.34,"y":-37.5,"rotation":-90,"width":61,"height":61}},"base_selected/eyeclose_r2":{"eyeclose_r":{"path":"eyeball copy 3_selected","x":17.34,"y":38.5,"rotation":-90,"width":61,"height":61}},"base_selected/eyelid2":{"eyelid":{"path":"eyelid_selected","x":31.84,"y":38.5,"rotation":-90,"width":61,"height":35}},"base_selected/eyelid copy2":{"eyelid copy":{"path":"eyelid_selected","x":31.84,"y":-37.5,"rotation":-90,"width":61,"height":35}},"base_selected/iris2":{"iris":{"x":-0.64,"y":38.5,"rotation":-90,"width":40,"height":40}},"base_selected/iris copy2":{"iris copy":{"x":-0.64,"y":-37.5,"rotation":-90,"width":40,"height":40}}}}],"animations":{"idle":{"slots":{"base/eyeclose_l":{"attachment":[{"name":null},{"time":1.6667,"name":"eyeclose_l"},{"time":1.8,"name":null},{"time":3,"name":"eyeclose_l"},{"time":3.1333,"name":null}]},"base/eyeclose_r":{"attachment":[{"name":null},{"time":1.6667,"name":"eyeclose_r"},{"time":1.8,"name":null},{"time":3,"name":"eyeclose_r"},{"time":3.1333,"name":null}]},"base_selected/eyeclose_l2":{"attachment":[{"name":null},{"time":1.6667,"name":"eyeclose_l"},{"time":1.8,"name":null},{"time":3,"name":"eyeclose_l"},{"time":3.1333,"name":null}]},"base_selected/eyeclose_r2":{"attachment":[{"name":null},{"time":1.6667,"name":"eyeclose_r"},{"time":1.8,"name":null},{"time":3,"name":"eyeclose_r"},{"time":3.1333,"name":null}]}},"bones":{"body2":{"rotate":[{"angle":1.31},{"time":0.6667,"angle":-1.5},{"time":1.3333,"angle":1.31},{"time":2,"angle":-1.5},{"time":2.6667,"angle":1.31},{"time":3.3333,"angle":-1.5},{"time":4,"angle":1.31}]},"body3":{"rotate":[{"angle":0.86},{"time":0.1667,"angle":1.31},{"time":0.8333,"angle":-1.5},{"time":1.3333,"angle":0.86},{"time":1.5,"angle":1.31},{"time":2.1667,"angle":-1.5},{"time":2.6667,"angle":0.86},{"time":2.8333,"angle":1.31},{"time":3.5,"angle":-1.5},{"time":4,"angle":0.86}]},"body4":{"rotate":[{"angle":-0.1},{"time":0.3333,"angle":1.31},{"time":1,"angle":-1.5},{"time":1.3333,"angle":-0.1},{"time":1.6667,"angle":1.31},{"time":2.3333,"angle":-1.5},{"time":2.6667,"angle":-0.1},{"time":3,"angle":1.31},{"time":3.6667,"angle":-1.5},{"time":4,"angle":-0.1}]},"body5":{"rotate":[{"angle":-1.05},{"time":0.5,"angle":1.31},{"time":1.1667,"angle":-1.5},{"time":1.3333,"angle":-1.05},{"time":1.8333,"angle":1.31},{"time":2.5,"angle":-1.5},{"time":2.6667,"angle":-1.05},{"time":3.1667,"angle":1.31},{"time":3.8333,"angle":-1.5},{"time":4,"angle":-1.05}]},"head":{"rotate":[{"angle":-1.5},{"time":0.6667,"angle":1.31},{"time":1.3333,"angle":-1.5},{"time":2,"angle":1.31},{"time":2.6667,"angle":-1.5},{"time":3.3333,"angle":1.31},{"time":4,"angle":-1.5}]},"iris":{"translate":[{"time":0.3333},{"time":0.5,"y":-8.09,"curve":"stepped"},{"time":1.6667,"y":-8.09},{"time":1.9333,"y":8.18,"curve":"stepped"},{"time":3.0667,"y":8.18},{"time":3.3333}]}}},"idle_selected":{"slots":{"base/eyeclose_l":{"attachment":[{"name":null},{"time":1.6667,"name":"eyeclose_l"},{"time":1.8,"name":null},{"time":3,"name":"eyeclose_l"},{"time":3.1333,"name":null}]},"base/eyeclose_r":{"attachment":[{"name":null},{"time":1.6667,"name":"eyeclose_r"},{"time":1.8,"name":null},{"time":3,"name":"eyeclose_r"},{"time":3.1333,"name":null}]},"base_selected/eyeclose_l2":{"attachment":[{"name":null},{"time":1.6667,"name":"eyeclose_l"},{"time":1.8,"name":null},{"time":3,"name":"eyeclose_l"},{"time":3.1333,"name":null}]},"base_selected/eyeclose_r2":{"attachment":[{"name":null},{"time":1.6667,"name":"eyeclose_r"},{"time":1.8,"name":null},{"time":3,"name":"eyeclose_r"},{"time":3.1333,"name":null}]}},"bones":{"body2":{"rotate":[{"angle":1.31},{"time":0.6667,"angle":-1.5},{"time":1.3333,"angle":1.31},{"time":2,"angle":-1.5},{"time":2.6667,"angle":1.31},{"time":3.3333,"angle":-1.5},{"time":4,"angle":1.31}]},"body3":{"rotate":[{"angle":0.86},{"time":0.1667,"angle":1.31},{"time":0.8333,"angle":-1.5},{"time":1.3333,"angle":0.86},{"time":1.5,"angle":1.31},{"time":2.1667,"angle":-1.5},{"time":2.6667,"angle":0.86},{"time":2.8333,"angle":1.31},{"time":3.5,"angle":-1.5},{"time":4,"angle":0.86}],"translate":[{"x":-26.19,"y":0.04},{"time":0.3333},{"time":0.6667,"x":-26.19,"y":0.04},{"time":1},{"time":1.3333,"x":-26.19,"y":0.04},{"time":1.6667},{"time":2,"x":-26.19,"y":0.04},{"time":2.3333},{"time":2.6667,"x":-26.19,"y":0.04},{"time":3},{"time":3.3333,"x":-26.19,"y":0.04},{"time":3.6667},{"time":4,"x":-26.19,"y":0.04}]},"body4":{"rotate":[{"angle":-0.1},{"time":0.3333,"angle":1.31},{"time":1,"angle":-1.5},{"time":1.3333,"angle":-0.1},{"time":1.6667,"angle":1.31},{"time":2.3333,"angle":-1.5},{"time":2.6667,"angle":-0.1},{"time":3,"angle":1.31},{"time":3.6667,"angle":-1.5},{"time":4,"angle":-0.1}]},"body5":{"rotate":[{"angle":-1.05},{"time":0.5,"angle":1.31},{"time":1.1667,"angle":-1.5},{"time":1.3333,"angle":-1.05},{"time":1.8333,"angle":1.31},{"time":2.5,"angle":-1.5},{"time":2.6667,"angle":-1.05},{"time":3.1667,"angle":1.31},{"time":3.8333,"angle":-1.5},{"time":4,"angle":-1.05}]},"head":{"rotate":[{"angle":-1.5},{"time":0.6667,"angle":1.31},{"time":1.3333,"angle":-1.5},{"time":2,"angle":1.31},{"time":2.6667,"angle":-1.5},{"time":3.3333,"angle":1.31},{"time":4,"angle":-1.5}]},"iris":{"translate":[{"time":0.3333},{"time":0.5,"y":-8.09,"curve":"stepped"},{"time":1.6667,"y":-8.09},{"time":1.9333,"y":8.18,"curve":"stepped"},{"time":3.0667,"y":8.18},{"time":3.3333}]}}}}},[0]]],0,0,[0],[-1],[0]]
