[1,["15jmYHndhEFpQffPS8Sq5/@6c48a"],0,[["sp.SkeletonData",["_name","_atlasText","textureNames","_skeletonJson","textures"],-1,3]],[[0,0,1,2,3,4,5]],[[0,"votay","\r\nvotay.png\r\nsize: 366, 276\r\nformat: RGBA8888\r\nfilter: Linear, Linear\r\nrepeat: none\r\n1\r\n  rotate: true\r\n  xy: 223, 2\r\n  size: 33, 31\r\n  orig: 35, 33\r\n  offset: 1, 1\r\n  index: -1\r\n11\r\n  rotate: true\r\n  xy: 2, 9\r\n  size: 265, 179\r\n  orig: 267, 181\r\n  offset: 1, 1\r\n  index: -1\r\n12\r\n  rotate: false\r\n  xy: 183, 120\r\n  size: 111, 154\r\n  orig: 113, 156\r\n  offset: 1, 1\r\n  index: -1\r\n13\r\n  rotate: false\r\n  xy: 233, 49\r\n  size: 50, 69\r\n  orig: 50, 69\r\n  offset: 0, 0\r\n  index: -1\r\n14\r\n  rotate: false\r\n  xy: 183, 37\r\n  size: 48, 81\r\n  orig: 48, 81\r\n  offset: 0, 0\r\n  index: -1\r\n15\r\n  rotate: false\r\n  xy: 256, 2\r\n  size: 67, 45\r\n  orig: 69, 47\r\n  offset: 1, 1\r\n  index: -1\r\n2\r\n  rotate: true\r\n  xy: 296, 162\r\n  size: 55, 53\r\n  orig: 57, 55\r\n  offset: 1, 1\r\n  index: -1\r\n3\r\n  rotate: false\r\n  xy: 325, 8\r\n  size: 39, 41\r\n  orig: 41, 43\r\n  offset: 1, 1\r\n  index: -1\r\n4\r\n  rotate: true\r\n  xy: 296, 219\r\n  size: 55, 54\r\n  orig: 57, 56\r\n  offset: 1, 1\r\n  index: -1\r\n5\r\n  rotate: false\r\n  xy: 285, 51\r\n  size: 53, 67\r\n  orig: 55, 69\r\n  offset: 1, 1\r\n  index: -1\r\n6\r\n  rotate: false\r\n  xy: 183, 2\r\n  size: 38, 33\r\n  orig: 40, 35\r\n  offset: 1, 1\r\n  index: -1\r\n7\r\n  rotate: true\r\n  xy: 296, 122\r\n  size: 38, 36\r\n  orig: 40, 38\r\n  offset: 1, 1\r\n  index: -1\r\n8\r\n  rotate: true\r\n  xy: 334, 123\r\n  size: 37, 25\r\n  orig: 39, 27\r\n  offset: 1, 1\r\n  index: -1\r\n",["votay.png"],{"skeleton":{"hash":"Xs3MHw3HC64","spine":"3.8-from-4.0-from-4.1-from-4.2.38","images":"C:/Users/006/Desktop/222","audio":"../20Track 3/"},"bones":[{"name":"root"},{"name":"bone","parent":"root"},{"name":"11","parent":"bone","length":122.46,"rotation":91.42,"x":-7.33,"y":136.24},{"name":"12","parent":"11","x":90.58,"y":-8.55},{"name":"2","parent":"12","x":-8.17,"y":-40.39},{"name":"1","parent":"2","x":14.14,"y":3.36},{"name":"4","parent":"12","x":-3.51,"y":40.15},{"name":"3","parent":"4","x":7.7,"y":0.07},{"name":"5","parent":"12","length":37.4,"rotation":177.36,"x":-11.71,"y":-1.57},{"name":"6","parent":"11","length":22.5,"rotation":-123.7,"x":27.16,"y":-75.98},{"name":"7","parent":"11","length":25.81,"rotation":122.81,"x":23.79,"y":75.38},{"name":"14","parent":"11","length":32.35,"rotation":3.77,"x":128.94,"y":-22.19},{"name":"15","parent":"14","length":30.03,"rotation":-6.59,"x":32.35},{"name":"13","parent":"11","length":24.63,"rotation":-12.57,"x":137.73,"y":22.28},{"name":"16","parent":"13","length":26.75,"rotation":8.79,"x":24.63},{"name":"8","parent":"11","length":17.44,"rotation":-1.42,"x":206.16,"y":-1.4}],"slots":[{"name":"15","bone":"bone","attachment":"15"},{"name":"14","bone":"14","attachment":"14"},{"name":"13","bone":"13","attachment":"13"},{"name":"12","bone":"bone","attachment":"12"},{"name":"11","bone":"11","attachment":"11"},{"name":"10","bone":"bone"},{"name":"9","bone":"bone"},{"name":"8","bone":"8","attachment":"8"},{"name":"7","bone":"7","attachment":"7"},{"name":"6","bone":"6","attachment":"6"},{"name":"5","bone":"5","attachment":"5"},{"name":"4","bone":"4","attachment":"4"},{"name":"3","bone":"3","attachment":"3"},{"name":"2","bone":"2","attachment":"2"},{"name":"1","bone":"1","attachment":"1"}],"skins":[{"name":"default","attachments":{"1":{"1":{"x":-1.02,"y":-0.16,"rotation":-91.42,"width":35,"height":33}},"2":{"2":{"x":3.05,"y":0.46,"rotation":-91.42,"width":57,"height":55}},"3":{"3":{"x":-2.31,"y":-0.3,"rotation":-91.42,"width":41,"height":43}},"4":{"4":{"x":-0.11,"y":-0.09,"rotation":-91.42,"width":57,"height":56}},"5":{"5":{"x":29.46,"y":-0.18,"rotation":91.22,"width":55,"height":69}},"6":{"6":{"x":17.02,"y":-1.54,"rotation":32.28,"width":40,"height":35}},"7":{"7":{"x":17.54,"y":2.29,"rotation":145.76,"width":40,"height":38}},"8":{"8":{"x":4.52,"y":-0.07,"rotation":-90,"width":39,"height":27}},"11":{"11":{"x":75.52,"y":-6.22,"rotation":-91.42,"width":267,"height":181}},"12":{"12":{"x":-1.99,"y":73.39,"width":113,"height":156}},"13":{"13":{"type":"mesh","hull":10,"width":50,"height":69,"uvs":[1,1,0.5,1,0,1,0,0.66667,0,0.33333,0,0,0.5,0,1,0,1,0.33333,1,0.66667,0.5,0.66667,0.5,0.33333],"triangles":[4,5,6,11,4,6,3,4,11,11,6,7,8,11,7,10,11,8,10,3,11,2,3,10,1,2,10,9,10,8,1,10,9,0,1,9],"vertices":[2,13,-5.46,-29.14,0.99742,14,-34.19,-24.2,0.00258,1,13,-10.29,-4.61,1,2,13,-15.12,19.92,0.99982,14,-36.24,25.76,0.00018,2,13,7.44,24.36,0.82726,14,-13.26,26.7,0.17274,2,13,30.01,28.81,0.20616,14,9.72,27.65,0.79384,2,13,52.58,33.25,0.00044,14,32.7,28.59,0.99956,1,14,33.73,3.61,1,1,14,34.76,-21.37,1,2,13,39.67,-20.25,0.06994,14,11.78,-22.31,0.93006,2,13,17.11,-24.69,0.74793,14,-11.21,-23.26,0.25207,1,13,12.28,-0.17,1,2,13,34.84,4.28,0.00659,14,10.75,2.67,0.99341],"edges":[0,2,2,4,4,6,6,8,8,10,10,12,12,14,14,16,16,18,18,0]}},"14":{"14":{"type":"mesh","hull":14,"width":48,"height":81,"uvs":[1,1,0.5,1,0,1,0,0.8,0,0.6,0,0.4,0,0.2,0,0,0.5,0,1,0,1,0.2,1,0.4,1,0.6,1,0.8,0.5,0.8,0.5,0.6,0.5,0.4,0.5,0.2],"triangles":[6,7,8,17,6,8,5,6,17,16,5,17,4,5,16,17,8,9,10,17,9,16,17,10,11,16,10,15,16,11,15,4,16,3,4,15,14,3,15,2,3,14,1,2,14,12,15,11,14,15,12,13,14,12,1,14,13,0,1,13],"vertices":[1,11,-13.23,-20.76,1,1,11,-11.06,3.14,1,1,11,-8.89,27.05,1,2,11,7.25,25.58,0.99945,12,-27.87,22.53,0.00055,2,11,23.38,24.11,0.88515,12,-11.68,22.92,0.11485,2,11,39.51,22.65,0.36905,12,4.52,23.32,0.63095,2,11,55.65,21.18,0.03338,12,20.71,23.71,0.96662,1,12,36.91,24.11,1,1,12,37.49,0.11,1,1,12,38.08,-23.88,1,2,11,51.3,-26.62,0.04788,12,21.88,-24.27,0.95212,2,11,35.17,-25.16,0.38836,12,5.69,-24.67,0.61164,2,11,19.03,-23.69,0.882,12,-10.51,-25.06,0.118,2,11,2.9,-22.22,0.99929,12,-26.7,-25.46,0.00071,1,11,5.07,1.68,1,1,11,21.21,0.21,1,2,11,37.34,-1.26,0.00963,12,5.1,-0.68,0.99037,2,11,53.47,-2.72,0.00004,12,21.3,-0.28,0.99996],"edges":[0,2,2,4,4,6,6,8,8,10,10,12,12,14,14,16,16,18,18,20,20,22,22,24,24,26,26,0]}},"15":{"15":{"x":68.01,"y":63.89,"width":69,"height":47}}}}],"events":{"1":{},"5.co tay":{"audio":"5.co tay.mp3"}},"animations":{"1_play":{"slots":{"8":{"attachment":[{"name":null},{"time":0.6667,"name":"8"},{"time":0.8,"name":null},{"time":1.9333,"name":"8"},{"time":2.0667,"name":null},{"time":3.1667,"name":"8"},{"time":3.3,"name":null},{"time":4.4667,"name":"8"},{"time":4.6,"name":null},{"time":5.7,"name":"8"},{"time":5.8333,"name":null},{"time":7,"name":"8"},{"time":7.1333,"name":null},{"time":8.2333,"name":"8"},{"time":8.3667,"name":null},{"time":9.5,"name":"8"},{"time":9.6333,"name":null}]}},"bones":{"6":{"rotate":[{"time":0.6667},{"time":0.7333,"angle":30.07},{"time":0.8667,"curve":"stepped"},{"time":1.9333},{"time":2,"angle":30.07},{"time":2.1333,"curve":"stepped"},{"time":3.1667},{"time":3.2333,"angle":30.07},{"time":3.3667,"curve":"stepped"},{"time":4.4667},{"time":4.5333,"angle":30.07},{"time":4.6667,"curve":"stepped"},{"time":5.7},{"time":5.7667,"angle":30.07},{"time":5.9,"curve":"stepped"},{"time":7},{"time":7.0667,"angle":30.07},{"time":7.2,"curve":"stepped"},{"time":8.2333},{"time":8.3,"angle":30.07},{"time":8.4333,"curve":"stepped"},{"time":9.5},{"time":9.5667,"angle":30.07},{"time":9.7}]},"7":{"rotate":[{"time":0.6667},{"time":0.7333,"angle":-25.91},{"time":0.8667,"curve":"stepped"},{"time":1.9333},{"time":2,"angle":-25.91},{"time":2.1333,"curve":"stepped"},{"time":3.1667},{"time":3.2333,"angle":-25.91},{"time":3.3667,"curve":"stepped"},{"time":4.4667},{"time":4.5333,"angle":-25.91},{"time":4.6667,"curve":"stepped"},{"time":5.7},{"time":5.7667,"angle":-25.91},{"time":5.9,"curve":"stepped"},{"time":7},{"time":7.0667,"angle":-25.91},{"time":7.2,"curve":"stepped"},{"time":8.2333},{"time":8.3,"angle":-25.91},{"time":8.4333,"curve":"stepped"},{"time":9.5},{"time":9.5667,"angle":-25.91},{"time":9.7}]},"11":{"translate":[{"time":0.6667},{"time":0.7667,"y":-12.99},{"time":0.9333,"curve":"stepped"},{"time":1.9333},{"time":2.0333,"y":-12.99},{"time":2.2,"curve":"stepped"},{"time":3.1667},{"time":3.2667,"y":-12.99},{"time":3.4333,"curve":"stepped"},{"time":4.4667},{"time":4.5667,"y":-12.99},{"time":4.7333,"curve":"stepped"},{"time":5.7},{"time":5.8,"y":-12.99},{"time":5.9667,"curve":"stepped"},{"time":7},{"time":7.1,"y":-12.99},{"time":7.2667,"curve":"stepped"},{"time":8.2333},{"time":8.3333,"y":-12.99},{"time":8.5,"curve":"stepped"},{"time":9.5},{"time":9.6,"y":-12.99},{"time":9.7667}]},"13":{"rotate":[{"time":0.3333},{"time":0.5667,"angle":18.88},{"time":0.6667,"angle":-14.05},{"time":0.8333,"curve":"stepped"},{"time":1.6},{"time":1.8333,"angle":18.88},{"time":1.9333,"angle":-14.05},{"time":2.1,"curve":"stepped"},{"time":2.8333},{"time":3.0667,"angle":18.88},{"time":3.1667,"angle":-14.05},{"time":3.3333,"curve":"stepped"},{"time":4.1333},{"time":4.3667,"angle":18.88},{"time":4.4667,"angle":-14.05},{"time":4.6333,"curve":"stepped"},{"time":5.3667},{"time":5.6,"angle":18.88},{"time":5.7,"angle":-14.05},{"time":5.8667,"curve":"stepped"},{"time":6.6667},{"time":6.9,"angle":18.88},{"time":7,"angle":-14.05},{"time":7.1667,"curve":"stepped"},{"time":7.9},{"time":8.1333,"angle":18.88},{"time":8.2333,"angle":-14.05},{"time":8.4,"curve":"stepped"},{"time":9.1667},{"time":9.4,"angle":18.88},{"time":9.5,"angle":-14.05},{"time":9.6667}],"translate":[{"time":0.3333},{"time":0.5667,"x":0.22,"y":8.88},{"time":0.6667,"curve":"stepped"},{"time":1.6},{"time":1.8333,"x":0.22,"y":8.88},{"time":1.9333,"curve":"stepped"},{"time":2.8333},{"time":3.0667,"x":0.22,"y":8.88},{"time":3.1667,"curve":"stepped"},{"time":4.1333},{"time":4.3667,"x":0.22,"y":8.88},{"time":4.4667,"curve":"stepped"},{"time":5.3667},{"time":5.6,"x":0.22,"y":8.88},{"time":5.7,"curve":"stepped"},{"time":6.6667},{"time":6.9,"x":0.22,"y":8.88},{"time":7,"curve":"stepped"},{"time":7.9},{"time":8.1333,"x":0.22,"y":8.88},{"time":8.2333,"curve":"stepped"},{"time":9.1667},{"time":9.4,"x":0.22,"y":8.88},{"time":9.5}]},"14":{"rotate":[{"time":0.3333},{"time":0.5667,"angle":-16.34},{"time":0.6667,"angle":18.58},{"time":0.8333,"curve":"stepped"},{"time":1.6},{"time":1.8333,"angle":-16.34},{"time":1.9333,"angle":18.58},{"time":2.1,"curve":"stepped"},{"time":2.8333},{"time":3.0667,"angle":-16.34},{"time":3.1667,"angle":18.58},{"time":3.3333,"curve":"stepped"},{"time":4.1333},{"time":4.3667,"angle":-16.34},{"time":4.4667,"angle":18.58},{"time":4.6333,"curve":"stepped"},{"time":5.3667},{"time":5.6,"angle":-16.34},{"time":5.7,"angle":18.58},{"time":5.8667,"curve":"stepped"},{"time":6.6667},{"time":6.9,"angle":-16.34},{"time":7,"angle":18.58},{"time":7.1667,"curve":"stepped"},{"time":7.9},{"time":8.1333,"angle":-16.34},{"time":8.2333,"angle":18.58},{"time":8.4,"curve":"stepped"},{"time":9.1667},{"time":9.4,"angle":-16.34},{"time":9.5,"angle":18.58},{"time":9.6667}],"translate":[{"time":0.3333},{"time":0.5667,"x":-0.17,"y":-6.83},{"time":0.6667,"curve":"stepped"},{"time":1.6},{"time":1.8333,"x":-0.17,"y":-6.83},{"time":1.9333,"curve":"stepped"},{"time":2.8333},{"time":3.0667,"x":-0.17,"y":-6.83},{"time":3.1667,"curve":"stepped"},{"time":4.1333},{"time":4.3667,"x":-0.17,"y":-6.83},{"time":4.4667,"curve":"stepped"},{"time":5.3667},{"time":5.6,"x":-0.17,"y":-6.83},{"time":5.7,"curve":"stepped"},{"time":6.6667},{"time":6.9,"x":-0.17,"y":-6.83},{"time":7,"curve":"stepped"},{"time":7.9},{"time":8.1333,"x":-0.17,"y":-6.83},{"time":8.2333,"curve":"stepped"},{"time":9.1667},{"time":9.4,"x":-0.17,"y":-6.83},{"time":9.5}]},"15":{"rotate":[{"time":0.5},{"time":0.7333,"angle":-16.34},{"time":0.8333,"angle":-12.45},{"time":1,"curve":"stepped"},{"time":1.7667},{"time":2,"angle":-16.34},{"time":2.1,"angle":-12.45},{"time":2.2667,"curve":"stepped"},{"time":3},{"time":3.2333,"angle":-16.34},{"time":3.3333,"angle":-12.45},{"time":3.5,"curve":"stepped"},{"time":4.3},{"time":4.5333,"angle":-16.34},{"time":4.6333,"angle":-12.45},{"time":4.8,"curve":"stepped"},{"time":5.5333},{"time":5.7667,"angle":-16.34},{"time":5.8667,"angle":-12.45},{"time":6.0333,"curve":"stepped"},{"time":6.8333},{"time":7.0667,"angle":-16.34},{"time":7.1667,"angle":-12.45},{"time":7.3333,"curve":"stepped"},{"time":8.0667},{"time":8.3,"angle":-16.34},{"time":8.4,"angle":-12.45},{"time":8.5667,"curve":"stepped"},{"time":9.3333},{"time":9.5667,"angle":-16.34},{"time":9.6667,"angle":-12.45},{"time":9.8333}]},"16":{"rotate":[{"time":0.5},{"time":0.7333,"angle":18.88},{"time":0.8333,"angle":8.62},{"time":1,"curve":"stepped"},{"time":1.7667},{"time":2,"angle":18.88},{"time":2.1,"angle":8.62},{"time":2.2667,"curve":"stepped"},{"time":3},{"time":3.2333,"angle":18.88},{"time":3.3333,"angle":8.62},{"time":3.5,"curve":"stepped"},{"time":4.3},{"time":4.5333,"angle":18.88},{"time":4.6333,"angle":8.62},{"time":4.8,"curve":"stepped"},{"time":5.5333},{"time":5.7667,"angle":18.88},{"time":5.8667,"angle":8.62},{"time":6.0333,"curve":"stepped"},{"time":6.8333},{"time":7.0667,"angle":18.88},{"time":7.1667,"angle":8.62},{"time":7.3333,"curve":"stepped"},{"time":8.0667},{"time":8.3,"angle":18.88},{"time":8.4,"angle":8.62},{"time":8.5667,"curve":"stepped"},{"time":9.3333},{"time":9.5667,"angle":18.88},{"time":9.6667,"angle":8.62},{"time":9.8333}]},"bone":{"translate":[{"time":10.1}]}},"events":[{"name":"5.co tay"},{"time":0.8333,"name":"1"},{"time":2.1,"name":"1"},{"time":3.3333,"name":"1"},{"time":4.6333,"name":"1"},{"time":5.8667,"name":"1"},{"time":7.1667,"name":"1"},{"time":8.4,"name":"1"},{"time":9.6667,"name":"1"}]},"2_idle":{"bones":{"8":{"scale":[{}]}}}}},[0]]],0,0,[0],[-1],[0]]
