[1,["ddrbnJOHhAYq05VcJak7vQ@6c48a"],0,[["sp.SkeletonData",["_name","_atlasText","textureNames","_skeletonJson","textures"],-1,3]],[[0,0,1,2,3,4,5]],[[0,"char_17_pulse_insom","\r\nchar_17_pulse_insom.png\r\nsize: 1193, 298\r\nformat: RGBA8888\r\nfilter: Linear, Linear\r\nrepeat: none\r\nbody_pulse_new\r\n  rotate: true\r\n  xy: 2, 2\r\n  size: 294, 966\r\n  orig: 294, 966\r\n  offset: 0, 0\r\n  index: -1\r\nhat\r\n  rotate: false\r\n  xy: 970, 102\r\n  size: 221, 194\r\n  orig: 221, 194\r\n  offset: 0, 0\r\n  index: -1\r\npulse_off\r\n  rotate: false\r\n  xy: 970, 2\r\n  size: 185, 10\r\n  orig: 185, 10\r\n  offset: 0, 0\r\n  index: -1\r\npulse_on\r\n  rotate: false\r\n  xy: 970, 14\r\n  size: 185, 86\r\n  orig: 185, 86\r\n  offset: 0, 0\r\n  index: -1\r\n",["char_17_pulse_insom.png"],{"skeleton":{"hash":"m9HgRuapUnU","spine":"3.8-from-4.0-from-4.1-from-4.2.38","images":"C:/Users/006/Desktop/132","audio":"./audio"},"bones":[{"name":"root"},{"name":"pulse_on","parent":"root","y":971.02}],"slots":[{"name":"body_pulse_new","bone":"root","attachment":"body_pulse_new"},{"name":"hat","bone":"root","attachment":"hat"},{"name":"pulse_on","bone":"pulse_on","attachment":"pulse_off"}],"skins":[{"name":"default","attachments":{"body_pulse_new":{"body_pulse_new":{"y":538.81,"width":294,"height":966}},"hat":{"hat":{"y":1168.78,"width":221,"height":194}},"pulse_on":{"pulse_off":{"width":185,"height":10},"pulse_on":{"y":19.24,"width":185,"height":86}}}}],"events":{"17_pulse_insom":{"audio":"17_pulse_insom.ogg"}},"animations":{"idle":{},"play":{"slots":{"pulse_on":{"attachment":[{"name":"pulse_on"},{"time":0.1,"name":"pulse_off"},{"time":1.2,"name":"pulse_on"},{"time":1.3,"name":"pulse_off"},{"time":2.4,"name":"pulse_on"},{"time":2.5,"name":"pulse_off"},{"time":3,"name":"pulse_on"},{"time":3.1,"name":"pulse_off"},{"time":3.6,"name":"pulse_on"},{"time":3.7,"name":"pulse_off"},{"time":4.2,"name":"pulse_on"},{"time":4.3,"name":"pulse_off"},{"time":4.8,"name":"pulse_on"},{"time":4.9,"name":"pulse_off"},{"time":5.1333,"name":"pulse_on"},{"time":5.2333,"name":"pulse_off"},{"time":5.4667,"name":"pulse_on"},{"time":5.5667,"name":"pulse_off"},{"time":5.8,"name":"pulse_on"},{"time":5.9,"name":"pulse_off"},{"time":6.1333,"name":"pulse_on"},{"time":6.2333,"name":"pulse_off"},{"time":6.4667,"name":"pulse_on"},{"time":6.5667,"name":"pulse_off"},{"time":6.8,"name":"pulse_on"},{"time":6.9,"name":"pulse_off"},{"time":7.1333,"name":"pulse_on"},{"time":7.2333,"name":"pulse_off"},{"time":7.3333,"name":"pulse_on"},{"time":7.4333,"name":"pulse_off"},{"time":7.5,"name":"pulse_on"},{"time":7.6,"name":"pulse_off"},{"time":7.6667,"name":"pulse_on"},{"time":7.7667,"name":"pulse_off"},{"time":7.8333,"name":"pulse_on"},{"time":7.9333,"name":"pulse_off"},{"time":8,"name":"pulse_on"},{"time":8.1,"name":"pulse_off"},{"time":8.1667,"name":"pulse_on"},{"time":8.2667,"name":"pulse_off"},{"time":9.6,"name":"pulse_off"}]}},"bones":{"pulse_on":{"scale":[{"time":0.0333,"curve":"stepped"},{"time":0.0667,"y":0.5,"curve":"stepped"},{"time":0.1,"curve":"stepped"},{"time":1.2333,"curve":"stepped"},{"time":1.2667,"y":0.5,"curve":"stepped"},{"time":1.3,"curve":"stepped"},{"time":2.4333,"curve":"stepped"},{"time":2.4667,"y":0.5,"curve":"stepped"},{"time":2.5,"curve":"stepped"},{"time":3.0333,"curve":"stepped"},{"time":3.0667,"y":0.5,"curve":"stepped"},{"time":3.1,"curve":"stepped"},{"time":3.6333,"curve":"stepped"},{"time":3.6667,"y":0.5,"curve":"stepped"},{"time":3.7,"curve":"stepped"},{"time":4.2333,"curve":"stepped"},{"time":4.2667,"y":0.5,"curve":"stepped"},{"time":4.3,"curve":"stepped"},{"time":4.8333,"curve":"stepped"},{"time":4.8667,"y":0.5,"curve":"stepped"},{"time":4.9,"curve":"stepped"},{"time":5.1667,"curve":"stepped"},{"time":5.2,"y":0.5,"curve":"stepped"},{"time":5.2333,"curve":"stepped"},{"time":5.5,"curve":"stepped"},{"time":5.5333,"y":0.5,"curve":"stepped"},{"time":5.5667,"curve":"stepped"},{"time":5.8333,"curve":"stepped"},{"time":5.8667,"y":0.5,"curve":"stepped"},{"time":5.9,"curve":"stepped"},{"time":6.1667,"curve":"stepped"},{"time":6.2,"y":0.5,"curve":"stepped"},{"time":6.2333,"curve":"stepped"},{"time":6.5,"curve":"stepped"},{"time":6.5333,"y":0.5,"curve":"stepped"},{"time":6.5667,"curve":"stepped"},{"time":6.8333,"curve":"stepped"},{"time":6.8667,"y":0.5,"curve":"stepped"},{"time":6.9,"curve":"stepped"},{"time":7.1667,"curve":"stepped"},{"time":7.2,"y":0.5,"curve":"stepped"},{"time":7.2333,"curve":"stepped"},{"time":7.3667,"curve":"stepped"},{"time":7.4,"y":0.5,"curve":"stepped"},{"time":7.4333,"curve":"stepped"},{"time":7.5333,"curve":"stepped"},{"time":7.5667,"y":0.5,"curve":"stepped"},{"time":7.6,"curve":"stepped"},{"time":7.7,"curve":"stepped"},{"time":7.7333,"y":0.5,"curve":"stepped"},{"time":7.7667,"curve":"stepped"},{"time":7.8667,"curve":"stepped"},{"time":7.9,"y":0.5,"curve":"stepped"},{"time":7.9333,"curve":"stepped"},{"time":8.0333,"curve":"stepped"},{"time":8.0667,"y":0.5,"curve":"stepped"},{"time":8.1,"curve":"stepped"},{"time":8.2,"curve":"stepped"},{"time":8.2333,"y":0.5,"curve":"stepped"},{"time":8.2667}]}},"events":[{"name":"17_pulse_insom"}]}}},[0]]],0,0,[0],[-1],[0]]
