[1,["caa2yFGVVGGoArO9ighFLS@6c48a"],0,[["sp.SkeletonData",["_name","_atlasText","textureNames","_skeletonJson","textures"],-1,3]],[[0,0,1,2,3,4,5]],[[0,"Sound_2_Grey","\r\nSound_2_Grey.png\r\nsize: 958, 560\r\nformat: RGBA8888\r\nfilter: Linear, Linear\r\nrepeat: none\r\n1\r\n  rotate: true\r\n  xy: 2, 374\r\n  size: 184, 255\r\n  orig: 184, 267\r\n  offset: 0, 3\r\n  index: -1\r\n10\r\n  rotate: true\r\n  xy: 259, 374\r\n  size: 184, 252\r\n  orig: 184, 267\r\n  offset: 0, 3\r\n  index: -1\r\n11\r\n  rotate: true\r\n  xy: 513, 374\r\n  size: 184, 257\r\n  orig: 184, 267\r\n  offset: 0, 3\r\n  index: -1\r\n12\r\n  rotate: false\r\n  xy: 772, 309\r\n  size: 184, 249\r\n  orig: 184, 267\r\n  offset: 0, 3\r\n  index: -1\r\n2\r\n  rotate: true\r\n  xy: 2, 188\r\n  size: 184, 252\r\n  orig: 184, 267\r\n  offset: 0, 3\r\n  index: -1\r\n3\r\n  rotate: true\r\n  xy: 256, 188\r\n  size: 184, 255\r\n  orig: 184, 267\r\n  offset: 0, 3\r\n  index: -1\r\n7\r\n  rotate: true\r\n  xy: 256, 188\r\n  size: 184, 255\r\n  orig: 184, 267\r\n  offset: 0, 3\r\n  index: -1\r\n4\r\n  rotate: true\r\n  xy: 513, 188\r\n  size: 184, 257\r\n  orig: 184, 267\r\n  offset: 0, 3\r\n  index: -1\r\n5\r\n  rotate: false\r\n  xy: 772, 57\r\n  size: 184, 250\r\n  orig: 184, 267\r\n  offset: 0, 3\r\n  index: -1\r\n6\r\n  rotate: true\r\n  xy: 2, 2\r\n  size: 184, 255\r\n  orig: 184, 267\r\n  offset: 0, 3\r\n  index: -1\r\n8\r\n  rotate: true\r\n  xy: 259, 2\r\n  size: 184, 254\r\n  orig: 184, 267\r\n  offset: 0, 3\r\n  index: -1\r\n9\r\n  rotate: true\r\n  xy: 515, 2\r\n  size: 184, 254\r\n  orig: 184, 267\r\n  offset: 0, 3\r\n  index: -1\r\n",["Sound_2_Grey.png"],{"skeleton":{"hash":"34kxWtFnRZU","spine":"3.8-from-4.0-from-4.1-from-4.2.38","images":"C:\\Users\\006\\Desktop\\222","audio":"./audio"},"bones":[{"name":"root"}],"slots":[{"name":"1","bone":"root"},{"name":"2","bone":"root","attachment":"2"},{"name":"3","bone":"root"},{"name":"4","bone":"root"},{"name":"5","bone":"root"},{"name":"6","bone":"root"},{"name":"7","bone":"root"},{"name":"8","bone":"root"},{"name":"9","bone":"root"},{"name":"10","bone":"root"},{"name":"11","bone":"root"},{"name":"12","bone":"root"}],"skins":[{"name":"default","attachments":{"1":{"1":{"x":-1.52,"y":129.28,"width":184,"height":267}},"2":{"2":{"x":-1.18,"y":128.82,"width":184,"height":267}},"3":{"3":{"x":-1.07,"y":128.52,"width":184,"height":267}},"4":{"4":{"x":-1.18,"y":128.82,"width":184,"height":267}},"5":{"5":{"x":-1.33,"y":128.64,"width":184,"height":267}},"6":{"6":{"x":-1.44,"y":128.46,"width":184,"height":267}},"7":{"7":{"x":-1.4,"y":128.28,"width":184,"height":267}},"8":{"8":{"x":-1.54,"y":128.28,"width":184,"height":267}},"9":{"9":{"x":-1.12,"y":128.1,"width":184,"height":267}},"10":{"10":{"x":-1.26,"y":128.46,"width":184,"height":267}},"11":{"11":{"x":-1.43,"y":128.28,"width":184,"height":267}},"12":{"12":{"x":-1.3,"y":128.28,"width":184,"height":267}}}}],"animations":{"Sound_1":{"slots":{"2":{"attachment":[{"time":0.1667,"name":null},{"time":4.8,"name":"2"}]},"4":{"attachment":[{"time":0.1667,"name":"4"},{"time":0.3,"name":null},{"time":0.4667,"name":"4"},{"time":0.6333,"name":null},{"time":0.7667,"name":"4"},{"time":0.9333,"name":null},{"time":1.0667,"name":"4"},{"time":1.2,"name":null},{"time":1.3667,"name":"4"},{"time":1.5,"name":null},{"time":2.6333,"name":"4"},{"time":2.7667,"name":null},{"time":2.9333,"name":"4"},{"time":3.1,"name":null},{"time":3.2333,"name":"4"},{"time":3.4,"name":null},{"time":3.5667,"name":"4"},{"time":3.7,"name":null},{"time":3.8667,"name":"4"},{"time":4,"name":null}]},"5":{"attachment":[{"time":4.3333,"name":"5"},{"time":4.5,"name":null}]},"6":{"attachment":[{"time":2.4667,"name":"6"},{"time":2.6333,"name":null},{"time":4,"name":"6"},{"time":4.1667,"name":null},{"time":4.6667,"name":"6"},{"time":4.8,"name":null}]},"7":{"attachment":[{"time":0.3,"name":"7"},{"time":0.4667,"name":null},{"time":0.6333,"name":"7"},{"time":0.7667,"name":null},{"time":0.9333,"name":"7"},{"time":1.0667,"name":null},{"time":1.2,"name":"7"},{"time":1.3667,"name":null},{"time":1.5,"name":"7"},{"time":2.3,"name":null},{"time":2.7667,"name":"7"},{"time":2.9333,"name":null},{"time":3.1,"name":"7"},{"time":3.2333,"name":null},{"time":3.4,"name":"7"},{"time":3.5667,"name":null},{"time":3.7,"name":"7"},{"time":3.8667,"name":null}]},"8":{"attachment":[{"time":4.5,"name":"8"},{"time":4.6667,"name":null}]},"12":{"attachment":[{"time":2.3,"name":"12"},{"time":2.4667,"name":null},{"time":4.1667,"name":"12"},{"time":4.3333,"name":null}]}}},"Sound_2":{"slots":{"1":{"attachment":[{"time":2.7667,"name":"1"},{"time":2.9333,"name":null},{"time":3.1,"name":"1"},{"time":3.2333,"name":null},{"time":3.4,"name":"1"},{"time":3.5667,"name":null},{"time":3.7,"name":"1"},{"time":3.8667,"name":null},{"time":4,"name":"1"},{"time":4.1667,"name":null}]},"2":{"attachment":[{"time":0.1667,"name":null},{"time":4.8,"name":"2"}]},"4":{"attachment":[{"time":0.1667,"name":"4"},{"time":0.3,"name":null},{"time":0.4667,"name":"4"},{"time":0.6333,"name":null},{"time":0.7667,"name":"4"},{"time":0.9333,"name":null},{"time":1.0667,"name":"4"},{"time":1.2,"name":null},{"time":1.3667,"name":"4"},{"time":1.5,"name":null}]},"5":{"attachment":[{"time":4.3333,"name":"5"},{"time":4.5,"name":null}]},"6":{"attachment":[{"time":2.4667,"name":"6"},{"time":2.6333,"name":null},{"time":4.6667,"name":"6"},{"time":4.8,"name":null}]},"7":{"attachment":[{"time":0.3,"name":"7"},{"time":0.4667,"name":null},{"time":0.6333,"name":"7"},{"time":0.7667,"name":null},{"time":0.9333,"name":"7"},{"time":1.0667,"name":null},{"time":1.2,"name":"7"},{"time":1.3667,"name":null},{"time":1.5,"name":"7"},{"time":2.3,"name":null}]},"8":{"attachment":[{"time":4.5,"name":"8"},{"time":4.6667,"name":null}]},"11":{"attachment":[{"time":2.6333,"name":"11"},{"time":2.7667,"name":null},{"time":2.9333,"name":"11"},{"time":3.1,"name":null},{"time":3.2333,"name":"11"},{"time":3.4,"name":null},{"time":3.5667,"name":"11"},{"time":3.7,"name":null},{"time":3.8667,"name":"11"},{"time":4,"name":null}]},"12":{"attachment":[{"time":2.3,"name":"12"},{"time":2.4667,"name":null},{"time":4.1667,"name":"12"},{"time":4.3333,"name":null}]}}}}},[0]]],0,0,[0],[-1],[0]]
