[1,["e3pWkqAeREBITOz8nqc8fd@6c48a"],0,[["sp.SkeletonData",["_name","_atlasText","textureNames","_skeletonJson","textures"],-1,3]],[[0,0,1,2,3,4,5]],[[0,"Sound_H_Pin","\r\nSound_H_Pin.png\r\nsize: 708, 425\r\nformat: RGBA8888\r\nfilter: Linear, Linear\r\nrepeat: none\r\n1\r\n  rotate: true\r\n  xy: 2, 284\r\n  size: 139, 234\r\n  orig: 159, 295\r\n  offset: 10, 20\r\n  index: -1\r\n2\r\n  rotate: true\r\n  xy: 238, 284\r\n  size: 139, 233\r\n  orig: 159, 295\r\n  offset: 10, 20\r\n  index: -1\r\n3\r\n  rotate: true\r\n  xy: 473, 284\r\n  size: 139, 232\r\n  orig: 159, 295\r\n  offset: 10, 20\r\n  index: -1\r\n4\r\n  rotate: true\r\n  xy: 2, 143\r\n  size: 139, 233\r\n  orig: 159, 295\r\n  offset: 10, 20\r\n  index: -1\r\n5\r\n  rotate: true\r\n  xy: 237, 143\r\n  size: 139, 233\r\n  orig: 159, 295\r\n  offset: 10, 20\r\n  index: -1\r\n6\r\n  rotate: true\r\n  xy: 472, 143\r\n  size: 139, 234\r\n  orig: 159, 295\r\n  offset: 10, 20\r\n  index: -1\r\n7\r\n  rotate: true\r\n  xy: 2, 2\r\n  size: 139, 233\r\n  orig: 159, 295\r\n  offset: 10, 20\r\n  index: -1\r\n8\r\n  rotate: true\r\n  xy: 237, 2\r\n  size: 139, 234\r\n  orig: 159, 295\r\n  offset: 10, 20\r\n  index: -1\r\n9\r\n  rotate: true\r\n  xy: 473, 2\r\n  size: 139, 233\r\n  orig: 159, 295\r\n  offset: 10, 20\r\n  index: -1\r\n",["Sound_H_Pin.png"],{"skeleton":{"hash":"Kax9eH4A2h8","spine":"3.8-from-4.0-from-4.1-from-4.2.37","x":-79.5,"y":-20.03,"width":159,"height":295,"images":"C:\\Users\\006\\Desktop\\111","audio":"./audio"},"bones":[{"name":"root"},{"name":"bone","parent":"root","x":-0.62,"y":-22.27}],"slots":[{"name":"1","bone":"bone","attachment":"1"},{"name":"2","bone":"bone"},{"name":"3","bone":"bone"},{"name":"4","bone":"bone"},{"name":"5","bone":"bone"},{"name":"6","bone":"bone"},{"name":"7","bone":"bone"},{"name":"8","bone":"bone"},{"name":"9","bone":"bone"}],"skins":[{"name":"default","attachments":{"1":{"1":{"x":0.62,"y":149.74,"width":159,"height":295}},"2":{"2":{"x":0.62,"y":149.74,"width":159,"height":295}},"3":{"3":{"x":0.62,"y":149.74,"width":159,"height":295}},"4":{"4":{"x":0.62,"y":149.74,"width":159,"height":295}},"5":{"5":{"x":0.62,"y":149.74,"width":159,"height":295}},"6":{"6":{"x":0.62,"y":149.74,"width":159,"height":295}},"7":{"7":{"x":0.62,"y":149.74,"width":159,"height":295}},"8":{"8":{"x":0.62,"y":149.74,"width":159,"height":295}},"9":{"9":{"x":0.62,"y":149.74,"width":159,"height":295}}}}],"animations":{"Sound_1":{"slots":{"1":{"attachment":[{"name":null},{"time":0.2,"name":"1"},{"time":0.3333,"name":null},{"time":1.9333,"name":"1"},{"time":2.0667,"name":null},{"time":3.6667,"name":"1"},{"time":3.8,"name":null},{"time":5.4,"name":"1"},{"time":5.5333,"name":null}]},"2":{"attachment":[{"time":1.0667,"name":"2"},{"time":1.2,"name":null},{"time":2.8,"name":"2"},{"time":2.9333,"name":null},{"time":4.5333,"name":"2"},{"time":4.6667,"name":null},{"time":6.2667,"name":"2"},{"time":6.4,"name":null}]},"3":{"attachment":[{"time":0.7667,"name":"3"},{"time":1.0667,"name":null},{"time":2.5,"name":"3"},{"time":2.8,"name":null},{"time":4.2333,"name":"3"},{"time":4.5333,"name":null},{"time":5.9667,"name":"3"},{"time":6.2667,"name":null}]},"4":{"attachment":[{"time":1.5,"name":"4"},{"time":1.6333,"name":null},{"time":3.2333,"name":"4"},{"time":3.3667,"name":null},{"time":4.9667,"name":"4"},{"time":5.1,"name":null},{"time":6.7667,"name":"4"},{"time":6.9,"name":null}]},"5":{"attachment":[{"time":0.6333,"name":"5"},{"time":0.7667,"name":null},{"time":2.3667,"name":"5"},{"time":2.5,"name":null},{"time":4.1,"name":"5"},{"time":4.2333,"name":null},{"time":5.8333,"name":"5"},{"time":5.9667,"name":null}]},"6":{"attachment":[{"time":0.3333,"name":"6"},{"time":0.6333,"name":null},{"time":2.0667,"name":"6"},{"time":2.3667,"name":null},{"time":3.8,"name":"6"},{"time":4.1,"name":null},{"time":5.5333,"name":"6"},{"time":5.8333,"name":null}]},"7":{"attachment":[{"name":"7"},{"time":0.2,"name":null},{"time":1.6333,"name":"7"},{"time":1.9333,"name":null},{"time":3.3667,"name":"7"},{"time":3.6667,"name":null},{"time":5.1,"name":"7"},{"time":5.4,"name":null},{"time":6.9,"name":"7"}]},"8":{"attachment":[{"time":1.2,"name":"8"},{"time":1.5,"name":null},{"time":2.9333,"name":"8"},{"time":3.2333,"name":null},{"time":4.6667,"name":"8"},{"time":4.9667,"name":null},{"time":6.4,"name":"8"},{"time":6.7667,"name":null}]}}},"Sound_2":{"slots":{"1":{"attachment":[{"name":null},{"time":0.2,"name":"1"},{"time":0.3333,"name":null},{"time":1.9333,"name":"1"},{"time":2.0667,"name":null},{"time":3.6667,"name":"1"},{"time":3.8,"name":null},{"time":5.4,"name":"1"},{"time":5.5333,"name":null}]},"2":{"attachment":[{"time":1.0667,"name":"2"},{"time":1.2,"name":null},{"time":2.8,"name":"2"},{"time":2.9333,"name":null},{"time":4.5333,"name":"2"},{"time":4.6667,"name":null},{"time":6.2667,"name":"2"},{"time":6.4,"name":null}]},"3":{"attachment":[{"time":0.7667,"name":"3"},{"time":1.0667,"name":null},{"time":2.5,"name":"3"},{"time":2.8,"name":null},{"time":4.2333,"name":"3"},{"time":4.5333,"name":null},{"time":5.9667,"name":"3"},{"time":6.2667,"name":null}]},"4":{"attachment":[{"time":1.5,"name":"4"},{"time":1.6333,"name":null},{"time":3.2333,"name":"4"},{"time":3.3667,"name":null},{"time":4.9667,"name":"4"},{"time":5.1,"name":null},{"time":6.7667,"name":"4"},{"time":6.9,"name":null}]},"5":{"attachment":[{"time":0.6333,"name":"5"},{"time":0.7667,"name":null},{"time":2.3667,"name":"5"},{"time":2.5,"name":null},{"time":4.1,"name":"5"},{"time":4.2333,"name":null},{"time":5.8333,"name":"5"},{"time":5.9667,"name":null}]},"6":{"attachment":[{"time":0.3333,"name":"6"},{"time":0.6333,"name":null},{"time":2.0667,"name":"6"},{"time":2.3667,"name":null},{"time":3.8,"name":"6"},{"time":4.1,"name":null},{"time":5.5333,"name":"6"},{"time":5.8333,"name":null}]},"7":{"attachment":[{"name":"7"},{"time":0.2,"name":null},{"time":1.6333,"name":"7"},{"time":1.9333,"name":null},{"time":3.3667,"name":"7"},{"time":3.6667,"name":null},{"time":5.1,"name":"7"},{"time":5.4,"name":null},{"time":6.9,"name":"7"}]},"8":{"attachment":[{"time":1.2,"name":"8"},{"time":1.5,"name":null},{"time":2.9333,"name":"8"},{"time":3.2333,"name":null},{"time":4.6667,"name":"8"},{"time":4.9667,"name":null},{"time":6.4,"name":"8"},{"time":6.7667,"name":null}]}}}}},[0]]],0,0,[0],[-1],[0]]
