[1,["c4x/ydai1IxKA+iulNJpN2@6c48a"],0,[["sp.SkeletonData",["_name","_atlasText","textureNames","_skeletonJson","textures"],-1,3]],[[0,0,1,2,3,4,5]],[[0,"Sound_H_Tree","\r\nSound_H_Tree.png\r\nsize: 275, 409\r\nformat: RGBA8888\r\nfilter: Linear, Linear\r\nrepeat: none\r\n1\r\n  rotate: false\r\n  xy: 2, 2\r\n  size: 271, 405\r\n  orig: 271, 405\r\n  offset: 0, 0\r\n  index: -1\r\n",["Sound_H_Tree.png"],{"skeleton":{"hash":"D98UEC0q/Xg","spine":"3.8-from-4.0-from-4.1-from-4.2.37","x":-88.45,"y":0.1,"width":184.88,"height":276.29,"images":"C:\\Users\\006\\Desktop\\111","audio":"./audio"},"bones":[{"name":"root"},{"name":"bone","parent":"root","x":4.07,"y":-35.8,"scaleX":0.6822,"scaleY":0.6822}],"slots":[{"name":"1","bone":"bone","attachment":"1"}],"skins":[{"name":"default","attachments":{"1":{"1":{"x":-0.12,"y":255.13,"width":271,"height":405}}}}],"animations":{"Sound_1":{"bones":{"bone":{"scale":[{"time":6.9}]}}},"Sound_2":{"bones":{"bone":{"scale":[{"time":6.9}]}}}}},[0]]],0,0,[0],[-1],[0]]
