[1,["c9YVbMp/BO37+DZdIBJOt0@6c48a"],0,[["sp.SkeletonData",["_name","_atlasText","textureNames","_skeletonJson","textures"],-1,3]],[[0,0,1,2,3,4,5]],[[0,"Sound_R_Navi","\r\nSound_R_Navi.png\r\nsize: 1310, 312\r\nformat: RGBA8888\r\nfilter: Linear, Linear\r\nrepeat: none\r\n1\r\n  rotate: true\r\n  xy: 2, 157\r\n  size: 153, 260\r\n  orig: 153, 260\r\n  offset: 0, 0\r\n  index: -1\r\n10\r\n  rotate: true\r\n  xy: 264, 157\r\n  size: 153, 258\r\n  orig: 153, 258\r\n  offset: 0, 0\r\n  index: -1\r\n2\r\n  rotate: true\r\n  xy: 524, 157\r\n  size: 153, 258\r\n  orig: 153, 258\r\n  offset: 0, 0\r\n  index: -1\r\n3\r\n  rotate: true\r\n  xy: 784, 157\r\n  size: 153, 263\r\n  orig: 153, 263\r\n  offset: 0, 0\r\n  index: -1\r\n4\r\n  rotate: true\r\n  xy: 1049, 157\r\n  size: 153, 259\r\n  orig: 153, 259\r\n  offset: 0, 0\r\n  index: -1\r\n5\r\n  rotate: true\r\n  xy: 2, 2\r\n  size: 153, 260\r\n  orig: 153, 260\r\n  offset: 0, 0\r\n  index: -1\r\n6\r\n  rotate: true\r\n  xy: 264, 2\r\n  size: 153, 258\r\n  orig: 153, 258\r\n  offset: 0, 0\r\n  index: -1\r\n7\r\n  rotate: true\r\n  xy: 524, 2\r\n  size: 153, 260\r\n  orig: 153, 260\r\n  offset: 0, 0\r\n  index: -1\r\n8\r\n  rotate: true\r\n  xy: 786, 2\r\n  size: 153, 261\r\n  orig: 153, 261\r\n  offset: 0, 0\r\n  index: -1\r\n9\r\n  rotate: true\r\n  xy: 1049, 2\r\n  size: 153, 257\r\n  orig: 153, 257\r\n  offset: 0, 0\r\n  index: -1\r\n",["Sound_R_Navi.png"],{"skeleton":{"hash":"uOJdfLsqslU","spine":"3.8-from-4.0-from-4.1-from-4.2.37","x":-76.5,"y":0.2,"width":153,"height":258,"images":"C:\\Users\\006\\Desktop\\111","audio":"./audio"},"bones":[{"name":"root"},{"name":"bone","parent":"root","x":-0.38,"y":-13.83}],"slots":[{"name":"1","bone":"bone"},{"name":"2","bone":"bone","attachment":"2"},{"name":"3","bone":"bone"},{"name":"4","bone":"bone"},{"name":"5","bone":"bone"},{"name":"6","bone":"bone"},{"name":"7","bone":"bone"},{"name":"8","bone":"bone"},{"name":"9","bone":"bone"},{"name":"10","bone":"bone"}],"skins":[{"name":"default","attachments":{"1":{"1":{"x":0.38,"y":144.37,"width":153,"height":260}},"2":{"2":{"x":0.38,"y":143.03,"width":153,"height":258}},"3":{"3":{"x":0.38,"y":145.57,"width":153,"height":263}},"4":{"4":{"x":0.38,"y":143.7,"width":153,"height":259}},"5":{"5":{"x":0.38,"y":144.22,"width":153,"height":260}},"6":{"6":{"x":0.38,"y":143.7,"width":153,"height":258}},"7":{"7":{"x":0.38,"y":144.44,"width":153,"height":260}},"8":{"8":{"x":0.38,"y":144.82,"width":153,"height":261}},"9":{"9":{"x":0.38,"y":143.36,"width":153,"height":257}},"10":{"10":{"x":0.38,"y":143.29,"width":153,"height":258}}}}],"animations":{"Sound_1":{"slots":{"2":{"attachment":[{"time":1.7333,"name":null},{"time":4.8,"name":"2"}]},"4":{"attachment":[{"time":1.7333,"name":"4"},{"time":2,"name":null},{"time":4.2667,"name":"4"},{"time":4.5333,"name":null}]},"5":{"attachment":[{"time":2.9,"name":"5"},{"time":4.2667,"name":null}]},"8":{"attachment":[{"time":2.4667,"name":"8"},{"time":2.9,"name":null}]},"10":{"attachment":[{"time":2,"name":"10"},{"time":2.4667,"name":null},{"time":4.5333,"name":"10"},{"time":4.8,"name":null}]}}},"Sound_2":{"slots":{"2":{"attachment":[{"time":1.7333,"name":null},{"time":4.8,"name":"2"}]},"4":{"attachment":[{"time":1.7333,"name":"4"},{"time":2,"name":null},{"time":4.4667,"name":"4"},{"time":4.6667,"name":null}]},"5":{"attachment":[{"time":2.9,"name":"5"},{"time":3.5,"name":null}]},"8":{"attachment":[{"time":2.4667,"name":"8"},{"time":2.9,"name":null},{"time":3.5,"name":"8"},{"time":4.4667,"name":null}]},"10":{"attachment":[{"time":2,"name":"10"},{"time":2.4667,"name":null},{"time":4.6667,"name":"10"},{"time":4.8,"name":null}]}}}}},[0]]],0,0,[0],[-1],[0]]
