[1,["778+N15axK0pFB18sW8a2K@6c48a"],0,[["sp.SkeletonData",["_name","_atlasText","textureNames","_skeletonJson","textures"],-1,3]],[[0,0,1,2,3,4,5]],[[0,"Sound_R_Brown","\r\nSound_R_Brown.png\r\nsize: 991, 529\r\nformat: RGBA8888\r\nfilter: Linear, Linear\r\nrepeat: none\r\n1\r\n  rotate: true\r\n  xy: 329, 355\r\n  size: 172, 329\r\n  orig: 172, 334\r\n  offset: 0, 5\r\n  index: -1\r\n10\r\n  rotate: true\r\n  xy: 2, 356\r\n  size: 171, 325\r\n  orig: 171, 325\r\n  offset: 0, 0\r\n  index: -1\r\n8\r\n  rotate: true\r\n  xy: 2, 356\r\n  size: 171, 325\r\n  orig: 171, 325\r\n  offset: 0, 0\r\n  index: -1\r\n2\r\n  rotate: true\r\n  xy: 660, 355\r\n  size: 172, 327\r\n  orig: 172, 327\r\n  offset: 0, 0\r\n  index: -1\r\n3\r\n  rotate: true\r\n  xy: 329, 181\r\n  size: 172, 332\r\n  orig: 172, 334\r\n  offset: 0, 2\r\n  index: -1\r\n4\r\n  rotate: true\r\n  xy: 2, 7\r\n  size: 173, 324\r\n  orig: 173, 324\r\n  offset: 0, 0\r\n  index: -1\r\n5\r\n  rotate: true\r\n  xy: 328, 7\r\n  size: 172, 329\r\n  orig: 172, 329\r\n  offset: 0, 0\r\n  index: -1\r\n6\r\n  rotate: true\r\n  xy: 663, 181\r\n  size: 172, 326\r\n  orig: 172, 326\r\n  offset: 0, 0\r\n  index: -1\r\n7\r\n  rotate: true\r\n  xy: 659, 2\r\n  size: 177, 323\r\n  orig: 177, 323\r\n  offset: 0, 0\r\n  index: -1\r\n9\r\n  rotate: true\r\n  xy: 2, 182\r\n  size: 172, 325\r\n  orig: 172, 325\r\n  offset: 0, 0\r\n  index: -1\r\n",["Sound_R_Brown.png"],{"skeleton":{"hash":"/alMTQr/GjY","spine":"3.8-from-4.0-from-4.1-from-4.2.37","x":-64.96,"y":-5.55,"width":172,"height":334,"images":"C:\\Users\\006\\Desktop\\111","audio":"./audio"},"bones":[{"name":"root"},{"name":"bone","parent":"root","x":1.78,"y":-18.7}],"slots":[{"name":"1","bone":"bone","attachment":"1"},{"name":"2","bone":"bone"},{"name":"3","bone":"bone"},{"name":"4","bone":"bone"},{"name":"5","bone":"bone"},{"name":"6","bone":"bone"},{"name":"7","bone":"bone"},{"name":"8","bone":"bone"},{"name":"9","bone":"bone"},{"name":"10","bone":"bone"}],"skins":[{"name":"default","attachments":{"1":{"1":{"x":19.26,"y":180.15,"width":172,"height":334}},"2":{"2":{"x":21.64,"y":182.06,"width":172,"height":327}},"3":{"3":{"x":21.32,"y":183.21,"width":172,"height":334}},"4":{"4":{"x":21.38,"y":180.53,"width":173,"height":324}},"5":{"5":{"x":20.43,"y":182.83,"width":172,"height":329}},"6":{"6":{"x":24.91,"y":181.3,"width":172,"height":326}},"7":{"7":{"x":28.57,"y":179.77,"width":177,"height":323}},"8":{"8":{"x":18.61,"y":180.91,"width":171,"height":325}},"9":{"9":{"x":18.17,"y":180.91,"width":172,"height":325}},"10":{"10":{"x":18.34,"y":180.53,"width":171,"height":325}}}}],"animations":{"Sound_1":{"slots":{"1":{"attachment":[{"name":null}]},"2":{"attachment":[{"name":"2"},{"time":0.1,"name":null},{"time":0.8,"name":"2"},{"time":0.9,"name":null},{"time":1.6,"name":"2"},{"time":1.7,"name":null},{"time":2.4,"name":"2"},{"time":2.5,"name":null},{"time":3.2,"name":"2"},{"time":3.2667,"name":null},{"time":4,"name":"2"},{"time":4.0667,"name":null},{"time":4.8,"name":"2"}]},"3":{"attachment":[{"time":0.3667,"name":"3"},{"time":0.4333,"name":null},{"time":1.1667,"name":"3"},{"time":1.2333,"name":null},{"time":1.9667,"name":"3"},{"time":2.0333,"name":null},{"time":2.7667,"name":"3"},{"time":2.8333,"name":null},{"time":3.5333,"name":"3"},{"time":3.6333,"name":null},{"time":4.3333,"name":"3"},{"time":4.4333,"name":null}]},"5":{"attachment":[{"time":0.1,"name":"5"},{"time":0.1667,"name":null},{"time":0.9,"name":"5"},{"time":0.9667,"name":null},{"time":1.7,"name":"5"},{"time":1.7667,"name":null},{"time":2.5,"name":"5"},{"time":2.5667,"name":null},{"time":3.2667,"name":"5"},{"time":3.3667,"name":null},{"time":4.0667,"name":"5"},{"time":4.1667,"name":null}]},"6":{"attachment":[{"time":0.1667,"name":"6"},{"time":0.2667,"name":null},{"time":0.9667,"name":"6"},{"time":1.0667,"name":null},{"time":1.7667,"name":"6"},{"time":1.8667,"name":null},{"time":2.5667,"name":"6"},{"time":2.6667,"name":null},{"time":3.3667,"name":"6"},{"time":3.4667,"name":null},{"time":4.1667,"name":"6"},{"time":4.2667,"name":null}]},"7":{"attachment":[{"time":0.2667,"name":"7"},{"time":0.3667,"name":null},{"time":0.7,"name":"7"},{"time":0.8,"name":null},{"time":1.0667,"name":"7"},{"time":1.1667,"name":null},{"time":1.5,"name":"7"},{"time":1.6,"name":null},{"time":1.8667,"name":"7"},{"time":1.9667,"name":null},{"time":2.3,"name":"7"},{"time":2.4,"name":null},{"time":2.6667,"name":"7"},{"time":2.7667,"name":null},{"time":3.1,"name":"7"},{"time":3.2,"name":null},{"time":3.4667,"name":"7"},{"time":3.5333,"name":null},{"time":3.9,"name":"7"},{"time":4,"name":null},{"time":4.2667,"name":"7"},{"time":4.3333,"name":null},{"time":4.7,"name":"7"},{"time":4.8,"name":null}]},"8":{"attachment":[{"time":0.4333,"name":"8"},{"time":0.5333,"name":null},{"time":1.2333,"name":"8"},{"time":1.3333,"name":null},{"time":2.0333,"name":"8"},{"time":2.1333,"name":null},{"time":2.8333,"name":"8"},{"time":2.9333,"name":null},{"time":3.6333,"name":"8"},{"time":3.7333,"name":null},{"time":4.4333,"name":"8"},{"time":4.5333,"name":null}]},"9":{"attachment":[{"time":0.5333,"name":"9"},{"time":0.6333,"name":null},{"time":1.3333,"name":"9"},{"time":1.4333,"name":null},{"time":2.1333,"name":"9"},{"time":2.2333,"name":null},{"time":2.9333,"name":"9"},{"time":3,"name":null},{"time":3.7333,"name":"9"},{"time":3.8,"name":null},{"time":4.5333,"name":"9"},{"time":4.6,"name":null}]},"10":{"attachment":[{"time":0.6333,"name":"10"},{"time":0.7,"name":null},{"time":1.4333,"name":"10"},{"time":1.5,"name":null},{"time":2.2333,"name":"10"},{"time":2.3,"name":null},{"time":3,"name":"10"},{"time":3.1,"name":null},{"time":3.8,"name":"10"},{"time":3.9,"name":null},{"time":4.6,"name":"10"},{"time":4.7,"name":null}]}}},"Sound_2":{"slots":{"1":{"attachment":[{"name":null}]},"2":{"attachment":[{"name":"2"},{"time":0.1,"name":null},{"time":0.8,"name":"2"},{"time":0.9,"name":null},{"time":1.6,"name":"2"},{"time":1.7,"name":null},{"time":2.4,"name":"2"},{"time":2.5,"name":null},{"time":3.2,"name":"2"},{"time":3.2667,"name":null},{"time":4,"name":"2"},{"time":4.0667,"name":null},{"time":4.8,"name":"2"}]},"3":{"attachment":[{"time":0.3667,"name":"3"},{"time":0.4333,"name":null},{"time":1.1667,"name":"3"},{"time":1.2333,"name":null},{"time":1.9667,"name":"3"},{"time":2.0333,"name":null},{"time":2.7667,"name":"3"},{"time":2.8333,"name":null},{"time":3.5333,"name":"3"},{"time":3.6333,"name":null},{"time":4.3333,"name":"3"},{"time":4.4333,"name":null}]},"5":{"attachment":[{"time":0.1,"name":"5"},{"time":0.1667,"name":null},{"time":0.9,"name":"5"},{"time":0.9667,"name":null},{"time":1.7,"name":"5"},{"time":1.7667,"name":null},{"time":2.5,"name":"5"},{"time":2.5667,"name":null},{"time":3.2667,"name":"5"},{"time":3.3667,"name":null},{"time":4.0667,"name":"5"},{"time":4.1667,"name":null}]},"6":{"attachment":[{"time":0.1667,"name":"6"},{"time":0.2667,"name":null},{"time":0.9667,"name":"6"},{"time":1.0667,"name":null},{"time":1.7667,"name":"6"},{"time":1.8667,"name":null},{"time":2.5667,"name":"6"},{"time":2.6667,"name":null},{"time":3.3667,"name":"6"},{"time":3.4667,"name":null},{"time":4.1667,"name":"6"},{"time":4.2667,"name":null}]},"7":{"attachment":[{"time":0.2667,"name":"7"},{"time":0.3667,"name":null},{"time":0.7,"name":"7"},{"time":0.8,"name":null},{"time":1.0667,"name":"7"},{"time":1.1667,"name":null},{"time":1.5,"name":"7"},{"time":1.6,"name":null},{"time":1.8667,"name":"7"},{"time":1.9667,"name":null},{"time":2.3,"name":"7"},{"time":2.4,"name":null},{"time":2.6667,"name":"7"},{"time":2.7667,"name":null},{"time":3.1,"name":"7"},{"time":3.2,"name":null},{"time":3.4667,"name":"7"},{"time":3.5333,"name":null},{"time":3.9,"name":"7"},{"time":4,"name":null},{"time":4.2667,"name":"7"},{"time":4.3333,"name":null},{"time":4.7,"name":"7"},{"time":4.8,"name":null}]},"8":{"attachment":[{"time":0.4333,"name":"8"},{"time":0.5333,"name":null},{"time":1.2333,"name":"8"},{"time":1.3333,"name":null},{"time":2.0333,"name":"8"},{"time":2.1333,"name":null},{"time":2.8333,"name":"8"},{"time":2.9333,"name":null},{"time":3.6333,"name":"8"},{"time":3.7333,"name":null},{"time":4.4333,"name":"8"},{"time":4.5333,"name":null}]},"9":{"attachment":[{"time":0.5333,"name":"9"},{"time":0.6333,"name":null},{"time":1.3333,"name":"9"},{"time":1.4333,"name":null},{"time":2.1333,"name":"9"},{"time":2.2333,"name":null},{"time":2.9333,"name":"9"},{"time":3,"name":null},{"time":3.7333,"name":"9"},{"time":3.8,"name":null},{"time":4.5333,"name":"9"},{"time":4.6,"name":null}]},"10":{"attachment":[{"time":0.6333,"name":"10"},{"time":0.7,"name":null},{"time":1.4333,"name":"10"},{"time":1.5,"name":null},{"time":2.2333,"name":"10"},{"time":2.3,"name":null},{"time":3,"name":"10"},{"time":3.1,"name":null},{"time":3.8,"name":"10"},{"time":3.9,"name":null},{"time":4.6,"name":"10"},{"time":4.7,"name":null}]}}}}},[0]]],0,0,[0],[-1],[0]]
