[1,["c8rtQ+p9BAZoZJZz7lLHGt@6c48a"],0,[["sp.SkeletonData",["_name","_atlasText","textureNames","_skeletonJson","textures"],-1,3]],[[0,0,1,2,3,4,5]],[[0,"hop_xuong","\r\nhop_xuong.png\r\nsize: 590, 213\r\nformat: RGBA8888\r\nfilter: Linear, Linear\r\nrepeat: none\r\n1\r\n  rotate: false\r\n  xy: 439, 157\r\n  size: 33, 54\r\n  orig: 33, 54\r\n  offset: 0, 0\r\n  index: -1\r\n10\r\n  rotate: true\r\n  xy: 241, 49\r\n  size: 162, 127\r\n  orig: 164, 129\r\n  offset: 1, 1\r\n  index: -1\r\n11\r\n  rotate: false\r\n  xy: 2, 2\r\n  size: 237, 209\r\n  orig: 239, 211\r\n  offset: 1, 1\r\n  index: -1\r\n12\r\n  rotate: false\r\n  xy: 510, 16\r\n  size: 33, 39\r\n  orig: 35, 41\r\n  offset: 1, 1\r\n  index: -1\r\n13\r\n  rotate: false\r\n  xy: 545, 16\r\n  size: 33, 39\r\n  orig: 35, 41\r\n  offset: 1, 1\r\n  index: -1\r\n14\r\n  rotate: false\r\n  xy: 477, 57\r\n  size: 111, 154\r\n  orig: 113, 156\r\n  offset: 1, 1\r\n  index: -1\r\n15\r\n  rotate: false\r\n  xy: 370, 166\r\n  size: 67, 45\r\n  orig: 69, 47\r\n  offset: 1, 1\r\n  index: -1\r\n2\r\n  rotate: true\r\n  xy: 477, 12\r\n  size: 43, 31\r\n  orig: 43, 31\r\n  offset: 0, 0\r\n  index: -1\r\n3\r\n  rotate: false\r\n  xy: 241, 3\r\n  size: 234, 44\r\n  orig: 236, 46\r\n  offset: 1, 1\r\n  index: -1\r\n5\r\n  rotate: false\r\n  xy: 387, 65\r\n  size: 13, 13\r\n  orig: 15, 15\r\n  offset: 1, 1\r\n  index: -1\r\n8\r\n  rotate: false\r\n  xy: 387, 65\r\n  size: 13, 13\r\n  orig: 15, 15\r\n  offset: 1, 1\r\n  index: -1\r\n6\r\n  rotate: true\r\n  xy: 427, 101\r\n  size: 54, 48\r\n  orig: 54, 48\r\n  offset: 0, 0\r\n  index: -1\r\n9\r\n  rotate: false\r\n  xy: 370, 115\r\n  size: 55, 49\r\n  orig: 57, 51\r\n  offset: 1, 1\r\n  index: -1\r\nLayer 1\r\n  rotate: false\r\n  xy: 370, 60\r\n  size: 15, 18\r\n  orig: 15, 18\r\n  offset: 0, 0\r\n  index: -1\r\nmi1\r\n  rotate: false\r\n  xy: 424, 70\r\n  size: 51, 29\r\n  orig: 51, 29\r\n  offset: 0, 0\r\n  index: -1\r\nmi2\r\n  rotate: false\r\n  xy: 370, 80\r\n  size: 52, 33\r\n  orig: 52, 33\r\n  offset: 0, 0\r\n  index: -1\r\n",["hop_xuong.png"],{"skeleton":{"hash":"tNao/95+lWI","spine":"3.8-from-4.0-from-4.1-from-4.2.38","images":"C:/Users/006/Desktop/222","audio":"../20Track 3/"},"bones":[{"name":"root"},{"name":"bone","parent":"root"},{"name":"11","parent":"bone","length":147.41,"rotation":91.57,"x":-4.53,"y":115.52},{"name":"10","parent":"11","x":79.75,"y":-6.08},{"name":"6","parent":"10","x":-11.05,"y":-36.12},{"name":"9","parent":"10","x":-12.96,"y":35},{"name":"8","parent":"9","x":-17.56,"y":-5.87},{"name":"5","parent":"6","x":-13.81,"y":-7.44},{"name":"Layer 1","parent":"10","length":15.17,"rotation":-155,"x":-28.37,"y":-0.58},{"name":"2","parent":"Layer 1","length":18.45,"rotation":-1.01,"x":12.04,"y":-0.58}],"slots":[{"name":"15","bone":"bone","attachment":"15"},{"name":"14","bone":"bone","attachment":"14"},{"name":"13","bone":"bone","attachment":"13"},{"name":"12","bone":"bone","attachment":"12"},{"name":"11","bone":"11","attachment":"11"},{"name":"10","bone":"10","attachment":"10"},{"name":"9","bone":"9","attachment":"9"},{"name":"8","bone":"8","attachment":"8"},{"name":"6","bone":"6","attachment":"6"},{"name":"5","bone":"5","attachment":"5"},{"name":"3","bone":"11","attachment":"3"},{"name":"2","bone":"2","attachment":"2"},{"name":"1","bone":"bone"},{"name":"Layer 1","bone":"Layer 1","attachment":"Layer 1"},{"name":"mi1","bone":"6","attachment":"mi1"},{"name":"mi2","bone":"9","attachment":"mi2"}],"skins":[{"name":"default","attachments":{"2":{"1":{"x":25.48,"y":-3.76,"rotation":62.01,"width":33,"height":54},"2":{"x":14.73,"y":2.54,"rotation":62.01,"width":43,"height":31}},"3":{"3":{"x":10.93,"y":-3.84,"rotation":-91.57,"width":236,"height":46}},"5":{"5":{"x":-0.22,"y":0.42,"rotation":-91.57,"width":15,"height":15}},"6":{"6":{"type":"mesh","hull":4,"width":54,"height":48,"uvs":[1,1,0,1,0,0,1,0],"triangles":[1,2,3,1,3,0],"vertices":[-27.52,-26.49,-26.05,27.49,21.93,26.18,20.46,-27.8],"edges":[0,2,2,4,4,6,0,6]}},"8":{"8":{"x":-0.01,"y":-0.39,"rotation":-91.57,"width":15,"height":15}},"9":{"9":{"x":-3.43,"y":0.32,"rotation":-91.57,"width":57,"height":51}},"10":{"10":{"x":-14.2,"y":5.75,"rotation":-91.57,"width":164,"height":129}},"11":{"11":{"x":76.58,"y":0.87,"rotation":-91.57,"width":239,"height":211}},"12":{"12":{"x":20.51,"y":82.05,"width":35,"height":41}},"13":{"13":{"x":-19.49,"y":82.05,"width":35,"height":41}},"14":{"14":{"x":-1.49,"y":72.55,"width":113,"height":156}},"15":{"15":{"x":68.51,"y":63.05,"width":69,"height":47}},"Layer 1":{"Layer 1":{"x":4.57,"y":-1.92,"rotation":63.43,"width":15,"height":18}},"mi1":{"mi1":{"x":5.66,"y":-0.6,"rotation":-91.57,"width":51,"height":29}},"mi2":{"mi2":{"x":4.46,"y":1.16,"rotation":-91.57,"width":52,"height":33}}}}],"events":{"e":{},"o":{},"u":{}},"animations":{"1_play":{"slots":{"2":{"attachment":[{"name":"1"},{"time":0.8667,"name":"2"},{"time":1.6667,"name":"1"},{"time":1.9333,"name":"2"},{"time":2.6667,"name":"1"},{"time":3.5333,"name":"2"},{"time":4.2,"name":"1"},{"time":4.4,"name":"2"},{"time":4.4667,"name":"1"},{"time":4.9333,"name":"2"},{"time":5.2,"name":"1"},{"time":5.9667,"name":"2"},{"time":6.7333,"name":"1"},{"time":6.8667,"name":"2"},{"time":7.0333,"name":"1"},{"time":7.1333,"name":"2"},{"time":7.3333,"name":"1"},{"time":7.4333,"name":"2"},{"time":7.6333,"name":"1"},{"time":8.5333,"name":"2"},{"time":9.0333,"name":"1"},{"time":9.7,"name":"2"}]},"mi1":{"attachment":[{"name":null},{"time":1.6667,"name":"mi1"},{"time":1.8,"name":null},{"time":2.6,"name":"mi1"},{"time":2.6667,"name":null},{"time":3.4333,"name":"mi1"},{"time":3.5333,"name":null},{"time":4.1667,"name":"mi1"},{"time":4.2667,"name":null},{"time":4.4333,"name":"mi1"},{"time":4.5333,"name":null},{"time":5.1667,"name":"mi1"},{"time":5.2667,"name":null},{"time":6.6667,"name":"mi1"},{"time":6.7667,"name":null},{"time":7.5667,"name":"mi1"},{"time":7.6667,"name":null},{"time":9,"name":"mi1"},{"time":9.1,"name":null}]},"mi2":{"attachment":[{"name":null},{"time":1.6667,"name":"mi2"},{"time":1.8,"name":null},{"time":2.6,"name":"mi2"},{"time":2.6667,"name":null},{"time":3.4333,"name":"mi2"},{"time":3.5333,"name":null},{"time":4.1667,"name":"mi2"},{"time":4.2667,"name":null},{"time":4.4333,"name":"mi2"},{"time":4.5333,"name":null},{"time":5.1667,"name":"mi2"},{"time":5.2667,"name":null},{"time":6.6667,"name":"mi2"},{"time":6.7667,"name":null},{"time":7.5667,"name":"mi2"},{"time":7.6667,"name":null},{"time":9,"name":"mi2"},{"time":9.1,"name":null}]}},"bones":{"2":{"scale":[{},{"time":0.5333,"x":1.087,"curve":"stepped"},{"time":0.8667},{"time":1.4667,"x":0.813,"y":1.296,"curve":"stepped"},{"time":1.6667,"y":1.169,"curve":"stepped"},{"time":2.6667},{"time":3.2,"x":1.087,"curve":"stepped"},{"time":3.5333},{"time":3.8,"x":0.893,"y":1.137,"curve":"stepped"},{"time":4.2,"curve":"stepped"},{"time":5.2},{"time":5.7333,"x":1.087,"curve":"stepped"},{"time":5.9667},{"time":6.5667,"x":0.813,"y":1.296,"curve":"stepped"},{"time":6.7333,"curve":"stepped"},{"time":7.6333},{"time":8.2,"x":1.069}]},"5":{"translate":[{"x":9.12,"y":18.51},{"time":0.1333,"x":9.12,"y":17.38},{"time":0.2667,"x":10.25,"y":17.38},{"time":0.4,"x":9.12,"y":18.51},{"time":0.5333,"x":9.12,"y":17.38},{"time":0.6667,"x":10.25,"y":17.38},{"time":0.8667,"x":9.12,"y":18.51},{"time":1,"x":9.12,"y":17.38},{"time":1.1333,"x":10.25,"y":17.38},{"time":1.2667,"x":9.12,"y":18.51},{"time":1.4,"x":9.12,"y":17.38},{"time":1.5333,"x":10.25,"y":17.38},{"time":1.6667,"x":9.12,"y":18.51},{"time":1.8,"x":9.12,"y":17.38},{"time":1.9333,"x":10.25,"y":17.38},{"time":2.0667,"x":9.12,"y":18.51},{"time":2.2,"x":9.12,"y":17.38},{"time":2.3333,"x":10.25,"y":17.38},{"time":2.4667,"x":9.12,"y":18.51},{"time":2.6,"x":9.12,"y":17.38},{"time":2.7333,"x":10.25,"y":17.38},{"time":2.8667,"x":9.12,"y":18.51},{"time":3,"x":9.12,"y":17.38},{"time":3.1333,"x":10.25,"y":17.38},{"time":3.2667,"x":9.12,"y":18.51},{"time":3.4,"x":9.12,"y":17.38},{"time":3.5333,"x":10.25,"y":17.38},{"time":3.6667,"x":9.12,"y":18.51},{"time":3.8,"x":9.12,"y":17.38},{"time":3.9333,"x":10.25,"y":17.38},{"time":4.0667,"x":9.12,"y":18.51},{"time":4.2,"x":9.12,"y":17.38},{"time":4.3333,"x":10.25,"y":17.38},{"time":4.4667,"x":9.12,"y":18.51},{"time":4.6,"x":9.12,"y":17.38},{"time":4.7333,"x":10.25,"y":17.38},{"time":4.8667,"x":9.12,"y":18.51},{"time":5,"x":9.12,"y":17.38},{"time":5.1333,"x":10.25,"y":17.38},{"time":5.2667,"x":9.12,"y":18.51},{"time":5.4,"x":9.12,"y":17.38},{"time":5.5333,"x":10.25,"y":17.38},{"time":5.6667,"x":9.12,"y":18.51},{"time":5.8,"x":9.12,"y":17.38},{"time":5.9333,"x":10.25,"y":17.38},{"time":6.0667,"x":9.12,"y":18.51},{"time":6.2,"x":9.12,"y":17.38},{"time":6.3333,"x":10.25,"y":17.38},{"time":6.4667,"x":9.12,"y":18.51},{"time":6.6,"x":9.12,"y":17.38},{"time":6.7333,"x":10.25,"y":17.38},{"time":6.8667,"x":9.12,"y":18.51},{"time":7,"x":9.12,"y":17.38},{"time":7.1333,"x":10.25,"y":17.38},{"time":7.2667,"x":9.12,"y":18.51},{"time":7.4,"x":9.12,"y":17.38},{"time":7.5333,"x":10.25,"y":17.38},{"time":7.6667,"x":9.12,"y":18.51},{"time":7.8,"x":9.12,"y":17.38},{"time":7.9333,"x":10.25,"y":17.38},{"time":8.0667,"x":9.12,"y":18.51},{"time":8.2,"x":9.12,"y":17.38},{"time":8.3333,"x":10.25,"y":17.38},{"time":8.4667,"x":9.12,"y":18.51},{"time":8.6,"x":9.12,"y":17.38},{"time":8.7333,"x":10.25,"y":17.38},{"time":8.8667,"x":9.12,"y":18.51},{"time":9,"x":9.12,"y":17.38},{"time":9.1333,"x":10.25,"y":17.38},{"time":9.2667,"x":9.12,"y":18.51},{"time":9.4,"x":9.12,"y":17.38},{"time":9.5333,"x":10.25,"y":17.38},{"time":9.6667,"x":9.12,"y":18.51},{"time":9.8,"x":9.12,"y":17.38},{"time":9.9333,"x":10.25,"y":17.38},{"time":10.1,"x":9.12,"y":18.51}]},"8":{"translate":[{"x":12.35,"y":-4.29},{"time":0.1333,"x":12.35,"y":-5.42},{"time":0.2667,"x":13.47,"y":-5.42},{"time":0.4,"x":12.35,"y":-4.29},{"time":0.5333,"x":12.35,"y":-5.42},{"time":0.6667,"x":13.47,"y":-5.42},{"time":0.8667,"x":12.35,"y":-4.29},{"time":1,"x":12.35,"y":-5.42},{"time":1.1333,"x":13.47,"y":-5.42},{"time":1.2667,"x":12.35,"y":-4.29},{"time":1.4,"x":12.35,"y":-5.42},{"time":1.5333,"x":13.47,"y":-5.42},{"time":1.6667,"x":12.35,"y":-4.29},{"time":1.8,"x":12.35,"y":-5.42},{"time":1.9333,"x":13.47,"y":-5.42},{"time":2.0667,"x":12.35,"y":-4.29},{"time":2.2,"x":12.35,"y":-5.42},{"time":2.3333,"x":13.47,"y":-5.42},{"time":2.4667,"x":12.35,"y":-4.29},{"time":2.6,"x":12.35,"y":-5.42},{"time":2.7333,"x":13.47,"y":-5.42},{"time":2.8667,"x":12.35,"y":-4.29},{"time":3,"x":12.35,"y":-5.42},{"time":3.1333,"x":13.47,"y":-5.42},{"time":3.2667,"x":12.35,"y":-4.29},{"time":3.4,"x":12.35,"y":-5.42},{"time":3.5333,"x":13.47,"y":-5.42},{"time":3.6667,"x":12.35,"y":-4.29},{"time":3.8,"x":12.35,"y":-5.42},{"time":3.9333,"x":13.47,"y":-5.42},{"time":4.0667,"x":12.35,"y":-4.29},{"time":4.2,"x":12.35,"y":-5.42},{"time":4.3333,"x":13.47,"y":-5.42},{"time":4.4667,"x":12.35,"y":-4.29},{"time":4.6,"x":12.35,"y":-5.42},{"time":4.7333,"x":13.47,"y":-5.42},{"time":4.8667,"x":12.35,"y":-4.29},{"time":5,"x":12.35,"y":-5.42},{"time":5.1333,"x":13.47,"y":-5.42},{"time":5.2667,"x":12.35,"y":-4.29},{"time":5.4,"x":12.35,"y":-5.42},{"time":5.5333,"x":13.47,"y":-5.42},{"time":5.6667,"x":12.35,"y":-4.29},{"time":5.8,"x":12.35,"y":-5.42},{"time":5.9333,"x":13.47,"y":-5.42},{"time":6.0667,"x":12.35,"y":-4.29},{"time":6.2,"x":12.35,"y":-5.42},{"time":6.3333,"x":13.47,"y":-5.42},{"time":6.4667,"x":12.35,"y":-4.29},{"time":6.6,"x":12.35,"y":-5.42},{"time":6.7333,"x":13.47,"y":-5.42},{"time":6.8667,"x":12.35,"y":-4.29},{"time":7,"x":12.35,"y":-5.42},{"time":7.1333,"x":13.47,"y":-5.42},{"time":7.2667,"x":12.35,"y":-4.29},{"time":7.4,"x":12.35,"y":-5.42},{"time":7.5333,"x":13.47,"y":-5.42},{"time":7.6667,"x":12.35,"y":-4.29},{"time":7.8,"x":12.35,"y":-5.42},{"time":7.9333,"x":13.47,"y":-5.42},{"time":8.0667,"x":12.35,"y":-4.29},{"time":8.2,"x":12.35,"y":-5.42},{"time":8.3333,"x":13.47,"y":-5.42},{"time":8.4667,"x":12.35,"y":-4.29},{"time":8.6,"x":12.35,"y":-5.42},{"time":8.7333,"x":13.47,"y":-5.42},{"time":8.8667,"x":12.35,"y":-4.29},{"time":9,"x":12.35,"y":-5.42},{"time":9.1333,"x":13.47,"y":-5.42},{"time":9.2667,"x":12.35,"y":-4.29},{"time":9.4,"x":12.35,"y":-5.42},{"time":9.5333,"x":13.47,"y":-5.42},{"time":9.6667,"x":12.35,"y":-4.29},{"time":9.8,"x":12.35,"y":-5.42},{"time":9.9333,"x":13.47,"y":-5.42},{"time":10.1,"x":12.35,"y":-4.29}]},"11":{"rotate":[{},{"time":0.1333,"angle":5.41},{"time":0.5667,"angle":8.65,"curve":"stepped"},{"time":0.8,"angle":5.41},{"time":0.8667},{"time":1.0667,"angle":5.41},{"time":1.4667,"angle":8.12,"curve":"stepped"},{"time":1.6,"angle":5.41},{"time":1.6667},{"time":2,"angle":5.41,"curve":"stepped"},{"time":2.6,"angle":5.41},{"time":2.6667},{"time":3,"angle":5.41,"curve":"stepped"},{"time":3.4667,"angle":5.41},{"time":3.5333},{"time":3.8667,"angle":5.41,"curve":"stepped"},{"time":4.1333,"angle":5.41},{"time":4.2},{"time":4.2667,"angle":5.41,"curve":"stepped"},{"time":4.4,"angle":5.41},{"time":4.4667},{"time":4.5333,"angle":5.41,"curve":"stepped"},{"time":5.1333,"angle":5.41},{"time":5.2},{"time":5.2667,"angle":5.41},{"time":5.6667,"angle":9.18,"curve":"stepped"},{"time":5.9,"angle":5.41},{"time":5.9667},{"time":6.0667,"angle":5.41},{"time":6.5,"angle":9.18,"curve":"stepped"},{"time":6.6667,"angle":5.41},{"time":6.7333},{"time":6.8333,"angle":5.41,"curve":"stepped"},{"time":6.9667,"angle":5.41},{"time":7.0333},{"time":7.1333,"angle":5.41,"curve":"stepped"},{"time":7.2667,"angle":5.41},{"time":7.3333},{"time":7.4333,"angle":5.41,"curve":"stepped"},{"time":7.5667,"angle":5.41},{"time":7.6333},{"time":7.7333,"angle":5.41,"curve":"stepped"},{"time":8.4667,"angle":5.41},{"time":8.5333},{"time":8.6333,"angle":5.41,"curve":"stepped"},{"time":8.9333,"angle":5.41},{"time":9.0333},{"time":9.1333,"angle":5.41,"curve":"stepped"},{"time":9.6,"angle":5.41},{"time":9.7},{"time":9.8,"angle":5.41}],"translate":[{"x":0.07,"y":-2.61},{"time":0.1333,"x":-0.16,"y":-0.69,"curve":"stepped"},{"time":0.7333,"x":-0.16,"y":-0.69},{"time":0.8,"x":0.07,"y":-2.61},{"time":0.9333,"x":-0.16,"y":-0.69,"curve":"stepped"},{"time":1.6,"x":-0.16,"y":-0.69},{"time":1.6667,"x":0.07,"y":-2.61},{"time":1.8,"x":-0.16,"y":-0.69,"curve":"stepped"},{"time":2.6,"x":-0.16,"y":-0.69},{"time":2.6667,"x":0.07,"y":-2.61},{"time":2.8,"x":-0.16,"y":-0.69,"curve":"stepped"},{"time":3.4667,"x":-0.16,"y":-0.69},{"time":3.5333,"x":0.07,"y":-2.61},{"time":3.6667,"x":-0.16,"y":-0.69,"curve":"stepped"},{"time":4.1333,"x":-0.16,"y":-0.69},{"time":4.2,"x":0.07,"y":-2.61},{"time":4.3333,"x":-0.16,"y":-0.69,"curve":"stepped"},{"time":4.4,"x":-0.16,"y":-0.69},{"time":4.4667,"x":0.07,"y":-2.61},{"time":4.6,"x":-0.16,"y":-0.69,"curve":"stepped"},{"time":5.1333,"x":-0.16,"y":-0.69},{"time":5.2,"x":0.07,"y":-2.61},{"time":5.3333,"x":-0.16,"y":-0.69,"curve":"stepped"},{"time":5.9,"x":-0.16,"y":-0.69},{"time":5.9667,"x":0.07,"y":-2.61},{"time":6.1,"x":-0.16,"y":-0.69,"curve":"stepped"},{"time":6.6667,"x":-0.16,"y":-0.69},{"time":6.7333,"x":0.07,"y":-2.61},{"time":6.8667,"x":-0.16,"y":-0.69,"curve":"stepped"},{"time":7,"x":-0.16,"y":-0.69},{"time":7.0667,"x":0.07,"y":-2.61},{"time":7.2,"x":-0.16,"y":-0.69,"curve":"stepped"},{"time":7.3,"x":-0.16,"y":-0.69},{"time":7.3667,"x":0.07,"y":-2.61},{"time":7.5,"x":-0.16,"y":-0.69,"curve":"stepped"},{"time":7.5667,"x":-0.16,"y":-0.69},{"time":7.6333,"x":0.07,"y":-2.61},{"time":7.7667,"x":-0.16,"y":-0.69,"curve":"stepped"},{"time":8.4667,"x":-0.16,"y":-0.69},{"time":8.5333,"x":0.07,"y":-2.61},{"time":8.6667,"x":-0.16,"y":-0.69,"curve":"stepped"},{"time":8.9333,"x":-0.16,"y":-0.69},{"time":9,"x":0.07,"y":-2.61},{"time":9.1333,"x":-0.16,"y":-0.69,"curve":"stepped"},{"time":9.6333,"x":-0.16,"y":-0.69},{"time":9.7,"x":0.07,"y":-2.61},{"time":9.8333,"x":-0.16,"y":-0.69}]}},"events":[{"name":"o"},{"time":0.8667,"name":"e"},{"time":1.6667,"name":"u"},{"time":2.6667,"name":"o"},{"time":3.5333,"name":"e"},{"time":4.2,"name":"o"},{"time":4.4667,"name":"o"},{"time":5.2,"name":"o"},{"time":5.9667,"name":"e"},{"time":6.7333,"name":"o"},{"time":7.0333,"name":"o"},{"time":7.3333,"name":"o"},{"time":7.6333,"name":"o"},{"time":8.5333,"name":"e"},{"time":9.0333,"name":"o"},{"time":9.7,"name":"e"}]},"2_idle":{"slots":{"2":{"attachment":[{"name":"1"}]}},"bones":{"5":{"translate":[{"x":0.09,"y":4}]},"8":{"translate":[{"x":1.35,"y":14.36}]},"11":{"translate":[{"x":0.07,"y":-2.61}]}},"events":[{"name":"o"}]}}},[0]]],0,0,[0],[-1],[0]]
