[1,["8e93gha2pA259b8JQECx0O@6c48a"],0,[["sp.SkeletonData",["_name","_atlasText","textureNames","_skeletonJson","textures"],-1,3]],[[0,0,1,2,3,4,5]],[[0,"Sound_1_Hat","\r\nSound_1_Hat.png\r\nsize: 1527, 337\r\nformat: RGBA8888\r\nfilter: Linear, Linear\r\nrepeat: none\r\n1\r\n  rotate: true\r\n  xy: 2, 170\r\n  size: 165, 250\r\n  orig: 165, 250\r\n  offset: 0, 0\r\n  index: -1\r\n10\r\n  rotate: true\r\n  xy: 254, 170\r\n  size: 165, 255\r\n  orig: 165, 255\r\n  offset: 0, 0\r\n  index: -1\r\n11\r\n  rotate: true\r\n  xy: 511, 170\r\n  size: 165, 255\r\n  orig: 165, 255\r\n  offset: 0, 0\r\n  index: -1\r\n12\r\n  rotate: true\r\n  xy: 768, 170\r\n  size: 165, 248\r\n  orig: 165, 248\r\n  offset: 0, 0\r\n  index: -1\r\n2\r\n  rotate: true\r\n  xy: 1018, 2\r\n  size: 166, 248\r\n  orig: 176, 296\r\n  offset: 0, 40\r\n  index: -1\r\n3\r\n  rotate: true\r\n  xy: 1018, 170\r\n  size: 165, 255\r\n  orig: 165, 255\r\n  offset: 0, 0\r\n  index: -1\r\n4\r\n  rotate: true\r\n  xy: 1268, 2\r\n  size: 166, 257\r\n  orig: 176, 296\r\n  offset: 0, 31\r\n  index: -1\r\n5\r\n  rotate: true\r\n  xy: 1275, 170\r\n  size: 165, 250\r\n  orig: 165, 250\r\n  offset: 0, 0\r\n  index: -1\r\n6\r\n  rotate: true\r\n  xy: 2, 3\r\n  size: 165, 255\r\n  orig: 165, 255\r\n  offset: 0, 0\r\n  index: -1\r\n7\r\n  rotate: true\r\n  xy: 259, 3\r\n  size: 165, 255\r\n  orig: 165, 255\r\n  offset: 0, 0\r\n  index: -1\r\n8\r\n  rotate: true\r\n  xy: 516, 3\r\n  size: 165, 243\r\n  orig: 165, 243\r\n  offset: 0, 0\r\n  index: -1\r\n9\r\n  rotate: true\r\n  xy: 761, 3\r\n  size: 165, 255\r\n  orig: 165, 255\r\n  offset: 0, 0\r\n  index: -1\r\n",["Sound_1_Hat.png"],{"skeleton":{"hash":"HpogfyB0O5Y","spine":"3.8-from-4.0-from-4.1-from-4.2.38","images":"C:\\Users\\006\\Desktop\\222","audio":"./audio"},"bones":[{"name":"root"}],"slots":[{"name":"1","bone":"root"},{"name":"2","bone":"root"},{"name":"3","bone":"root","attachment":"3"},{"name":"4","bone":"root"},{"name":"5","bone":"root"},{"name":"6","bone":"root"},{"name":"7","bone":"root"},{"name":"8","bone":"root"},{"name":"9","bone":"root"},{"name":"10","bone":"root"},{"name":"11","bone":"root"},{"name":"12","bone":"root"}],"skins":[{"name":"default","attachments":{"1":{"1":{"x":4.78,"y":122.48,"width":165,"height":250}},"2":{"2":{"x":10.92,"y":105.95,"width":176,"height":296}},"3":{"3":{"x":9.56,"y":125.07,"width":165,"height":255}},"4":{"4":{"x":11.26,"y":114.14,"width":176,"height":296}},"5":{"5":{"x":4.33,"y":120.76,"width":165,"height":250}},"6":{"6":{"x":9.22,"y":126.09,"width":165,"height":255}},"7":{"7":{"x":9.22,"y":126.09,"width":165,"height":255}},"8":{"8":{"x":4.44,"y":119.61,"width":165,"height":243}},"9":{"9":{"x":9.22,"y":125.75,"width":165,"height":255}},"10":{"10":{"x":7.65,"y":128.35,"width":165,"height":255}},"11":{"11":{"x":9.22,"y":124.72,"width":165,"height":255}},"12":{"12":{"x":7.17,"y":122.34,"width":165,"height":248}}}}],"animations":{"Sound_1":{"slots":{"1":{"attachment":[{"time":3.8333,"name":"1"},{"time":4.0667,"name":null},{"time":4.4333,"name":"1"},{"time":4.6333,"name":null}]},"2":{"attachment":[{"time":0.3333,"name":"2"},{"time":0.4667,"name":null},{"time":2.7667,"name":"2"},{"time":2.9667,"name":null}]},"3":{"attachment":[{"time":0.1,"name":null},{"time":2.2333,"name":"3"},{"time":2.4333,"name":null},{"time":3.1333,"name":"3"},{"time":3.3,"name":null},{"time":4.8,"name":"3"}]},"4":{"attachment":[{"time":0.6,"name":"4"},{"time":0.7333,"name":null}]},"5":{"attachment":[{"time":0.1,"name":"5"},{"time":0.2333,"name":null},{"time":2.4333,"name":"5"},{"time":2.6,"name":null},{"time":3.3,"name":"5"},{"time":3.5,"name":null}]},"6":{"attachment":[{"time":3.5,"name":"6"},{"time":3.6667,"name":null},{"time":4.0667,"name":"6"},{"time":4.2667,"name":null}]},"7":{"attachment":[{"time":0.4667,"name":"7"},{"time":0.6,"name":null}]},"8":{"attachment":[{"time":2.0667,"name":"8"},{"time":2.2333,"name":null}]},"9":{"attachment":[{"time":2.9667,"name":"9"},{"time":3.1333,"name":null}]},"10":{"attachment":[{"time":0.2333,"name":"10"},{"time":0.3333,"name":null},{"time":2.6,"name":"10"},{"time":2.7667,"name":null}]},"11":{"attachment":[{"time":0.7333,"name":"11"},{"time":2.0667,"name":null}]},"12":{"attachment":[{"time":3.6667,"name":"12"},{"time":3.8333,"name":null},{"time":4.2667,"name":"12"},{"time":4.4333,"name":null},{"time":4.6333,"name":"12"},{"time":4.8,"name":null}]}}},"Sound_2":{"slots":{"1":{"attachment":[{"time":3.8333,"name":"1"},{"time":4.0667,"name":null},{"time":4.4333,"name":"1"},{"time":4.6333,"name":null}]},"2":{"attachment":[{"time":0.3333,"name":"2"},{"time":0.4667,"name":null},{"time":2.7667,"name":"2"},{"time":2.9667,"name":null}]},"3":{"attachment":[{"time":0.1,"name":null},{"time":2.2333,"name":"3"},{"time":2.4333,"name":null},{"time":3.1333,"name":"3"},{"time":3.3,"name":null},{"time":4.8,"name":"3"}]},"4":{"attachment":[{"time":0.6,"name":"4"},{"time":0.7333,"name":null}]},"5":{"attachment":[{"time":0.1,"name":"5"},{"time":0.2333,"name":null},{"time":2.4333,"name":"5"},{"time":2.6,"name":null},{"time":3.3,"name":"5"},{"time":3.5,"name":null}]},"6":{"attachment":[{"time":3.5,"name":"6"},{"time":3.6667,"name":null},{"time":4.0667,"name":"6"},{"time":4.2667,"name":null}]},"7":{"attachment":[{"time":0.4667,"name":"7"},{"time":0.6,"name":null}]},"8":{"attachment":[{"time":2.0667,"name":"8"},{"time":2.2333,"name":null}]},"9":{"attachment":[{"time":2.9667,"name":"9"},{"time":3.1333,"name":null}]},"10":{"attachment":[{"time":0.2333,"name":"10"},{"time":0.3333,"name":null},{"time":2.6,"name":"10"},{"time":2.7667,"name":null}]},"11":{"attachment":[{"time":0.7333,"name":"11"},{"time":2.0667,"name":null}]},"12":{"attachment":[{"time":3.6667,"name":"12"},{"time":3.8333,"name":null},{"time":4.2667,"name":"12"},{"time":4.4333,"name":null},{"time":4.6333,"name":"12"},{"time":4.8,"name":null}]}}}}},[0]]],0,0,[0],[-1],[0]]
