[1,["a7CVTSxXVJ0Iw6orq7FQPV@6c48a"],0,[["sp.SkeletonData",["_name","_atlasText","textureNames","_skeletonJson","textures"],-1,3]],[[0,0,1,2,3,4,5]],[[0,"Sound_S_Purple","\r\nSound_S_Purple.png\r\nsize: 894, 508\r\nformat: RGBA8888\r\nfilter: Linear, Linear\r\nrepeat: none\r\n1\r\n  rotate: true\r\n  xy: 2, 340\r\n  size: 166, 294\r\n  orig: 166, 294\r\n  offset: 0, 0\r\n  index: -1\r\n10\r\n  rotate: true\r\n  xy: 298, 340\r\n  size: 166, 299\r\n  orig: 166, 299\r\n  offset: 0, 0\r\n  index: -1\r\n2\r\n  rotate: true\r\n  xy: 600, 171\r\n  size: 167, 292\r\n  orig: 167, 292\r\n  offset: 0, 0\r\n  index: -1\r\n3\r\n  rotate: true\r\n  xy: 599, 340\r\n  size: 166, 291\r\n  orig: 166, 292\r\n  offset: 0, 0\r\n  index: -1\r\n4\r\n  rotate: true\r\n  xy: 2, 172\r\n  size: 166, 296\r\n  orig: 166, 296\r\n  offset: 0, 0\r\n  index: -1\r\n5\r\n  rotate: true\r\n  xy: 304, 3\r\n  size: 167, 292\r\n  orig: 167, 292\r\n  offset: 0, 0\r\n  index: -1\r\n6\r\n  rotate: true\r\n  xy: 300, 172\r\n  size: 166, 298\r\n  orig: 166, 298\r\n  offset: 0, 0\r\n  index: -1\r\n7\r\n  rotate: true\r\n  xy: 2, 4\r\n  size: 166, 300\r\n  orig: 166, 300\r\n  offset: 0, 0\r\n  index: -1\r\n8\r\n  rotate: true\r\n  xy: 598, 2\r\n  size: 167, 292\r\n  orig: 167, 292\r\n  offset: 0, 0\r\n  index: -1\r\n",["Sound_S_Purple.png"],{"skeleton":{"hash":"NNv2xDu4OSo","spine":"3.8-from-4.0-from-4.1-from-4.2.37","x":-83,"y":-8.5,"width":166,"height":296,"images":"C:\\Users\\006\\Desktop\\111","audio":"./audio"},"bones":[{"name":"root"},{"name":"bone","parent":"root","x":-1.17,"y":-29.55}],"slots":[{"name":"1","bone":"bone"},{"name":"2","bone":"bone"},{"name":"3","bone":"bone"},{"name":"4","bone":"bone","attachment":"4"},{"name":"5","bone":"bone"},{"name":"6","bone":"bone"},{"name":"7","bone":"bone"},{"name":"8","bone":"bone"},{"name":"10","bone":"bone"}],"skins":[{"name":"default","attachments":{"1":{"1":{"x":1.67,"y":168.65,"width":166,"height":294}},"2":{"2":{"x":2.52,"y":166.56,"width":167,"height":292}},"3":{"3":{"x":2,"y":166.89,"width":166,"height":292}},"4":{"4":{"x":1.17,"y":169.05,"width":166,"height":296}},"5":{"5":{"x":0.34,"y":166.35,"width":167,"height":292}},"6":{"6":{"x":0.62,"y":169.66,"width":166,"height":298}},"7":{"7":{"x":0.62,"y":170.67,"width":166,"height":300}},"8":{"8":{"x":2.3,"y":166.58,"width":167,"height":292}},"10":{"10":{"x":1.17,"y":170.52,"width":166,"height":299}}}}],"animations":{"Sound_1":{"slots":{"3":{"attachment":[{"time":0.3667,"name":"3"},{"time":0.5,"name":null},{"time":3.8,"name":"3"},{"time":3.9333,"name":null}]},"4":{"attachment":[{"time":0.1,"name":null},{"time":3.4333,"name":"4"},{"time":3.5333,"name":null},{"time":6.9,"name":"4"}]},"5":{"attachment":[{"time":0.6333,"name":"5"},{"time":0.7,"name":null},{"time":0.8,"name":"5"},{"time":0.9,"name":null},{"time":1,"name":"5"},{"time":1.1,"name":null},{"time":1.2,"name":"5"},{"time":1.3,"name":null},{"time":1.4,"name":"5"},{"time":1.5,"name":null},{"time":1.6,"name":"5"},{"time":1.7,"name":null},{"time":1.8,"name":"5"},{"time":1.9,"name":null},{"time":1.9667,"name":"5"},{"time":2.0667,"name":null},{"time":2.1667,"name":"5"},{"time":2.2667,"name":null},{"time":2.3667,"name":"5"},{"time":2.4667,"name":null},{"time":2.5667,"name":"5"},{"time":2.6667,"name":null},{"time":2.7667,"name":"5"},{"time":2.8667,"name":null},{"time":2.9667,"name":"5"},{"time":3.0667,"name":null},{"time":3.1667,"name":"5"},{"time":3.2667,"name":null},{"time":3.3333,"name":"5"},{"time":3.4333,"name":null},{"time":4.0667,"name":"5"},{"time":4.1667,"name":null},{"time":4.2667,"name":"5"},{"time":4.3667,"name":null},{"time":4.4667,"name":"5"},{"time":4.5667,"name":null},{"time":4.6333,"name":"5"},{"time":4.7333,"name":null},{"time":4.8333,"name":"5"},{"time":4.9333,"name":null},{"time":5.0333,"name":"5"},{"time":5.1333,"name":null},{"time":5.2333,"name":"5"},{"time":5.3333,"name":null},{"time":5.4333,"name":"5"},{"time":5.5333,"name":null},{"time":5.6333,"name":"5"},{"time":5.7333,"name":null},{"time":5.8333,"name":"5"},{"time":5.9333,"name":null},{"time":6,"name":"5"},{"time":6.1,"name":null},{"time":6.2,"name":"5"},{"time":6.3,"name":null},{"time":6.4,"name":"5"},{"time":6.5,"name":null},{"time":6.6,"name":"5"},{"time":6.7,"name":null},{"time":6.8,"name":"5"},{"time":6.9,"name":null}]},"7":{"attachment":[{"time":0.1,"name":"7"},{"time":0.2333,"name":null},{"time":3.5333,"name":"7"},{"time":3.6667,"name":null}]},"8":{"attachment":[{"time":0.2333,"name":"8"},{"time":0.3667,"name":null},{"time":3.6667,"name":"8"},{"time":3.8,"name":null}]},"10":{"attachment":[{"time":0.5,"name":"10"},{"time":0.6333,"name":null},{"time":0.7,"name":"10"},{"time":0.8,"name":null},{"time":0.9,"name":"10"},{"time":1,"name":null},{"time":1.1,"name":"10"},{"time":1.2,"name":null},{"time":1.3,"name":"10"},{"time":1.4,"name":null},{"time":1.5,"name":"10"},{"time":1.6,"name":null},{"time":1.7,"name":"10"},{"time":1.8,"name":null},{"time":1.9,"name":"10"},{"time":1.9667,"name":null},{"time":2.0667,"name":"10"},{"time":2.1667,"name":null},{"time":2.2667,"name":"10"},{"time":2.3667,"name":null},{"time":2.4667,"name":"10"},{"time":2.5667,"name":null},{"time":2.6667,"name":"10"},{"time":2.7667,"name":null},{"time":2.8667,"name":"10"},{"time":2.9667,"name":null},{"time":3.0667,"name":"10"},{"time":3.1667,"name":null},{"time":3.2667,"name":"10"},{"time":3.3333,"name":null},{"time":3.9333,"name":"10"},{"time":4.0667,"name":null},{"time":4.1667,"name":"10"},{"time":4.2667,"name":null},{"time":4.3667,"name":"10"},{"time":4.4667,"name":null},{"time":4.5667,"name":"10"},{"time":4.6333,"name":null},{"time":4.7333,"name":"10"},{"time":4.8333,"name":null},{"time":4.9333,"name":"10"},{"time":5.0333,"name":null},{"time":5.1333,"name":"10"},{"time":5.2333,"name":null},{"time":5.3333,"name":"10"},{"time":5.4333,"name":null},{"time":5.5333,"name":"10"},{"time":5.6333,"name":null},{"time":5.7333,"name":"10"},{"time":5.8333,"name":null},{"time":5.9333,"name":"10"},{"time":6,"name":null},{"time":6.1,"name":"10"},{"time":6.2,"name":null},{"time":6.3,"name":"10"},{"time":6.4,"name":null},{"time":6.5,"name":"10"},{"time":6.6,"name":null},{"time":6.7,"name":"10"},{"time":6.8,"name":null}]}}},"Sound_2":{"slots":{"3":{"attachment":[{"time":0.3667,"name":"3"},{"time":0.5,"name":null},{"time":3.8,"name":"3"},{"time":3.9333,"name":null}]},"4":{"attachment":[{"time":0.1,"name":null},{"time":3.4333,"name":"4"},{"time":3.5333,"name":null},{"time":6.9,"name":"4"}]},"5":{"attachment":[{"time":0.6333,"name":"5"},{"time":0.7,"name":null},{"time":0.8,"name":"5"},{"time":0.9,"name":null},{"time":1,"name":"5"},{"time":1.1,"name":null},{"time":1.2,"name":"5"},{"time":1.3,"name":null},{"time":1.4,"name":"5"},{"time":1.5,"name":null},{"time":1.6,"name":"5"},{"time":1.7,"name":null},{"time":1.8,"name":"5"},{"time":1.9,"name":null},{"time":1.9667,"name":"5"},{"time":2.0667,"name":null},{"time":2.1667,"name":"5"},{"time":2.2667,"name":null},{"time":2.3667,"name":"5"},{"time":2.4667,"name":null},{"time":2.5667,"name":"5"},{"time":2.6667,"name":null},{"time":2.7667,"name":"5"},{"time":2.8667,"name":null},{"time":2.9667,"name":"5"},{"time":3.0667,"name":null},{"time":3.1667,"name":"5"},{"time":3.2667,"name":null},{"time":3.3333,"name":"5"},{"time":3.4333,"name":null},{"time":4.0667,"name":"5"},{"time":4.1667,"name":null},{"time":4.2667,"name":"5"},{"time":4.3667,"name":null},{"time":4.4667,"name":"5"},{"time":4.5667,"name":null},{"time":4.6333,"name":"5"},{"time":4.7333,"name":null},{"time":4.8333,"name":"5"},{"time":4.9333,"name":null},{"time":5.0333,"name":"5"},{"time":5.1333,"name":null},{"time":5.2333,"name":"5"},{"time":5.3333,"name":null},{"time":5.4333,"name":"5"},{"time":5.5333,"name":null},{"time":5.6333,"name":"5"},{"time":5.7333,"name":null},{"time":5.8333,"name":"5"},{"time":5.9333,"name":null},{"time":6,"name":"5"},{"time":6.1,"name":null},{"time":6.2,"name":"5"},{"time":6.3,"name":null},{"time":6.4,"name":"5"},{"time":6.5,"name":null},{"time":6.6,"name":"5"},{"time":6.7,"name":null},{"time":6.8,"name":"5"},{"time":6.9,"name":null}]},"7":{"attachment":[{"time":0.1,"name":"7"},{"time":0.2333,"name":null},{"time":3.5333,"name":"7"},{"time":3.6667,"name":null}]},"8":{"attachment":[{"time":0.2333,"name":"8"},{"time":0.3667,"name":null},{"time":3.6667,"name":"8"},{"time":3.8,"name":null}]},"10":{"attachment":[{"time":0.5,"name":"10"},{"time":0.6333,"name":null},{"time":0.7,"name":"10"},{"time":0.8,"name":null},{"time":0.9,"name":"10"},{"time":1,"name":null},{"time":1.1,"name":"10"},{"time":1.2,"name":null},{"time":1.3,"name":"10"},{"time":1.4,"name":null},{"time":1.5,"name":"10"},{"time":1.6,"name":null},{"time":1.7,"name":"10"},{"time":1.8,"name":null},{"time":1.9,"name":"10"},{"time":1.9667,"name":null},{"time":2.0667,"name":"10"},{"time":2.1667,"name":null},{"time":2.2667,"name":"10"},{"time":2.3667,"name":null},{"time":2.4667,"name":"10"},{"time":2.5667,"name":null},{"time":2.6667,"name":"10"},{"time":2.7667,"name":null},{"time":2.8667,"name":"10"},{"time":2.9667,"name":null},{"time":3.0667,"name":"10"},{"time":3.1667,"name":null},{"time":3.2667,"name":"10"},{"time":3.3333,"name":null},{"time":3.9333,"name":"10"},{"time":4.0667,"name":null},{"time":4.1667,"name":"10"},{"time":4.2667,"name":null},{"time":4.3667,"name":"10"},{"time":4.4667,"name":null},{"time":4.5667,"name":"10"},{"time":4.6333,"name":null},{"time":4.7333,"name":"10"},{"time":4.8333,"name":null},{"time":4.9333,"name":"10"},{"time":5.0333,"name":null},{"time":5.1333,"name":"10"},{"time":5.2333,"name":null},{"time":5.3333,"name":"10"},{"time":5.4333,"name":null},{"time":5.5333,"name":"10"},{"time":5.6333,"name":null},{"time":5.7333,"name":"10"},{"time":5.8333,"name":null},{"time":5.9333,"name":"10"},{"time":6,"name":null},{"time":6.1,"name":"10"},{"time":6.2,"name":null},{"time":6.3,"name":"10"},{"time":6.4,"name":null},{"time":6.5,"name":"10"},{"time":6.6,"name":null},{"time":6.7,"name":"10"},{"time":6.8,"name":null}]}}}}},[0]]],0,0,[0],[-1],[0]]
