[1,["7bVvn9oi1H0oJJabluGuB1@6c48a"],0,[["sp.SkeletonData",["_name","_atlasText","textureNames","_skeletonJson","textures"],-1,3]],[[0,0,1,2,3,4,5]],[[0,"Sound_1_Pin","\r\nSound_1_Pin.png\r\nsize: 1483, 168\r\nformat: RGBA8888\r\nfilter: Linear, Linear\r\nrepeat: none\r\n1\r\n  rotate: true\r\n  xy: 2, 2\r\n  size: 164, 249\r\n  orig: 164, 249\r\n  offset: 0, 0\r\n  index: -1\r\n2\r\n  rotate: true\r\n  xy: 755, 2\r\n  size: 164, 246\r\n  orig: 164, 246\r\n  offset: 0, 0\r\n  index: -1\r\n3\r\n  rotate: true\r\n  xy: 1003, 2\r\n  size: 164, 240\r\n  orig: 164, 240\r\n  offset: 0, 0\r\n  index: -1\r\n4\r\n  rotate: true\r\n  xy: 1245, 2\r\n  size: 164, 236\r\n  orig: 164, 236\r\n  offset: 0, 0\r\n  index: -1\r\n5\r\n  rotate: true\r\n  xy: 253, 2\r\n  size: 164, 249\r\n  orig: 164, 249\r\n  offset: 0, 0\r\n  index: -1\r\n6\r\n  rotate: true\r\n  xy: 504, 2\r\n  size: 164, 249\r\n  orig: 164, 249\r\n  offset: 0, 0\r\n  index: -1\r\n",["Sound_1_Pin.png"],{"skeleton":{"hash":"P3uzdYUwQUE","spine":"3.8-from-4.0-from-4.1-from-4.2.38","images":"C:\\Users\\006\\Desktop\\222","audio":"./audio"},"bones":[{"name":"root"},{"name":"bone","parent":"root","x":0.01,"y":-36.04}],"slots":[{"name":"1","bone":"bone","attachment":"1"},{"name":"2","bone":"bone"},{"name":"3","bone":"bone"},{"name":"4","bone":"bone"},{"name":"5","bone":"bone"},{"name":"6","bone":"bone"}],"skins":[{"name":"default","attachments":{"1":{"1":{"x":6.89,"y":159.2,"width":164,"height":249}},"2":{"2":{"x":6.7,"y":154.72,"width":164,"height":246}},"3":{"3":{"x":7.26,"y":150.8,"width":164,"height":240}},"4":{"4":{"x":6.89,"y":145.3,"width":164,"height":236}},"5":{"5":{"x":6.7,"y":162.85,"width":164,"height":249}},"6":{"6":{"x":6.89,"y":166.4,"width":164,"height":249}}}}],"animations":{"Sound_1":{"slots":{"1":{"attachment":[{"time":0.2,"name":null},{"time":1.2,"name":"1"},{"time":1.4,"name":null},{"time":2.4,"name":"1"},{"time":2.6,"name":null},{"time":3.6,"name":"1"},{"time":3.8,"name":null},{"time":4.8,"name":"1"}]},"2":{"attachment":[{"time":0.2,"name":"2"},{"time":0.4,"name":null},{"time":1.4,"name":"2"},{"time":1.6,"name":null},{"time":2.6,"name":"2"},{"time":2.8,"name":null},{"time":3.8,"name":"2"},{"time":4,"name":null}]},"3":{"attachment":[{"time":0.4,"name":"3"},{"time":0.6,"name":null},{"time":1.6,"name":"3"},{"time":1.8,"name":null},{"time":2.8,"name":"3"},{"time":3,"name":null},{"time":4,"name":"3"},{"time":4.2,"name":null}]},"4":{"attachment":[{"time":0.6,"name":"4"},{"time":0.8,"name":null},{"time":1.8,"name":"4"},{"time":2,"name":null},{"time":3,"name":"4"},{"time":3.2,"name":null},{"time":4.2,"name":"4"},{"time":4.4,"name":null}]},"5":{"attachment":[{"time":0.8,"name":"5"},{"time":1,"name":null},{"time":2,"name":"5"},{"time":2.2,"name":null},{"time":3.2,"name":"5"},{"time":3.4,"name":null},{"time":4.4,"name":"5"},{"time":4.6,"name":null}]},"6":{"attachment":[{"time":1,"name":"6"},{"time":1.2,"name":null},{"time":2.2,"name":"6"},{"time":2.4,"name":null},{"time":3.4,"name":"6"},{"time":3.6,"name":null},{"time":4.6,"name":"6"},{"time":4.8,"name":null}]}}},"Sound_2":{"slots":{"1":{"attachment":[{"time":0.2,"name":null},{"time":1.2,"name":"1"},{"time":1.4,"name":null},{"time":2.4,"name":"1"},{"time":2.6,"name":null},{"time":3.6,"name":"1"},{"time":3.8,"name":null},{"time":4.8,"name":"1"}]},"2":{"attachment":[{"time":0.2,"name":"2"},{"time":0.4,"name":null},{"time":1.4,"name":"2"},{"time":1.6,"name":null},{"time":2.6,"name":"2"},{"time":2.8,"name":null},{"time":3.8,"name":"2"},{"time":4,"name":null}]},"3":{"attachment":[{"time":0.4,"name":"3"},{"time":0.6,"name":null},{"time":1.6,"name":"3"},{"time":1.8,"name":null},{"time":2.8,"name":"3"},{"time":3,"name":null},{"time":4,"name":"3"},{"time":4.2,"name":null}]},"4":{"attachment":[{"time":0.6,"name":"4"},{"time":0.8,"name":null},{"time":1.8,"name":"4"},{"time":2,"name":null},{"time":3,"name":"4"},{"time":3.2,"name":null},{"time":4.2,"name":"4"},{"time":4.4,"name":null}]},"5":{"attachment":[{"time":0.8,"name":"5"},{"time":1,"name":null},{"time":2,"name":"5"},{"time":2.2,"name":null},{"time":3.2,"name":"5"},{"time":3.4,"name":null},{"time":4.4,"name":"5"},{"time":4.6,"name":null}]},"6":{"attachment":[{"time":1,"name":"6"},{"time":1.2,"name":null},{"time":2.2,"name":"6"},{"time":2.4,"name":null},{"time":3.4,"name":"6"},{"time":3.6,"name":null},{"time":4.6,"name":"6"},{"time":4.8,"name":null}]}}}}},[0]]],0,0,[0],[-1],[0]]
