[1,["f4ao27cJZNXoH3ROKFNFUH@6c48a"],0,[["sp.SkeletonData",["_name","_atlasText","textureNames","_skeletonJson","textures"],-1,3]],[[0,0,1,2,3,4,5]],[[0,"Sound_S_Blue","\r\nSound_S_Blue.png\r\nsize: 873, 649\r\nformat: RGBA8888\r\nfilter: Linear, Linear\r\nrepeat: none\r\n1\r\n  rotate: true\r\n  xy: 286, 221\r\n  size: 213, 284\r\n  orig: 213, 284\r\n  offset: 0, 0\r\n  index: -1\r\n2\r\n  rotate: true\r\n  xy: 578, 2\r\n  size: 217, 293\r\n  orig: 217, 293\r\n  offset: 0, 0\r\n  index: -1\r\n3\r\n  rotate: true\r\n  xy: 287, 437\r\n  size: 210, 279\r\n  orig: 210, 279\r\n  offset: 0, 0\r\n  index: -1\r\n4\r\n  rotate: true\r\n  xy: 2, 442\r\n  size: 205, 283\r\n  orig: 205, 283\r\n  offset: 0, 0\r\n  index: -1\r\n5\r\n  rotate: true\r\n  xy: 568, 436\r\n  size: 211, 280\r\n  orig: 211, 280\r\n  offset: 0, 0\r\n  index: -1\r\n6\r\n  rotate: true\r\n  xy: 572, 221\r\n  size: 213, 284\r\n  orig: 213, 284\r\n  offset: 0, 0\r\n  index: -1\r\n7\r\n  rotate: true\r\n  xy: 2, 4\r\n  size: 215, 287\r\n  orig: 215, 287\r\n  offset: 0, 0\r\n  index: -1\r\n8\r\n  rotate: true\r\n  xy: 2, 229\r\n  size: 211, 282\r\n  orig: 211, 282\r\n  offset: 0, 0\r\n  index: -1\r\n9\r\n  rotate: true\r\n  xy: 291, 4\r\n  size: 215, 285\r\n  orig: 215, 285\r\n  offset: 0, 0\r\n  index: -1\r\n",["Sound_S_Blue.png"],{"skeleton":{"hash":"S157bBEmtks","spine":"3.8-from-4.0-from-4.1-from-4.2.37","x":-101.81,"y":-14.73,"width":217,"height":293,"images":"C:\\Users\\006\\Desktop\\111","audio":"./audio"},"bones":[{"name":"root"}],"slots":[{"name":"1","bone":"root"},{"name":"2","bone":"root","attachment":"2"},{"name":"3","bone":"root"},{"name":"4","bone":"root"},{"name":"5","bone":"root"},{"name":"6","bone":"root"},{"name":"7","bone":"root"},{"name":"8","bone":"root"},{"name":"9","bone":"root"}],"skins":[{"name":"default","attachments":{"1":{"1":{"x":9.64,"y":127.49,"width":213,"height":284}},"2":{"2":{"x":6.69,"y":131.77,"width":217,"height":293}},"3":{"3":{"x":3.17,"y":125.06,"width":210,"height":279}},"4":{"4":{"x":1.62,"y":127.22,"width":205,"height":283}},"5":{"5":{"x":7.5,"y":125.87,"width":211,"height":280}},"6":{"6":{"x":9.13,"y":127.47,"width":213,"height":284}},"7":{"7":{"x":8.31,"y":129.61,"width":215,"height":287}},"8":{"8":{"x":6.72,"y":126.4,"width":211,"height":282}},"9":{"9":{"x":14.75,"y":128.3,"width":215,"height":285}}}}],"animations":{"Sound_1":{"slots":{"1":{"attachment":[{"name":"1"},{"time":0.1333,"name":null},{"time":2.7667,"name":"1"},{"time":3.6,"name":null},{"time":6.2,"name":"1"}]},"2":{"attachment":[{"name":null},{"time":1.8,"name":"2"},{"time":1.9333,"name":null},{"time":5.2333,"name":"2"},{"time":5.4,"name":null}]},"3":{"attachment":[{"time":0.1333,"name":"3"},{"time":0.2667,"name":null},{"time":3.6,"name":"3"},{"time":3.7333,"name":null}]},"4":{"attachment":[{"time":0.9667,"name":"4"},{"time":1.1,"name":null},{"time":4.4333,"name":"4"},{"time":4.5667,"name":null}]},"5":{"attachment":[{"time":0.2667,"name":"5"},{"time":0.9667,"name":null},{"time":3.7333,"name":"5"},{"time":4.4333,"name":null}]},"7":{"attachment":[{"time":1.9333,"name":"7"},{"time":2.6333,"name":null},{"time":5.4,"name":"7"},{"time":6.0667,"name":null}]},"8":{"attachment":[{"time":1.1,"name":"8"},{"time":1.8,"name":null},{"time":4.5667,"name":"8"},{"time":5.2333,"name":null}]},"9":{"attachment":[{"time":2.6333,"name":"9"},{"time":2.7667,"name":null},{"time":6.0667,"name":"9"},{"time":6.2,"name":null},{"time":6.9,"name":null}]}}},"Sound_2":{"slots":{"1":{"attachment":[{"name":"1"},{"time":0.1333,"name":null},{"time":2.7667,"name":"1"},{"time":3.6,"name":null},{"time":6.2,"name":"1"}]},"2":{"attachment":[{"name":null},{"time":1.8,"name":"2"},{"time":1.9333,"name":null},{"time":5.2333,"name":"2"},{"time":5.4,"name":null}]},"3":{"attachment":[{"time":0.1333,"name":"3"},{"time":0.2667,"name":null},{"time":3.6,"name":"3"},{"time":3.7333,"name":null}]},"4":{"attachment":[{"time":0.9667,"name":"4"},{"time":1.1,"name":null},{"time":4.4333,"name":"4"},{"time":4.5667,"name":null}]},"5":{"attachment":[{"time":0.2667,"name":"5"},{"time":0.9667,"name":null},{"time":3.7333,"name":"5"},{"time":4.4333,"name":null}]},"7":{"attachment":[{"time":1.9333,"name":"7"},{"time":2.6333,"name":null},{"time":5.4,"name":"7"},{"time":6.0667,"name":null}]},"8":{"attachment":[{"time":1.1,"name":"8"},{"time":1.8,"name":null},{"time":4.5667,"name":"8"},{"time":5.2333,"name":null}]},"9":{"attachment":[{"time":2.6333,"name":"9"},{"time":2.7667,"name":null},{"time":6.0667,"name":"9"},{"time":6.2,"name":null},{"time":6.9,"name":null}]}}}}},[0]]],0,0,[0],[-1],[0]]
