[1,["46iqsmom5C3L0SVuG//5pJ@6c48a"],0,[["sp.SkeletonData",["_name","_atlasText","textureNames","_skeletonJson","textures"],-1,3]],[[0,0,1,2,3,4,5]],[[0,"Sound_2_Mint","\r\nSound_2_Mint.png\r\nsize: 1421, 300\r\nformat: RGBA8888\r\nfilter: Linear, Linear\r\nrepeat: none\r\n0\r\n  rotate: true\r\n  xy: 2, 2\r\n  size: 147, 245\r\n  orig: 147, 267\r\n  offset: 0, 4\r\n  index: -1\r\n1\r\n  rotate: true\r\n  xy: 986, 2\r\n  size: 147, 236\r\n  orig: 147, 267\r\n  offset: 0, 4\r\n  index: -1\r\n10\r\n  rotate: true\r\n  xy: 2, 151\r\n  size: 147, 258\r\n  orig: 147, 267\r\n  offset: 0, 4\r\n  index: -1\r\n2\r\n  rotate: true\r\n  xy: 743, 2\r\n  size: 147, 241\r\n  orig: 147, 267\r\n  offset: 0, 4\r\n  index: -1\r\n3\r\n  rotate: true\r\n  xy: 249, 2\r\n  size: 147, 245\r\n  orig: 147, 267\r\n  offset: 0, 4\r\n  index: -1\r\n4\r\n  rotate: true\r\n  xy: 1023, 151\r\n  size: 147, 247\r\n  orig: 147, 267\r\n  offset: 0, 4\r\n  index: -1\r\n5\r\n  rotate: false\r\n  xy: 1272, 52\r\n  size: 147, 246\r\n  orig: 147, 267\r\n  offset: 0, 4\r\n  index: -1\r\n6\r\n  rotate: true\r\n  xy: 772, 151\r\n  size: 147, 249\r\n  orig: 147, 267\r\n  offset: 0, 4\r\n  index: -1\r\n7\r\n  rotate: true\r\n  xy: 496, 2\r\n  size: 147, 245\r\n  orig: 147, 267\r\n  offset: 0, 4\r\n  index: -1\r\n8\r\n  rotate: true\r\n  xy: 518, 151\r\n  size: 147, 252\r\n  orig: 147, 267\r\n  offset: 0, 4\r\n  index: -1\r\n9\r\n  rotate: true\r\n  xy: 262, 151\r\n  size: 147, 254\r\n  orig: 147, 267\r\n  offset: 0, 4\r\n  index: -1\r\n",["Sound_2_Mint.png"],{"skeleton":{"hash":"14kLzdzGFlc","spine":"3.8-from-4.0-from-4.1-from-4.2.38","images":"C:\\Users\\006\\Desktop\\222","audio":"./audio"},"bones":[{"name":"root"},{"name":"bone","parent":"root","x":-0.71,"y":-32.19}],"slots":[{"name":"0","bone":"bone","attachment":"0"},{"name":"1","bone":"bone"},{"name":"2","bone":"bone"},{"name":"3","bone":"bone"},{"name":"4","bone":"bone"},{"name":"5","bone":"bone"},{"name":"6","bone":"bone"},{"name":"7","bone":"bone"},{"name":"8","bone":"bone"},{"name":"9","bone":"bone"},{"name":"10","bone":"bone"}],"skins":[{"name":"default","attachments":{"0":{"0":{"x":0.71,"y":160.79,"width":147,"height":267}},"1":{"1":{"x":2,"y":160.82,"width":147,"height":267}},"2":{"2":{"x":1.88,"y":160.7,"width":147,"height":267}},"3":{"3":{"x":0.71,"y":160.41,"width":147,"height":267}},"4":{"4":{"x":1.67,"y":160.55,"width":147,"height":267}},"5":{"5":{"x":0.71,"y":160.75,"width":147,"height":267}},"6":{"6":{"x":0.71,"y":160.92,"width":147,"height":267}},"7":{"7":{"x":0.71,"y":160.72,"width":147,"height":267}},"8":{"8":{"x":0.71,"y":160.49,"width":147,"height":267}},"9":{"9":{"x":0.71,"y":160.43,"width":147,"height":267}},"10":{"10":{"x":0.71,"y":160.71,"width":147,"height":267}}}}],"animations":{"Sound_1":{"slots":{"0":{"attachment":[{"time":0.1333,"name":null},{"time":2.7667,"name":"0"},{"time":4.8,"name":"0"}]},"1":{"attachment":[{"time":0.1333,"name":"1"},{"time":0.3,"name":null}]},"2":{"attachment":[{"time":0.3,"name":"2"},{"time":0.4333,"name":null}]},"3":{"attachment":[{"time":2.6,"name":"3"},{"time":2.7667,"name":null}]},"4":{"attachment":[{"time":0.4333,"name":"4"},{"time":2.6,"name":null}]}}},"Sound_2":{"slots":{"0":{"attachment":[{"time":3.7333,"name":null}]},"5":{"attachment":[{"time":3.7333,"name":"5"},{"time":3.9333,"name":null}]},"6":{"attachment":[{"time":3.9333,"name":"6"},{"time":4.2,"name":null}]},"8":{"attachment":[{"time":4.2,"name":"8"},{"time":4.4,"name":null}]},"9":{"attachment":[{"time":4.4,"name":"9"},{"time":4.6,"name":null}]},"10":{"attachment":[{"time":4.6,"name":"10"},{"time":4.8,"name":"10"}]}}}}},[0]]],0,0,[0],[-1],[0]]
