[1,["f2BTQnWxZLRZCQ2bGzHov6@6c48a"],0,[["sp.SkeletonData",["_name","_atlasText","textureNames","_skeletonJson","textures"],-1,3]],[[0,0,1,2,3,4,5]],[[0,"char_11_trumpet_noel","\r\nchar_11_trumpet_noel.png\r\nsize: 1301, 193\r\nformat: RGBA8888\r\nfilter: Linear, Linear\r\nrepeat: none\r\nbody\r\n  rotate: true\r\n  xy: 2, 3\r\n  size: 188, 954\r\n  orig: 188, 954\r\n  offset: 0, 0\r\n  index: -1\r\neyeball\r\n  rotate: false\r\n  xy: 1124, 17\r\n  size: 60, 60\r\n  orig: 61, 60\r\n  offset: 0, 0\r\n  index: -1\r\neyeball copy\r\n  rotate: false\r\n  xy: 1187, 18\r\n  size: 60, 60\r\n  orig: 61, 60\r\n  offset: 1, 0\r\n  index: -1\r\neyelid\r\n  rotate: false\r\n  xy: 1020, 2\r\n  size: 60, 35\r\n  orig: 61, 35\r\n  offset: 0, 0\r\n  index: -1\r\neyelid copy\r\n  rotate: false\r\n  xy: 958, 2\r\n  size: 60, 35\r\n  orig: 61, 35\r\n  offset: 1, 0\r\n  index: -1\r\nhat\r\n  rotate: true\r\n  xy: 958, 39\r\n  size: 152, 114\r\n  orig: 152, 114\r\n  offset: 0, 0\r\n  index: -1\r\niris copy\r\n  rotate: true\r\n  xy: 1082, 10\r\n  size: 39, 40\r\n  orig: 40, 40\r\n  offset: 1, 0\r\n  index: -1\r\niris\r\n  rotate: true\r\n  xy: 1082, 10\r\n  size: 39, 40\r\n  orig: 40, 40\r\n  offset: 1, 0\r\n  index: -1\r\nmouth_neutral\r\n  rotate: false\r\n  xy: 1186, 4\r\n  size: 40, 12\r\n  orig: 41, 12\r\n  offset: 0, 0\r\n  index: -1\r\nmouth_o\r\n  rotate: true\r\n  xy: 1074, 51\r\n  size: 26, 48\r\n  orig: 26, 49\r\n  offset: 0, 0\r\n  index: -1\r\ntrump_l\r\n  rotate: false\r\n  xy: 1074, 79\r\n  size: 111, 112\r\n  orig: 112, 112\r\n  offset: 1, 0\r\n  index: -1\r\ntrump_r\r\n  rotate: false\r\n  xy: 1187, 80\r\n  size: 112, 111\r\n  orig: 112, 112\r\n  offset: 0, 0\r\n  index: -1\r\n",["char_11_trumpet_noel.png"],{"skeleton":{"hash":"m/lfkqpE+7k","spine":"3.8-from-4.0-from-4.1-from-4.2.38","images":"C:/Users/006/Desktop/132","audio":"./audio"},"bones":[{"name":"root"},{"name":"body","parent":"root","length":300,"rotation":90},{"name":"body2","parent":"body","length":200,"x":300},{"name":"body3","parent":"body2","length":180,"x":200},{"name":"body4","parent":"body3","length":150,"x":180},{"name":"body5","parent":"body4","length":120,"x":150},{"name":"head","parent":"body5","length":100,"x":120},{"name":"face","parent":"head"},{"name":"iris","parent":"face","x":17.98},{"name":"trump_l","parent":"head","length":51.24,"rotation":-52.89,"x":32.7,"y":-60},{"name":"trump_r","parent":"head","length":49.32,"rotation":55.34,"x":32.7,"y":60},{"name":"trump_r2","parent":"body4","length":49.32,"rotation":91.96,"x":196.81,"y":80,"scaleX":0.7548,"scaleY":0.7548},{"name":"trump_l2","parent":"body4","length":51.24,"rotation":-90,"x":196.81,"y":-80,"scaleX":0.7548,"scaleY":0.7548},{"name":"trump_l3","parent":"body4","length":51.24,"rotation":-90,"x":64.06,"y":-80,"scaleX":0.7548,"scaleY":0.7548},{"name":"trump_r3","parent":"body4","length":49.32,"rotation":91.96,"x":64.06,"y":80,"scaleX":0.7548,"scaleY":0.7548},{"name":"hat","parent":"head","length":121.73,"x":16.93}],"slots":[{"name":"trump_r","bone":"trump_r","attachment":"trump_r"},{"name":"trump_l","bone":"trump_l","attachment":"trump_l"},{"name":"body","bone":"body","attachment":"body"},{"name":"trump_r2","bone":"trump_r2","attachment":"trump_r"},{"name":"trump_r3","bone":"trump_r3","attachment":"trump_r"},{"name":"trump_l2","bone":"trump_l2","attachment":"trump_l"},{"name":"trump_l3","bone":"trump_l3","attachment":"trump_l"},{"name":"eyeball","bone":"face","attachment":"eyeball"},{"name":"iris","bone":"iris","attachment":"iris"},{"name":"eyelid","bone":"face","attachment":"eyelid"},{"name":"eyeball copy","bone":"face","attachment":"eyeball copy"},{"name":"iris copy","bone":"iris","attachment":"iris copy"},{"name":"eyelid copy","bone":"face","attachment":"eyelid copy"},{"name":"mouth","bone":"face","attachment":"mouth_neutral"},{"name":"hat","bone":"hat","attachment":"hat"}],"skins":[{"name":"default","attachments":{"body":{"body":{"type":"mesh","hull":49,"width":188,"height":954,"uvs":[0.69913,0.00474,0.78953,0.01367,0.83817,0.02082,0.90443,0.03396,0.94482,0.04585,0.98038,0.06245,0.99542,0.07898,0.99545,0.09848,0.95706,0.13045,0.95706,0.18429,0.95706,0.23813,0.95706,0.29197,0.95706,0.34581,0.95706,0.39965,0.95706,0.45349,0.95705,0.50733,0.95705,0.56117,0.95705,0.66885,0.95705,0.77653,0.95704,0.88421,0.95704,0.99189,0.94032,0.99459,0.89494,0.99908,0.49791,0.99907,0.10088,0.99907,0.06885,0.99609,0.0473,0.99015,0.04298,0.98706,0.04297,0.87982,0.04296,0.77257,0.04294,0.66532,0.04293,0.55808,0.04293,0.50445,0.04292,0.45083,0.04291,0.39721,0.04291,0.34358,0.0429,0.28996,0.0429,0.23634,0.04289,0.18271,0.04288,0.12909,0.00446,0.10192,0.00458,0.07464,0.02719,0.05677,0.07208,0.03956,0.12608,0.02613,0.20384,0.01385,0.2943,0.00492,0.39734,0.00093,0.60368,0.00092,0.50027,0.06983,0.50358,0.12651,0.50358,0.17813,0.50861,0.23373,0.50358,0.28734,0.50861,0.34493,0.50861,0.39655,0.50861,0.44818,0.49854,0.50279,0.51365,0.56037,0.49854,0.6676,0.51365,0.77581,0.50357,0.88502],"triangles":[20,21,22,61,22,23,61,23,24,61,24,25,22,19,20,27,61,25,19,22,61,25,26,27,27,28,61,19,61,60,61,28,60,19,60,18,28,29,60,18,60,17,29,59,60,60,59,17,29,30,59,16,17,58,17,59,58,59,30,58,30,31,58,16,58,15,31,57,58,58,57,15,31,32,57,15,57,14,32,33,57,57,56,14,57,33,56,14,56,13,33,34,56,34,55,56,56,55,13,13,55,12,55,34,54,34,35,54,55,54,12,12,54,11,35,53,54,54,53,11,35,36,53,11,53,10,36,37,53,53,52,10,53,37,52,10,52,9,37,38,52,49,42,43,43,44,49,44,45,49,45,46,49,49,39,40,41,49,40,42,49,41,7,49,6,6,49,5,5,49,4,4,49,3,3,49,2,2,49,1,1,49,0,0,49,48,49,7,50,46,47,49,49,47,48,38,51,52,52,51,9,9,51,8,51,38,50,39,50,38,50,39,49,51,50,8,8,50,7],"vertices":[2,5,224.32,-40.98,0.00063,6,104.32,-40.98,0.99937,2,5,214.86,-59.88,0.01214,6,94.86,-59.88,0.98786,2,5,207.28,-70.04,0.02805,6,87.28,-70.04,0.97195,2,5,193.35,-83.89,0.06973,6,73.35,-83.89,0.93027,2,5,180.75,-92.33,0.11618,6,60.75,-92.33,0.88382,2,5,163.14,-99.77,0.19463,6,43.14,-99.77,0.80537,2,5,145.63,-102.91,0.28874,6,25.63,-102.91,0.71126,2,5,124.96,-102.91,0.42359,6,4.96,-102.91,0.57641,3,5,91.07,-94.89,0.70409,6,-28.93,-94.89,0.28961,4,241.07,-94.89,0.0063,3,5,34,-94.89,0.81519,6,-86,-94.89,0.02453,4,184,-94.89,0.16028,3,5,-23.07,-94.89,0.37528,4,126.93,-94.89,0.62372,3,306.93,-94.89,0.001,3,5,-80.14,-94.89,0.06312,4,69.86,-94.89,0.87141,3,249.86,-94.89,0.06547,1,4,12.79,-94.89,1,2,4,-44.28,-94.89,0.14989,3,135.72,-94.89,0.85011,3,4,-101.35,-94.89,0.00614,3,78.65,-94.89,0.96452,2,278.65,-94.89,0.02933,2,3,21.57,-94.89,0.70721,2,221.57,-94.89,0.29279,2,3,-35.5,-94.89,0.22077,2,164.5,-94.89,0.77923,2,2,50.36,-94.89,0.89737,1,350.36,-94.89,0.10263,2,2,-63.78,-94.89,0.08475,1,236.22,-94.89,0.91525,1,1,122.08,-94.89,1,1,1,7.94,-94.89,1,1,1,5.08,-91.39,1,1,1,0.32,-81.91,1,1,1,0.33,1.07,1,1,1,0.33,84.05,1,1,1,3.49,90.74,1,1,1,9.78,95.25,1,1,1,13.06,96.15,1,1,1,126.74,96.15,1,2,2,-59.58,96.16,0.10188,1,240.42,96.16,0.89812,2,2,54.1,96.16,0.90385,1,354.1,96.16,0.09615,2,3,-32.22,96.16,0.29514,2,167.78,96.16,0.70486,2,3,24.62,96.16,0.77411,2,224.62,96.16,0.22589,3,4,-98.54,96.16,0.01264,3,81.46,96.16,0.97099,2,281.46,96.16,0.01636,2,4,-41.7,96.17,0.19761,3,138.3,96.17,0.80239,1,4,15.15,96.17,1,3,5,-78.01,96.17,0.04297,4,71.99,96.17,0.92516,3,251.99,96.17,0.03187,2,5,-21.17,96.17,0.32822,4,128.83,96.17,0.67178,3,5,35.67,96.17,0.7646,6,-84.33,96.17,0.02632,4,185.67,96.17,0.20908,3,5,92.51,96.17,0.68913,6,-27.49,96.17,0.29522,4,242.51,96.17,0.01565,3,5,121.31,104.2,0.46193,6,1.31,104.2,0.53735,4,271.31,104.2,0.00071,2,5,150.23,104.18,0.28044,6,30.23,104.18,0.71956,2,5,169.17,99.45,0.18639,6,49.17,99.45,0.81361,2,5,187.41,90.07,0.10662,6,67.41,90.07,0.89338,2,5,201.65,78.78,0.05619,6,81.65,78.78,0.94381,2,5,214.67,62.53,0.01986,6,94.67,62.53,0.98014,2,5,224.13,43.63,0.00343,6,104.13,43.63,0.99657,1,6,108.36,22.09,1,1,6,108.37,-21.03,1,1,6,35.33,0.58,1,1,5,95.25,-0.11,1,1,5,40.52,-0.11,1,1,4,131.59,-1.16,1,2,4,74.76,-0.11,0.99999,3,254.76,-0.11,0.00001,1,4,13.72,-1.16,1,1,3,139,-1.16,1,1,3,84.27,-1.16,1,1,3,26.39,0.94,1,1,2,165.35,-2.22,1,2,2,51.69,0.94,0.99999,1,351.69,0.94,0.00001,1,1,236.98,-2.22,1,1,1,121.22,-0.11,1],"edges":[0,96,0,2,2,4,4,6,6,8,8,10,10,12,12,14,14,16,16,18,18,20,20,22,22,24,24,26,26,28,28,30,30,32,32,34,34,36,36,38,38,40,40,42,42,44,44,46,46,48,48,50,50,52,52,54,54,56,56,58,58,60,60,62,62,64,64,66,66,68,68,70,70,72,72,74,74,76,76,78,78,80,80,82,82,84,84,86,86,88,88,90,90,92,92,94,94,96]}},"eyeball":{"eyeball":{"x":16.62,"y":38,"rotation":-90,"width":61,"height":60}},"eyeball copy":{"eyeball copy":{"x":16.62,"y":-38,"rotation":-90,"width":61,"height":60}},"eyelid":{"eyelid":{"x":1.92,"y":38,"rotation":-90,"width":61,"height":35}},"eyelid copy":{"eyelid copy":{"x":1.92,"y":-38,"rotation":-90,"width":61,"height":35}},"hat":{"hat":{"x":132.29,"y":28.93,"rotation":-104.17,"width":152,"height":114}},"iris":{"iris":{"x":-1.36,"y":38,"rotation":-90,"width":40,"height":40}},"iris copy":{"iris copy":{"x":-1.36,"y":-38,"rotation":-90,"width":40,"height":40}},"mouth":{"mouth_neutral":{"x":-34.88,"y":-0.5,"rotation":-90,"width":41,"height":12},"mouth_o":{"x":-37.38,"y":-0.5,"rotation":-90,"width":26,"height":49}},"trump_l":{"trump_l":{"x":66.63,"y":-0.45,"rotation":-45,"width":112,"height":112}},"trump_l2":{"trump_l":{"x":66.63,"y":0.46,"rotation":-45,"width":112,"height":112}},"trump_l3":{"trump_l":{"x":66.63,"y":0.46,"rotation":-45,"width":112,"height":112}},"trump_r":{"trump_r":{"x":65.8,"y":-0.38,"rotation":-135,"width":112,"height":112}},"trump_r2":{"trump_r":{"x":65.77,"y":-1.29,"rotation":-135,"width":112,"height":112}},"trump_r3":{"trump_r":{"x":65.77,"y":-1.29,"rotation":-135,"width":112,"height":112}}}}],"events":{"11_trumpet_noel":{"audio":"11_trumpet_noel.ogg"}},"animations":{"idle":{"bones":{"body2":{"rotate":[{"angle":1.31},{"time":0.6667,"angle":-1.5},{"time":1.3333,"angle":1.31},{"time":2,"angle":-1.5},{"time":2.6667,"angle":1.31},{"time":3.3333,"angle":-1.5},{"time":4,"angle":1.31}]},"body3":{"rotate":[{"angle":0.86},{"time":0.1667,"angle":1.31},{"time":0.8333,"angle":-1.5},{"time":1.3333,"angle":0.86},{"time":1.5,"angle":1.31},{"time":2.1667,"angle":-1.5},{"time":2.6667,"angle":0.86},{"time":2.8333,"angle":1.31},{"time":3.5,"angle":-1.5},{"time":4,"angle":0.86}]},"body4":{"rotate":[{"angle":-0.1},{"time":0.3333,"angle":1.31},{"time":1,"angle":-1.5},{"time":1.3333,"angle":-0.1},{"time":1.6667,"angle":1.31},{"time":2.3333,"angle":-1.5},{"time":2.6667,"angle":-0.1},{"time":3,"angle":1.31},{"time":3.6667,"angle":-1.5},{"time":4,"angle":-0.1}],"translate":[{"x":-26.19,"y":0.04},{"time":0.3333},{"time":0.6667,"x":-26.19,"y":0.04},{"time":1},{"time":1.3333,"x":-26.19,"y":0.04},{"time":1.6667},{"time":2,"x":-26.19,"y":0.04},{"time":2.3333},{"time":2.6667,"x":-26.19,"y":0.04},{"time":3},{"time":3.3333,"x":-26.19,"y":0.04},{"time":3.6667},{"time":4,"x":-26.19,"y":0.04}]},"body5":{"rotate":[{"angle":-1.05},{"time":0.5,"angle":1.31},{"time":1.1667,"angle":-1.5},{"time":1.3333,"angle":-1.05},{"time":1.8333,"angle":1.31},{"time":2.5,"angle":-1.5},{"time":2.6667,"angle":-1.05},{"time":3.1667,"angle":1.31},{"time":3.8333,"angle":-1.5},{"time":4,"angle":-1.05}]},"head":{"rotate":[{"angle":-1.5},{"time":0.6667,"angle":1.31},{"time":1.3333,"angle":-1.5},{"time":2,"angle":1.31},{"time":2.6667,"angle":-1.5},{"time":3.3333,"angle":1.31},{"time":4,"angle":-1.5}]},"iris":{"translate":[{"time":0.8333},{"time":0.9333,"y":-8.09,"curve":"stepped"},{"time":2.3,"y":-8.09},{"time":2.4,"y":8.18,"curve":"stepped"},{"time":3.4333,"y":8.18},{"time":3.5333}]}}},"play":{"slots":{"mouth":{"attachment":[{"name":"mouth_o"},{"time":0.1667,"name":"mouth_neutral"},{"time":0.6,"name":"mouth_o"},{"time":0.7667,"name":"mouth_neutral"},{"time":1.2,"name":"mouth_o"},{"time":1.3667,"name":"mouth_neutral"},{"time":1.8,"name":"mouth_o"},{"time":1.9667,"name":"mouth_neutral"},{"time":2.4,"name":"mouth_o"},{"time":2.5667,"name":"mouth_neutral"},{"time":3,"name":"mouth_o"},{"time":3.1667,"name":"mouth_neutral"},{"time":3.6,"name":"mouth_o"},{"time":3.7667,"name":"mouth_neutral"},{"time":4.2,"name":"mouth_o"},{"time":4.3667,"name":"mouth_neutral"},{"time":4.8,"name":"mouth_o"},{"time":4.9667,"name":"mouth_neutral"},{"time":5.4,"name":"mouth_o"},{"time":5.5667,"name":"mouth_neutral"},{"time":6,"name":"mouth_o"},{"time":6.1667,"name":"mouth_neutral"},{"time":6.6,"name":"mouth_o"},{"time":6.7667,"name":"mouth_neutral"},{"time":7.2,"name":"mouth_o"},{"time":7.3667,"name":"mouth_neutral"},{"time":7.8,"name":"mouth_o"},{"time":7.9667,"name":"mouth_neutral"},{"time":8.4,"name":"mouth_o"},{"time":8.5667,"name":"mouth_neutral"},{"time":9,"name":"mouth_o"},{"time":9.1667,"name":"mouth_neutral"}]}},"bones":{"body3":{"rotate":[{"angle":-2},{"time":0.7333,"angle":2},{"time":1.3333,"angle":-2},{"time":1.9333,"angle":2},{"time":2.5333,"angle":-2},{"time":3.1333,"angle":2},{"time":3.7333,"angle":-2},{"time":4.3333,"angle":2},{"time":4.9333,"angle":-2},{"time":5.5333,"angle":2},{"time":6.1333,"angle":-2},{"time":6.7333,"angle":2},{"time":7.3333,"angle":-2},{"time":7.9333,"angle":2},{"time":8.5333,"angle":-2},{"time":9.1333,"angle":2},{"time":9.6,"angle":-2}]},"body4":{"rotate":[{"angle":-2},{"time":0.7333,"angle":2},{"time":1.3333,"angle":-2},{"time":1.9333,"angle":2},{"time":2.5333,"angle":-2},{"time":3.1333,"angle":2},{"time":3.7333,"angle":-2},{"time":4.3333,"angle":2},{"time":4.9333,"angle":-2},{"time":5.5333,"angle":2},{"time":6.1333,"angle":-2},{"time":6.7333,"angle":2},{"time":7.3333,"angle":-2},{"time":7.9333,"angle":2},{"time":8.5333,"angle":-2},{"time":9.1333,"angle":2},{"time":9.6,"angle":-2}],"translate":[{},{"time":0.1333,"x":70.98},{"time":0.6},{"time":0.7333,"x":70.98},{"time":1.2},{"time":1.3333,"x":70.98},{"time":1.8},{"time":1.9333,"x":70.98},{"time":2.4},{"time":2.5333,"x":70.98},{"time":3},{"time":3.1333,"x":70.98},{"time":3.6},{"time":3.7333,"x":70.98},{"time":4.2},{"time":4.3333,"x":70.98},{"time":4.8},{"time":4.9333,"x":70.98},{"time":5.4},{"time":5.5333,"x":70.98},{"time":6},{"time":6.1333,"x":70.98},{"time":6.6},{"time":6.7333,"x":70.98},{"time":7.2},{"time":7.3333,"x":70.98},{"time":7.8},{"time":7.9333,"x":70.98},{"time":8.4},{"time":8.5333,"x":70.98},{"time":9},{"time":9.1333,"x":70.98},{"time":9.6}]},"body5":{"rotate":[{"angle":-2},{"time":0.7333,"angle":2},{"time":1.3333,"angle":-2},{"time":1.9333,"angle":2},{"time":2.5333,"angle":-2},{"time":3.1333,"angle":2},{"time":3.7333,"angle":-2},{"time":4.3333,"angle":2},{"time":4.9333,"angle":-2},{"time":5.5333,"angle":2},{"time":6.1333,"angle":-2},{"time":6.7333,"angle":2},{"time":7.3333,"angle":-2},{"time":7.9333,"angle":2},{"time":8.5333,"angle":-2},{"time":9.1333,"angle":2},{"time":9.6,"angle":-2}]},"head":{"rotate":[{"angle":-2},{"time":0.7333,"angle":2},{"time":1.3333,"angle":-2},{"time":1.9333,"angle":2},{"time":2.5333,"angle":-2},{"time":3.1333,"angle":2},{"time":3.7333,"angle":-2},{"time":4.3333,"angle":2},{"time":4.9333,"angle":-2},{"time":5.5333,"angle":2},{"time":6.1333,"angle":-2},{"time":6.7333,"angle":2},{"time":7.3333,"angle":-2},{"time":7.9333,"angle":2},{"time":8.5333,"angle":-2},{"time":9.1333,"angle":2},{"time":9.6,"angle":-2}]},"trump_r":{"scale":[{"x":0.8,"y":0.8},{"time":0.0667,"x":1.1,"y":1.1},{"time":0.6,"x":0.8,"y":0.8},{"time":0.6667,"x":1.1,"y":1.1},{"time":1.2,"x":0.8,"y":0.8},{"time":1.2667,"x":1.1,"y":1.1},{"time":1.8,"x":0.8,"y":0.8},{"time":1.8667,"x":1.1,"y":1.1},{"time":2.4,"x":0.8,"y":0.8},{"time":2.4667,"x":1.1,"y":1.1},{"time":3,"x":0.8,"y":0.8},{"time":3.0667,"x":1.1,"y":1.1},{"time":3.6,"x":0.8,"y":0.8},{"time":3.6667,"x":1.1,"y":1.1},{"time":4.2,"x":0.8,"y":0.8},{"time":4.2667,"x":1.1,"y":1.1},{"time":4.8,"x":0.8,"y":0.8},{"time":4.8667,"x":1.1,"y":1.1},{"time":5.4,"x":0.8,"y":0.8},{"time":5.4667,"x":1.1,"y":1.1},{"time":6,"x":0.8,"y":0.8},{"time":6.0667,"x":1.1,"y":1.1},{"time":6.6,"x":0.8,"y":0.8},{"time":6.6667,"x":1.1,"y":1.1},{"time":7.2,"x":0.8,"y":0.8},{"time":7.2667,"x":1.1,"y":1.1},{"time":7.8,"x":0.8,"y":0.8},{"time":7.8667,"x":1.1,"y":1.1},{"time":8.4,"x":0.8,"y":0.8},{"time":8.4667,"x":1.1,"y":1.1},{"time":9,"x":0.8,"y":0.8},{"time":9.0667,"x":1.1,"y":1.1},{"time":9.6,"x":0.8,"y":0.8}]},"trump_r2":{"scale":[{"x":0.848,"y":0.848},{"time":0.1333,"x":0.8,"y":0.8},{"time":0.2,"x":1.1,"y":1.1},{"time":0.7333,"x":0.8,"y":0.8},{"time":0.8,"x":1.1,"y":1.1},{"time":1.3333,"x":0.8,"y":0.8},{"time":1.4,"x":1.1,"y":1.1},{"time":1.9333,"x":0.8,"y":0.8},{"time":2,"x":1.1,"y":1.1},{"time":2.5333,"x":0.8,"y":0.8},{"time":2.6,"x":1.1,"y":1.1},{"time":3.1333,"x":0.8,"y":0.8},{"time":3.2,"x":1.1,"y":1.1},{"time":3.7333,"x":0.8,"y":0.8},{"time":3.8,"x":1.1,"y":1.1},{"time":4.3333,"x":0.8,"y":0.8},{"time":4.4,"x":1.1,"y":1.1},{"time":4.9333,"x":0.8,"y":0.8},{"time":5,"x":1.1,"y":1.1},{"time":5.5333,"x":0.8,"y":0.8},{"time":5.6,"x":1.1,"y":1.1},{"time":6.1333,"x":0.8,"y":0.8},{"time":6.2,"x":1.1,"y":1.1},{"time":6.7333,"x":0.8,"y":0.8},{"time":6.8,"x":1.1,"y":1.1},{"time":7.3333,"x":0.8,"y":0.8},{"time":7.4,"x":1.1,"y":1.1},{"time":7.9333,"x":0.8,"y":0.8},{"time":8,"x":1.1,"y":1.1},{"time":8.5333,"x":0.8,"y":0.8},{"time":8.6,"x":1.1,"y":1.1},{"time":9.1333,"x":0.8,"y":0.8},{"time":9.2,"x":1.1,"y":1.1},{"time":9.6,"x":0.848,"y":0.848}]},"trump_r3":{"scale":[{"x":0.95,"y":0.95},{"time":0.2667,"x":0.8,"y":0.8},{"time":0.3333,"x":1.1,"y":1.1},{"time":0.8667,"x":0.8,"y":0.8},{"time":0.9333,"x":1.1,"y":1.1},{"time":1.4667,"x":0.8,"y":0.8},{"time":1.5333,"x":1.1,"y":1.1},{"time":2.0667,"x":0.8,"y":0.8},{"time":2.1333,"x":1.1,"y":1.1},{"time":2.6667,"x":0.8,"y":0.8},{"time":2.7333,"x":1.1,"y":1.1},{"time":3.2667,"x":0.8,"y":0.8},{"time":3.3333,"x":1.1,"y":1.1},{"time":3.8667,"x":0.8,"y":0.8},{"time":3.9333,"x":1.1,"y":1.1},{"time":4.4667,"x":0.8,"y":0.8},{"time":4.5333,"x":1.1,"y":1.1},{"time":5.0667,"x":0.8,"y":0.8},{"time":5.1333,"x":1.1,"y":1.1},{"time":5.6667,"x":0.8,"y":0.8},{"time":5.7333,"x":1.1,"y":1.1},{"time":6.2667,"x":0.8,"y":0.8},{"time":6.3333,"x":1.1,"y":1.1},{"time":6.8667,"x":0.8,"y":0.8},{"time":6.9333,"x":1.1,"y":1.1},{"time":7.4667,"x":0.8,"y":0.8},{"time":7.5333,"x":1.1,"y":1.1},{"time":8.0667,"x":0.8,"y":0.8},{"time":8.1333,"x":1.1,"y":1.1},{"time":8.6667,"x":0.8,"y":0.8},{"time":8.7333,"x":1.1,"y":1.1},{"time":9.2667,"x":0.8,"y":0.8},{"time":9.3333,"x":1.1,"y":1.1},{"time":9.6,"x":0.95,"y":0.95}]},"trump_l3":{"scale":[{"x":0.95,"y":0.95},{"time":0.2667,"x":0.8,"y":0.8},{"time":0.3333,"x":1.1,"y":1.1},{"time":0.8667,"x":0.8,"y":0.8},{"time":0.9333,"x":1.1,"y":1.1},{"time":1.4667,"x":0.8,"y":0.8},{"time":1.5333,"x":1.1,"y":1.1},{"time":2.0667,"x":0.8,"y":0.8},{"time":2.1333,"x":1.1,"y":1.1},{"time":2.6667,"x":0.8,"y":0.8},{"time":2.7333,"x":1.1,"y":1.1},{"time":3.2667,"x":0.8,"y":0.8},{"time":3.3333,"x":1.1,"y":1.1},{"time":3.8667,"x":0.8,"y":0.8},{"time":3.9333,"x":1.1,"y":1.1},{"time":4.4667,"x":0.8,"y":0.8},{"time":4.5333,"x":1.1,"y":1.1},{"time":5.0667,"x":0.8,"y":0.8},{"time":5.1333,"x":1.1,"y":1.1},{"time":5.6667,"x":0.8,"y":0.8},{"time":5.7333,"x":1.1,"y":1.1},{"time":6.2667,"x":0.8,"y":0.8},{"time":6.3333,"x":1.1,"y":1.1},{"time":6.8667,"x":0.8,"y":0.8},{"time":6.9333,"x":1.1,"y":1.1},{"time":7.4667,"x":0.8,"y":0.8},{"time":7.5333,"x":1.1,"y":1.1},{"time":8.0667,"x":0.8,"y":0.8},{"time":8.1333,"x":1.1,"y":1.1},{"time":8.6667,"x":0.8,"y":0.8},{"time":8.7333,"x":1.1,"y":1.1},{"time":9.2667,"x":0.8,"y":0.8},{"time":9.3333,"x":1.1,"y":1.1},{"time":9.6,"x":0.95,"y":0.95}]},"trump_l2":{"scale":[{"x":0.848,"y":0.848},{"time":0.1333,"x":0.8,"y":0.8},{"time":0.2,"x":1.1,"y":1.1},{"time":0.7333,"x":0.8,"y":0.8},{"time":0.8,"x":1.1,"y":1.1},{"time":1.3333,"x":0.8,"y":0.8},{"time":1.4,"x":1.1,"y":1.1},{"time":1.9333,"x":0.8,"y":0.8},{"time":2,"x":1.1,"y":1.1},{"time":2.5333,"x":0.8,"y":0.8},{"time":2.6,"x":1.1,"y":1.1},{"time":3.1333,"x":0.8,"y":0.8},{"time":3.2,"x":1.1,"y":1.1},{"time":3.7333,"x":0.8,"y":0.8},{"time":3.8,"x":1.1,"y":1.1},{"time":4.3333,"x":0.8,"y":0.8},{"time":4.4,"x":1.1,"y":1.1},{"time":4.9333,"x":0.8,"y":0.8},{"time":5,"x":1.1,"y":1.1},{"time":5.5333,"x":0.8,"y":0.8},{"time":5.6,"x":1.1,"y":1.1},{"time":6.1333,"x":0.8,"y":0.8},{"time":6.2,"x":1.1,"y":1.1},{"time":6.7333,"x":0.8,"y":0.8},{"time":6.8,"x":1.1,"y":1.1},{"time":7.3333,"x":0.8,"y":0.8},{"time":7.4,"x":1.1,"y":1.1},{"time":7.9333,"x":0.8,"y":0.8},{"time":8,"x":1.1,"y":1.1},{"time":8.5333,"x":0.8,"y":0.8},{"time":8.6,"x":1.1,"y":1.1},{"time":9.1333,"x":0.8,"y":0.8},{"time":9.2,"x":1.1,"y":1.1},{"time":9.6,"x":0.848,"y":0.848}]},"trump_l":{"scale":[{"x":0.8,"y":0.8},{"time":0.0667,"x":1.1,"y":1.1},{"time":0.6,"x":0.8,"y":0.8},{"time":0.6667,"x":1.1,"y":1.1},{"time":1.2,"x":0.8,"y":0.8},{"time":1.2667,"x":1.1,"y":1.1},{"time":1.8,"x":0.8,"y":0.8},{"time":1.8667,"x":1.1,"y":1.1},{"time":2.4,"x":0.8,"y":0.8},{"time":2.4667,"x":1.1,"y":1.1},{"time":3,"x":0.8,"y":0.8},{"time":3.0667,"x":1.1,"y":1.1},{"time":3.6,"x":0.8,"y":0.8},{"time":3.6667,"x":1.1,"y":1.1},{"time":4.2,"x":0.8,"y":0.8},{"time":4.2667,"x":1.1,"y":1.1},{"time":4.8,"x":0.8,"y":0.8},{"time":4.8667,"x":1.1,"y":1.1},{"time":5.4,"x":0.8,"y":0.8},{"time":5.4667,"x":1.1,"y":1.1},{"time":6,"x":0.8,"y":0.8},{"time":6.0667,"x":1.1,"y":1.1},{"time":6.6,"x":0.8,"y":0.8},{"time":6.6667,"x":1.1,"y":1.1},{"time":7.2,"x":0.8,"y":0.8},{"time":7.2667,"x":1.1,"y":1.1},{"time":7.8,"x":0.8,"y":0.8},{"time":7.8667,"x":1.1,"y":1.1},{"time":8.4,"x":0.8,"y":0.8},{"time":8.4667,"x":1.1,"y":1.1},{"time":9,"x":0.8,"y":0.8},{"time":9.0667,"x":1.1,"y":1.1},{"time":9.6,"x":0.8,"y":0.8}]}},"events":[{"name":"11_trumpet_noel"}]}}},[0]]],0,0,[0],[-1],[0]]
