[1,["ef8faYX9JNJ6dtb6T3kyIA@6c48a"],0,[["sp.SkeletonData",["_name","_atlasText","textureNames","_skeletonJson","textures"],-1,3]],[[0,0,1,2,3,4,5]],[[0,"Sound_H_Brown","\r\nSound_H_Brown.png\r\nsize: 702, 378\r\nformat: RGBA8888\r\nfilter: Linear, Linear\r\nrepeat: none\r\n1\r\n  rotate: true\r\n  xy: 2, 253\r\n  size: 123, 228\r\n  orig: 126, 267\r\n  offset: 0, 6\r\n  index: -1\r\n2\r\n  rotate: true\r\n  xy: 2, 2\r\n  size: 124, 230\r\n  orig: 124, 267\r\n  offset: 0, 5\r\n  index: -1\r\n3\r\n  rotate: true\r\n  xy: 232, 253\r\n  size: 123, 228\r\n  orig: 129, 267\r\n  offset: 0, 6\r\n  index: -1\r\n4\r\n  rotate: true\r\n  xy: 234, 2\r\n  size: 124, 228\r\n  orig: 126, 267\r\n  offset: 0, 5\r\n  index: -1\r\n5\r\n  rotate: true\r\n  xy: 462, 253\r\n  size: 123, 236\r\n  orig: 126, 267\r\n  offset: 0, 6\r\n  index: -1\r\n6\r\n  rotate: true\r\n  xy: 2, 128\r\n  size: 123, 232\r\n  orig: 128, 267\r\n  offset: 0, 5\r\n  index: -1\r\n7\r\n  rotate: true\r\n  xy: 236, 128\r\n  size: 123, 229\r\n  orig: 123, 267\r\n  offset: 0, 5\r\n  index: -1\r\n8\r\n  rotate: true\r\n  xy: 464, 2\r\n  size: 124, 232\r\n  orig: 126, 267\r\n  offset: 0, 5\r\n  index: -1\r\n9\r\n  rotate: true\r\n  xy: 467, 128\r\n  size: 123, 233\r\n  orig: 126, 267\r\n  offset: 0, 6\r\n  index: -1\r\n",["Sound_H_Brown.png"],{"skeleton":{"hash":"lpdGYPAYhg4","spine":"3.8-from-4.0-from-4.1-from-4.2.37","images":"C:\\Users\\006\\Desktop\\111","audio":"./audio"},"bones":[{"name":"root"}],"slots":[{"name":"1","bone":"root"},{"name":"2","bone":"root"},{"name":"3","bone":"root"},{"name":"4","bone":"root"},{"name":"5","bone":"root","attachment":"5"},{"name":"6","bone":"root"},{"name":"7","bone":"root"},{"name":"8","bone":"root"},{"name":"9","bone":"root"}],"skins":[{"name":"default","attachments":{"1":{"1":{"y":127.8,"width":126,"height":267}},"2":{"2":{"x":1.01,"y":127.55,"width":124,"height":267}},"3":{"3":{"x":-1.26,"y":127.8,"width":129,"height":267}},"4":{"4":{"y":127.8,"width":126,"height":267}},"5":{"5":{"y":127.8,"width":126,"height":267}},"6":{"6":{"x":-0.76,"y":127.8,"width":128,"height":267}},"7":{"7":{"x":1.52,"y":127.8,"width":123,"height":267}},"8":{"8":{"y":127.8,"width":126,"height":267}},"9":{"9":{"y":127.8,"width":126,"height":267}}}}],"animations":{"Sound_1":{"slots":{"1":{"attachment":[{"time":2.4,"name":"1"},{"time":2.5667,"name":null}]},"3":{"attachment":[{"time":0.8,"name":"3"},{"time":0.9667,"name":null},{"time":1.4333,"name":"3"},{"time":1.6,"name":null},{"time":1.9333,"name":"3"},{"time":2.1,"name":null},{"time":3.0667,"name":"3"},{"time":3.2,"name":null},{"time":3.5333,"name":"3"},{"time":3.7,"name":null},{"time":4.5,"name":"3"},{"time":4.6667,"name":null},{"time":4.9667,"name":"3"},{"time":5.1333,"name":null},{"time":5.7667,"name":"3"},{"time":5.9333,"name":null},{"time":6.2667,"name":"3"},{"time":6.4333,"name":null},{"time":6.7333,"name":"3"},{"time":6.9,"name":null}]},"4":{"attachment":[{"time":0.1667,"name":"4"},{"time":0.3333,"name":null},{"time":0.4667,"name":"4"},{"time":0.6333,"name":null},{"time":1.1333,"name":"4"},{"time":1.3,"name":null},{"time":2.2333,"name":"4"},{"time":2.4,"name":null},{"time":3.2,"name":"4"},{"time":3.3667,"name":null},{"time":3.8667,"name":"4"},{"time":4,"name":null},{"time":4.1667,"name":"4"},{"time":4.3333,"name":null},{"time":5.4667,"name":"4"},{"time":5.6333,"name":null},{"time":6.4333,"name":"4"},{"time":6.5667,"name":null}]},"5":{"attachment":[{"time":0.1667,"name":null},{"time":0.3333,"name":"5"},{"time":0.4667,"name":null},{"time":0.6333,"name":"5"},{"time":0.8,"name":null},{"time":0.9667,"name":"5"},{"time":1.1333,"name":null},{"time":1.3,"name":"5"},{"time":1.4333,"name":null},{"time":1.7667,"name":"5"},{"time":1.9333,"name":null},{"time":2.1,"name":"5"},{"time":2.2333,"name":null},{"time":2.5667,"name":"5"},{"time":2.7333,"name":null},{"time":2.9,"name":"5"},{"time":3.0667,"name":null},{"time":3.3667,"name":"5"},{"time":3.5333,"name":null},{"time":3.7,"name":"5"},{"time":3.8667,"name":null},{"time":4,"name":"5"},{"time":4.1667,"name":null},{"time":4.3333,"name":"5"},{"time":4.5,"name":null},{"time":4.8,"name":"5"},{"time":4.9667,"name":null},{"time":5.1333,"name":"5"},{"time":5.3,"name":null},{"time":5.6333,"name":"5"},{"time":5.7667,"name":null},{"time":6.1,"name":"5"},{"time":6.2667,"name":null},{"time":6.5667,"name":"5"},{"time":6.7333,"name":null},{"time":6.9,"name":"5"}]},"7":{"attachment":[{"time":1.6,"name":"7"},{"time":1.7667,"name":null},{"time":2.7333,"name":"7"},{"time":2.9,"name":null},{"time":4.6667,"name":"7"},{"time":4.8,"name":null},{"time":5.9333,"name":"7"},{"time":6.1,"name":null}]},"9":{"attachment":[{"time":5.3,"name":"9"},{"time":5.4667,"name":null}]}}},"Sound_2":{"slots":{"1":{"attachment":[{"time":2.4,"name":"1"},{"time":2.5667,"name":null}]},"3":{"attachment":[{"time":0.8,"name":"3"},{"time":0.9667,"name":null},{"time":1.4333,"name":"3"},{"time":1.6,"name":null},{"time":1.9333,"name":"3"},{"time":2.1,"name":null},{"time":3.0667,"name":"3"},{"time":3.2,"name":null},{"time":3.5333,"name":"3"},{"time":3.7,"name":null},{"time":4.5,"name":"3"},{"time":4.6667,"name":null},{"time":4.9667,"name":"3"},{"time":5.1333,"name":null},{"time":5.7667,"name":"3"},{"time":5.9333,"name":null},{"time":6.2667,"name":"3"},{"time":6.4333,"name":null},{"time":6.7333,"name":"3"},{"time":6.9,"name":null}]},"4":{"attachment":[{"time":0.1667,"name":"4"},{"time":0.3333,"name":null},{"time":0.4667,"name":"4"},{"time":0.6333,"name":null},{"time":1.1333,"name":"4"},{"time":1.3,"name":null},{"time":2.2333,"name":"4"},{"time":2.4,"name":null},{"time":3.2,"name":"4"},{"time":3.3667,"name":null},{"time":3.8667,"name":"4"},{"time":4,"name":null},{"time":4.1667,"name":"4"},{"time":4.3333,"name":null},{"time":5.4667,"name":"4"},{"time":5.6333,"name":null},{"time":6.4333,"name":"4"},{"time":6.5667,"name":null}]},"5":{"attachment":[{"time":0.1667,"name":null},{"time":0.3333,"name":"5"},{"time":0.4667,"name":null},{"time":0.6333,"name":"5"},{"time":0.8,"name":null},{"time":0.9667,"name":"5"},{"time":1.1333,"name":null},{"time":1.3,"name":"5"},{"time":1.4333,"name":null},{"time":1.7667,"name":"5"},{"time":1.9333,"name":null},{"time":2.1,"name":"5"},{"time":2.2333,"name":null},{"time":2.5667,"name":"5"},{"time":2.7333,"name":null},{"time":2.9,"name":"5"},{"time":3.0667,"name":null},{"time":3.3667,"name":"5"},{"time":3.5333,"name":null},{"time":3.7,"name":"5"},{"time":3.8667,"name":null},{"time":4,"name":"5"},{"time":4.1667,"name":null},{"time":4.3333,"name":"5"},{"time":4.5,"name":null},{"time":4.8,"name":"5"},{"time":4.9667,"name":null},{"time":5.1333,"name":"5"},{"time":5.3,"name":null},{"time":5.6333,"name":"5"},{"time":5.7667,"name":null},{"time":6.1,"name":"5"},{"time":6.2667,"name":null},{"time":6.5667,"name":"5"},{"time":6.7333,"name":null},{"time":6.9,"name":"5"}]},"7":{"attachment":[{"time":1.6,"name":"7"},{"time":1.7667,"name":null},{"time":2.7333,"name":"7"},{"time":2.9,"name":null},{"time":4.6667,"name":"7"},{"time":4.8,"name":null},{"time":5.9333,"name":"7"},{"time":6.1,"name":null}]},"9":{"attachment":[{"time":5.3,"name":"9"},{"time":5.4667,"name":null}]}}}}},[0]]],0,0,[0],[-1],[0]]
