[1,["01hY8rOn9JGZSR09Py/43m@6c48a"],0,[["sp.SkeletonData",["_name","_atlasText","textureNames","_skeletonJson","textures"],-1,3]],[[0,0,1,2,3,4,5]],[[0,"Sound_1_Navi","\r\nSound_1_Navi.png\r\nsize: 1267, 314\r\nformat: RGBA8888\r\nfilter: Linear, Linear\r\nrepeat: none\r\n1\r\n  rotate: true\r\n  xy: 2, 158\r\n  size: 154, 251\r\n  orig: 154, 251\r\n  offset: 0, 0\r\n  index: -1\r\n10\r\n  rotate: true\r\n  xy: 255, 158\r\n  size: 154, 251\r\n  orig: 154, 251\r\n  offset: 0, 0\r\n  index: -1\r\n2\r\n  rotate: true\r\n  xy: 508, 158\r\n  size: 154, 248\r\n  orig: 154, 248\r\n  offset: 0, 0\r\n  index: -1\r\n3\r\n  rotate: true\r\n  xy: 758, 158\r\n  size: 154, 251\r\n  orig: 154, 251\r\n  offset: 0, 0\r\n  index: -1\r\n4\r\n  rotate: true\r\n  xy: 1011, 158\r\n  size: 154, 251\r\n  orig: 154, 251\r\n  offset: 0, 0\r\n  index: -1\r\n5\r\n  rotate: true\r\n  xy: 2, 2\r\n  size: 154, 251\r\n  orig: 154, 251\r\n  offset: 0, 0\r\n  index: -1\r\n6\r\n  rotate: true\r\n  xy: 255, 2\r\n  size: 154, 252\r\n  orig: 154, 252\r\n  offset: 0, 0\r\n  index: -1\r\n7\r\n  rotate: true\r\n  xy: 509, 2\r\n  size: 154, 251\r\n  orig: 154, 251\r\n  offset: 0, 0\r\n  index: -1\r\n8\r\n  rotate: true\r\n  xy: 762, 2\r\n  size: 154, 251\r\n  orig: 154, 251\r\n  offset: 0, 0\r\n  index: -1\r\n9\r\n  rotate: true\r\n  xy: 1015, 2\r\n  size: 154, 250\r\n  orig: 154, 250\r\n  offset: 0, 0\r\n  index: -1\r\n",["Sound_1_Navi.png"],{"skeleton":{"hash":"ogm1IP1wZW4","spine":"3.8-from-4.0-from-4.1-from-4.2.38","images":"C:\\Users\\006\\Desktop\\222","audio":"./audio"},"bones":[{"name":"root"},{"name":"bone","parent":"root","x":-0.38,"y":-13.83}],"slots":[{"name":"1","bone":"bone"},{"name":"2","bone":"bone","attachment":"2"},{"name":"3","bone":"bone"},{"name":"4","bone":"bone"},{"name":"5","bone":"bone"},{"name":"6","bone":"bone"},{"name":"7","bone":"bone"},{"name":"8","bone":"bone"},{"name":"9","bone":"bone"},{"name":"10","bone":"bone"}],"skins":[{"name":"default","attachments":{"1":{"1":{"x":6.59,"y":139.29,"width":154,"height":251}},"2":{"2":{"x":5.74,"y":137.66,"width":154,"height":248}},"3":{"3":{"x":6.03,"y":138.9,"width":154,"height":251}},"4":{"4":{"x":6.03,"y":138.9,"width":154,"height":251}},"5":{"5":{"x":6.03,"y":138.51,"width":154,"height":251}},"6":{"6":{"x":5.46,"y":138.61,"width":154,"height":252}},"7":{"7":{"x":5.74,"y":138.68,"width":154,"height":251}},"8":{"8":{"x":6.03,"y":138.51,"width":154,"height":251}},"9":{"9":{"x":5.18,"y":138.28,"width":154,"height":250}},"10":{"10":{"x":6.03,"y":138.45,"width":154,"height":251}}}}],"animations":{"Sound_1":{"slots":{"2":{"attachment":[{"time":1.7333,"name":null},{"time":4.8,"name":"2"}]},"4":{"attachment":[{"time":1.7333,"name":"4"},{"time":2,"name":null},{"time":4.2667,"name":"4"},{"time":4.5333,"name":null}]},"5":{"attachment":[{"time":2.9,"name":"5"},{"time":4.2667,"name":null}]},"8":{"attachment":[{"time":2.4667,"name":"8"},{"time":2.9,"name":null}]},"10":{"attachment":[{"time":2,"name":"10"},{"time":2.4667,"name":null},{"time":4.5333,"name":"10"},{"time":4.8,"name":null}]}}},"Sound_2":{"slots":{"2":{"attachment":[{"time":1.7333,"name":null},{"time":4.8,"name":"2"}]},"4":{"attachment":[{"time":1.7333,"name":"4"},{"time":2,"name":null},{"time":4.4667,"name":"4"},{"time":4.6667,"name":null}]},"5":{"attachment":[{"time":2.9,"name":"5"},{"time":3.5,"name":null}]},"8":{"attachment":[{"time":2.4667,"name":"8"},{"time":2.9,"name":null},{"time":3.5,"name":"8"},{"time":4.4667,"name":null}]},"10":{"attachment":[{"time":2,"name":"10"},{"time":2.4667,"name":null},{"time":4.6667,"name":"10"},{"time":4.8,"name":null}]}}}}},[0]]],0,0,[0],[-1],[0]]
