[1,["a6jbUAfkpP17CE6wZWQK81@6c48a"],0,[["sp.SkeletonData",["_name","_atlasText","textureNames","_skeletonJson","textures"],-1,3]],[[0,0,1,2,3,4,5]],[[0,"Sound_1_Grey","\r\nSound_1_Grey.png\r\nsize: 499, 1010\r\nformat: RGBA8888\r\nfilter: Linear, Linear\r\nrepeat: none\r\n1\r\n  rotate: true\r\n  xy: 256, 837\r\n  size: 171, 239\r\n  orig: 171, 239\r\n  offset: 0, 0\r\n  index: -1\r\n10\r\n  rotate: true\r\n  xy: 2, 847\r\n  size: 161, 252\r\n  orig: 161, 252\r\n  offset: 0, 0\r\n  index: -1\r\n11\r\n  rotate: true\r\n  xy: 2, 348\r\n  size: 171, 239\r\n  orig: 171, 239\r\n  offset: 0, 0\r\n  index: -1\r\n12\r\n  rotate: true\r\n  xy: 2, 684\r\n  size: 161, 246\r\n  orig: 161, 246\r\n  offset: 0, 0\r\n  index: -1\r\n2\r\n  rotate: true\r\n  xy: 256, 175\r\n  size: 171, 236\r\n  orig: 171, 236\r\n  offset: 0, 0\r\n  index: -1\r\n3\r\n  rotate: true\r\n  xy: 250, 674\r\n  size: 161, 247\r\n  orig: 161, 247\r\n  offset: 0, 0\r\n  index: -1\r\n4\r\n  rotate: true\r\n  xy: 243, 348\r\n  size: 161, 254\r\n  orig: 161, 254\r\n  offset: 0, 0\r\n  index: -1\r\n5\r\n  rotate: true\r\n  xy: 2, 521\r\n  size: 161, 246\r\n  orig: 161, 246\r\n  offset: 0, 0\r\n  index: -1\r\n6\r\n  rotate: true\r\n  xy: 2, 12\r\n  size: 171, 241\r\n  orig: 171, 241\r\n  offset: 0, 0\r\n  index: -1\r\n7\r\n  rotate: true\r\n  xy: 245, 2\r\n  size: 171, 241\r\n  orig: 171, 241\r\n  offset: 0, 0\r\n  index: -1\r\n8\r\n  rotate: true\r\n  xy: 2, 185\r\n  size: 161, 252\r\n  orig: 161, 252\r\n  offset: 0, 0\r\n  index: -1\r\n9\r\n  rotate: true\r\n  xy: 250, 511\r\n  size: 161, 247\r\n  orig: 161, 247\r\n  offset: 0, 0\r\n  index: -1\r\n",["Sound_1_Grey.png"],{"skeleton":{"hash":"G3RNTzaJ168","spine":"3.8-from-4.0-from-4.1-from-4.2.38","images":"C:\\Users\\006\\Desktop\\222","audio":"./audio"},"bones":[{"name":"root"}],"slots":[{"name":"1","bone":"root"},{"name":"2","bone":"root","attachment":"2"},{"name":"3","bone":"root"},{"name":"4","bone":"root"},{"name":"5","bone":"root"},{"name":"6","bone":"root"},{"name":"7","bone":"root"},{"name":"8","bone":"root"},{"name":"9","bone":"root"},{"name":"10","bone":"root"},{"name":"11","bone":"root"},{"name":"12","bone":"root"}],"skins":[{"name":"default","attachments":{"1":{"1":{"x":5.68,"y":117.47,"width":171,"height":239}},"2":{"2":{"x":8.42,"y":116.6,"width":171,"height":236}},"3":{"3":{"x":4.37,"y":122.71,"width":161,"height":247}},"4":{"4":{"x":4.49,"y":126.2,"width":161,"height":254}},"5":{"5":{"x":4.45,"y":121.83,"width":161,"height":246}},"6":{"6":{"x":6.11,"y":118.78,"width":171,"height":241}},"7":{"7":{"x":7.92,"y":120.71,"width":171,"height":241}},"8":{"8":{"x":4.49,"y":124.89,"width":161,"height":252}},"9":{"9":{"x":4.63,"y":122.27,"width":161,"height":247}},"10":{"10":{"x":4.37,"y":125.33,"width":161,"height":252}},"11":{"11":{"x":8.95,"y":117.03,"width":171,"height":239}},"12":{"12":{"x":5.07,"y":122.71,"width":161,"height":246}}}}],"animations":{"Sound_1":{"slots":{"2":{"attachment":[{"time":0.1667,"name":null},{"time":4.8,"name":"2"}]},"4":{"attachment":[{"time":0.1667,"name":"4"},{"time":0.3,"name":null},{"time":0.4667,"name":"4"},{"time":0.6333,"name":null},{"time":0.7667,"name":"4"},{"time":0.9333,"name":null},{"time":1.0667,"name":"4"},{"time":1.2,"name":null},{"time":1.3667,"name":"4"},{"time":1.5,"name":null},{"time":2.6333,"name":"4"},{"time":2.7667,"name":null},{"time":2.9333,"name":"4"},{"time":3.1,"name":null},{"time":3.2333,"name":"4"},{"time":3.4,"name":null},{"time":3.5667,"name":"4"},{"time":3.7,"name":null},{"time":3.8667,"name":"4"},{"time":4,"name":null}]},"5":{"attachment":[{"time":4.3333,"name":"5"},{"time":4.5,"name":null}]},"6":{"attachment":[{"time":2.4667,"name":"6"},{"time":2.6333,"name":null},{"time":4,"name":"6"},{"time":4.1667,"name":null},{"time":4.6667,"name":"6"},{"time":4.8,"name":null}]},"7":{"attachment":[{"time":0.3,"name":"7"},{"time":0.4667,"name":null},{"time":0.6333,"name":"7"},{"time":0.7667,"name":null},{"time":0.9333,"name":"7"},{"time":1.0667,"name":null},{"time":1.2,"name":"7"},{"time":1.3667,"name":null},{"time":1.5,"name":"7"},{"time":2.3,"name":null},{"time":2.7667,"name":"7"},{"time":2.9333,"name":null},{"time":3.1,"name":"7"},{"time":3.2333,"name":null},{"time":3.4,"name":"7"},{"time":3.5667,"name":null},{"time":3.7,"name":"7"},{"time":3.8667,"name":null}]},"8":{"attachment":[{"time":4.5,"name":"8"},{"time":4.6667,"name":null}]},"12":{"attachment":[{"time":2.3,"name":"12"},{"time":2.4667,"name":null},{"time":4.1667,"name":"12"},{"time":4.3333,"name":null}]}}},"Sound_2":{"slots":{"1":{"attachment":[{"time":2.7667,"name":"1"},{"time":2.9333,"name":null},{"time":3.1,"name":"1"},{"time":3.2333,"name":null},{"time":3.4,"name":"1"},{"time":3.5667,"name":null},{"time":3.7,"name":"1"},{"time":3.8667,"name":null},{"time":4,"name":"1"},{"time":4.1667,"name":null}]},"2":{"attachment":[{"time":0.1667,"name":null},{"time":4.8,"name":"2"}]},"4":{"attachment":[{"time":0.1667,"name":"4"},{"time":0.3,"name":null},{"time":0.4667,"name":"4"},{"time":0.6333,"name":null},{"time":0.7667,"name":"4"},{"time":0.9333,"name":null},{"time":1.0667,"name":"4"},{"time":1.2,"name":null},{"time":1.3667,"name":"4"},{"time":1.5,"name":null}]},"5":{"attachment":[{"time":4.3333,"name":"5"},{"time":4.5,"name":null}]},"6":{"attachment":[{"time":2.4667,"name":"6"},{"time":2.6333,"name":null},{"time":4.6667,"name":"6"},{"time":4.8,"name":null}]},"7":{"attachment":[{"time":0.3,"name":"7"},{"time":0.4667,"name":null},{"time":0.6333,"name":"7"},{"time":0.7667,"name":null},{"time":0.9333,"name":"7"},{"time":1.0667,"name":null},{"time":1.2,"name":"7"},{"time":1.3667,"name":null},{"time":1.5,"name":"7"},{"time":2.3,"name":null}]},"8":{"attachment":[{"time":4.5,"name":"8"},{"time":4.6667,"name":null}]},"11":{"attachment":[{"time":2.6333,"name":"11"},{"time":2.7667,"name":null},{"time":2.9333,"name":"11"},{"time":3.1,"name":null},{"time":3.2333,"name":"11"},{"time":3.4,"name":null},{"time":3.5667,"name":"11"},{"time":3.7,"name":null},{"time":3.8667,"name":"11"},{"time":4,"name":null}]},"12":{"attachment":[{"time":2.3,"name":"12"},{"time":2.4667,"name":null},{"time":4.1667,"name":"12"},{"time":4.3333,"name":null}]}}}}},[0]]],0,0,[0],[-1],[0]]
