[1,["b2ktGU7yZFdYAGNYSc29p9@6c48a"],0,[["sp.SkeletonData",["_name","_atlasText","textureNames","_skeletonJson","textures"],-1,3]],[[0,0,1,2,3,4,5]],[[0,"Sound_H_White","\r\nSound_H_White.png\r\nsize: 1466, 470\r\nformat: RGBA8888\r\nfilter: Linear, Linear\r\nrepeat: none\r\n1\r\n  rotate: false\r\n  xy: 185, 187\r\n  size: 181, 281\r\n  orig: 181, 287\r\n  offset: 0, 6\r\n  index: -1\r\n10\r\n  rotate: false\r\n  xy: 734, 191\r\n  size: 181, 277\r\n  orig: 181, 283\r\n  offset: 0, 6\r\n  index: -1\r\n11\r\n  rotate: false\r\n  xy: 1100, 195\r\n  size: 181, 273\r\n  orig: 181, 279\r\n  offset: 0, 6\r\n  index: -1\r\n12\r\n  rotate: true\r\n  xy: 1130, 12\r\n  size: 181, 271\r\n  orig: 181, 277\r\n  offset: 0, 6\r\n  index: -1\r\n13\r\n  rotate: false\r\n  xy: 368, 188\r\n  size: 181, 280\r\n  orig: 181, 286\r\n  offset: 0, 6\r\n  index: -1\r\n2\r\n  rotate: true\r\n  xy: 851, 8\r\n  size: 181, 277\r\n  orig: 181, 283\r\n  offset: 0, 6\r\n  index: -1\r\n3\r\n  rotate: false\r\n  xy: 2, 185\r\n  size: 181, 283\r\n  orig: 181, 289\r\n  offset: 0, 6\r\n  index: -1\r\n4\r\n  rotate: true\r\n  xy: 2, 2\r\n  size: 181, 283\r\n  orig: 181, 289\r\n  offset: 0, 6\r\n  index: -1\r\n5\r\n  rotate: false\r\n  xy: 551, 189\r\n  size: 181, 279\r\n  orig: 181, 284\r\n  offset: 0, 5\r\n  index: -1\r\n6\r\n  rotate: true\r\n  xy: 570, 6\r\n  size: 181, 279\r\n  orig: 181, 285\r\n  offset: 0, 6\r\n  index: -1\r\n7\r\n  rotate: true\r\n  xy: 287, 4\r\n  size: 181, 281\r\n  orig: 181, 286\r\n  offset: 0, 5\r\n  index: -1\r\n8\r\n  rotate: false\r\n  xy: 1283, 201\r\n  size: 181, 267\r\n  orig: 181, 273\r\n  offset: 0, 6\r\n  index: -1\r\n9\r\n  rotate: false\r\n  xy: 917, 194\r\n  size: 181, 274\r\n  orig: 181, 279\r\n  offset: 0, 5\r\n  index: -1\r\n",["Sound_H_White.png"],{"skeleton":{"hash":"uxRg7O5DPQw","spine":"3.8-from-4.0-from-4.1-from-4.2.37","x":-90.69,"y":-5.84,"width":181,"height":273,"images":"C:\\Users\\006\\Desktop\\111","audio":"./audio"},"bones":[{"name":"root"}],"slots":[{"name":"1","bone":"root"},{"name":"2","bone":"root"},{"name":"3","bone":"root"},{"name":"4","bone":"root"},{"name":"5","bone":"root"},{"name":"6","bone":"root"},{"name":"7","bone":"root"},{"name":"8","bone":"root","attachment":"8"},{"name":"9","bone":"root"},{"name":"10","bone":"root"},{"name":"11","bone":"root"},{"name":"12","bone":"root"},{"name":"13","bone":"root"}],"skins":[{"name":"default","attachments":{"1":{"1":{"y":137.34,"width":181,"height":287}},"2":{"2":{"x":4.2,"y":135.24,"width":181,"height":283}},"3":{"3":{"x":-10.11,"y":138.48,"width":181,"height":289}},"4":{"4":{"x":9.92,"y":138.68,"width":181,"height":289}},"5":{"5":{"y":136.2,"width":181,"height":284}},"6":{"6":{"y":136.58,"width":181,"height":285}},"7":{"7":{"x":-5.15,"y":137.15,"width":181,"height":286}},"8":{"8":{"x":-0.19,"y":130.66,"width":181,"height":273}},"9":{"9":{"x":1.91,"y":133.53,"width":181,"height":279}},"10":{"10":{"y":135.43,"width":181,"height":283}},"11":{"11":{"y":133.53,"width":181,"height":279}},"12":{"12":{"y":132.57,"width":181,"height":277}},"13":{"13":{"x":4.96,"y":136.96,"width":181,"height":286}}}}],"animations":{"Sound_1":{"slots":{"1":{"attachment":[{"time":0.6,"name":"1"},{"time":0.7667,"name":null},{"time":1.2333,"name":"1"},{"time":1.3,"name":null},{"time":1.6333,"name":"1"},{"time":1.6667,"name":null},{"time":3.4667,"name":"1"},{"time":3.5333,"name":null},{"time":3.8,"name":"1"},{"time":3.9,"name":null},{"time":5.7667,"name":"1"},{"time":5.9,"name":null},{"time":6.1,"name":"1"},{"time":6.3,"name":null},{"time":6.4667,"name":"1"},{"time":6.7,"name":null}]},"2":{"attachment":[{"time":0.4,"name":"2"},{"time":0.6,"name":null},{"time":0.7667,"name":"2"},{"time":1.0667,"name":null},{"time":1.7,"name":"2"},{"time":1.7333,"name":null},{"time":2,"name":"2"},{"time":2.1667,"name":null},{"time":3.4,"name":"2"},{"time":3.4667,"name":null}]},"3":{"attachment":[{"time":2.3667,"name":"3"},{"time":2.5333,"name":null},{"time":2.9667,"name":"3"},{"time":3.1667,"name":null},{"time":4.1,"name":"3"},{"time":4.3,"name":null}]},"4":{"attachment":[{"time":1.3,"name":"4"},{"time":1.3667,"name":null},{"time":1.5333,"name":"4"},{"time":1.6333,"name":null},{"time":2.5333,"name":"4"},{"time":2.7667,"name":null},{"time":4.3,"name":"4"},{"time":4.4667,"name":null},{"time":5.6667,"name":"4"},{"time":5.7667,"name":null},{"time":6.3,"name":"4"},{"time":6.4667,"name":null},{"time":6.7,"name":"4"},{"time":6.9,"name":null}]},"5":{"attachment":[{"time":1.4667,"name":"5"},{"time":1.5333,"name":null},{"time":3.1667,"name":"5"},{"time":3.2667,"name":null},{"time":3.9,"name":"5"},{"time":4.1,"name":null},{"time":4.4667,"name":"5"},{"time":4.6667,"name":null},{"time":5.1,"name":"5"},{"time":5.2667,"name":null},{"time":6,"name":"5"},{"time":6.1,"name":null}]},"6":{"attachment":[{"time":1.6667,"name":"6"},{"time":1.7,"name":null},{"time":3.6667,"name":"6"},{"time":3.7333,"name":null}]},"7":{"attachment":[{"time":4.6667,"name":"7"},{"time":4.9,"name":null},{"time":5.5333,"name":"7"},{"time":5.6667,"name":null}]},"8":{"attachment":[{"time":0.2,"name":null},{"time":1.7333,"name":"8"},{"time":2,"name":null},{"time":3.2667,"name":"8"},{"time":3.3333,"name":null},{"time":3.5333,"name":"8"},{"time":3.6,"name":null},{"time":3.7333,"name":"8"},{"time":3.8,"name":null}]},"9":{"attachment":[{"time":1.0667,"name":"9"},{"time":1.2333,"name":null},{"time":2.1667,"name":"9"},{"time":2.3667,"name":null}]},"10":{"attachment":[{"time":1.3667,"name":"10"},{"time":1.4667,"name":null},{"time":2.7667,"name":"10"},{"time":2.9667,"name":null},{"time":4.9,"name":"10"},{"time":5.1,"name":null},{"time":5.2667,"name":"10"},{"time":5.4,"name":null},{"time":5.9,"name":"10"},{"time":6,"name":null},{"time":6.9,"name":"10"}]},"12":{"attachment":[{"time":0.2,"name":"12"},{"time":0.4,"name":null},{"time":3.3333,"name":"12"},{"time":3.4,"name":null},{"time":3.6,"name":"12"},{"time":3.6667,"name":null}]},"13":{"attachment":[{"time":5.4,"name":"13"},{"time":5.5333,"name":null}]}}},"Sound_2":{"slots":{"1":{"attachment":[{"time":0.6,"name":"1"},{"time":0.7667,"name":null},{"time":1.2333,"name":"1"},{"time":1.3,"name":null},{"time":1.6333,"name":"1"},{"time":1.6667,"name":null},{"time":3.4667,"name":"1"},{"time":3.5333,"name":null},{"time":3.8,"name":"1"},{"time":3.9,"name":null},{"time":5.7667,"name":"1"},{"time":5.9,"name":null},{"time":6.1,"name":"1"},{"time":6.3,"name":null},{"time":6.4667,"name":"1"},{"time":6.7,"name":null}]},"2":{"attachment":[{"time":0.4,"name":"2"},{"time":0.6,"name":null},{"time":0.7667,"name":"2"},{"time":1.0667,"name":null},{"time":1.7,"name":"2"},{"time":1.7333,"name":null},{"time":2,"name":"2"},{"time":2.1667,"name":null},{"time":3.4,"name":"2"},{"time":3.4667,"name":null}]},"3":{"attachment":[{"time":2.3667,"name":"3"},{"time":2.5333,"name":null},{"time":2.9667,"name":"3"},{"time":3.1667,"name":null},{"time":4.1,"name":"3"},{"time":4.3,"name":null}]},"4":{"attachment":[{"time":1.3,"name":"4"},{"time":1.3667,"name":null},{"time":1.5333,"name":"4"},{"time":1.6333,"name":null},{"time":2.5333,"name":"4"},{"time":2.7667,"name":null},{"time":4.3,"name":"4"},{"time":4.4667,"name":null},{"time":5.6667,"name":"4"},{"time":5.7667,"name":null},{"time":6.3,"name":"4"},{"time":6.4667,"name":null},{"time":6.7,"name":"4"},{"time":6.9,"name":null}]},"5":{"attachment":[{"time":1.4667,"name":"5"},{"time":1.5333,"name":null},{"time":3.1667,"name":"5"},{"time":3.2667,"name":null},{"time":3.9,"name":"5"},{"time":4.1,"name":null},{"time":4.4667,"name":"5"},{"time":4.6667,"name":null},{"time":5.1,"name":"5"},{"time":5.2667,"name":null},{"time":6,"name":"5"},{"time":6.1,"name":null}]},"6":{"attachment":[{"time":1.6667,"name":"6"},{"time":1.7,"name":null},{"time":3.6667,"name":"6"},{"time":3.7333,"name":null}]},"7":{"attachment":[{"time":4.6667,"name":"7"},{"time":4.9,"name":null},{"time":5.5333,"name":"7"},{"time":5.6667,"name":null}]},"8":{"attachment":[{"time":0.2,"name":null},{"time":1.7333,"name":"8"},{"time":2,"name":null},{"time":3.2667,"name":"8"},{"time":3.3333,"name":null},{"time":3.5333,"name":"8"},{"time":3.6,"name":null},{"time":3.7333,"name":"8"},{"time":3.8,"name":null}]},"9":{"attachment":[{"time":1.0667,"name":"9"},{"time":1.2333,"name":null},{"time":2.1667,"name":"9"},{"time":2.3667,"name":null}]},"10":{"attachment":[{"time":1.3667,"name":"10"},{"time":1.4667,"name":null},{"time":2.7667,"name":"10"},{"time":2.9667,"name":null},{"time":4.9,"name":"10"},{"time":5.1,"name":null},{"time":5.2667,"name":"10"},{"time":5.4,"name":null},{"time":5.9,"name":"10"},{"time":6,"name":null},{"time":6.9,"name":"10"}]},"12":{"attachment":[{"time":0.2,"name":"12"},{"time":0.4,"name":null},{"time":3.3333,"name":"12"},{"time":3.4,"name":null},{"time":3.6,"name":"12"},{"time":3.6667,"name":null}]},"13":{"attachment":[{"time":5.4,"name":"13"},{"time":5.5333,"name":null}]}}}}},[0]]],0,0,[0],[-1],[0]]
