[1,["b1Ao3AzjNOCKQW17Iu5LH0@6c48a"],0,[["sp.SkeletonData",["_name","_atlasText","textureNames","_skeletonJson","textures"],-1,3]],[[0,0,1,2,3,4,5]],[[0,"Sound_S_Yellow","\r\nSound_S_Yellow.png\r\nsize: 1037, 278\r\nformat: RGBA8888\r\nfilter: Linear, Linear\r\nrepeat: none\r\n1\r\n  rotate: false\r\n  xy: 2, 4\r\n  size: 219, 272\r\n  orig: 219, 272\r\n  offset: 0, 0\r\n  index: -1\r\n2\r\n  rotate: false\r\n  xy: 223, 2\r\n  size: 203, 274\r\n  orig: 203, 274\r\n  offset: 0, 0\r\n  index: -1\r\n3\r\n  rotate: false\r\n  xy: 428, 10\r\n  size: 202, 266\r\n  orig: 202, 266\r\n  offset: 0, 0\r\n  index: -1\r\n4\r\n  rotate: false\r\n  xy: 632, 23\r\n  size: 208, 253\r\n  orig: 208, 253\r\n  offset: 0, 0\r\n  index: -1\r\n5\r\n  rotate: false\r\n  xy: 842, 26\r\n  size: 193, 250\r\n  orig: 193, 250\r\n  offset: 0, 0\r\n  index: -1\r\n",["Sound_S_Yellow.png"],{"skeleton":{"hash":"U3RgAEfVK7o","spine":"3.8-from-4.0-from-4.1-from-4.2.37","x":-107.86,"y":0.75,"width":219,"height":272,"images":"C:\\Users\\006\\Desktop\\111","audio":"./audio"},"bones":[{"name":"root"},{"name":"bone","parent":"root","x":0.49,"y":-45.09}],"slots":[{"name":"1","bone":"bone","attachment":"1"},{"name":"2","bone":"bone"},{"name":"3","bone":"bone"},{"name":"4","bone":"bone"},{"name":"5","bone":"bone"}],"skins":[{"name":"default","attachments":{"1":{"1":{"x":1.15,"y":181.84,"width":219,"height":272}},"2":{"2":{"x":-0.45,"y":181.9,"width":203,"height":274}},"3":{"3":{"x":-0.07,"y":178.54,"width":202,"height":266}},"4":{"4":{"x":24.34,"y":171.81,"width":208,"height":253}},"5":{"5":{"x":4.38,"y":170.1,"width":193,"height":250}}}}],"animations":{"Sound_1":{"slots":{"1":{"attachment":[{"time":0.1,"name":null},{"time":0.2,"name":"1"},{"time":0.3333,"name":null},{"time":0.4333,"name":"1"},{"time":0.5333,"name":null},{"time":0.6667,"name":"1"},{"time":0.7667,"name":null},{"time":0.8667,"name":"1"},{"time":0.9667,"name":null},{"time":1.0667,"name":"1"},{"time":1.2,"name":null},{"time":1.3,"name":"1"},{"time":1.4333,"name":null},{"time":1.5333,"name":"1"},{"time":1.6333,"name":null},{"time":1.7333,"name":"1"},{"time":1.8333,"name":null},{"time":1.9333,"name":"1"},{"time":2.0667,"name":null},{"time":2.1667,"name":"1"},{"time":2.3,"name":null},{"time":2.4,"name":"1"},{"time":2.5,"name":null},{"time":2.6,"name":"1"},{"time":2.7,"name":null},{"time":2.8333,"name":"1"},{"time":2.9333,"name":null},{"time":3.0333,"name":"1"},{"time":3.1667,"name":null},{"time":3.2667,"name":"1"},{"time":3.3667,"name":null},{"time":3.4667,"name":"1"},{"time":3.5667,"name":null},{"time":3.6667,"name":"1"},{"time":3.8,"name":null},{"time":3.8667,"name":"1"},{"time":3.9667,"name":null},{"time":4.1,"name":"1"},{"time":4.2,"name":null},{"time":4.3,"name":"1"},{"time":4.4,"name":null},{"time":4.5,"name":"1"},{"time":4.6333,"name":null},{"time":4.7333,"name":"1"},{"time":4.8667,"name":null},{"time":4.9667,"name":"1"},{"time":5.0667,"name":null},{"time":5.1667,"name":"1"},{"time":5.2667,"name":null},{"time":5.3667,"name":"1"},{"time":5.5,"name":null},{"time":5.6,"name":"1"},{"time":5.7333,"name":null},{"time":5.8333,"name":"1"},{"time":5.9333,"name":null},{"time":6.0333,"name":"1"},{"time":6.1333,"name":null},{"time":6.2667,"name":"1"},{"time":6.3667,"name":null},{"time":6.4667,"name":"1"},{"time":6.6,"name":null},{"time":6.7,"name":"1"},{"time":6.8,"name":null},{"time":6.9,"name":"1"}]},"2":{"attachment":[{"time":0.1,"name":"2"},{"time":0.2,"name":null},{"time":0.9667,"name":"2"},{"time":1.0667,"name":null},{"time":1.8333,"name":"2"},{"time":1.9333,"name":null},{"time":2.7,"name":"2"},{"time":2.8333,"name":null},{"time":3.5667,"name":"2"},{"time":3.6667,"name":null},{"time":4.4,"name":"2"},{"time":4.5,"name":null},{"time":5.2667,"name":"2"},{"time":5.3667,"name":null},{"time":6.1333,"name":"2"},{"time":6.2667,"name":null}]},"3":{"attachment":[{"time":0.3333,"name":"3"},{"time":0.4333,"name":null},{"time":1.2,"name":"3"},{"time":1.3,"name":null},{"time":2.0667,"name":"3"},{"time":2.1667,"name":null},{"time":2.9333,"name":"3"},{"time":3.0333,"name":null},{"time":3.8,"name":"3"},{"time":3.8667,"name":null},{"time":4.6333,"name":"3"},{"time":4.7333,"name":null},{"time":5.5,"name":"3"},{"time":5.6,"name":null},{"time":6.3667,"name":"3"},{"time":6.4667,"name":null}]},"4":{"attachment":[{"time":0.5333,"name":"4"},{"time":0.6667,"name":null},{"time":1.4333,"name":"4"},{"time":1.5333,"name":null},{"time":2.3,"name":"4"},{"time":2.4,"name":null},{"time":3.1667,"name":"4"},{"time":3.2667,"name":null},{"time":3.9667,"name":"4"},{"time":4.1,"name":null},{"time":4.8667,"name":"4"},{"time":4.9667,"name":null},{"time":5.7333,"name":"4"},{"time":5.8333,"name":null},{"time":6.6,"name":"4"},{"time":6.7,"name":null}]},"5":{"attachment":[{"time":0.7667,"name":"5"},{"time":0.8667,"name":null},{"time":1.6333,"name":"5"},{"time":1.7333,"name":null},{"time":2.5,"name":"5"},{"time":2.6,"name":null},{"time":3.3667,"name":"5"},{"time":3.4667,"name":null},{"time":4.2,"name":"5"},{"time":4.3,"name":null},{"time":5.0667,"name":"5"},{"time":5.1667,"name":null},{"time":5.9333,"name":"5"},{"time":6.0333,"name":null},{"time":6.8,"name":"5"},{"time":6.9,"name":null}]}}},"Sound_2":{"slots":{"1":{"attachment":[{"time":0.1,"name":null},{"time":0.2,"name":"1"},{"time":0.3333,"name":null},{"time":0.4333,"name":"1"},{"time":0.5333,"name":null},{"time":0.6667,"name":"1"},{"time":0.7667,"name":null},{"time":0.8667,"name":"1"},{"time":0.9667,"name":null},{"time":1.0667,"name":"1"},{"time":1.2,"name":null},{"time":1.3,"name":"1"},{"time":1.4333,"name":null},{"time":1.5333,"name":"1"},{"time":1.6333,"name":null},{"time":1.7333,"name":"1"},{"time":1.8333,"name":null},{"time":1.9333,"name":"1"},{"time":2.0667,"name":null},{"time":2.1667,"name":"1"},{"time":2.3,"name":null},{"time":2.4,"name":"1"},{"time":2.5,"name":null},{"time":2.6,"name":"1"},{"time":2.7,"name":null},{"time":2.8333,"name":"1"},{"time":2.9333,"name":null},{"time":3.0333,"name":"1"},{"time":3.1667,"name":null},{"time":3.2667,"name":"1"},{"time":3.3667,"name":null},{"time":3.4667,"name":"1"},{"time":3.5667,"name":null},{"time":3.6667,"name":"1"},{"time":3.8,"name":null},{"time":3.8667,"name":"1"},{"time":3.9667,"name":null},{"time":4.1,"name":"1"},{"time":4.2,"name":null},{"time":4.3,"name":"1"},{"time":4.4,"name":null},{"time":4.5,"name":"1"},{"time":4.6333,"name":null},{"time":4.7333,"name":"1"},{"time":4.8667,"name":null},{"time":4.9667,"name":"1"},{"time":5.0667,"name":null},{"time":5.1667,"name":"1"},{"time":5.2667,"name":null},{"time":5.3667,"name":"1"},{"time":5.5,"name":null},{"time":5.6,"name":"1"},{"time":5.7333,"name":null},{"time":5.8333,"name":"1"},{"time":5.9333,"name":null},{"time":6.0333,"name":"1"},{"time":6.1333,"name":null},{"time":6.2667,"name":"1"},{"time":6.3667,"name":null},{"time":6.4667,"name":"1"},{"time":6.6,"name":null},{"time":6.7,"name":"1"},{"time":6.8,"name":null},{"time":6.9,"name":"1"}]},"2":{"attachment":[{"time":0.1,"name":"2"},{"time":0.2,"name":null},{"time":0.9667,"name":"2"},{"time":1.0667,"name":null},{"time":1.8333,"name":"2"},{"time":1.9333,"name":null},{"time":2.7,"name":"2"},{"time":2.8333,"name":null},{"time":3.5667,"name":"2"},{"time":3.6667,"name":null},{"time":4.4,"name":"2"},{"time":4.5,"name":null},{"time":5.2667,"name":"2"},{"time":5.3667,"name":null},{"time":6.1333,"name":"2"},{"time":6.2667,"name":null}]},"3":{"attachment":[{"time":0.3333,"name":"3"},{"time":0.4333,"name":null},{"time":1.2,"name":"3"},{"time":1.3,"name":null},{"time":2.0667,"name":"3"},{"time":2.1667,"name":null},{"time":2.9333,"name":"3"},{"time":3.0333,"name":null},{"time":3.8,"name":"3"},{"time":3.8667,"name":null},{"time":4.6333,"name":"3"},{"time":4.7333,"name":null},{"time":5.5,"name":"3"},{"time":5.6,"name":null},{"time":6.3667,"name":"3"},{"time":6.4667,"name":null}]},"4":{"attachment":[{"time":0.5333,"name":"4"},{"time":0.6667,"name":null},{"time":1.4333,"name":"4"},{"time":1.5333,"name":null},{"time":2.3,"name":"4"},{"time":2.4,"name":null},{"time":3.1667,"name":"4"},{"time":3.2667,"name":null},{"time":3.9667,"name":"4"},{"time":4.1,"name":null},{"time":4.8667,"name":"4"},{"time":4.9667,"name":null},{"time":5.7333,"name":"4"},{"time":5.8333,"name":null},{"time":6.6,"name":"4"},{"time":6.7,"name":null}]},"5":{"attachment":[{"time":0.7667,"name":"5"},{"time":0.8667,"name":null},{"time":1.6333,"name":"5"},{"time":1.7333,"name":null},{"time":2.5,"name":"5"},{"time":2.6,"name":null},{"time":3.3667,"name":"5"},{"time":3.4667,"name":null},{"time":4.2,"name":"5"},{"time":4.3,"name":null},{"time":5.0667,"name":"5"},{"time":5.1667,"name":null},{"time":5.9333,"name":"5"},{"time":6.0333,"name":null},{"time":6.8,"name":"5"},{"time":6.9,"name":null}]}}}}},[0]]],0,0,[0],[-1],[0]]
