{"type":"cc.ImageAsset","data":[[1,0,0,["cc.ImageAsset"],0,[{"fmt":"0","w":0,"h":0},-1],[0],0,[],[],[]],[1,0,0,["cc.ImageAsset"],0,[{"fmt":"0","w":0,"h":0},-1],[0],0,[],[],[]],[1,0,0,["cc.ImageAsset"],0,[{"fmt":"0","w":0,"h":0},-1],[0],0,[],[],[]],[1,0,0,["cc.ImageAsset"],0,[{"fmt":"0","w":0,"h":0},-1],[0],0,[],[],[]],[1,0,0,["cc.ImageAsset"],0,[{"fmt":"0","w":0,"h":0},-1],[0],0,[],[],[]],[1,0,0,["cc.ImageAsset"],0,[{"fmt":"0","w":0,"h":0},-1],[0],0,[],[],[]],[1,0,0,["cc.ImageAsset"],0,[{"fmt":"0","w":0,"h":0},-1],[0],0,[],[],[]],[1,0,0,["cc.ImageAsset"],0,[{"fmt":"0","w":0,"h":0},-1],[0],0,[],[],[]],[1,0,0,["cc.ImageAsset"],0,[{"fmt":"0","w":0,"h":0},-1],[0],0,[],[],[]],[1,0,0,["cc.ImageAsset"],0,[{"fmt":"0","w":0,"h":0},-1],[0],0,[],[],[]],[1,0,0,["cc.ImageAsset"],0,[{"fmt":"0","w":0,"h":0},-1],[0],0,[],[],[]],[1,0,0,["cc.ImageAsset"],0,[{"fmt":"0","w":0,"h":0},-1],[0],0,[],[],[]],[1,0,0,["cc.ImageAsset"],0,[{"fmt":"0","w":0,"h":0},-1],[0],0,[],[],[]],[1,0,0,["cc.ImageAsset"],0,[{"fmt":"0","w":0,"h":0},-1],[0],0,[],[],[]],[1,0,0,["cc.ImageAsset"],0,[{"fmt":"0","w":0,"h":0},-1],[0],0,[],[],[]],[1,0,0,["cc.ImageAsset"],0,[{"fmt":"0","w":0,"h":0},-1],[0],0,[],[],[]],[1,0,0,["cc.ImageAsset"],0,[{"fmt":"0","w":0,"h":0},-1],[0],0,[],[],[]],[1,0,0,["cc.ImageAsset"],0,[{"fmt":"0","w":0,"h":0},-1],[0],0,[],[],[]],[1,0,0,["cc.ImageAsset"],0,[{"fmt":"0","w":0,"h":0},-1],[0],0,[],[],[]]]}
