[{"__type__":"cc.SpriteFrame","content":{"name":"day-6","texture":"1a4714687","rect":[126,256,68,24],"offset":[-1,-1],"originalSize":[86,38],"capInsets":[0,0,0,0]}},{"__type__":"cc.SpriteFrame","content":{"name":"panel_bg_2","texture":"1a6e86a82","rect":[852,385,581,406],"offset":[-0.5,-4],"originalSize":[606,436],"rotated":1,"capInsets":[0,0,0,0]}},{"__type__":"cc.SpriteFrame","content":{"name":"sign_button","texture":"1a4714687","rect":[113,286,288,87],"offset":[0,0],"originalSize":[288,87],"rotated":1,"capInsets":[0,0,0,0]}},{"__type__":"cc.SpriteFrame","content":{"name":"day-2","texture":"1a4714687","rect":[3,595,68,24],"offset":[-1,-1],"originalSize":[86,38],"rotated":1,"capInsets":[0,0,0,0]}},{"__type__":"cc.SpriteFrame","content":{"name":"day-7","texture":"1a4714687","rect":[33,595,68,24],"offset":[-1,-1],"originalSize":[86,38],"rotated":1,"capInsets":[0,0,0,0]}},{"__type__":"cc.SpriteFrame","content":{"name":"sign_coin","texture":"1a4714687","rect":[206,439,26,26],"offset":[0,-0.5],"originalSize":[40,35],"capInsets":[0,0,0,0]}},{"__type__":"cc.SpriteFrame","content":{"name":"coin-2","texture":"1a4714687","rect":[159,580,85,30],"offset":[1,0],"originalSize":[93,38],"capInsets":[0,0,0,0]}},{"__type__":"cc.SpriteFrame","content":{"name":"coin-3","texture":"1a4714687","rect":[159,616,85,30],"offset":[1,0],"originalSize":[93,38],"capInsets":[0,0,0,0]}},{"__type__":"cc.SpriteFrame","content":{"name":"day-4","texture":"1a4714687","rect":[63,595,68,24],"offset":[-1,-1],"originalSize":[86,38],"rotated":1,"capInsets":[0,0,0,0]}},{"__type__":"cc.SpriteFrame","content":{"name":"sign_ok","texture":"1a4714687","rect":[126,161,89,73],"offset":[0.5,0],"originalSize":[130,103],"rotated":1,"capInsets":[0,0,0,0]}},{"__type__":"cc.SpriteFrame","content":{"name":"图层 8","texture":"9cLSeVVTdJ2avRL19wvYZC","rect":[1689,546,499,165],"offset":[0,0],"originalSize":[499,165],"rotated":1,"capInsets":[0,0,0,0]}},{"__type__":"cc.SpriteFrame","content":{"name":"coin-4","texture":"1a4714687","rect":[206,257,85,30],"offset":[1,0],"originalSize":[93,38],"rotated":1,"capInsets":[0,0,0,0]}},{"__type__":"cc.SpriteFrame","content":{"name":"coin-6","texture":"1a4714687","rect":[205,45,100,30],"offset":[1,0],"originalSize":[106,38],"rotated":1,"capInsets":[0,0,0,0]}},{"__type__":"cc.SpriteFrame","content":{"name":"day-5","texture":"1a4714687","rect":[93,595,68,24],"offset":[-1,-1],"originalSize":[86,38],"rotated":1,"capInsets":[0,0,0,0]}},{"__type__":"cc.SpriteFrame","content":{"name":"coin-1","texture":"1a4714687","rect":[123,580,86,30],"offset":[0.5,0],"originalSize":[93,38],"rotated":1,"capInsets":[0,0,0,0]}},{"__type__":"cc.SpriteFrame","content":{"name":"day-3","texture":"1a4714687","rect":[159,652,68,24],"offset":[-1,-1],"originalSize":[86,38],"capInsets":[0,0,0,0]}},{"__type__":"cc.SpriteFrame","content":{"name":"sign_lock","texture":"1a4714687","rect":[205,3,36,41],"offset":[-1,-0.5],"originalSize":[48,50],"rotated":1,"capInsets":[0,0,0,0]}},{"__type__":"cc.SpriteFrame","content":{"name":"coin-5","texture":"1a4714687","rect":[206,348,85,30],"offset":[1,0],"originalSize":[93,38],"rotated":1,"capInsets":[0,0,0,0]}},{"__type__":"cc.SpriteFrame","content":{"name":"day-1","texture":"1a4714687","rect":[206,471,68,24],"offset":[-1,-1],"originalSize":[86,38],"rotated":1,"capInsets":[0,0,0,0]}},{"__type__":"cc.SpriteFrame","content":{"name":"每日签-1到","texture":"9cLSeVVTdJ2avRL19wvYZC","rect":[1689,350,237,57],"offset":[0,0],"originalSize":[237,57],"capInsets":[0,0,0,0]}},[{"__type__":"cc.Prefab","_name":"sign_panel","data":{"__id__":1}},{"__type__":"cc.Node","_name":"sign_panel","_children":[{"__id__":2},{"__id__":4},{"__id__":6},{"__id__":7},{"__id__":13},{"__id__":19},{"__id__":25},{"__id__":31},{"__id__":37},{"__id__":43},{"__id__":49}],"_components":[{"__type__":"cc.Widget","node":{"__id__":1},"_alignFlags":18,"_top":320,"_bottom":320},{"__type__":"f5c04g1EahL3o1CpPoxUjAq","node":{"__id__":1},"sign_close":{"__id__":6},"sign_reward":{"__id__":49}}],"_prefab":{"__type__":"cc.PrefabInfo","root":{"__id__":1},"asset":{"__uuid__":"c4a/EHIWxHGLUpTfWqf0JQ"},"fileId":"25RhooDsxJsZSQD6WD2ra2"},"_contentSize":{"__type__":"cc.Size","width":520},"_trs":{"__type__":"TypedArray","ctor":"Float64Array","array":[480,320,0,0,0,0,1,1,1,1]},"_groupIndex":4,"groupIndex":4},{"__type__":"cc.Node","_name":"title","_parent":{"__id__":1},"_children":[{"__id__":3}],"_components":[{"__type__":"cc.Sprite","_name":"title<Sprite>","node":{"__id__":2},"_materials":[{"__uuid__":"ecpdLyjvZBwrvm+cedCcQy"}],"_spriteFrame":{"__uuid__":"434/3bSTNLQ5R8LQo0xRgT"},"_sizeMode":0},{"__type__":"cc.Widget","node":{"__id__":2},"_alignFlags":17,"_top":-289.365}],"_prefab":{"__type__":"cc.PrefabInfo","root":{"__id__":1},"asset":{"__uuid__":"c4a/EHIWxHGLUpTfWqf0JQ"},"fileId":"a2i6axVBVN9Z0MDrq10ptv"},"_contentSize":{"__type__":"cc.Size","width":660,"height":140},"_trs":{"__type__":"TypedArray","ctor":"Float64Array","array":[0,205.365,0,0,0,0,1,1.2,1.2,1]},"_groupIndex":4,"groupIndex":4},{"__type__":"cc.Node","_name":"New Label","_parent":{"__id__":2},"_components":[{"__type__":"cc.Sprite","node":{"__id__":3},"_materials":[{"__uuid__":"ecpdLyjvZBwrvm+cedCcQy"}],"_spriteFrame":{"__uuid__":"b8rPI/JqVHu6MBRX6UOQHF"}}],"_prefab":{"__type__":"cc.PrefabInfo","root":{"__id__":1},"asset":{"__uuid__":"c4a/EHIWxHGLUpTfWqf0JQ"},"fileId":"5bIYZJUAdDiIc8lO6+1Bfm"},"_contentSize":{"__type__":"cc.Size","width":237,"height":57},"_trs":{"__type__":"TypedArray","ctor":"Float64Array","array":[0,8,0,0,0,0,1,1,1,1]},"_groupIndex":4,"groupIndex":4},{"__type__":"cc.Node","_name":"background","_parent":{"__id__":1},"_children":[{"__id__":5}],"_components":[{"__type__":"cc.Widget","node":{"__id__":4},"_alignFlags":1,"_top":-273},{"__type__":"cc.Sprite","node":{"__id__":4},"_materials":[{"__uuid__":"ecpdLyjvZBwrvm+cedCcQy"}],"_spriteFrame":{"__uuid__":"e6PfgPbhlHqr9FPShXIOvw"}}],"_prefab":{"__type__":"cc.PrefabInfo","root":{"__id__":1},"asset":{"__uuid__":"c4a/EHIWxHGLUpTfWqf0JQ"},"fileId":"76N3VEaVFKj5q0VdMUw8sn"},"_contentSize":{"__type__":"cc.Size","width":1685,"height":566},"_trs":{"__type__":"TypedArray","ctor":"Float64Array","array":[0,-10,0,0,0,0,1,1,1,1]},"_groupIndex":4,"groupIndex":4},{"__type__":"cc.Node","_name":"panel_bg_2","_parent":{"__id__":4},"_components":[{"__type__":"cc.Sprite","node":{"__id__":5},"_materials":[{"__uuid__":"ecpdLyjvZBwrvm+cedCcQy"}],"_spriteFrame":{"__uuid__":"0eR5rEiuBF7IXyLOieRZzl"}}],"_prefab":{"__type__":"cc.PrefabInfo","root":{"__id__":1},"asset":{"__uuid__":"c4a/EHIWxHGLUpTfWqf0JQ"},"fileId":"a3/VtchGVER5ghLSINuk0e"},"_contentSize":{"__type__":"cc.Size","width":581,"height":406},"_trs":{"__type__":"TypedArray","ctor":"Float64Array","array":[0,-10,0,0,0,0,1,1,1,1]},"_groupIndex":4,"groupIndex":4},{"__type__":"cc.Node","_name":"close_new","_parent":{"__id__":1},"_components":[{"__type__":"cc.Sprite","_name":"close_new<Sprite>","node":{"__id__":6},"_materials":[{"__uuid__":"ecpdLyjvZBwrvm+cedCcQy"}],"_spriteFrame":{"__uuid__":"d6dS0E2udNtJbZFvA3CIPn"}}],"_prefab":{"__type__":"cc.PrefabInfo","root":{"__id__":1},"asset":{"__uuid__":"c4a/EHIWxHGLUpTfWqf0JQ"},"fileId":"2dIlCfqedNy6zqCPn+Sheo"},"_contentSize":{"__type__":"cc.Size","width":119,"height":107},"_trs":{"__type__":"TypedArray","ctor":"Float64Array","array":[284.777,160,0,0,0,0,1,0.6,0.6,0.6]},"_groupIndex":4,"groupIndex":4},{"__type__":"cc.Node","_name":"item","_parent":{"__id__":1},"_children":[{"__id__":8},{"__id__":9},{"__id__":10},{"__id__":11},{"__id__":12}],"_components":[{"__type__":"cc.Sprite","node":{"__id__":7},"_materials":[{"__uuid__":"ecpdLyjvZBwrvm+cedCcQy"}],"_spriteFrame":{"__uuid__":"cf/9pL4bZPc4q0BALdPXoO"}},{"__type__":"990ccRZJNZIAICF17HBl2/E","node":{"__id__":7},"sign_got":{"__id__":12},"sign_lock":{"__id__":11},"sign_coin":{"__id__":10}}],"_prefab":{"__type__":"cc.PrefabInfo","root":{"__id__":1},"asset":{"__uuid__":"c4a/EHIWxHGLUpTfWqf0JQ"},"fileId":"bbqGT6QdFDwIT4vYexoiMS"},"_contentSize":{"__type__":"cc.Size","width":117,"height":91},"_trs":{"__type__":"TypedArray","ctor":"Float64Array","array":[-150,93.642,0,0,0,0,1,0.85,0.85,0.85]},"_groupIndex":4,"groupIndex":4},{"__type__":"cc.Node","_name":"coin-1","_parent":{"__id__":7},"_components":[{"__type__":"cc.Sprite","node":{"__id__":8},"_materials":[{"__uuid__":"ecpdLyjvZBwrvm+cedCcQy"}],"_spriteFrame":{"__uuid__":"87ihWxBmBJPYA4hod3scal"}}],"_prefab":{"__type__":"cc.PrefabInfo","root":{"__id__":1},"asset":{"__uuid__":"c4a/EHIWxHGLUpTfWqf0JQ"},"fileId":"a6x/jfK1xKw6be9P3nkR1d"},"_contentSize":{"__type__":"cc.Size","width":86,"height":30},"_trs":{"__type__":"TypedArray","ctor":"Float64Array","array":[2.252,-14.656,0,0,0,0,1,1,1,1]},"_groupIndex":4,"groupIndex":4},{"__type__":"cc.Node","_name":"day-1","_parent":{"__id__":7},"_components":[{"__type__":"cc.Sprite","node":{"__id__":9},"_materials":[{"__uuid__":"ecpdLyjvZBwrvm+cedCcQy"}],"_spriteFrame":{"__uuid__":"b5JqexqldC+4c41ApQ3/Hk"}}],"_prefab":{"__type__":"cc.PrefabInfo","root":{"__id__":1},"asset":{"__uuid__":"c4a/EHIWxHGLUpTfWqf0JQ"},"fileId":"364vKJPUxOJ6ZoazcqJCTn"},"_contentSize":{"__type__":"cc.Size","width":68,"height":24},"_trs":{"__type__":"TypedArray","ctor":"Float64Array","array":[0.751,26.765,0,0,0,0,1,1,1,1]},"_groupIndex":4,"groupIndex":4},{"__type__":"cc.Node","_name":"sign_coin","_parent":{"__id__":7},"_components":[{"__type__":"cc.Sprite","node":{"__id__":10},"_materials":[{"__uuid__":"ecpdLyjvZBwrvm+cedCcQy"}],"_spriteFrame":{"__uuid__":"24CEZ582dEpbvziDNVrl2o"}}],"_prefab":{"__type__":"cc.PrefabInfo","root":{"__id__":1},"asset":{"__uuid__":"c4a/EHIWxHGLUpTfWqf0JQ"},"fileId":"471Zfo+CxA/ZPYBztuvGv5"},"_contentSize":{"__type__":"cc.Size","width":26,"height":26},"_trs":{"__type__":"TypedArray","ctor":"Float64Array","array":[39.031,-31.525,0,0,0,0,1,1,1,1]},"_groupIndex":4,"groupIndex":4},{"__type__":"cc.Node","_name":"sign_lock","_parent":{"__id__":7},"_components":[{"__type__":"cc.Sprite","node":{"__id__":11},"_materials":[{"__uuid__":"ecpdLyjvZBwrvm+cedCcQy"}],"_spriteFrame":{"__uuid__":"90Enwpb69KwIWVNFKzEjik"}}],"_prefab":{"__type__":"cc.PrefabInfo","root":{"__id__":1},"asset":{"__uuid__":"c4a/EHIWxHGLUpTfWqf0JQ"},"fileId":"cboyqlEWlK2bkzxICF4Ehs"},"_contentSize":{"__type__":"cc.Size","width":36,"height":41},"_trs":{"__type__":"TypedArray","ctor":"Float64Array","array":[38.28,-30.024,0,0,0,0,1,1,1,1]},"_groupIndex":4,"groupIndex":4},{"__type__":"cc.Node","_name":"sign_ok","_parent":{"__id__":7},"_components":[{"__type__":"cc.Sprite","node":{"__id__":12},"_materials":[{"__uuid__":"ecpdLyjvZBwrvm+cedCcQy"}],"_spriteFrame":{"__uuid__":"3c2III4S1PZa/7rrMew/7p"}}],"_prefab":{"__type__":"cc.PrefabInfo","root":{"__id__":1},"asset":{"__uuid__":"c4a/EHIWxHGLUpTfWqf0JQ"},"fileId":"4byrF8FsBE+KsrYscZqIFk"},"_contentSize":{"__type__":"cc.Size","width":89,"height":73},"_trs":{"__type__":"TypedArray","ctor":"Float64Array","array":[0,0,0,0,0,0,1,1,1,1]},"_groupIndex":4,"groupIndex":4},{"__type__":"cc.Node","_name":"item copy","_parent":{"__id__":1},"_children":[{"__id__":14},{"__id__":15},{"__id__":16},{"__id__":17},{"__id__":18}],"_components":[{"__type__":"cc.Sprite","node":{"__id__":13},"_materials":[{"__uuid__":"ecpdLyjvZBwrvm+cedCcQy"}],"_spriteFrame":{"__uuid__":"cf/9pL4bZPc4q0BALdPXoO"}},{"__type__":"990ccRZJNZIAICF17HBl2/E","node":{"__id__":13},"sign_got":{"__id__":18},"sign_lock":{"__id__":17},"sign_coin":{"__id__":16},"item_day":2}],"_prefab":{"__type__":"cc.PrefabInfo","root":{"__id__":1},"asset":{"__uuid__":"c4a/EHIWxHGLUpTfWqf0JQ"},"fileId":"20fWusN5NOtI+RG/CnuexR"},"_contentSize":{"__type__":"cc.Size","width":117,"height":91},"_trs":{"__type__":"TypedArray","ctor":"Float64Array","array":[0,93.642,0,0,0,0,1,0.85,0.85,0.85]},"_groupIndex":4,"groupIndex":4},{"__type__":"cc.Node","_name":"coin-1","_parent":{"__id__":13},"_components":[{"__type__":"cc.Sprite","node":{"__id__":14},"_materials":[{"__uuid__":"ecpdLyjvZBwrvm+cedCcQy"}],"_spriteFrame":{"__uuid__":"26F8XP2nNKdpNHb4YJVRkW"}}],"_prefab":{"__type__":"cc.PrefabInfo","root":{"__id__":1},"asset":{"__uuid__":"c4a/EHIWxHGLUpTfWqf0JQ"},"fileId":"a6XQdNpk1LeL4ZpOeD8aGb"},"_contentSize":{"__type__":"cc.Size","width":85,"height":30},"_trs":{"__type__":"TypedArray","ctor":"Float64Array","array":[2.252,-14.656,0,0,0,0,1,1,1,1]},"_groupIndex":4,"groupIndex":4},{"__type__":"cc.Node","_name":"day-1","_parent":{"__id__":13},"_components":[{"__type__":"cc.Sprite","node":{"__id__":15},"_materials":[{"__uuid__":"ecpdLyjvZBwrvm+cedCcQy"}],"_spriteFrame":{"__uuid__":"14f4m5/OtOy5Jx84TqjVdo"}}],"_prefab":{"__type__":"cc.PrefabInfo","root":{"__id__":1},"asset":{"__uuid__":"c4a/EHIWxHGLUpTfWqf0JQ"},"fileId":"28NzD8wuZO9K6aaXnk+0OW"},"_contentSize":{"__type__":"cc.Size","width":68,"height":24},"_trs":{"__type__":"TypedArray","ctor":"Float64Array","array":[0.751,26.765,0,0,0,0,1,1,1,1]},"_groupIndex":4,"groupIndex":4},{"__type__":"cc.Node","_name":"sign_coin","_parent":{"__id__":13},"_components":[{"__type__":"cc.Sprite","node":{"__id__":16},"_materials":[{"__uuid__":"ecpdLyjvZBwrvm+cedCcQy"}],"_spriteFrame":{"__uuid__":"24CEZ582dEpbvziDNVrl2o"}}],"_prefab":{"__type__":"cc.PrefabInfo","root":{"__id__":1},"asset":{"__uuid__":"c4a/EHIWxHGLUpTfWqf0JQ"},"fileId":"6cqXZkHKVPp7zhT3ubh6oT"},"_contentSize":{"__type__":"cc.Size","width":26,"height":26},"_trs":{"__type__":"TypedArray","ctor":"Float64Array","array":[39.031,-31.525,0,0,0,0,1,1,1,1]},"_groupIndex":4,"groupIndex":4},{"__type__":"cc.Node","_name":"sign_lock","_parent":{"__id__":13},"_components":[{"__type__":"cc.Sprite","node":{"__id__":17},"_materials":[{"__uuid__":"ecpdLyjvZBwrvm+cedCcQy"}],"_spriteFrame":{"__uuid__":"90Enwpb69KwIWVNFKzEjik"}}],"_prefab":{"__type__":"cc.PrefabInfo","root":{"__id__":1},"asset":{"__uuid__":"c4a/EHIWxHGLUpTfWqf0JQ"},"fileId":"5aCzEdknJFmKYEExujt1T8"},"_contentSize":{"__type__":"cc.Size","width":36,"height":41},"_trs":{"__type__":"TypedArray","ctor":"Float64Array","array":[38.28,-30.024,0,0,0,0,1,1,1,1]},"_groupIndex":4,"groupIndex":4},{"__type__":"cc.Node","_name":"sign_ok","_parent":{"__id__":13},"_components":[{"__type__":"cc.Sprite","node":{"__id__":18},"_materials":[{"__uuid__":"ecpdLyjvZBwrvm+cedCcQy"}],"_spriteFrame":{"__uuid__":"3c2III4S1PZa/7rrMew/7p"}}],"_prefab":{"__type__":"cc.PrefabInfo","root":{"__id__":1},"asset":{"__uuid__":"c4a/EHIWxHGLUpTfWqf0JQ"},"fileId":"18EaFvimZPOJMxsgvZn7BY"},"_contentSize":{"__type__":"cc.Size","width":89,"height":73},"_trs":{"__type__":"TypedArray","ctor":"Float64Array","array":[0,0,0,0,0,0,1,1,1,1]},"_groupIndex":4,"groupIndex":4},{"__type__":"cc.Node","_name":"item copy","_parent":{"__id__":1},"_children":[{"__id__":20},{"__id__":21},{"__id__":22},{"__id__":23},{"__id__":24}],"_components":[{"__type__":"cc.Sprite","node":{"__id__":19},"_materials":[{"__uuid__":"ecpdLyjvZBwrvm+cedCcQy"}],"_spriteFrame":{"__uuid__":"cf/9pL4bZPc4q0BALdPXoO"}},{"__type__":"990ccRZJNZIAICF17HBl2/E","node":{"__id__":19},"sign_got":{"__id__":24},"sign_lock":{"__id__":23},"sign_coin":{"__id__":22},"item_day":3}],"_prefab":{"__type__":"cc.PrefabInfo","root":{"__id__":1},"asset":{"__uuid__":"c4a/EHIWxHGLUpTfWqf0JQ"},"fileId":"68OKhhz4RLnI1VrL/Ck6tM"},"_contentSize":{"__type__":"cc.Size","width":117,"height":91},"_trs":{"__type__":"TypedArray","ctor":"Float64Array","array":[150,93.642,0,0,0,0,1,0.85,0.85,0.85]},"_groupIndex":4,"groupIndex":4},{"__type__":"cc.Node","_name":"coin-1","_parent":{"__id__":19},"_components":[{"__type__":"cc.Sprite","node":{"__id__":20},"_materials":[{"__uuid__":"ecpdLyjvZBwrvm+cedCcQy"}],"_spriteFrame":{"__uuid__":"29p+Wib6ZKToHz9aCHipKo"}}],"_prefab":{"__type__":"cc.PrefabInfo","root":{"__id__":1},"asset":{"__uuid__":"c4a/EHIWxHGLUpTfWqf0JQ"},"fileId":"9fFVeeIflBQ7gmUP2f4VhC"},"_contentSize":{"__type__":"cc.Size","width":85,"height":30},"_trs":{"__type__":"TypedArray","ctor":"Float64Array","array":[2.252,-14.656,0,0,0,0,1,1,1,1]},"_groupIndex":4,"groupIndex":4},{"__type__":"cc.Node","_name":"day-1","_parent":{"__id__":19},"_components":[{"__type__":"cc.Sprite","node":{"__id__":21},"_materials":[{"__uuid__":"ecpdLyjvZBwrvm+cedCcQy"}],"_spriteFrame":{"__uuid__":"889jVgCx5HxolODYSkCGtP"}}],"_prefab":{"__type__":"cc.PrefabInfo","root":{"__id__":1},"asset":{"__uuid__":"c4a/EHIWxHGLUpTfWqf0JQ"},"fileId":"83W3XvwqpP77N9dLYE0ze0"},"_contentSize":{"__type__":"cc.Size","width":68,"height":24},"_trs":{"__type__":"TypedArray","ctor":"Float64Array","array":[0.751,26.765,0,0,0,0,1,1,1,1]},"_groupIndex":4,"groupIndex":4},{"__type__":"cc.Node","_name":"sign_coin","_parent":{"__id__":19},"_components":[{"__type__":"cc.Sprite","node":{"__id__":22},"_materials":[{"__uuid__":"ecpdLyjvZBwrvm+cedCcQy"}],"_spriteFrame":{"__uuid__":"24CEZ582dEpbvziDNVrl2o"}}],"_prefab":{"__type__":"cc.PrefabInfo","root":{"__id__":1},"asset":{"__uuid__":"c4a/EHIWxHGLUpTfWqf0JQ"},"fileId":"54MGtFfYFEtrIwcKuFBuLG"},"_contentSize":{"__type__":"cc.Size","width":26,"height":26},"_trs":{"__type__":"TypedArray","ctor":"Float64Array","array":[39.031,-31.525,0,0,0,0,1,1,1,1]},"_groupIndex":4,"groupIndex":4},{"__type__":"cc.Node","_name":"sign_lock","_parent":{"__id__":19},"_components":[{"__type__":"cc.Sprite","node":{"__id__":23},"_materials":[{"__uuid__":"ecpdLyjvZBwrvm+cedCcQy"}],"_spriteFrame":{"__uuid__":"90Enwpb69KwIWVNFKzEjik"}}],"_prefab":{"__type__":"cc.PrefabInfo","root":{"__id__":1},"asset":{"__uuid__":"c4a/EHIWxHGLUpTfWqf0JQ"},"fileId":"cdps85DM9PPpBO6gOz6Gkg"},"_contentSize":{"__type__":"cc.Size","width":36,"height":41},"_trs":{"__type__":"TypedArray","ctor":"Float64Array","array":[38.28,-30.024,0,0,0,0,1,1,1,1]},"_groupIndex":4,"groupIndex":4},{"__type__":"cc.Node","_name":"sign_ok","_parent":{"__id__":19},"_components":[{"__type__":"cc.Sprite","node":{"__id__":24},"_materials":[{"__uuid__":"ecpdLyjvZBwrvm+cedCcQy"}],"_spriteFrame":{"__uuid__":"3c2III4S1PZa/7rrMew/7p"}}],"_prefab":{"__type__":"cc.PrefabInfo","root":{"__id__":1},"asset":{"__uuid__":"c4a/EHIWxHGLUpTfWqf0JQ"},"fileId":"59vvosrm1AT6plZYRMpC37"},"_contentSize":{"__type__":"cc.Size","width":89,"height":73},"_trs":{"__type__":"TypedArray","ctor":"Float64Array","array":[0,0,0,0,0,0,1,1,1,1]},"_groupIndex":4,"groupIndex":4},{"__type__":"cc.Node","_name":"item copy","_parent":{"__id__":1},"_children":[{"__id__":26},{"__id__":27},{"__id__":28},{"__id__":29},{"__id__":30}],"_components":[{"__type__":"cc.Sprite","node":{"__id__":25},"_materials":[{"__uuid__":"ecpdLyjvZBwrvm+cedCcQy"}],"_spriteFrame":{"__uuid__":"cf/9pL4bZPc4q0BALdPXoO"}},{"__type__":"990ccRZJNZIAICF17HBl2/E","node":{"__id__":25},"sign_got":{"__id__":30},"sign_lock":{"__id__":29},"sign_coin":{"__id__":28},"item_day":7}],"_prefab":{"__type__":"cc.PrefabInfo","root":{"__id__":1},"asset":{"__uuid__":"c4a/EHIWxHGLUpTfWqf0JQ"},"fileId":"47Ey9uwt9M/6Ve4FAP3NMH"},"_contentSize":{"__type__":"cc.Size","width":117,"height":91},"_trs":{"__type__":"TypedArray","ctor":"Float64Array","array":[180,-28,0,0,0,0,1,0.85,0.85,0.85]},"_groupIndex":4,"groupIndex":4},{"__type__":"cc.Node","_name":"coin-1","_parent":{"__id__":25},"_components":[{"__type__":"cc.Sprite","node":{"__id__":26},"_materials":[{"__uuid__":"ecpdLyjvZBwrvm+cedCcQy"}],"_spriteFrame":{"__uuid__":"f9f+TTietBY7Ijx5lpg6MJ"}}],"_prefab":{"__type__":"cc.PrefabInfo","root":{"__id__":1},"asset":{"__uuid__":"c4a/EHIWxHGLUpTfWqf0JQ"},"fileId":"86UrgmJ4FHrbmL0LI862+g"},"_contentSize":{"__type__":"cc.Size","width":100,"height":30},"_trs":{"__type__":"TypedArray","ctor":"Float64Array","array":[2.252,-14.656,0,0,0,0,1,1,1,1]},"_groupIndex":4,"groupIndex":4},{"__type__":"cc.Node","_name":"day-1","_parent":{"__id__":25},"_components":[{"__type__":"cc.Sprite","node":{"__id__":27},"_materials":[{"__uuid__":"ecpdLyjvZBwrvm+cedCcQy"}],"_spriteFrame":{"__uuid__":"15IqeUSY9FsYuGkQ2UGwtg"}}],"_prefab":{"__type__":"cc.PrefabInfo","root":{"__id__":1},"asset":{"__uuid__":"c4a/EHIWxHGLUpTfWqf0JQ"},"fileId":"70PRsIGQJHgoMV8hy6Xykl"},"_contentSize":{"__type__":"cc.Size","width":68,"height":24},"_trs":{"__type__":"TypedArray","ctor":"Float64Array","array":[0.751,26.765,0,0,0,0,1,1,1,1]},"_groupIndex":4,"groupIndex":4},{"__type__":"cc.Node","_name":"sign_coin","_parent":{"__id__":25},"_components":[{"__type__":"cc.Sprite","node":{"__id__":28},"_materials":[{"__uuid__":"ecpdLyjvZBwrvm+cedCcQy"}],"_spriteFrame":{"__uuid__":"24CEZ582dEpbvziDNVrl2o"}}],"_prefab":{"__type__":"cc.PrefabInfo","root":{"__id__":1},"asset":{"__uuid__":"c4a/EHIWxHGLUpTfWqf0JQ"},"fileId":"a5snRJtCNI9JiitBe5sTmJ"},"_contentSize":{"__type__":"cc.Size","width":26,"height":26},"_trs":{"__type__":"TypedArray","ctor":"Float64Array","array":[39.031,-31.525,0,0,0,0,1,1,1,1]},"_groupIndex":4,"groupIndex":4},{"__type__":"cc.Node","_name":"sign_lock","_parent":{"__id__":25},"_components":[{"__type__":"cc.Sprite","node":{"__id__":29},"_materials":[{"__uuid__":"ecpdLyjvZBwrvm+cedCcQy"}],"_spriteFrame":{"__uuid__":"90Enwpb69KwIWVNFKzEjik"}}],"_prefab":{"__type__":"cc.PrefabInfo","root":{"__id__":1},"asset":{"__uuid__":"c4a/EHIWxHGLUpTfWqf0JQ"},"fileId":"a4H3FkB8tMJa4FvenXBO9T"},"_contentSize":{"__type__":"cc.Size","width":36,"height":41},"_trs":{"__type__":"TypedArray","ctor":"Float64Array","array":[38.28,-30.024,0,0,0,0,1,1,1,1]},"_groupIndex":4,"groupIndex":4},{"__type__":"cc.Node","_name":"sign_ok","_parent":{"__id__":25},"_components":[{"__type__":"cc.Sprite","node":{"__id__":30},"_materials":[{"__uuid__":"ecpdLyjvZBwrvm+cedCcQy"}],"_spriteFrame":{"__uuid__":"3c2III4S1PZa/7rrMew/7p"}}],"_prefab":{"__type__":"cc.PrefabInfo","root":{"__id__":1},"asset":{"__uuid__":"c4a/EHIWxHGLUpTfWqf0JQ"},"fileId":"d2YQ4P5HtAO4PSeaHIhbaA"},"_contentSize":{"__type__":"cc.Size","width":89,"height":73},"_trs":{"__type__":"TypedArray","ctor":"Float64Array","array":[0,0,0,0,0,0,1,1,1,1]},"_groupIndex":4,"groupIndex":4},{"__type__":"cc.Node","_name":"item copy","_parent":{"__id__":1},"_children":[{"__id__":32},{"__id__":33},{"__id__":34},{"__id__":35},{"__id__":36}],"_components":[{"__type__":"cc.Sprite","node":{"__id__":31},"_materials":[{"__uuid__":"ecpdLyjvZBwrvm+cedCcQy"}],"_spriteFrame":{"__uuid__":"cf/9pL4bZPc4q0BALdPXoO"}},{"__type__":"990ccRZJNZIAICF17HBl2/E","node":{"__id__":31},"sign_got":{"__id__":36},"sign_lock":{"__id__":35},"sign_coin":{"__id__":34},"item_day":4}],"_prefab":{"__type__":"cc.PrefabInfo","root":{"__id__":1},"asset":{"__uuid__":"c4a/EHIWxHGLUpTfWqf0JQ"},"fileId":"1fE0LiKbdAEp846z4FljKY"},"_contentSize":{"__type__":"cc.Size","width":117,"height":91},"_trs":{"__type__":"TypedArray","ctor":"Float64Array","array":[-180,-28,0,0,0,0,1,0.85,0.85,0.85]},"_groupIndex":4,"groupIndex":4},{"__type__":"cc.Node","_name":"coin-1","_parent":{"__id__":31},"_components":[{"__type__":"cc.Sprite","node":{"__id__":32},"_materials":[{"__uuid__":"ecpdLyjvZBwrvm+cedCcQy"}],"_spriteFrame":{"__uuid__":"5dHKrfWoVLCIDHBAJVKlAi"}}],"_prefab":{"__type__":"cc.PrefabInfo","root":{"__id__":1},"asset":{"__uuid__":"c4a/EHIWxHGLUpTfWqf0JQ"},"fileId":"e58f1yi/BNs6+mSAfx2FLF"},"_contentSize":{"__type__":"cc.Size","width":85,"height":30},"_trs":{"__type__":"TypedArray","ctor":"Float64Array","array":[2.252,-14.656,0,0,0,0,1,1,1,1]},"_groupIndex":4,"groupIndex":4},{"__type__":"cc.Node","_name":"day-1","_parent":{"__id__":31},"_components":[{"__type__":"cc.Sprite","node":{"__id__":33},"_materials":[{"__uuid__":"ecpdLyjvZBwrvm+cedCcQy"}],"_spriteFrame":{"__uuid__":"2cUm44e+xL/5ku14enYSi4"}}],"_prefab":{"__type__":"cc.PrefabInfo","root":{"__id__":1},"asset":{"__uuid__":"c4a/EHIWxHGLUpTfWqf0JQ"},"fileId":"86kNqHvJ5Lcp2X2BXdWsJ7"},"_contentSize":{"__type__":"cc.Size","width":68,"height":24},"_trs":{"__type__":"TypedArray","ctor":"Float64Array","array":[0.751,26.765,0,0,0,0,1,1,1,1]},"_groupIndex":4,"groupIndex":4},{"__type__":"cc.Node","_name":"sign_coin","_parent":{"__id__":31},"_components":[{"__type__":"cc.Sprite","node":{"__id__":34},"_materials":[{"__uuid__":"ecpdLyjvZBwrvm+cedCcQy"}],"_spriteFrame":{"__uuid__":"24CEZ582dEpbvziDNVrl2o"}}],"_prefab":{"__type__":"cc.PrefabInfo","root":{"__id__":1},"asset":{"__uuid__":"c4a/EHIWxHGLUpTfWqf0JQ"},"fileId":"bbTmMEin9Droz+4DZdnJrV"},"_contentSize":{"__type__":"cc.Size","width":26,"height":26},"_trs":{"__type__":"TypedArray","ctor":"Float64Array","array":[39.031,-31.525,0,0,0,0,1,1,1,1]},"_groupIndex":4,"groupIndex":4},{"__type__":"cc.Node","_name":"sign_lock","_parent":{"__id__":31},"_components":[{"__type__":"cc.Sprite","node":{"__id__":35},"_materials":[{"__uuid__":"ecpdLyjvZBwrvm+cedCcQy"}],"_spriteFrame":{"__uuid__":"90Enwpb69KwIWVNFKzEjik"}}],"_prefab":{"__type__":"cc.PrefabInfo","root":{"__id__":1},"asset":{"__uuid__":"c4a/EHIWxHGLUpTfWqf0JQ"},"fileId":"a6A32gnmhDnKR8CUe6fJIb"},"_contentSize":{"__type__":"cc.Size","width":36,"height":41},"_trs":{"__type__":"TypedArray","ctor":"Float64Array","array":[38.28,-30.024,0,0,0,0,1,1,1,1]},"_groupIndex":4,"groupIndex":4},{"__type__":"cc.Node","_name":"sign_ok","_parent":{"__id__":31},"_components":[{"__type__":"cc.Sprite","node":{"__id__":36},"_materials":[{"__uuid__":"ecpdLyjvZBwrvm+cedCcQy"}],"_spriteFrame":{"__uuid__":"3c2III4S1PZa/7rrMew/7p"}}],"_prefab":{"__type__":"cc.PrefabInfo","root":{"__id__":1},"asset":{"__uuid__":"c4a/EHIWxHGLUpTfWqf0JQ"},"fileId":"b0w4Kedz5GjobOL+irzwL2"},"_contentSize":{"__type__":"cc.Size","width":89,"height":73},"_trs":{"__type__":"TypedArray","ctor":"Float64Array","array":[0,0,0,0,0,0,1,1,1,1]},"_groupIndex":4,"groupIndex":4},{"__type__":"cc.Node","_name":"item copy","_parent":{"__id__":1},"_children":[{"__id__":38},{"__id__":39},{"__id__":40},{"__id__":41},{"__id__":42}],"_components":[{"__type__":"cc.Sprite","node":{"__id__":37},"_materials":[{"__uuid__":"ecpdLyjvZBwrvm+cedCcQy"}],"_spriteFrame":{"__uuid__":"cf/9pL4bZPc4q0BALdPXoO"}},{"__type__":"990ccRZJNZIAICF17HBl2/E","node":{"__id__":37},"sign_got":{"__id__":42},"sign_lock":{"__id__":41},"sign_coin":{"__id__":40},"item_day":5}],"_prefab":{"__type__":"cc.PrefabInfo","root":{"__id__":1},"asset":{"__uuid__":"c4a/EHIWxHGLUpTfWqf0JQ"},"fileId":"30WPMqUh5KqaZi+Z1J2mhA"},"_contentSize":{"__type__":"cc.Size","width":117,"height":91},"_trs":{"__type__":"TypedArray","ctor":"Float64Array","array":[-60,-28,0,0,0,0,1,0.85,0.85,0.85]},"_groupIndex":4,"groupIndex":4},{"__type__":"cc.Node","_name":"coin-1","_parent":{"__id__":37},"_components":[{"__type__":"cc.Sprite","node":{"__id__":38},"_materials":[{"__uuid__":"ecpdLyjvZBwrvm+cedCcQy"}],"_spriteFrame":{"__uuid__":"9aZRFoAJhMyINu4W2MPJ2m"}}],"_prefab":{"__type__":"cc.PrefabInfo","root":{"__id__":1},"asset":{"__uuid__":"c4a/EHIWxHGLUpTfWqf0JQ"},"fileId":"7cG3F+5IxOdrW1IASZoFiE"},"_contentSize":{"__type__":"cc.Size","width":85,"height":30},"_trs":{"__type__":"TypedArray","ctor":"Float64Array","array":[2.252,-14.656,0,0,0,0,1,1,1,1]},"_groupIndex":4,"groupIndex":4},{"__type__":"cc.Node","_name":"day-1","_parent":{"__id__":37},"_components":[{"__type__":"cc.Sprite","node":{"__id__":39},"_materials":[{"__uuid__":"ecpdLyjvZBwrvm+cedCcQy"}],"_spriteFrame":{"__uuid__":"72QL1zk/xNOJQ/j8ASVnxk"}}],"_prefab":{"__type__":"cc.PrefabInfo","root":{"__id__":1},"asset":{"__uuid__":"c4a/EHIWxHGLUpTfWqf0JQ"},"fileId":"6fcrqycotNhp8nYCm3pVHK"},"_contentSize":{"__type__":"cc.Size","width":68,"height":24},"_trs":{"__type__":"TypedArray","ctor":"Float64Array","array":[0.751,26.765,0,0,0,0,1,1,1,1]},"_groupIndex":4,"groupIndex":4},{"__type__":"cc.Node","_name":"sign_coin","_parent":{"__id__":37},"_components":[{"__type__":"cc.Sprite","node":{"__id__":40},"_materials":[{"__uuid__":"ecpdLyjvZBwrvm+cedCcQy"}],"_spriteFrame":{"__uuid__":"24CEZ582dEpbvziDNVrl2o"}}],"_prefab":{"__type__":"cc.PrefabInfo","root":{"__id__":1},"asset":{"__uuid__":"c4a/EHIWxHGLUpTfWqf0JQ"},"fileId":"adLNc2d+pAm4mT475g0m4f"},"_contentSize":{"__type__":"cc.Size","width":26,"height":26},"_trs":{"__type__":"TypedArray","ctor":"Float64Array","array":[39.031,-31.525,0,0,0,0,1,1,1,1]},"_groupIndex":4,"groupIndex":4},{"__type__":"cc.Node","_name":"sign_lock","_parent":{"__id__":37},"_components":[{"__type__":"cc.Sprite","node":{"__id__":41},"_materials":[{"__uuid__":"ecpdLyjvZBwrvm+cedCcQy"}],"_spriteFrame":{"__uuid__":"90Enwpb69KwIWVNFKzEjik"}}],"_prefab":{"__type__":"cc.PrefabInfo","root":{"__id__":1},"asset":{"__uuid__":"c4a/EHIWxHGLUpTfWqf0JQ"},"fileId":"7d3HnZ7FxOUoW8MyqJ916t"},"_contentSize":{"__type__":"cc.Size","width":36,"height":41},"_trs":{"__type__":"TypedArray","ctor":"Float64Array","array":[38.28,-30.024,0,0,0,0,1,1,1,1]},"_groupIndex":4,"groupIndex":4},{"__type__":"cc.Node","_name":"sign_ok","_parent":{"__id__":37},"_components":[{"__type__":"cc.Sprite","node":{"__id__":42},"_materials":[{"__uuid__":"ecpdLyjvZBwrvm+cedCcQy"}],"_spriteFrame":{"__uuid__":"3c2III4S1PZa/7rrMew/7p"}}],"_prefab":{"__type__":"cc.PrefabInfo","root":{"__id__":1},"asset":{"__uuid__":"c4a/EHIWxHGLUpTfWqf0JQ"},"fileId":"48ST0jvKRG6K/VbulR69lY"},"_contentSize":{"__type__":"cc.Size","width":89,"height":73},"_trs":{"__type__":"TypedArray","ctor":"Float64Array","array":[0,0,0,0,0,0,1,1,1,1]},"_groupIndex":4,"groupIndex":4},{"__type__":"cc.Node","_name":"item copy","_parent":{"__id__":1},"_children":[{"__id__":44},{"__id__":45},{"__id__":46},{"__id__":47},{"__id__":48}],"_components":[{"__type__":"cc.Sprite","node":{"__id__":43},"_materials":[{"__uuid__":"ecpdLyjvZBwrvm+cedCcQy"}],"_spriteFrame":{"__uuid__":"cf/9pL4bZPc4q0BALdPXoO"}},{"__type__":"990ccRZJNZIAICF17HBl2/E","node":{"__id__":43},"sign_got":{"__id__":48},"sign_lock":{"__id__":47},"sign_coin":{"__id__":46},"item_day":6}],"_prefab":{"__type__":"cc.PrefabInfo","root":{"__id__":1},"asset":{"__uuid__":"c4a/EHIWxHGLUpTfWqf0JQ"},"fileId":"60QBozDrxEX6RKVw60lxPN"},"_contentSize":{"__type__":"cc.Size","width":117,"height":91},"_trs":{"__type__":"TypedArray","ctor":"Float64Array","array":[60,-28,0,0,0,0,1,0.85,0.85,0.85]},"_groupIndex":4,"groupIndex":4},{"__type__":"cc.Node","_name":"coin-1","_parent":{"__id__":43},"_components":[{"__type__":"cc.Sprite","node":{"__id__":44},"_materials":[{"__uuid__":"ecpdLyjvZBwrvm+cedCcQy"}],"_spriteFrame":{"__uuid__":"68gyVSd1FM36PUIA8KoCZL"}}],"_prefab":{"__type__":"cc.PrefabInfo","root":{"__id__":1},"asset":{"__uuid__":"c4a/EHIWxHGLUpTfWqf0JQ"},"fileId":"bfEZ2WFbVDELVaJIF79eOf"},"_contentSize":{"__type__":"cc.Size","width":100,"height":30},"_trs":{"__type__":"TypedArray","ctor":"Float64Array","array":[2.252,-14.656,0,0,0,0,1,1,1,1]},"_groupIndex":4,"groupIndex":4},{"__type__":"cc.Node","_name":"day-1","_parent":{"__id__":43},"_components":[{"__type__":"cc.Sprite","node":{"__id__":45},"_materials":[{"__uuid__":"ecpdLyjvZBwrvm+cedCcQy"}],"_spriteFrame":{"__uuid__":"04FomU1u1LQ7JpFy5cggAq"}}],"_prefab":{"__type__":"cc.PrefabInfo","root":{"__id__":1},"asset":{"__uuid__":"c4a/EHIWxHGLUpTfWqf0JQ"},"fileId":"94QGAYOY5HApODLuX6wFFS"},"_contentSize":{"__type__":"cc.Size","width":68,"height":24},"_trs":{"__type__":"TypedArray","ctor":"Float64Array","array":[0.751,26.765,0,0,0,0,1,1,1,1]},"_groupIndex":4,"groupIndex":4},{"__type__":"cc.Node","_name":"sign_coin","_parent":{"__id__":43},"_components":[{"__type__":"cc.Sprite","node":{"__id__":46},"_materials":[{"__uuid__":"ecpdLyjvZBwrvm+cedCcQy"}],"_spriteFrame":{"__uuid__":"24CEZ582dEpbvziDNVrl2o"}}],"_prefab":{"__type__":"cc.PrefabInfo","root":{"__id__":1},"asset":{"__uuid__":"c4a/EHIWxHGLUpTfWqf0JQ"},"fileId":"abb3I1Q8ZLFLMwygfwzCtR"},"_contentSize":{"__type__":"cc.Size","width":26,"height":26},"_trs":{"__type__":"TypedArray","ctor":"Float64Array","array":[39.031,-31.525,0,0,0,0,1,1,1,1]},"_groupIndex":4,"groupIndex":4},{"__type__":"cc.Node","_name":"sign_lock","_parent":{"__id__":43},"_components":[{"__type__":"cc.Sprite","node":{"__id__":47},"_materials":[{"__uuid__":"ecpdLyjvZBwrvm+cedCcQy"}],"_spriteFrame":{"__uuid__":"90Enwpb69KwIWVNFKzEjik"}}],"_prefab":{"__type__":"cc.PrefabInfo","root":{"__id__":1},"asset":{"__uuid__":"c4a/EHIWxHGLUpTfWqf0JQ"},"fileId":"37D04v3h9FJYt3/14SjlUQ"},"_contentSize":{"__type__":"cc.Size","width":36,"height":41},"_trs":{"__type__":"TypedArray","ctor":"Float64Array","array":[38.28,-30.024,0,0,0,0,1,1,1,1]},"_groupIndex":4,"groupIndex":4},{"__type__":"cc.Node","_name":"sign_ok","_parent":{"__id__":43},"_components":[{"__type__":"cc.Sprite","node":{"__id__":48},"_materials":[{"__uuid__":"ecpdLyjvZBwrvm+cedCcQy"}],"_spriteFrame":{"__uuid__":"3c2III4S1PZa/7rrMew/7p"}}],"_prefab":{"__type__":"cc.PrefabInfo","root":{"__id__":1},"asset":{"__uuid__":"c4a/EHIWxHGLUpTfWqf0JQ"},"fileId":"eakdHIZNhDh6ywRzllVU44"},"_contentSize":{"__type__":"cc.Size","width":89,"height":73},"_trs":{"__type__":"TypedArray","ctor":"Float64Array","array":[0,0,0,0,0,0,1,1,1,1]},"_groupIndex":4,"groupIndex":4},{"__type__":"cc.Node","_name":"sign_button","_parent":{"__id__":1},"_components":[{"__type__":"cc.Sprite","node":{"__id__":49},"_materials":[{"__uuid__":"ecpdLyjvZBwrvm+cedCcQy"}],"_spriteFrame":{"__uuid__":"11QbZkZsRECLHRUM1hqzqg"}}],"_prefab":{"__type__":"cc.PrefabInfo","root":{"__id__":1},"asset":{"__uuid__":"c4a/EHIWxHGLUpTfWqf0JQ"},"fileId":"c35SM6xAxAi5tWplsBZg8d"},"_contentSize":{"__type__":"cc.Size","width":288,"height":87},"_trs":{"__type__":"TypedArray","ctor":"Float64Array","array":[0,-152.873,0,0,0,0,1,1,1,1]},"_groupIndex":4,"groupIndex":4}],{"__type__":"cc.SpriteFrame","content":{"name":"sign_item_bg","texture":"1a4714687","rect":[3,161,117,91],"offset":[0.5,1],"originalSize":[130,103],"capInsets":[0,0,0,0]}},{"__type__":"cc.SpriteFrame","content":{"name":"close_new","texture":"1a6e86a82","rect":[1068,1575,119,107],"offset":[0,0],"originalSize":[119,107],"rotated":1,"capInsets":[0,0,0,0]}},{"__type__":"cc.SpriteFrame","content":{"name":"webpY7KXTA69","texture":"9cLSeVVTdJ2avRL19wvYZC","rect":[2,2,1685,566],"offset":[0,0],"originalSize":[1685,566],"capInsets":[0,0,0,0]}},{"__type__":"cc.SpriteFrame","content":{"name":"coin-7","texture":"1a4714687","rect":[205,151,100,30],"offset":[1,0],"originalSize":[106,38],"rotated":1,"capInsets":[0,0,0,0]}}]