[{"__type__":"cc.SpriteFrame","content":{"name":"图层 19","texture":"9cLSeVVTdJ2avRL19wvYZC","rect":[1856,780,90,87],"offset":[0,0],"originalSize":[90,87],"capInsets":[0,0,0,0]}},{"__type__":"cc.SpriteFrame","content":{"name":"10","texture":"9cLSeVVTdJ2avRL19wvYZC","rect":[1884,409,41,29],"offset":[0,0],"originalSize":[41,29],"capInsets":[0,0,0,0]}},{"__type__":"cc.SpriteFrame","content":{"name":"200","texture":"9cLSeVVTdJ2avRL19wvYZC","rect":[1971,2,67,29],"offset":[0,0],"originalSize":[67,29],"capInsets":[0,0,0,0]}},{"__type__":"cc.SpriteFrame","content":{"name":"图层 13","texture":"9cLSeVVTdJ2avRL19wvYZC","rect":[2,570,1639,496],"offset":[0,0],"originalSize":[1639,496],"capInsets":[0,0,0,0]}},{"__type__":"cc.SpriteFrame","content":{"name":"图层 16","texture":"9cLSeVVTdJ2avRL19wvYZC","rect":[1946,882,87,84],"offset":[0,0],"originalSize":[87,84],"capInsets":[0,0,0,0]}},{"__type__":"cc.SpriteFrame","content":{"name":"图层 28","texture":"9cLSeVVTdJ2avRL19wvYZC","rect":[1856,968,162,161],"offset":[0,0],"originalSize":[162,161],"capInsets":[0,0,0,0]}},{"__type__":"cc.SpriteFrame","content":{"name":"500","texture":"9cLSeVVTdJ2avRL19wvYZC","rect":[1971,68,65,29],"offset":[0,0],"originalSize":[65,29],"capInsets":[0,0,0,0]}},{"__type__":"cc.SpriteFrame","content":{"name":"领取蓝底","texture":"9cLSeVVTdJ2avRL19wvYZC","rect":[1915,588,50,50],"offset":[0,0],"originalSize":[50,50],"capInsets":[0,0,0,0]}},{"__type__":"cc.SpriteFrame","content":{"name":"已领取","texture":"9cLSeVVTdJ2avRL19wvYZC","rect":[1884,440,99,32],"offset":[0,0],"originalSize":[99,32],"rotated":1,"capInsets":[0,0,0,0]}},{"__type__":"cc.SpriteFrame","content":{"name":"150","texture":"9cLSeVVTdJ2avRL19wvYZC","rect":[1971,99,64,29],"offset":[0,0],"originalSize":[64,29],"capInsets":[0,0,0,0]}},{"__type__":"cc.SpriteFrame","content":{"name":"20","texture":"9cLSeVVTdJ2avRL19wvYZC","rect":[1918,500,44,29],"offset":[0,0],"originalSize":[44,29],"capInsets":[0,0,0,0]}},{"__type__":"cc.SpriteFrame","content":{"name":"图层 8","texture":"9cLSeVVTdJ2avRL19wvYZC","rect":[1689,546,499,165],"offset":[0,0],"originalSize":[499,165],"rotated":1,"capInsets":[0,0,0,0]}},{"__type__":"cc.SpriteFrame","content":{"name":"第二天","texture":"9cLSeVVTdJ2avRL19wvYZC","rect":[1969,264,101,61],"offset":[0,0],"originalSize":[101,61],"rotated":1,"capInsets":[0,0,0,0]}},{"__type__":"cc.SpriteFrame","content":{"name":"第七天","texture":"9cLSeVVTdJ2avRL19wvYZC","rect":[1969,470,101,61],"offset":[0,0],"originalSize":[101,61],"rotated":1,"capInsets":[0,0,0,0]}},{"__type__":"cc.SpriteFrame","content":{"name":"无限体力","texture":"9cLSeVVTdJ2avRL19wvYZC","rect":[1884,541,124,29],"offset":[0,0],"originalSize":[124,29],"rotated":1,"capInsets":[0,0,0,0]}},{"__type__":"cc.SpriteFrame","content":{"name":"第四天","texture":"9cLSeVVTdJ2avRL19wvYZC","rect":[1967,676,101,60],"offset":[0,0],"originalSize":[101,62],"rotated":1,"capInsets":[0,0,0,0]}},{"__type__":"cc.SpriteFrame","content":{"name":"100","texture":"9cLSeVVTdJ2avRL19wvYZC","rect":[1971,130,64,29],"offset":[0,0],"originalSize":[64,29],"capInsets":[0,0,0,0]}},{"__type__":"cc.SpriteFrame","content":{"name":"皮肤","texture":"9cLSeVVTdJ2avRL19wvYZC","rect":[1971,33,66,33],"offset":[0,0],"originalSize":[66,33],"capInsets":[0,0,0,0]}},{"__type__":"cc.SpriteFrame","content":{"name":"体力","texture":"9cLSeVVTdJ2avRL19wvYZC","rect":[1915,562,52,24],"offset":[0,0],"originalSize":[52,24],"capInsets":[0,0,0,0]}},{"__type__":"cc.SpriteFrame","content":{"name":"表情","texture":"9cLSeVVTdJ2avRL19wvYZC","rect":[1856,869,88,88],"offset":[0,0],"originalSize":[88,88],"capInsets":[0,0,0,0]}},{"__type__":"cc.SpriteFrame","content":{"name":"图层 22 副本","texture":"9cLSeVVTdJ2avRL19wvYZC","rect":[2,1511,462,148],"offset":[0,0],"originalSize":[462,148],"rotated":1,"capInsets":[0,0,0,0]}},{"__type__":"cc.SpriteFrame","content":{"name":"第五天","texture":"9cLSeVVTdJ2avRL19wvYZC","rect":[1967,779,101,60],"offset":[0,0],"originalSize":[101,62],"rotated":1,"capInsets":[0,0,0,0]}},{"__type__":"cc.SpriteFrame","content":{"name":"50x50","texture":"9cLSeVVTdJ2avRL19wvYZC","rect":[1915,640,50,50],"offset":[0,0],"originalSize":[50,50],"capInsets":[0,0,0,0]}},{"__type__":"cc.SpriteFrame","content":{"name":"第三天","texture":"9cLSeVVTdJ2avRL19wvYZC","rect":[1969,367,101,61],"offset":[0,0],"originalSize":[101,61],"rotated":1,"capInsets":[0,0,0,0]}},{"__type__":"cc.SpriteAtlas","_name":"sgin_plist.plist","_spriteFrames":{"5":{"__uuid__":"93gkvx3QlC7o1fZUX9wVHZ"},"10":{"__uuid__":"06gxoDCtVHhYArf8qWrxpZ"},"20":{"__uuid__":"3dtjkJAx9ISrTlgsz5JMrO"},"30":{"__uuid__":"aa0MZ/NABKYZd/R2U7L/tX"},"100":{"__uuid__":"5dtTbQzL1JAYyjEBuqThmt"},"150":{"__uuid__":"3a+9UUl7VBjJhBvwtTT3HJ"},"200":{"__uuid__":"08NKFjFRRNO6nrkfzdSrmj"},"500":{"__uuid__":"1dLlabUMlNcLDR+mXZqpD+"},"3(1)":{"__uuid__":"86D5zQzedEN5daZjSX7x+n"},"50x50":{"__uuid__":"75OXQw9hdHOqnWF3V7WPX5"},"X":{"__uuid__":"9anpdvYDVGWaG2EdD6b1pC"},"webpY7KXTA69":{"__uuid__":"e6PfgPbhlHqr9FPShXIOvw"},"体力":{"__uuid__":"694W9sku5Ik5MGgFhZPcT4"},"图层 13":{"__uuid__":"0bdwFln9pJnoFIAKMtKdjQ"},"图层 16":{"__uuid__":"0feQd3DlBNVKNdV2h8RU/i"},"图层 19":{"__uuid__":"03VPtHzU1F3q3zfSHeHysC"},"图层 22 副本":{"__uuid__":"6aFCGXS/5OOrZKI3xI+04a"},"图层 22":{"__uuid__":"acliRHUE9PmLC+uLba3Mfo"},"图层 28":{"__uuid__":"14mj+Y0AhHt5AvGnCl2qLJ"},"图层 29":{"__uuid__":"8cEqFPR+FKfb9vO6POtQ5U"},"图层 30":{"__uuid__":"denSjtBCNFqJHiukNG1c9H"},"图层 32":{"__uuid__":"8egSrg5cBB46ffzVm56dfl"},"图层 8":{"__uuid__":"434/3bSTNLQ5R8LQo0xRgT"},"已领取":{"__uuid__":"38b4c3C/BOKL1Pv6HP0EOs"},"无限体力":{"__uuid__":"59R9C5RpBMXrPc8Sk5HAwM"},"每日签-1到":{"__uuid__":"b8rPI/JqVHu6MBRX6UOQHF"},"皮肤":{"__uuid__":"5fLyaxlVlFU5j/G8Vtc2qB"},"第一天":{"__uuid__":"fdymPD4IdB36anAekkFmAR"},"第七天":{"__uuid__":"56/689uFFEP5d13y49JiFW"},"第三天":{"__uuid__":"77vRoV9UdBoLv9ZFmy71Fa"},"第二天":{"__uuid__":"471sVaHHdCO7DmIEU2dPv0"},"第五天":{"__uuid__":"74w3pvXFVEO7YqBwS0ISdV"},"第六天":{"__uuid__":"c6wJJCHg5A87246W5oJVs1"},"第四天":{"__uuid__":"5dPjV4SvFJLqKjA18U/u2D"},"表情":{"__uuid__":"6aBBL081VO6oD15pKWmvLC"},"选择框":{"__uuid__":"bfKyEWU2ND95XqwuGXdTNH"},"金币":{"__uuid__":"c64OkfqaRKn6r9l5kBTDo5"},"领取蓝底":{"__uuid__":"1d2PPEPb9MupqcgUS9d1nL"}}},{"__type__":"cc.SpriteFrame","content":{"name":"3(1)","texture":"9cLSeVVTdJ2avRL19wvYZC","rect":[1856,667,19,29],"offset":[0,0],"originalSize":[19,29],"rotated":1,"capInsets":[0,0,0,0]}},{"__type__":"cc.SpriteFrame","content":{"name":"图层 29","texture":"9cLSeVVTdJ2avRL19wvYZC","rect":[1689,176,172,278],"offset":[0,0],"originalSize":[172,280],"rotated":1,"capInsets":[0,0,0,0]}},{"__type__":"cc.SpriteFrame","content":{"name":"图层 32","texture":"9cLSeVVTdJ2avRL19wvYZC","rect":[1689,2,172,280],"offset":[0,0],"originalSize":[172,280],"rotated":1,"capInsets":[0,0,0,0]}},{"__type__":"cc.SpriteFrame","content":{"name":"5","texture":"9cLSeVVTdJ2avRL19wvYZC","rect":[2029,676,17,29],"offset":[0,0],"originalSize":[17,29],"capInsets":[0,0,0,0]}},{"__type__":"cc.SpriteFrame","content":{"name":"X","texture":"9cLSeVVTdJ2avRL19wvYZC","rect":[1856,692,109,86],"offset":[-1,1],"originalSize":[111,88],"capInsets":[0,0,0,0]}},{"__type__":"cc.SpriteFrame","content":{"name":"30","texture":"9cLSeVVTdJ2avRL19wvYZC","rect":[1918,531,43,29],"offset":[0,0],"originalSize":[43,29],"capInsets":[0,0,0,0]}},{"__type__":"cc.SpriteFrame","content":{"name":"图层 22","texture":"9cLSeVVTdJ2avRL19wvYZC","rect":[1643,1047,462,148],"offset":[0,0],"originalSize":[462,148],"rotated":1,"capInsets":[0,0,0,0]}},{"__type__":"cc.SpriteFrame","content":{"name":"每日签-1到","texture":"9cLSeVVTdJ2avRL19wvYZC","rect":[1689,350,237,57],"offset":[0,0],"originalSize":[237,57],"capInsets":[0,0,0,0]}},{"__type__":"cc.SpriteFrame","content":{"name":"选择框","texture":"9cLSeVVTdJ2avRL19wvYZC","rect":[1689,409,135,193],"offset":[0,0],"originalSize":[137,193],"rotated":1,"capInsets":[0,0,0,0]}},{"__type__":"cc.SpriteFrame","content":{"name":"第六天","texture":"9cLSeVVTdJ2avRL19wvYZC","rect":[1971,161,101,61],"offset":[0,0],"originalSize":[101,61],"rotated":1,"capInsets":[0,0,0,0]}},{"__type__":"cc.SpriteFrame","content":{"name":"金币","texture":"9cLSeVVTdJ2avRL19wvYZC","rect":[1856,546,54,26],"offset":[0,0],"originalSize":[54,26],"rotated":1,"capInsets":[0,0,0,0]}},{"__type__":"cc.SpriteFrame","content":{"name":"图层 30","texture":"9cLSeVVTdJ2avRL19wvYZC","rect":[1928,350,148,39],"offset":[0,0],"originalSize":[148,39],"rotated":1,"capInsets":[0,0,0,0]}},{"__type__":"cc.SpriteFrame","content":{"name":"webpY7KXTA69","texture":"9cLSeVVTdJ2avRL19wvYZC","rect":[2,2,1685,566],"offset":[0,0],"originalSize":[1685,566],"capInsets":[0,0,0,0]}},{"__type__":"cc.SpriteFrame","content":{"name":"第一天","texture":"9cLSeVVTdJ2avRL19wvYZC","rect":[1969,573,101,61],"offset":[0,0],"originalSize":[101,61],"rotated":1,"capInsets":[0,0,0,0]}}]