[1,["48+z3yhklGAodlvQLOtrQi@6c48a"],0,[["sp.SkeletonData",["_name","_atlasText","textureNames","_skeletonJson","textures"],-1,3]],[[0,0,1,2,3,4,5]],[[0,"Sound_H_Hat","\r\nSound_H_Hat.png\r\nsize: 1322, 434\r\nformat: RGBA8888\r\nfilter: Linear, Linear\r\nrepeat: none\r\n1\r\n  rotate: false\r\n  xy: 662, 171\r\n  size: 163, 261\r\n  orig: 163, 267\r\n  offset: 0, 6\r\n  index: -1\r\n10\r\n  rotate: true\r\n  xy: 799, 6\r\n  size: 163, 261\r\n  orig: 163, 267\r\n  offset: 0, 6\r\n  index: -1\r\n11\r\n  rotate: false\r\n  xy: 827, 171\r\n  size: 163, 261\r\n  orig: 163, 267\r\n  offset: 0, 6\r\n  index: -1\r\n12\r\n  rotate: false\r\n  xy: 2, 167\r\n  size: 163, 265\r\n  orig: 163, 271\r\n  offset: 0, 6\r\n  index: -1\r\n13\r\n  rotate: true\r\n  xy: 1062, 7\r\n  size: 163, 258\r\n  orig: 163, 267\r\n  offset: 0, 6\r\n  index: -1\r\n2\r\n  rotate: true\r\n  xy: 269, 2\r\n  size: 163, 264\r\n  orig: 163, 270\r\n  offset: 0, 6\r\n  index: -1\r\n3\r\n  rotate: true\r\n  xy: 2, 2\r\n  size: 163, 265\r\n  orig: 163, 267\r\n  offset: 0, 0\r\n  index: -1\r\n4\r\n  rotate: false\r\n  xy: 332, 170\r\n  size: 163, 262\r\n  orig: 163, 268\r\n  offset: 0, 6\r\n  index: -1\r\n5\r\n  rotate: false\r\n  xy: 992, 172\r\n  size: 163, 260\r\n  orig: 163, 267\r\n  offset: 0, 6\r\n  index: -1\r\n6\r\n  rotate: false\r\n  xy: 497, 170\r\n  size: 163, 262\r\n  orig: 163, 268\r\n  offset: 0, 6\r\n  index: -1\r\n7\r\n  rotate: true\r\n  xy: 535, 5\r\n  size: 163, 262\r\n  orig: 163, 268\r\n  offset: 0, 6\r\n  index: -1\r\n8\r\n  rotate: false\r\n  xy: 1157, 174\r\n  size: 163, 258\r\n  orig: 163, 267\r\n  offset: 0, 6\r\n  index: -1\r\n9\r\n  rotate: false\r\n  xy: 167, 167\r\n  size: 163, 265\r\n  orig: 163, 271\r\n  offset: 0, 6\r\n  index: -1\r\n",["Sound_H_Hat.png"],{"skeleton":{"hash":"nExQ/g+4Lc4","spine":"3.8-from-4.0-from-4.1-from-4.2.37","images":"C:\\Users\\006\\Desktop\\111","audio":"./audio"},"bones":[{"name":"root"},{"name":"bone","parent":"root","x":-0.23,"y":-19.48}],"slots":[{"name":"1","bone":"bone"},{"name":"2","bone":"bone"},{"name":"3","bone":"bone"},{"name":"4","bone":"bone"},{"name":"5","bone":"bone"},{"name":"6","bone":"bone"},{"name":"7","bone":"bone"},{"name":"8","bone":"bone","attachment":"8"},{"name":"9","bone":"bone"},{"name":"10","bone":"bone"},{"name":"11","bone":"bone"},{"name":"12","bone":"bone"},{"name":"13","bone":"bone"}],"skins":[{"name":"default","attachments":{"1":{"1":{"x":0.23,"y":147.08,"width":163,"height":267}},"2":{"2":{"x":0.23,"y":148.39,"width":163,"height":270}},"3":{"3":{"x":0.23,"y":147.08,"width":163,"height":267}},"4":{"4":{"x":0.23,"y":147.45,"width":163,"height":268}},"5":{"5":{"x":0.23,"y":147.08,"width":163,"height":267}},"6":{"6":{"x":0.23,"y":147.45,"width":163,"height":268}},"7":{"7":{"x":0.23,"y":147.27,"width":163,"height":268}},"8":{"8":{"x":0.23,"y":147.08,"width":163,"height":267}},"9":{"9":{"x":0.23,"y":148.95,"width":163,"height":271}},"10":{"10":{"x":0.23,"y":147.08,"width":163,"height":267}},"11":{"11":{"x":0.23,"y":147.08,"width":163,"height":267}},"12":{"12":{"x":0.23,"y":148.77,"width":163,"height":271}},"13":{"13":{"x":0.23,"y":147.08,"width":163,"height":267}}}}],"animations":{"Sound_1":{"slots":{"3":{"attachment":[{"time":5.4333,"name":"3"},{"time":5.5667,"name":null},{"time":5.7,"name":"3"},{"time":5.8333,"name":null},{"time":5.9333,"name":"3"},{"time":6.0667,"name":null},{"time":6.1667,"name":"3"},{"time":6.3,"name":null},{"time":6.4,"name":"3"},{"time":6.5333,"name":null},{"time":6.6333,"name":"3"},{"time":6.7667,"name":null}]},"6":{"attachment":[{"time":0.2667,"name":"6"},{"time":0.3667,"name":null},{"time":0.5,"name":"6"},{"time":0.6333,"name":null},{"time":0.7667,"name":"6"},{"time":0.8667,"name":null},{"time":1,"name":"6"},{"time":1.1333,"name":null},{"time":1.2667,"name":"6"},{"time":1.3667,"name":null},{"time":1.5,"name":"6"},{"time":1.6333,"name":null},{"time":1.7667,"name":"6"},{"time":1.8667,"name":null},{"time":2,"name":"6"},{"time":2.1333,"name":null},{"time":2.2667,"name":"6"},{"time":2.4,"name":null},{"time":2.5,"name":"6"},{"time":2.6333,"name":null},{"time":2.7667,"name":"6"},{"time":2.9,"name":null},{"time":3,"name":"6"},{"time":3.1333,"name":null},{"time":3.5333,"name":"6"},{"time":3.6667,"name":null},{"time":3.7667,"name":"6"},{"time":3.9,"name":null},{"time":4.0333,"name":"6"},{"time":4.1667,"name":null},{"time":4.3,"name":"6"},{"time":4.4333,"name":null},{"time":4.5667,"name":"6"},{"time":4.7,"name":null},{"time":4.8333,"name":"6"},{"time":4.9667,"name":null}]},"7":{"attachment":[{"time":0.1333,"name":"7"},{"time":0.2667,"name":null},{"time":0.3667,"name":"7"},{"time":0.5,"name":null},{"time":0.6333,"name":"7"},{"time":0.7667,"name":null},{"time":0.8667,"name":"7"},{"time":1,"name":null},{"time":1.1333,"name":"7"},{"time":1.2667,"name":null},{"time":1.3667,"name":"7"},{"time":1.5,"name":null},{"time":1.6333,"name":"7"},{"time":1.7667,"name":null},{"time":1.8667,"name":"7"},{"time":2,"name":null},{"time":2.1333,"name":"7"},{"time":2.2667,"name":null},{"time":2.4,"name":"7"},{"time":2.5,"name":null},{"time":2.6333,"name":"7"},{"time":2.7667,"name":null},{"time":2.9,"name":"7"},{"time":3,"name":null},{"time":3.1333,"name":"7"},{"time":3.2667,"name":null},{"time":3.4,"name":"7"},{"time":3.5333,"name":null},{"time":3.6667,"name":"7"},{"time":3.7667,"name":null},{"time":3.9,"name":"7"},{"time":4.0333,"name":null},{"time":4.1667,"name":"7"},{"time":4.3,"name":null},{"time":4.4333,"name":"7"},{"time":4.5667,"name":null},{"time":4.7,"name":"7"},{"time":4.8333,"name":null},{"time":4.9667,"name":"7"},{"time":5.0667,"name":null},{"time":5.2,"name":"7"},{"time":5.3333,"name":null}]},"8":{"attachment":[{"time":0.1333,"name":null}]},"12":{"attachment":[{"time":3.2667,"name":"12"},{"time":3.4,"name":null},{"time":5.0667,"name":"12"},{"time":5.2,"name":null}]},"13":{"attachment":[{"time":5.3333,"name":"13"},{"time":5.4333,"name":null},{"time":5.5667,"name":"13"},{"time":5.7,"name":null},{"time":5.8333,"name":"13"},{"time":5.9333,"name":null},{"time":6.0667,"name":"13"},{"time":6.1667,"name":null},{"time":6.3,"name":"13"},{"time":6.4,"name":null},{"time":6.5333,"name":"13"},{"time":6.6333,"name":null},{"time":6.7667,"name":"13"}]}}},"Sound_2":{"slots":{"2":{"attachment":[{"time":0.3,"name":"2"},{"time":0.4,"name":null},{"time":0.5,"name":"2"},{"time":0.6,"name":null},{"time":0.7,"name":"2"},{"time":0.8,"name":null},{"time":0.9,"name":"2"},{"time":1,"name":null},{"time":1.1,"name":"2"},{"time":1.2,"name":null},{"time":1.3,"name":"2"},{"time":1.4,"name":null},{"time":1.5,"name":"2"},{"time":1.6,"name":null},{"time":1.7,"name":"2"},{"time":1.8,"name":null},{"time":1.9,"name":"2"},{"time":2,"name":null},{"time":2.1,"name":"2"},{"time":2.2,"name":null},{"time":2.3,"name":"2"},{"time":2.4,"name":null},{"time":2.6,"name":"2"},{"time":2.7,"name":null},{"time":2.8,"name":"2"},{"time":2.9,"name":null},{"time":3,"name":"2"},{"time":3.1,"name":null},{"time":3.2,"name":"2"},{"time":3.3,"name":null},{"time":5.8,"name":"2"},{"time":5.9,"name":null},{"time":6,"name":"2"},{"time":6.1,"name":null},{"time":6.2,"name":"2"},{"time":6.3,"name":null},{"time":6.4,"name":"2"},{"time":6.5,"name":null},{"time":6.6,"name":"2"},{"time":6.7,"name":null},{"time":6.8,"name":"2"},{"time":6.9,"name":null}]},"3":{"attachment":[{"time":3.6333,"name":"3"},{"time":3.7667,"name":null},{"time":3.9,"name":"3"},{"time":4.0333,"name":null},{"time":4.1667,"name":"3"},{"time":4.3,"name":null},{"time":4.5667,"name":"3"},{"time":4.7,"name":null},{"time":4.9667,"name":"3"},{"time":5.1,"name":null},{"time":5.3667,"name":"3"},{"time":5.5,"name":null}]},"8":{"attachment":[{"name":null},{"time":6.9,"name":"8"}]},"10":{"attachment":[{"time":0.1,"name":"10"},{"time":0.2,"name":null},{"time":3.4,"name":"10"},{"time":3.5,"name":null},{"time":5.6,"name":"10"},{"time":5.7,"name":null}]},"12":{"attachment":[{"time":0.2,"name":"12"},{"time":0.3,"name":null},{"time":0.4,"name":"12"},{"time":0.5,"name":null},{"time":0.6,"name":"12"},{"time":0.7,"name":null},{"time":0.8,"name":"12"},{"time":0.9,"name":null},{"time":1,"name":"12"},{"time":1.1,"name":null},{"time":1.2,"name":"12"},{"time":1.3,"name":null},{"time":1.4,"name":"12"},{"time":1.5,"name":null},{"time":1.6,"name":"12"},{"time":1.7,"name":null},{"time":1.8,"name":"12"},{"time":1.9,"name":null},{"time":2,"name":"12"},{"time":2.1,"name":null},{"time":2.2,"name":"12"},{"time":2.3,"name":null},{"time":2.4,"name":"12"},{"time":2.6,"name":null},{"time":2.7,"name":"12"},{"time":2.8,"name":null},{"time":2.9,"name":"12"},{"time":3,"name":null},{"time":3.1,"name":"12"},{"time":3.2,"name":null},{"time":3.3,"name":"12"},{"time":3.4,"name":null},{"time":5.7,"name":"12"},{"time":5.8,"name":null},{"time":5.9,"name":"12"},{"time":6,"name":null},{"time":6.1,"name":"12"},{"time":6.2,"name":null},{"time":6.3,"name":"12"},{"time":6.4,"name":null},{"time":6.5,"name":"12"},{"time":6.6,"name":null},{"time":6.7,"name":"12"},{"time":6.8,"name":null}]},"13":{"attachment":[{"name":"13"},{"time":0.1,"name":null},{"time":3.5,"name":"13"},{"time":3.6333,"name":null},{"time":3.7667,"name":"13"},{"time":3.9,"name":null},{"time":4.0333,"name":"13"},{"time":4.1667,"name":null},{"time":4.3,"name":"13"},{"time":4.5667,"name":null},{"time":4.7,"name":"13"},{"time":4.9667,"name":null},{"time":5.1,"name":"13"},{"time":5.3667,"name":null},{"time":5.5,"name":"13"},{"time":5.6,"name":null}]}}}}},[0]]],0,0,[0],[-1],[0]]
