[{"__type__":"cc.SpriteFrame","content":{"name":"Push_Scifi_1","texture":"1ad92557e","rect":[402,827,106,35],"offset":[0,-0.5],"originalSize":[128,36],"capInsets":[0,0,0,0]}},{"__type__":"cc.SpriteFrame","content":{"name":"Push_Scifi_4","texture":"175b632e3","rect":[827,863,106,27],"offset":[0,-4.5],"originalSize":[128,36],"capInsets":[0,0,0,0]}},{"__type__":"cc.AnimationClip","_name":"push_anim1","_duration":0.5,"sample":10,"curveData":{"comps":{"cc.Sprite":{"spriteFrame":[{"frame":0,"value":{"__uuid__":"0bWv0CyedP2KHSSDpnztRi"}},{"frame":0.1,"value":{"__uuid__":"599W7kI0JJ+6RZJ7Z2n2Vj"}},{"frame":0.2,"value":{"__uuid__":"d9BvOZSkZOfbOYmUk663bD"}},{"frame":0.3,"value":{"__uuid__":"421+RXa0JP0bY/J4jSiYKC"}},{"frame":0.4,"value":{"__uuid__":"beUjbbo2ZBxob3eTL1QLX0"}}]}}}},{"__type__":"cc.SpriteFrame","content":{"name":"Push_Scifi_2","texture":"1ad92557e","rect":[514,827,106,33],"offset":[0,-1.5],"originalSize":[128,36],"capInsets":[0,0,0,0]}},{"__type__":"cc.AnimationClip","_name":"push_anim2","_duration":0.5,"sample":10,"curveData":{"comps":{"cc.Sprite":{"spriteFrame":[{"frame":0,"value":{"__uuid__":"beUjbbo2ZBxob3eTL1QLX0"}},{"frame":0.1,"value":{"__uuid__":"421+RXa0JP0bY/J4jSiYKC"}},{"frame":0.2,"value":{"__uuid__":"d9BvOZSkZOfbOYmUk663bD"}},{"frame":0.3,"value":{"__uuid__":"599W7kI0JJ+6RZJ7Z2n2Vj"}},{"frame":0.4,"value":{"__uuid__":"0bWv0CyedP2KHSSDpnztRi"}}]}}}},{"__type__":"cc.SpriteFrame","content":{"name":"Push_Scifi_5","texture":"1ad92557e","rect":[527,210,106,25],"offset":[0,-5.5],"originalSize":[128,36],"capInsets":[0,0,0,0]}},{"__type__":"cc.SpriteFrame","content":{"name":"Push_Scifi_3","texture":"1ad92557e","rect":[626,827,106,30],"offset":[0,-3],"originalSize":[128,36],"capInsets":[0,0,0,0]}}]