[1,["10WbrwZeNKAJYAa3VnnE8N@6c48a"],0,[["sp.SkeletonData",["_name","_atlasText","textureNames","_skeletonJson","textures"],-1,3]],[[0,0,1,2,3,4,5]],[[0,"Sound_R_Orange","\r\nSound_R_Orange.png\r\nsize: 1377, 275\r\nformat: RGBA8888\r\nfilter: Linear, Linear\r\nrepeat: none\r\n1\r\n  rotate: false\r\n  xy: 215, 2\r\n  size: 191, 271\r\n  orig: 191, 271\r\n  offset: 0, 0\r\n  index: -1\r\n2\r\n  rotate: false\r\n  xy: 798, 7\r\n  size: 191, 266\r\n  orig: 191, 266\r\n  offset: 0, 0\r\n  index: -1\r\n3\r\n  rotate: false\r\n  xy: 991, 7\r\n  size: 191, 266\r\n  orig: 191, 266\r\n  offset: 0, 0\r\n  index: -1\r\n4\r\n  rotate: false\r\n  xy: 2, 21\r\n  size: 211, 252\r\n  orig: 211, 252\r\n  offset: 0, 0\r\n  index: -1\r\n5\r\n  rotate: false\r\n  xy: 599, 14\r\n  size: 197, 259\r\n  orig: 197, 259\r\n  offset: 0, 0\r\n  index: -1\r\n6\r\n  rotate: false\r\n  xy: 408, 3\r\n  size: 189, 270\r\n  orig: 189, 270\r\n  offset: 0, 0\r\n  index: -1\r\n7\r\n  rotate: false\r\n  xy: 1184, 7\r\n  size: 191, 266\r\n  orig: 191, 266\r\n  offset: 0, 0\r\n  index: -1\r\n",["Sound_R_Orange.png"],{"skeleton":{"hash":"fGEm8h9BoZM","spine":"3.8-from-4.0-from-4.1-from-4.2.37","x":-95.5,"y":-1.06,"width":191,"height":271,"images":"C:\\Users\\006\\Desktop\\111","audio":"./audio"},"bones":[{"name":"root"},{"name":"bone","parent":"root","x":-0.5,"y":-30.5}],"slots":[{"name":"1","bone":"bone","attachment":"1"},{"name":"2","bone":"bone"},{"name":"3","bone":"bone"},{"name":"4","bone":"bone"},{"name":"5","bone":"bone"},{"name":"6","bone":"bone"},{"name":"7","bone":"bone"}],"skins":[{"name":"default","attachments":{"1":{"1":{"x":0.5,"y":164.94,"width":191,"height":271}},"2":{"2":{"x":0.01,"y":162.59,"width":191,"height":266}},"3":{"3":{"x":0.75,"y":162.55,"width":191,"height":266}},"4":{"4":{"x":0.5,"y":155.51,"width":211,"height":252}},"5":{"5":{"x":3.71,"y":158.76,"width":197,"height":259}},"6":{"6":{"x":2.23,"y":163.94,"width":189,"height":270}},"7":{"7":{"x":-0.49,"y":161.89,"width":191,"height":266}}}}],"animations":{"Sound_1":{"slots":{"1":{"attachment":[{"time":0.1,"name":null},{"time":0.7333,"name":"1"},{"time":0.8,"name":null},{"time":1.4333,"name":"1"},{"time":1.5333,"name":null},{"time":2.1667,"name":"1"},{"time":2.2333,"name":null},{"time":2.8667,"name":"1"},{"time":2.9667,"name":null},{"time":3.5333,"name":"1"},{"time":3.6333,"name":null},{"time":4.2333,"name":"1"},{"time":4.3333,"name":null}]},"2":{"attachment":[{"time":0.4333,"name":"2"},{"time":0.5333,"name":null},{"time":1.1667,"name":"2"},{"time":1.2667,"name":null},{"time":1.9,"name":"2"},{"time":1.9667,"name":null},{"time":2.6,"name":"2"},{"time":2.7,"name":null},{"time":3.3333,"name":"2"},{"time":3.4,"name":null},{"time":3.9667,"name":"2"},{"time":4.0667,"name":null},{"time":4.7,"name":"2"},{"time":4.8,"name":null}]},"3":{"attachment":[{"time":0.5333,"name":"3"},{"time":0.8,"name":null},{"time":1.2667,"name":"3"},{"time":1.5333,"name":null},{"time":1.9667,"name":"3"},{"time":2.2333,"name":null},{"time":2.7,"name":"3"},{"time":2.9667,"name":null},{"time":3.4,"name":"3"},{"time":3.6333,"name":null},{"time":4.0667,"name":"3"},{"time":4.3333,"name":null},{"time":4.8,"name":"3"}]},"4":{"attachment":[{"time":0.1,"name":"4"},{"time":0.1667,"name":null},{"time":0.8,"name":"4"},{"time":0.9,"name":null},{"time":1.5333,"name":"4"},{"time":1.6,"name":null},{"time":2.2333,"name":"4"},{"time":2.3333,"name":null},{"time":2.9667,"name":"4"},{"time":3.0667,"name":null},{"time":3.6333,"name":"4"},{"time":3.7,"name":null},{"time":4.3333,"name":"4"},{"time":4.4333,"name":null}]},"5":{"attachment":[{"time":0.1667,"name":"5"},{"time":0.2667,"name":null},{"time":0.9,"name":"5"},{"time":1,"name":null},{"time":1.6,"name":"5"},{"time":1.7,"name":null},{"time":2.3333,"name":"5"},{"time":2.4333,"name":null},{"time":3.0667,"name":"5"},{"time":3.1333,"name":null},{"time":3.7,"name":"5"},{"time":3.8,"name":null},{"time":4.4333,"name":"5"},{"time":4.5333,"name":null}]},"6":{"attachment":[{"time":0.2667,"name":"6"},{"time":0.3667,"name":null},{"time":1,"name":"6"},{"time":1.0667,"name":null},{"time":1.7,"name":"6"},{"time":1.8,"name":null},{"time":2.4333,"name":"6"},{"time":2.5,"name":null},{"time":3.1333,"name":"6"},{"time":3.2333,"name":null},{"time":3.8,"name":"6"},{"time":3.9,"name":null},{"time":4.5333,"name":"6"},{"time":4.6,"name":null}]},"7":{"attachment":[{"time":0.3667,"name":"7"},{"time":0.4333,"name":null},{"time":1.0667,"name":"7"},{"time":1.1667,"name":null},{"time":1.8,"name":"7"},{"time":1.9,"name":null},{"time":2.5,"name":"7"},{"time":2.6,"name":null},{"time":3.2333,"name":"7"},{"time":3.3333,"name":null},{"time":3.9,"name":"7"},{"time":3.9667,"name":null},{"time":4.6,"name":"7"},{"time":4.7,"name":null}]}}},"Sound_2":{"slots":{"1":{"attachment":[{"time":0.1,"name":null},{"time":0.7333,"name":"1"},{"time":0.8,"name":null},{"time":1.4333,"name":"1"},{"time":1.5333,"name":null},{"time":2.1667,"name":"1"},{"time":2.2333,"name":null},{"time":2.8667,"name":"1"},{"time":2.9667,"name":null},{"time":3.5333,"name":"1"},{"time":3.6333,"name":null},{"time":4.2333,"name":"1"},{"time":4.3333,"name":null},{"time":4.8,"name":"1"}]},"2":{"attachment":[{"time":0.4333,"name":"2"},{"time":0.5333,"name":null},{"time":1.1667,"name":"2"},{"time":1.2667,"name":null},{"time":1.9,"name":"2"},{"time":1.9667,"name":null},{"time":2.6,"name":"2"},{"time":2.7,"name":null},{"time":3.3333,"name":"2"},{"time":3.4,"name":null},{"time":3.9667,"name":"2"},{"time":4.0667,"name":null},{"time":4.7,"name":"2"},{"time":4.8,"name":null}]},"3":{"attachment":[{"time":0.5333,"name":"3"},{"time":0.7333,"name":null},{"time":1.2667,"name":"3"},{"time":1.4333,"name":null},{"time":1.9667,"name":"3"},{"time":2.1667,"name":null},{"time":2.7,"name":"3"},{"time":2.8667,"name":null},{"time":3.4,"name":"3"},{"time":3.5333,"name":null},{"time":4.0667,"name":"3"},{"time":4.2333,"name":null}]},"4":{"attachment":[{"time":0.1,"name":"4"},{"time":0.1667,"name":null},{"time":0.8,"name":"4"},{"time":0.9,"name":null},{"time":1.5333,"name":"4"},{"time":1.6,"name":null},{"time":2.2333,"name":"4"},{"time":2.3333,"name":null},{"time":2.9667,"name":"4"},{"time":3.0667,"name":null},{"time":3.6333,"name":"4"},{"time":3.7,"name":null},{"time":4.3333,"name":"4"},{"time":4.4333,"name":null}]},"5":{"attachment":[{"time":0.1667,"name":"5"},{"time":0.2667,"name":null},{"time":0.9,"name":"5"},{"time":1,"name":null},{"time":1.6,"name":"5"},{"time":1.7,"name":null},{"time":2.3333,"name":"5"},{"time":2.4333,"name":null},{"time":3.0667,"name":"5"},{"time":3.1333,"name":null},{"time":3.7,"name":"5"},{"time":3.8,"name":null},{"time":4.4333,"name":"5"},{"time":4.5333,"name":null}]},"6":{"attachment":[{"time":0.2667,"name":"6"},{"time":0.3667,"name":null},{"time":1,"name":"6"},{"time":1.0667,"name":null},{"time":1.7,"name":"6"},{"time":1.8,"name":null},{"time":2.4333,"name":"6"},{"time":2.5,"name":null},{"time":3.1333,"name":"6"},{"time":3.2333,"name":null},{"time":3.8,"name":"6"},{"time":3.9,"name":null},{"time":4.5333,"name":"6"},{"time":4.6,"name":null}]},"7":{"attachment":[{"time":0.3667,"name":"7"},{"time":0.4333,"name":null},{"time":1.0667,"name":"7"},{"time":1.1667,"name":null},{"time":1.8,"name":"7"},{"time":1.9,"name":null},{"time":2.5,"name":"7"},{"time":2.6,"name":null},{"time":3.2333,"name":"7"},{"time":3.3333,"name":null},{"time":3.9,"name":"7"},{"time":3.9667,"name":null},{"time":4.6,"name":"7"},{"time":4.7,"name":null}]}}}}},[0]]],0,0,[0],[-1],[0]]
