[{"__type__":"cc.SpriteFrame","content":{"name":"免费获取","texture":"8a0UtWPTdL+Yv6OaQUnky0","rect":[291,491,97,23],"offset":[0,0],"originalSize":[97,23],"rotated":1,"capInsets":[0,0,0,0]}},{"__type__":"cc.SpriteFrame","content":{"name":"哆啦A梦球球","texture":"8a0UtWPTdL+Yv6OaQUnky0","rect":[326,169,167,61],"offset":[0,0],"originalSize":[167,61],"capInsets":[0,0,0,0]}},{"__type__":"cc.SpriteFrame","content":{"name":"超人球球","texture":"8a0UtWPTdL+Yv6OaQUnky0","rect":[2,614,123,60],"offset":[0,0],"originalSize":[123,60],"capInsets":[0,0,0,0]}},{"__type__":"cc.SpriteFrame","content":{"name":"签到获取","texture":"8a0UtWPTdL+Yv6OaQUnky0","rect":[476,546,117,28],"offset":[0,0],"originalSize":[117,28],"rotated":1,"capInsets":[0,0,0,0]}},{"__type__":"cc.SpriteFrame","content":{"name":"IdleFrame3","texture":"8a0UtWPTdL+Yv6OaQUnky0","rect":[316,710,104,104],"offset":[0,0],"originalSize":[104,104],"capInsets":[0,0,0,0]}},{"__type__":"cc.SpriteFrame","content":{"name":"使用","texture":"8a0UtWPTdL+Yv6OaQUnky0","rect":[2,400,287,148],"offset":[0,0],"originalSize":[287,148],"capInsets":[0,0,0,0]}},{"__type__":"cc.SpriteFrame","content":{"name":"蝙蝠侠球球","texture":"8a0UtWPTdL+Yv6OaQUnky0","rect":[2,550,142,62],"offset":[0,0],"originalSize":[142,62],"capInsets":[0,0,0,0]}},{"__type__":"cc.SpriteFrame","content":{"name":"已解锁","texture":"8a0UtWPTdL+Yv6OaQUnky0","rect":[291,400,89,28],"offset":[0,0],"originalSize":[89,28],"rotated":1,"capInsets":[0,0,0,0]}},{"__type__":"cc.SpriteFrame","content":{"name":"图层 8","texture":"8a0UtWPTdL+Yv6OaQUnky0","rect":[2,2,499,165],"offset":[0,0],"originalSize":[499,165],"capInsets":[0,0,0,0]}},{"__type__":"cc.SpriteFrame","content":{"name":"孙悟空球球","texture":"8a0UtWPTdL+Yv6OaQUnky0","rect":[146,550,142,62],"offset":[0,0],"originalSize":[142,62],"capInsets":[0,0,0,0]}},{"__type__":"cc.SpriteFrame","content":{"name":"获取","texture":"8a0UtWPTdL+Yv6OaQUnky0","rect":[326,295,287,148],"offset":[0,0],"originalSize":[287,148],"rotated":1,"capInsets":[0,0,0,0]}},{"__type__":"cc.SpriteFrame","content":{"name":"美国队长球球","texture":"8a0UtWPTdL+Yv6OaQUnky0","rect":[326,232,161,61],"offset":[0,0],"originalSize":[161,61],"capInsets":[0,0,0,0]}},{"__type__":"cc.SpriteFrame","content":{"name":"小丑球球","texture":"8a0UtWPTdL+Yv6OaQUnky0","rect":[316,648,121,60],"offset":[0,0],"originalSize":[121,60],"capInsets":[0,0,0,0]}},{"__type__":"cc.SpriteFrame","content":{"name":"100","texture":"8a0UtWPTdL+Yv6OaQUnky0","rect":[476,456,64,29],"offset":[0,0],"originalSize":[64,29],"rotated":1,"capInsets":[0,0,0,0]}},{"__type__":"cc.SpriteFrame","content":{"name":"足球球球","texture":"8a0UtWPTdL+Yv6OaQUnky0","rect":[2,739,121,60],"offset":[0,0],"originalSize":[121,60],"capInsets":[0,0,0,0]}},{"__type__":"cc.SpriteFrame","content":{"name":"图层 14","texture":"8a0UtWPTdL+Yv6OaQUnky0","rect":[476,522,29,22],"offset":[0,0],"originalSize":[29,22],"capInsets":[0,0,0,0]}},{"__type__":"cc.SpriteFrame","content":{"name":"webp5IFR08EK","texture":"8a0UtWPTdL+Yv6OaQUnky0","rect":[251,614,63,105],"offset":[0,0],"originalSize":[63,105],"capInsets":[0,0,0,0]}},{"__type__":"cc.SpriteFrame","content":{"name":"小偷球球","texture":"8a0UtWPTdL+Yv6OaQUnky0","rect":[125,677,121,61],"offset":[0,0],"originalSize":[121,61],"capInsets":[0,0,0,0]}},{"__type__":"cc.SpriteFrame","content":{"name":"皮肤","texture":"8a0UtWPTdL+Yv6OaQUnky0","rect":[439,665,116,56],"offset":[0,0],"originalSize":[116,56],"rotated":1,"capInsets":[0,0,0,0]}},{"__type__":"cc.SpriteFrame","content":{"name":"使用中","texture":"8a0UtWPTdL+Yv6OaQUnky0","rect":[476,295,90,30],"offset":[0,0],"originalSize":[90,30],"rotated":1,"capInsets":[0,0,0,0]}},{"__type__":"cc.SpriteFrame","content":{"name":"图层 27","texture":"8a0UtWPTdL+Yv6OaQUnky0","rect":[2,169,229,322],"offset":[0,0],"originalSize":[229,322],"rotated":1,"capInsets":[0,0,0,0]}},{"__type__":"cc.SpriteFrame","content":{"name":"钢铁侠球球","texture":"8a0UtWPTdL+Yv6OaQUnky0","rect":[316,584,142,62],"offset":[0,0],"originalSize":[142,62],"capInsets":[0,0,0,0]}},{"__type__":"cc.SpriteAtlas","_name":"skin_plist.plist","_spriteFrames":{"100":{"__uuid__":"8eumC6cJ1Fd7CdND9bOlii"},"800":{"__uuid__":"ffXqliKMdHmb1vjKTCYgyL"},"IdleFrame3":{"__uuid__":"2faj6UnVpITqe96EmwtaKv"},"webp5IFR08EK":{"__uuid__":"b6Neu7M6pMZr34l2pgUKBh"},"使用":{"__uuid__":"30g1XIbHZDD7me4s76EI3N"},"使用中":{"__uuid__":"d3FMHEyx5CdoLAHMfV8NHL"},"免费获取":{"__uuid__":"02raexyvVDOZRGW+VtagnS"},"初始球球":{"__uuid__":"ffHRpMqHNAH6KesGcKzL9F"},"哆啦A梦球球":{"__uuid__":"04QLMnB/9Ja5J95KcB6AuN"},"图层 14":{"__uuid__":"b3n7YC4VhPKqu9k5LR1/Wi"},"图层 27":{"__uuid__":"dcJBVN5S1Hf6Dqh1kRA7fF"},"图层 8":{"__uuid__":"5a3wxt7nhMJq8GdtllU/oP"},"孙悟空球球":{"__uuid__":"5c6K2+8mpKzIdmlMh5rppL"},"小丑球球":{"__uuid__":"7e/c97sVdJE5swqfUYcprF"},"小偷球球":{"__uuid__":"c3KJ2yy+tFmJCGNB+vRKf+"},"小狗球球":{"__uuid__":"f4TJlGCO9HX5gTMMN3rGYS"},"已解锁":{"__uuid__":"52IDWBcVNAC6U9ngDYtSkf"},"皮肤":{"__uuid__":"c83UvA2UdCIb/yKZA/3v/X"},"签到获取":{"__uuid__":"10LeE7RnlKmY0P3p5V0KAG"},"美国队长球球":{"__uuid__":"7bIEVMiwFFc5Nsmg9VhTp0"},"获取":{"__uuid__":"75sIpN+AJPQpvesXtHLUl0"},"蝙蝠侠球球":{"__uuid__":"42b/UNyr5N8a+J62OhlY5V"},"超人球球":{"__uuid__":"05Iv0H4VRAeYZxwbAKGJAh"},"足球球球":{"__uuid__":"a3damIRGpLRKu6V0y0iNab"},"钢铁侠球球":{"__uuid__":"dcytJhgiRBeKtqqo608JfX"}}},{"__type__":"cc.SpriteFrame","content":{"name":"小狗球球","texture":"8a0UtWPTdL+Yv6OaQUnky0","rect":[2,676,121,61],"offset":[0,0],"originalSize":[121,61],"capInsets":[0,0,0,0]}},{"__type__":"cc.SpriteFrame","content":{"name":"初始球球","texture":"8a0UtWPTdL+Yv6OaQUnky0","rect":[127,614,122,61],"offset":[0,0],"originalSize":[122,61],"capInsets":[0,0,0,0]}},{"__type__":"cc.SpriteFrame","content":{"name":"800","texture":"8a0UtWPTdL+Yv6OaQUnky0","rect":[476,387,67,29],"offset":[0,0],"originalSize":[67,29],"rotated":1,"capInsets":[0,0,0,0]}}]