[{"__type__":"cc.SpriteFrame","content":{"name":"宝箱 拷贝","texture":"7dSXFgqK5GDrEvhcuoikN1","rect":[593,579,355,338],"offset":[0,0],"originalSize":[355,338],"rotated":1,"capInsets":[0,0,0,0]}},{"__type__":"cc.SpriteFrame","content":{"name":"神秘大礼","texture":"7dSXFgqK5GDrEvhcuoikN1","rect":[3,449,508,244],"offset":[0,0],"originalSize":[508,244],"rotated":1,"capInsets":[0,0,0,0]}},{"__type__":"cc.SpriteFrame","content":{"name":"宝箱","texture":"7dSXFgqK5GDrEvhcuoikN1","rect":[251,449,355,338],"offset":[0,0],"originalSize":[355,338],"rotated":1,"capInsets":[0,0,0,0]}},{"__type__":"cc.SpriteFrame","content":{"name":"开启宝箱，获得神秘奖励！","texture":"7dSXFgqK5GDrEvhcuoikN1","rect":[3,961,597,58],"offset":[0,0],"originalSize":[597,58],"capInsets":[0,0,0,0]}},{"__type__":"cc.SpriteAtlas","_name":"box_plist.plist","_spriteFrames":{"叠加":{"__uuid__":"ec68GdjX9AwZMhb8Kwd9Pj"},"宝箱 拷贝":{"__uuid__":"160T1lcV5Eaa9mVO4if1Q7"},"宝箱":{"__uuid__":"823gTGBOpFeLMMhNRG59zv"},"开启宝箱，获得神秘奖励！":{"__uuid__":"c8CHs4ByBLFYysjNK4RwdW"},"狂点开启":{"__uuid__":"e9fLoI8CpJDK4kWD5zJPUE"},"神秘大礼":{"__uuid__":"4bFLNI1ipJ4b6Yj6dQ6JQx"}}},{"__type__":"cc.SpriteFrame","content":{"name":"狂点开启","texture":"7dSXFgqK5GDrEvhcuoikN1","rect":[604,449,393,126],"offset":[0,0],"originalSize":[393,126],"capInsets":[0,0,0,0]}},{"__type__":"cc.SpriteFrame","content":{"name":"叠加","texture":"7dSXFgqK5GDrEvhcuoikN1","rect":[3,3,814,442],"offset":[0,0],"originalSize":[814,442],"capInsets":[0,0,0,0]}}]