[1,["5bg3vOSflBaozB61esy2Vg@6c48a"],0,[["sp.SkeletonData",["_name","_atlasText","textureNames","_skeletonJson","textures"],-1,3]],[[0,0,1,2,3,4,5]],[[0,"Sound_R_Sun","\r\nSound_R_Sun.png\r\nsize: 1339, 247\r\nformat: RGBA8888\r\nfilter: Linear, Linear\r\nrepeat: none\r\n1\r\n  rotate: false\r\n  xy: 580, 5\r\n  size: 189, 240\r\n  orig: 189, 240\r\n  offset: 0, 0\r\n  index: -1\r\n2\r\n  rotate: false\r\n  xy: 771, 5\r\n  size: 189, 240\r\n  orig: 189, 240\r\n  offset: 0, 0\r\n  index: -1\r\n3\r\n  rotate: false\r\n  xy: 2, 2\r\n  size: 191, 243\r\n  orig: 191, 243\r\n  offset: 0, 0\r\n  index: -1\r\n4\r\n  rotate: false\r\n  xy: 388, 3\r\n  size: 190, 242\r\n  orig: 190, 242\r\n  offset: 0, 0\r\n  index: -1\r\n5\r\n  rotate: false\r\n  xy: 195, 2\r\n  size: 191, 243\r\n  orig: 191, 243\r\n  offset: 0, 0\r\n  index: -1\r\n6\r\n  rotate: false\r\n  xy: 1152, 9\r\n  size: 185, 236\r\n  orig: 185, 236\r\n  offset: 0, 0\r\n  index: -1\r\n7\r\n  rotate: false\r\n  xy: 962, 5\r\n  size: 188, 240\r\n  orig: 188, 240\r\n  offset: 0, 0\r\n  index: -1\r\n",["Sound_R_Sun.png"],{"skeleton":{"hash":"/gGeHGLrTHk","spine":"3.8-from-4.0-from-4.1-from-4.2.37","x":-92.56,"y":-0.6,"width":191,"height":243,"images":"C:\\Users\\006\\Desktop\\111","audio":"./audio"},"bones":[{"name":"root"}],"slots":[{"name":"1","bone":"root"},{"name":"2","bone":"root"},{"name":"3","bone":"root"},{"name":"4","bone":"root"},{"name":"5","bone":"root","attachment":"5"},{"name":"6","bone":"root"},{"name":"7","bone":"root"}],"skins":[{"name":"default","attachments":{"1":{"1":{"x":2.94,"y":120.9,"width":189,"height":240}},"2":{"2":{"x":2.94,"y":120.9,"width":189,"height":240}},"3":{"3":{"x":2.94,"y":120.9,"width":191,"height":243}},"4":{"4":{"x":2.94,"y":120.9,"width":190,"height":242}},"5":{"5":{"x":2.94,"y":120.9,"width":191,"height":243}},"6":{"6":{"x":2.94,"y":120.9,"width":185,"height":236}},"7":{"7":{"x":2.94,"y":120.9,"width":188,"height":240}}}}],"animations":{"Sound_1":{"slots":{"1":{"attachment":[{"time":0.1667,"name":"1"},{"time":0.3,"name":null},{"time":1.3667,"name":"1"},{"time":1.5,"name":null},{"time":2.5667,"name":"1"},{"time":2.7,"name":null},{"time":3.7667,"name":"1"},{"time":3.9,"name":null}]},"2":{"attachment":[{"time":0.3,"name":"2"},{"time":0.4667,"name":null},{"time":1.5,"name":"2"},{"time":1.6667,"name":null},{"time":2.7,"name":"2"},{"time":2.8667,"name":null},{"time":3.9,"name":"2"},{"time":4.0667,"name":null}]},"3":{"attachment":[{"time":1.0667,"name":"3"},{"time":1.2,"name":null},{"time":2.2667,"name":"3"},{"time":2.4,"name":null},{"time":3.4667,"name":"3"},{"time":3.6,"name":null},{"time":4.6667,"name":"3"},{"time":4.8,"name":null}]},"4":{"attachment":[{"time":0.4667,"name":"4"},{"time":0.6,"name":null},{"time":1.6667,"name":"4"},{"time":1.8,"name":null},{"time":2.8667,"name":"4"},{"time":3,"name":null},{"time":4.0667,"name":"4"},{"time":4.2,"name":null}]},"5":{"attachment":[{"time":0.1667,"name":null},{"time":0.6,"name":"5"},{"time":0.7667,"name":null},{"time":1.2,"name":"5"},{"time":1.3667,"name":null},{"time":1.8,"name":"5"},{"time":1.9667,"name":null},{"time":2.4,"name":"5"},{"time":2.5667,"name":null},{"time":3,"name":"5"},{"time":3.1667,"name":null},{"time":3.6,"name":"5"},{"time":3.7667,"name":null},{"time":4.2,"name":"5"},{"time":4.3667,"name":null},{"time":4.8,"name":"5"}]},"6":{"attachment":[{"time":0.7667,"name":"6"},{"time":0.9,"name":null},{"time":1.9667,"name":"6"},{"time":2.1,"name":null},{"time":3.1667,"name":"6"},{"time":3.3,"name":null},{"time":4.3667,"name":"6"},{"time":4.5,"name":null}]},"7":{"attachment":[{"time":0.9,"name":"7"},{"time":1.0667,"name":null},{"time":2.1,"name":"7"},{"time":2.2667,"name":null},{"time":3.3,"name":"7"},{"time":3.4667,"name":null},{"time":4.5,"name":"7"},{"time":4.6667,"name":null}]}}},"Sound_2":{"slots":{"1":{"attachment":[{"time":0.1667,"name":"1"},{"time":0.3,"name":null},{"time":1.3667,"name":"1"},{"time":1.5,"name":null},{"time":2.5667,"name":"1"},{"time":2.7,"name":null},{"time":3.7667,"name":"1"},{"time":3.9,"name":null}]},"2":{"attachment":[{"time":0.3,"name":"2"},{"time":0.4667,"name":null},{"time":1.5,"name":"2"},{"time":1.6667,"name":null},{"time":2.7,"name":"2"},{"time":2.8667,"name":null},{"time":3.9,"name":"2"},{"time":4.0667,"name":null}]},"3":{"attachment":[{"time":1.0667,"name":"3"},{"time":1.2,"name":null},{"time":2.2667,"name":"3"},{"time":2.4,"name":null},{"time":3.4667,"name":"3"},{"time":3.6,"name":null},{"time":4.6667,"name":"3"},{"time":4.8,"name":null}]},"4":{"attachment":[{"time":0.4667,"name":"4"},{"time":0.6,"name":null},{"time":1.6667,"name":"4"},{"time":1.8,"name":null},{"time":2.8667,"name":"4"},{"time":3,"name":null},{"time":4.0667,"name":"4"},{"time":4.2,"name":null}]},"5":{"attachment":[{"time":0.1667,"name":null},{"time":0.6,"name":"5"},{"time":0.7667,"name":null},{"time":1.2,"name":"5"},{"time":1.3667,"name":null},{"time":1.8,"name":"5"},{"time":1.9667,"name":null},{"time":2.4,"name":"5"},{"time":2.5667,"name":null},{"time":3,"name":"5"},{"time":3.1667,"name":null},{"time":3.6,"name":"5"},{"time":3.7667,"name":null},{"time":4.2,"name":"5"},{"time":4.3667,"name":null},{"time":4.8,"name":"5"}]},"6":{"attachment":[{"time":0.7667,"name":"6"},{"time":0.9,"name":null},{"time":1.9667,"name":"6"},{"time":2.1,"name":null},{"time":3.1667,"name":"6"},{"time":3.3,"name":null},{"time":4.3667,"name":"6"},{"time":4.5,"name":null}]},"7":{"attachment":[{"time":0.9,"name":"7"},{"time":1.0667,"name":null},{"time":2.1,"name":"7"},{"time":2.2667,"name":null},{"time":3.3,"name":"7"},{"time":3.4667,"name":null},{"time":4.5,"name":"7"},{"time":4.6667,"name":null}]}}}}},[0]]],0,0,[0],[-1],[0]]
