[{"__type__":"cc.SpriteFrame","content":{"name":"表情","texture":"advh7Qkz1Bh4/nlKxB8wKa","rect":[426,832,413,422],"offset":[0,0],"originalSize":[413,422],"rotated":1,"capInsets":[0,0,0,0]}},{"__type__":"cc.SpriteFrame","content":{"name":"表情1","texture":"advh7Qkz1Bh4/nlKxB8wKa","rect":[2,832,413,422],"offset":[0,0],"originalSize":[413,422],"rotated":1,"capInsets":[0,0,0,0]}},{"__type__":"cc.SpriteAtlas","_name":"3_skin_plist.plist","_spriteFrames":{"表情":{"__uuid__":"42maFrqstDlrxeueeMh/VT"},"表情1":{"__uuid__":"54DQa7cuRFU7Z/laKd2bOn"},"表情2":{"__uuid__":"9czDsAyG5AtrgzueMcQh5h"},"表情3":{"__uuid__":"7asLUbAotOf620oEY/wsxf"},"表情4":{"__uuid__":"7c2Bze8DRFwJFAIzq2dw3I"},"表情5":{"__uuid__":"5f4irAP25D57degHXlOc6d"}}},{"__type__":"cc.SpriteFrame","content":{"name":"表情5","texture":"advh7Qkz1Bh4/nlKxB8wKa","rect":[2,2,413,422],"offset":[0,0],"originalSize":[413,422],"rotated":1,"capInsets":[0,0,0,0]}},{"__type__":"cc.SpriteFrame","content":{"name":"表情3","texture":"advh7Qkz1Bh4/nlKxB8wKa","rect":[2,417,413,422],"offset":[0,0],"originalSize":[413,422],"rotated":1,"capInsets":[0,0,0,0]}},{"__type__":"cc.SpriteFrame","content":{"name":"表情4","texture":"advh7Qkz1Bh4/nlKxB8wKa","rect":[426,2,413,422],"offset":[0,0],"originalSize":[413,422],"rotated":1,"capInsets":[0,0,0,0]}},{"__type__":"cc.SpriteFrame","content":{"name":"表情2","texture":"advh7Qkz1Bh4/nlKxB8wKa","rect":[426,417,413,422],"offset":[0,0],"originalSize":[413,422],"rotated":1,"capInsets":[0,0,0,0]}}]