[{"__type__":"cc.SpriteFrame","content":{"name":"Pendule03","texture":"166c691fb","rect":[3,498,172,189],"offset":[0,0],"originalSize":[172,191],"capInsets":[0,0,0,0]}},{"__type__":"cc.SpriteFrame","content":{"name":"bubble1","texture":"3eBb+m/oRMSIzKlfB/sdmW","rect":[1,1,30,30],"offset":[0,0],"originalSize":[32,32],"capInsets":[0,0,0,0]}},{"__type__":"cc.SpriteFrame","content":{"name":"861","texture":"1e1fca5a7","rect":[3,393,83,614],"offset":[0,0],"originalSize":[83,614],"capInsets":[0,0,0,0]}},{"__type__":"cc.SpriteFrame","content":{"name":"water1401","texture":"45vQ2LoilCT7wEp2u2yWOh","rect":[0,0,1060,384],"offset":[0,0],"originalSize":[1060,384],"capInsets":[0,0,0,0]}},{"__type__":"cc.SpriteFrame","content":{"name":"Branch_02","texture":"113252041","rect":[640,472,340,21],"offset":[0,-0.5],"originalSize":[340,22],"capInsets":[0,0,0,0]}},{"__type__":"cc.SpriteFrame","content":{"name":"fill map 1","texture":"60cRc1qedPIaOD/FOZqzlm","rect":[1407,3,512,512],"offset":[0,0],"originalSize":[512,512],"capInsets":[0,0,0,0]}},{"__type__":"cc.SpriteFrame","content":{"name":"coin_new","texture":"110b18844","rect":[3,622,64,64],"offset":[0,0],"originalSize":[64,64],"capInsets":[0,0,0,0]}},{"__type__":"cc.SpriteFrame","content":{"name":"图层 61","texture":"b2MScKwz9BT4kInk3E86Db","rect":[0,0,754,776],"offset":[0,0],"originalSize":[754,776],"capInsets":[0,0,0,0]}},{"__type__":"cc.SpriteFrame","content":{"name":"skin1_2","texture":"186d6527b","rect":[243,850,100,100],"offset":[0,0],"originalSize":[128,128],"capInsets":[0,0,0,0]}},{"__type__":"cc.SpriteFrame","content":{"name":"Boulder_Stone_01","texture":"1d28d6ee5","rect":[923,464,98,98],"offset":[0,0],"originalSize":[128,128],"capInsets":[0,0,0,0]}},{"__type__":"cc.SpriteFrame","content":{"name":"关卡指示牌-3","texture":"fbYisHukRK/6SWZSDpYXxb","rect":[71,108,302,322],"offset":[0,-5],"originalSize":[444,528],"capInsets":[0,0,0,0]}},{"__type__":"cc.SpriteFrame","content":{"name":"Jumped01","texture":"1d28d6ee5","rect":[265,705,137,86],"offset":[0,0.5],"originalSize":[137,87],"rotated":1,"capInsets":[0,0,0,0]}},{"__type__":"cc.SpriteFrame","content":{"name":"开宝箱","texture":"05dkSnzCFDJrxhCggIvceP","rect":[66,57,265,236],"offset":[-1.5,-8],"originalSize":[400,334],"capInsets":[0,0,0,0]}},{"__type__":"cc.SpriteFrame","content":{"name":"Roulette01","texture":"1d28d6ee5","rect":[521,220,270,188],"offset":[0,0],"originalSize":[270,188],"rotated":1,"capInsets":[0,0,0,0]}},{"__type__":"cc.SpriteFrame","content":{"name":"normal3","texture":"40e7mc9GtLcqq6i0M7DIwi","rect":[0,0,256,256],"offset":[0,0],"originalSize":[256,256],"capInsets":[0,0,0,0]}},{"__type__":"cc.SpriteFrame","content":{"name":"smoke1","texture":"baKp5FfjhBbIbSFV/OlgiN","rect":[1,2,62,60],"offset":[0,0],"originalSize":[64,64],"capInsets":[0,0,0,0]}},{"__type__":"cc.SpriteFrame","content":{"name":"ChainPart01","texture":"1b670f722","rect":[398,367,252,21],"offset":[0.5,0],"originalSize":[253,21],"rotated":1,"capInsets":[0,0,0,0]}},{"__type__":"cc.SpriteFrame","content":{"name":"Level_14w_04","texture":"15f20cb8d","rect":[158,3,943,19],"offset":[0,-0.5],"originalSize":[943,20],"rotated":1,"capInsets":[0,0,0,0]}},{"__type__":"cc.SpriteFrame","content":{"name":"关卡指示牌-2","texture":"ceRftKe3JCbYEQW9th2i14","rect":[71,108,302,322],"offset":[0,-5],"originalSize":[444,528],"capInsets":[0,0,0,0]}},[{"__type__":"cc.Prefab","_name":"Level-6","data":{"__id__":1}},{"__type__":"cc.Node","_name":"Level-6","_children":[{"__id__":2},{"__id__":53},{"__id__":79},{"__id__":81},{"__id__":108},{"__id__":109}],"_prefab":{"__type__":"cc.PrefabInfo","root":{"__id__":1},"asset":{"__uuid__":"ceLLteub5MUKNfALRNM1+O"},"fileId":"92YVT4lVZHDJoizQQZ+u0c"},"_anchorPoint":{"__type__":"cc.Vec2"},"_trs":{"__type__":"TypedArray","ctor":"Float64Array","array":[0,0,0,0,0,0,1,1,1,1]}},{"__type__":"cc.Node","_name":"indication","_parent":{"__id__":1},"_children":[{"__id__":3},{"__id__":5},{"__id__":6},{"__id__":7},{"__id__":8},{"__id__":22},{"__id__":36},{"__id__":41},{"__id__":43},{"__id__":45},{"__id__":47},{"__id__":49},{"__id__":51}],"_prefab":{"__type__":"cc.PrefabInfo","root":{"__id__":1},"asset":{"__uuid__":"ceLLteub5MUKNfALRNM1+O"},"fileId":"92L3eud8VOqYiN240RbH7H"},"_anchorPoint":{"__type__":"cc.Vec2"},"_trs":{"__type__":"TypedArray","ctor":"Float64Array","array":[0,0,0,0,0,0,1,1,1,1]},"_groupIndex":1,"groupIndex":1},{"__type__":"cc.Node","_name":"start_ind","_parent":{"__id__":2},"_children":[{"__id__":4}],"_components":[{"__type__":"cc.Sprite","_name":"start_ind<Sprite>","node":{"__id__":3},"_materials":[{"__uuid__":"ecpdLyjvZBwrvm+cedCcQy"}],"_spriteFrame":{"__uuid__":"92RMQdt0ZAnrDBwLzz8BNO"},"_sizeMode":0},{"__type__":"c5ddfZAPb5I4rCMDbSaJibP","node":{"__id__":3}}],"_prefab":{"__type__":"cc.PrefabInfo","root":{"__id__":1},"asset":{"__uuid__":"ceLLteub5MUKNfALRNM1+O"},"fileId":"6dBI1wd35PlrZCtSqNfkFR"},"_contentSize":{"__type__":"cc.Size","width":168,"height":143},"_trs":{"__type__":"TypedArray","ctor":"Float64Array","array":[480,303.483,0,0,0,0,1,1,1,1]},"_groupIndex":1,"groupIndex":1},{"__type__":"cc.Node","_name":"levelname","_parent":{"__id__":3},"_components":[{"__type__":"cc.Label","_name":"levelname<Label>","node":{"__id__":4},"_materials":[{"__uuid__":"ecpdLyjvZBwrvm+cedCcQy"}],"_useOriginalSize":false,"_string":"关卡-1","_N$string":"关卡-1","_fontSize":30,"_N$file":{"__uuid__":"b5NGPI3wRL+6w0kWBDf59a"},"_isSystemFontUsed":false,"_N$horizontalAlign":1,"_N$verticalAlign":1},{"__type__":"cc.Widget","node":{"__id__":4},"_alignFlags":16,"_left":45.66,"_right":45.66,"_originalWidth":76.68}],"_prefab":{"__type__":"cc.PrefabInfo","root":{"__id__":1},"asset":{"__uuid__":"ceLLteub5MUKNfALRNM1+O"},"fileId":"08vg6IkCZARpw1+IlU6/KJ"},"_color":{"__type__":"cc.Color","r":155,"g":35,"b":35},"_contentSize":{"__type__":"cc.Size","width":66.56,"height":40},"_trs":{"__type__":"TypedArray","ctor":"Float64Array","array":[0,25,0,0,0,0,1,1,1,1]},"_groupIndex":1,"groupIndex":1},{"__type__":"cc.Node","_name":"block","_parent":{"__id__":2},"_components":[{"__type__":"cc.RigidBody","node":{"__id__":5},"_type":0},{"__type__":"cc.PhysicsBoxCollider","node":{"__id__":5},"_density":1000,"_friction":0,"_offset":{"__type__":"cc.Vec2","x":50,"y":300},"_size":{"__type__":"cc.Size","width":100,"height":600}}],"_prefab":{"__type__":"cc.PrefabInfo","root":{"__id__":1},"asset":{"__uuid__":"ceLLteub5MUKNfALRNM1+O"},"fileId":"a7zU2PRgBHaJROacdVRWvt"},"_contentSize":{"__type__":"cc.Size","width":100,"height":600},"_anchorPoint":{"__type__":"cc.Vec2"},"_trs":{"__type__":"TypedArray","ctor":"Float64Array","array":[-51.285,256.078,0,0,0,0,1,1,1,1]},"_groupIndex":1,"groupIndex":1},{"__type__":"cc.Node","_name":"block","_parent":{"__id__":2},"_components":[{"__type__":"cc.RigidBody","node":{"__id__":6},"_linearDamping":2},{"__type__":"cc.PhysicsBoxCollider","node":{"__id__":6},"_density":1000,"_friction":1000,"_offset":{"__type__":"cc.Vec2","x":50,"y":300},"_size":{"__type__":"cc.Size","width":100,"height":600}}],"_prefab":{"__type__":"cc.PrefabInfo","root":{"__id__":1},"asset":{"__uuid__":"ceLLteub5MUKNfALRNM1+O"},"fileId":"b5vTwov7ZDC5Wxy0wCqEi4"},"_contentSize":{"__type__":"cc.Size","width":100,"height":600},"_anchorPoint":{"__type__":"cc.Vec2"},"_trs":{"__type__":"TypedArray","ctor":"Float64Array","array":[8681.741,547.165,0,0,0,0,1,1,1,1]},"_groupIndex":1,"groupIndex":1},{"__type__":"cc.Node","_name":"Jumped01","_parent":{"__id__":2},"_components":[{"__type__":"cc.Sprite","node":{"__id__":7},"_materials":[{"__uuid__":"ecpdLyjvZBwrvm+cedCcQy"}],"_spriteFrame":{"__uuid__":"99YH80OjNGgZrx2A6nkppS"}},{"__type__":"cc.RigidBody","node":{"__id__":7},"_type":0},{"__type__":"cc.PhysicsBoxCollider","node":{"__id__":7},"_size":{"__type__":"cc.Size","width":137,"height":86}}],"_prefab":{"__type__":"cc.PrefabInfo","root":{"__id__":1},"asset":{"__uuid__":"ceLLteub5MUKNfALRNM1+O"},"fileId":"58qjbWp6NMLLojXSfp/L+o"},"_contentSize":{"__type__":"cc.Size","width":137,"height":86},"_trs":{"__type__":"TypedArray","ctor":"Float64Array","array":[2106.914,522.609,0,0,0,0,1,1,1,1]},"_groupIndex":3,"groupIndex":3},{"__type__":"cc.Node","_name":"swing01","_parent":{"__id__":2},"_children":[{"__id__":9},{"__id__":13},{"__id__":15},{"__id__":17},{"__id__":19},{"__id__":12},{"__id__":21}],"_prefab":{"__type__":"cc.PrefabInfo","root":{"__id__":1},"asset":{"__uuid__":"ceLLteub5MUKNfALRNM1+O"},"fileId":"4ca2iMwN9Ar6fSDgH8hFCZ"},"_trs":{"__type__":"TypedArray","ctor":"Float64Array","array":[4406.255,520.824,0,0,0,0,1,1,1,1]},"_groupIndex":1,"groupIndex":1},{"__type__":"cc.Node","_name":"swing-2","_parent":{"__id__":8},"_components":[{"__type__":"cc.Sprite","_name":"swing-2<Sprite>","node":{"__id__":9},"_materials":[{"__uuid__":"ecpdLyjvZBwrvm+cedCcQy"}],"_spriteFrame":{"__uuid__":"c0s2w7CORILJrxq8IRyg9I"},"_sizeMode":0},{"__id__":10},{"__type__":"cc.PhysicsBoxCollider","node":{"__id__":9},"tag":6,"_size":{"__type__":"cc.Size","width":80,"height":8}},{"__type__":"cc.RevoluteJoint","node":{"__id__":9},"anchor":{"__type__":"cc.Vec2","x":-30},"connectedAnchor":{"__type__":"cc.Vec2","y":86},"connectedBody":{"__id__":11},"_enableLimit":true,"lowerAngle":80,"upperAngle":100}],"_prefab":{"__type__":"cc.PrefabInfo","root":{"__id__":1},"asset":{"__uuid__":"ceLLteub5MUKNfALRNM1+O"},"fileId":"efJV//ZWZDZ5wyD4NE9I3J"},"_contentSize":{"__type__":"cc.Size","width":80,"height":8},"_trs":{"__type__":"TypedArray","ctor":"Float64Array","array":[0,114.614,0,0,0,0.7071067811865475,0.7071067811865476,1,1,1]},"_eulerAngles":{"__type__":"cc.Vec3","z":90},"_groupIndex":1,"groupIndex":1},{"__type__":"cc.RigidBody","node":{"__id__":9}},{"__type__":"cc.RigidBody","node":{"__id__":12}},{"__type__":"cc.Node","_name":"swing-1","_parent":{"__id__":8},"_components":[{"__type__":"cc.Sprite","_name":"swing-1<Sprite>","node":{"__id__":12},"_materials":[{"__uuid__":"ecpdLyjvZBwrvm+cedCcQy"}],"_spriteFrame":{"__uuid__":"03b7OHD7dE/I/Ao3MmTIUf"}},{"__id__":11},{"__type__":"cc.PhysicsBoxCollider","node":{"__id__":12},"tag":4,"_friction":0.5,"_offset":{"__type__":"cc.Vec2","y":-82},"_size":{"__type__":"cc.Size","width":172,"height":25}}],"_prefab":{"__type__":"cc.PrefabInfo","root":{"__id__":1},"asset":{"__uuid__":"ceLLteub5MUKNfALRNM1+O"},"fileId":"acAxVnk2JEib/1cIT+VQp9"},"_contentSize":{"__type__":"cc.Size","width":172,"height":189},"_trs":{"__type__":"TypedArray","ctor":"Float64Array","array":[0,-0.744,0,0,0,0,1,1,1,1]},"_groupIndex":1,"groupIndex":1},{"__type__":"cc.Node","_name":"swing-2-1","_parent":{"__id__":8},"_components":[{"__type__":"cc.Sprite","_name":"swing-2-1<Sprite>","node":{"__id__":13},"_materials":[{"__uuid__":"ecpdLyjvZBwrvm+cedCcQy"}],"_spriteFrame":{"__uuid__":"c0s2w7CORILJrxq8IRyg9I"},"_sizeMode":0},{"__id__":14},{"__type__":"cc.PhysicsBoxCollider","node":{"__id__":13},"tag":6,"_size":{"__type__":"cc.Size","width":80,"height":8}},{"__type__":"cc.RevoluteJoint","node":{"__id__":13},"anchor":{"__type__":"cc.Vec2","x":-34},"connectedAnchor":{"__type__":"cc.Vec2","x":34},"connectedBody":{"__id__":10},"_enableLimit":true,"lowerAngle":-10,"upperAngle":10}],"_prefab":{"__type__":"cc.PrefabInfo","root":{"__id__":1},"asset":{"__uuid__":"ceLLteub5MUKNfALRNM1+O"},"fileId":"b6sqtAmVhBtpGQHkC94Ai4"},"_contentSize":{"__type__":"cc.Size","width":80,"height":8},"_trs":{"__type__":"TypedArray","ctor":"Float64Array","array":[0,182.837,0,0,0,0.7071067811865475,0.7071067811865476,1,1,1]},"_eulerAngles":{"__type__":"cc.Vec3","z":90},"_groupIndex":1,"groupIndex":1},{"__type__":"cc.RigidBody","node":{"__id__":13}},{"__type__":"cc.Node","_name":"swing-2-2","_parent":{"__id__":8},"_components":[{"__type__":"cc.Sprite","_name":"swing-2-2<Sprite>","node":{"__id__":15},"_materials":[{"__uuid__":"ecpdLyjvZBwrvm+cedCcQy"}],"_spriteFrame":{"__uuid__":"c0s2w7CORILJrxq8IRyg9I"},"_sizeMode":0},{"__id__":16},{"__type__":"cc.PhysicsBoxCollider","node":{"__id__":15},"tag":6,"_size":{"__type__":"cc.Size","width":80,"height":8}},{"__type__":"cc.RevoluteJoint","node":{"__id__":15},"anchor":{"__type__":"cc.Vec2","x":-34},"connectedAnchor":{"__type__":"cc.Vec2","x":34},"connectedBody":{"__id__":14},"_enableLimit":true,"lowerAngle":-10,"upperAngle":10}],"_prefab":{"__type__":"cc.PrefabInfo","root":{"__id__":1},"asset":{"__uuid__":"ceLLteub5MUKNfALRNM1+O"},"fileId":"1fE+MjwEVMfo6fhF5ZlBzT"},"_contentSize":{"__type__":"cc.Size","width":80,"height":8},"_trs":{"__type__":"TypedArray","ctor":"Float64Array","array":[0,251.153,0,0,0,0.7071067811865475,0.7071067811865476,1,1,1]},"_eulerAngles":{"__type__":"cc.Vec3","z":90},"_groupIndex":1,"groupIndex":1},{"__type__":"cc.RigidBody","node":{"__id__":15}},{"__type__":"cc.Node","_name":"swing-2-3","_parent":{"__id__":8},"_components":[{"__type__":"cc.Sprite","_name":"swing-2-3<Sprite>","node":{"__id__":17},"_materials":[{"__uuid__":"ecpdLyjvZBwrvm+cedCcQy"}],"_spriteFrame":{"__uuid__":"c0s2w7CORILJrxq8IRyg9I"},"_sizeMode":0},{"__id__":18},{"__type__":"cc.PhysicsBoxCollider","node":{"__id__":17},"tag":6,"_size":{"__type__":"cc.Size","width":80,"height":8}},{"__type__":"cc.RevoluteJoint","node":{"__id__":17},"anchor":{"__type__":"cc.Vec2","x":-34},"connectedAnchor":{"__type__":"cc.Vec2","x":34},"connectedBody":{"__id__":16},"_enableLimit":true,"lowerAngle":-10,"upperAngle":10}],"_prefab":{"__type__":"cc.PrefabInfo","root":{"__id__":1},"asset":{"__uuid__":"ceLLteub5MUKNfALRNM1+O"},"fileId":"27+zbO82BDnbEknzvwH30j"},"_contentSize":{"__type__":"cc.Size","width":80,"height":8},"_trs":{"__type__":"TypedArray","ctor":"Float64Array","array":[0,319.507,0,0,0,0.7071067811865475,0.7071067811865476,1,1,1]},"_eulerAngles":{"__type__":"cc.Vec3","z":90},"_groupIndex":1,"groupIndex":1},{"__type__":"cc.RigidBody","node":{"__id__":17}},{"__type__":"cc.Node","_name":"swing-2-4","_parent":{"__id__":8},"_components":[{"__type__":"cc.Sprite","_name":"swing-2-4<Sprite>","node":{"__id__":19},"_materials":[{"__uuid__":"ecpdLyjvZBwrvm+cedCcQy"}],"_spriteFrame":{"__uuid__":"c0s2w7CORILJrxq8IRyg9I"},"_sizeMode":0},{"__id__":20},{"__type__":"cc.PhysicsBoxCollider","node":{"__id__":19},"tag":6,"_size":{"__type__":"cc.Size","width":80,"height":8}},{"__type__":"cc.RevoluteJoint","node":{"__id__":19},"anchor":{"__type__":"cc.Vec2","x":-34},"connectedAnchor":{"__type__":"cc.Vec2","x":34},"connectedBody":{"__id__":18},"_enableLimit":true,"lowerAngle":-10,"upperAngle":10}],"_prefab":{"__type__":"cc.PrefabInfo","root":{"__id__":1},"asset":{"__uuid__":"ceLLteub5MUKNfALRNM1+O"},"fileId":"09IRwzEhhPQKylDvLv8DSz"},"_contentSize":{"__type__":"cc.Size","width":80,"height":8},"_trs":{"__type__":"TypedArray","ctor":"Float64Array","array":[0,388,0,0,0,0.7071067811865475,0.7071067811865476,1,1,1]},"_eulerAngles":{"__type__":"cc.Vec3","z":90},"_groupIndex":1,"groupIndex":1},{"__type__":"cc.RigidBody","node":{"__id__":19}},{"__type__":"cc.Node","_name":"Tronc01","_parent":{"__id__":8},"_components":[{"__type__":"cc.Sprite","_name":"Tronc01<Sprite>","node":{"__id__":21},"_materials":[{"__uuid__":"ecpdLyjvZBwrvm+cedCcQy"}],"_spriteFrame":{"__uuid__":"dfn2h3SVNA8bK7Bn3q7KYy"},"_sizeMode":0},{"__type__":"cc.RigidBody","node":{"__id__":21},"_type":0},{"__type__":"cc.PhysicsBoxCollider","node":{"__id__":21},"tag":6,"_size":{"__type__":"cc.Size","width":20,"height":45}},{"__type__":"cc.RevoluteJoint","node":{"__id__":21},"anchor":{"__type__":"cc.Vec2","y":-18},"connectedAnchor":{"__type__":"cc.Vec2","x":37},"connectedBody":{"__id__":20},"_enableLimit":true,"lowerAngle":-100,"upperAngle":-80}],"_prefab":{"__type__":"cc.PrefabInfo","root":{"__id__":1},"asset":{"__uuid__":"ceLLteub5MUKNfALRNM1+O"},"fileId":"19nk8KsEJIcqYD0JeN7mfI"},"_contentSize":{"__type__":"cc.Size","width":20,"height":45},"_trs":{"__type__":"TypedArray","ctor":"Float64Array","array":[0,442.854,0,0,0,0,1,1,1,1]},"_groupIndex":1,"groupIndex":1},{"__type__":"cc.Node","_name":"swing01","_parent":{"__id__":2},"_children":[{"__id__":23},{"__id__":27},{"__id__":29},{"__id__":31},{"__id__":33},{"__id__":26},{"__id__":35}],"_prefab":{"__type__":"cc.PrefabInfo","root":{"__id__":1},"asset":{"__uuid__":"ceLLteub5MUKNfALRNM1+O"},"fileId":"a6DFZJ6IBGHq1EAhyH2xbR"},"_trs":{"__type__":"TypedArray","ctor":"Float64Array","array":[4808.067,520.824,0,0,0,0,1,1,1,1]},"_groupIndex":1,"groupIndex":1},{"__type__":"cc.Node","_name":"swing-2","_parent":{"__id__":22},"_components":[{"__type__":"cc.Sprite","_name":"swing-2<Sprite>","node":{"__id__":23},"_materials":[{"__uuid__":"ecpdLyjvZBwrvm+cedCcQy"}],"_spriteFrame":{"__uuid__":"c0s2w7CORILJrxq8IRyg9I"},"_sizeMode":0},{"__id__":24},{"__type__":"cc.PhysicsBoxCollider","node":{"__id__":23},"tag":6,"_size":{"__type__":"cc.Size","width":80,"height":8}},{"__type__":"cc.RevoluteJoint","node":{"__id__":23},"anchor":{"__type__":"cc.Vec2","x":-30},"connectedAnchor":{"__type__":"cc.Vec2","y":86},"connectedBody":{"__id__":25},"_enableLimit":true,"lowerAngle":80,"upperAngle":100}],"_prefab":{"__type__":"cc.PrefabInfo","root":{"__id__":1},"asset":{"__uuid__":"ceLLteub5MUKNfALRNM1+O"},"fileId":"a7K4VcqWxM44sPL0/tnNWI"},"_contentSize":{"__type__":"cc.Size","width":80,"height":8},"_trs":{"__type__":"TypedArray","ctor":"Float64Array","array":[0,114.614,0,0,0,0.7071067811865475,0.7071067811865476,1,1,1]},"_eulerAngles":{"__type__":"cc.Vec3","z":90},"_groupIndex":1,"groupIndex":1},{"__type__":"cc.RigidBody","node":{"__id__":23}},{"__type__":"cc.RigidBody","node":{"__id__":26}},{"__type__":"cc.Node","_name":"swing-1","_parent":{"__id__":22},"_components":[{"__type__":"cc.Sprite","_name":"swing-1<Sprite>","node":{"__id__":26},"_materials":[{"__uuid__":"ecpdLyjvZBwrvm+cedCcQy"}],"_spriteFrame":{"__uuid__":"03b7OHD7dE/I/Ao3MmTIUf"}},{"__id__":25},{"__type__":"cc.PhysicsBoxCollider","node":{"__id__":26},"tag":4,"_friction":0.5,"_offset":{"__type__":"cc.Vec2","y":-82},"_size":{"__type__":"cc.Size","width":172,"height":25}}],"_prefab":{"__type__":"cc.PrefabInfo","root":{"__id__":1},"asset":{"__uuid__":"ceLLteub5MUKNfALRNM1+O"},"fileId":"b7sQ0pjqtND4GJyyHKd8eB"},"_contentSize":{"__type__":"cc.Size","width":172,"height":189},"_trs":{"__type__":"TypedArray","ctor":"Float64Array","array":[0,-0.744,0,0,0,0,1,1,1,1]},"_groupIndex":1,"groupIndex":1},{"__type__":"cc.Node","_name":"swing-2-1","_parent":{"__id__":22},"_components":[{"__type__":"cc.Sprite","_name":"swing-2-1<Sprite>","node":{"__id__":27},"_materials":[{"__uuid__":"ecpdLyjvZBwrvm+cedCcQy"}],"_spriteFrame":{"__uuid__":"c0s2w7CORILJrxq8IRyg9I"},"_sizeMode":0},{"__id__":28},{"__type__":"cc.PhysicsBoxCollider","node":{"__id__":27},"tag":6,"_size":{"__type__":"cc.Size","width":80,"height":8}},{"__type__":"cc.RevoluteJoint","node":{"__id__":27},"anchor":{"__type__":"cc.Vec2","x":-34},"connectedAnchor":{"__type__":"cc.Vec2","x":34},"connectedBody":{"__id__":24},"_enableLimit":true,"lowerAngle":-10,"upperAngle":10}],"_prefab":{"__type__":"cc.PrefabInfo","root":{"__id__":1},"asset":{"__uuid__":"ceLLteub5MUKNfALRNM1+O"},"fileId":"c3EsNqSvhO7peztD+ksIaN"},"_contentSize":{"__type__":"cc.Size","width":80,"height":8},"_trs":{"__type__":"TypedArray","ctor":"Float64Array","array":[0,182.837,0,0,0,0.7071067811865475,0.7071067811865476,1,1,1]},"_eulerAngles":{"__type__":"cc.Vec3","z":90},"_groupIndex":1,"groupIndex":1},{"__type__":"cc.RigidBody","node":{"__id__":27}},{"__type__":"cc.Node","_name":"swing-2-2","_parent":{"__id__":22},"_components":[{"__type__":"cc.Sprite","_name":"swing-2-2<Sprite>","node":{"__id__":29},"_materials":[{"__uuid__":"ecpdLyjvZBwrvm+cedCcQy"}],"_spriteFrame":{"__uuid__":"c0s2w7CORILJrxq8IRyg9I"},"_sizeMode":0},{"__id__":30},{"__type__":"cc.PhysicsBoxCollider","node":{"__id__":29},"tag":6,"_size":{"__type__":"cc.Size","width":80,"height":8}},{"__type__":"cc.RevoluteJoint","node":{"__id__":29},"anchor":{"__type__":"cc.Vec2","x":-34},"connectedAnchor":{"__type__":"cc.Vec2","x":34},"connectedBody":{"__id__":28},"_enableLimit":true,"lowerAngle":-10,"upperAngle":10}],"_prefab":{"__type__":"cc.PrefabInfo","root":{"__id__":1},"asset":{"__uuid__":"ceLLteub5MUKNfALRNM1+O"},"fileId":"2b5Ee/Z3hOQKLKcYLrZMQq"},"_contentSize":{"__type__":"cc.Size","width":80,"height":8},"_trs":{"__type__":"TypedArray","ctor":"Float64Array","array":[0,251.153,0,0,0,0.7071067811865475,0.7071067811865476,1,1,1]},"_eulerAngles":{"__type__":"cc.Vec3","z":90},"_groupIndex":1,"groupIndex":1},{"__type__":"cc.RigidBody","node":{"__id__":29}},{"__type__":"cc.Node","_name":"swing-2-3","_parent":{"__id__":22},"_components":[{"__type__":"cc.Sprite","_name":"swing-2-3<Sprite>","node":{"__id__":31},"_materials":[{"__uuid__":"ecpdLyjvZBwrvm+cedCcQy"}],"_spriteFrame":{"__uuid__":"c0s2w7CORILJrxq8IRyg9I"},"_sizeMode":0},{"__id__":32},{"__type__":"cc.PhysicsBoxCollider","node":{"__id__":31},"tag":6,"_size":{"__type__":"cc.Size","width":80,"height":8}},{"__type__":"cc.RevoluteJoint","node":{"__id__":31},"anchor":{"__type__":"cc.Vec2","x":-34},"connectedAnchor":{"__type__":"cc.Vec2","x":34},"connectedBody":{"__id__":30},"_enableLimit":true,"lowerAngle":-10,"upperAngle":10}],"_prefab":{"__type__":"cc.PrefabInfo","root":{"__id__":1},"asset":{"__uuid__":"ceLLteub5MUKNfALRNM1+O"},"fileId":"dftLnTDiNPppb41U4P1lO7"},"_contentSize":{"__type__":"cc.Size","width":80,"height":8},"_trs":{"__type__":"TypedArray","ctor":"Float64Array","array":[0,319.507,0,0,0,0.7071067811865475,0.7071067811865476,1,1,1]},"_eulerAngles":{"__type__":"cc.Vec3","z":90},"_groupIndex":1,"groupIndex":1},{"__type__":"cc.RigidBody","node":{"__id__":31}},{"__type__":"cc.Node","_name":"swing-2-4","_parent":{"__id__":22},"_components":[{"__type__":"cc.Sprite","_name":"swing-2-4<Sprite>","node":{"__id__":33},"_materials":[{"__uuid__":"ecpdLyjvZBwrvm+cedCcQy"}],"_spriteFrame":{"__uuid__":"c0s2w7CORILJrxq8IRyg9I"},"_sizeMode":0},{"__id__":34},{"__type__":"cc.PhysicsBoxCollider","node":{"__id__":33},"tag":6,"_size":{"__type__":"cc.Size","width":80,"height":8}},{"__type__":"cc.RevoluteJoint","node":{"__id__":33},"anchor":{"__type__":"cc.Vec2","x":-34},"connectedAnchor":{"__type__":"cc.Vec2","x":34},"connectedBody":{"__id__":32},"_enableLimit":true,"lowerAngle":-10,"upperAngle":10}],"_prefab":{"__type__":"cc.PrefabInfo","root":{"__id__":1},"asset":{"__uuid__":"ceLLteub5MUKNfALRNM1+O"},"fileId":"b6ed48nalLFp3epoHAYQav"},"_contentSize":{"__type__":"cc.Size","width":80,"height":8},"_trs":{"__type__":"TypedArray","ctor":"Float64Array","array":[0,388,0,0,0,0.7071067811865475,0.7071067811865476,1,1,1]},"_eulerAngles":{"__type__":"cc.Vec3","z":90},"_groupIndex":1,"groupIndex":1},{"__type__":"cc.RigidBody","node":{"__id__":33}},{"__type__":"cc.Node","_name":"Tronc01","_parent":{"__id__":22},"_components":[{"__type__":"cc.Sprite","_name":"Tronc01<Sprite>","node":{"__id__":35},"_materials":[{"__uuid__":"ecpdLyjvZBwrvm+cedCcQy"}],"_spriteFrame":{"__uuid__":"dfn2h3SVNA8bK7Bn3q7KYy"},"_sizeMode":0},{"__type__":"cc.RigidBody","node":{"__id__":35},"_type":0},{"__type__":"cc.PhysicsBoxCollider","node":{"__id__":35},"tag":6,"_size":{"__type__":"cc.Size","width":20,"height":45}},{"__type__":"cc.RevoluteJoint","node":{"__id__":35},"anchor":{"__type__":"cc.Vec2","y":-18},"connectedAnchor":{"__type__":"cc.Vec2","x":37},"connectedBody":{"__id__":34},"_enableLimit":true,"lowerAngle":-100,"upperAngle":-80}],"_prefab":{"__type__":"cc.PrefabInfo","root":{"__id__":1},"asset":{"__uuid__":"ceLLteub5MUKNfALRNM1+O"},"fileId":"1cAWI5paBOsa6I0YqyPZdc"},"_contentSize":{"__type__":"cc.Size","width":20,"height":45},"_trs":{"__type__":"TypedArray","ctor":"Float64Array","array":[0,442.854,0,0,0,0,1,1,1,1]},"_groupIndex":1,"groupIndex":1},{"__type__":"cc.Node","_name":"trick02","_parent":{"__id__":2},"_children":[{"__id__":37},{"__id__":39},{"__id__":40}],"_prefab":{"__type__":"cc.PrefabInfo","root":{"__id__":1},"asset":{"__uuid__":"ceLLteub5MUKNfALRNM1+O"},"fileId":"a9rT11+apAColxu/qH5yfh"},"_trs":{"__type__":"TypedArray","ctor":"Float64Array","array":[7044.661,393.971,0,0,0,0,1,1,1,1]},"_groupIndex":1,"groupIndex":1},{"__type__":"cc.Node","_name":"Roulette01","_parent":{"__id__":36},"_components":[{"__type__":"cc.Sprite","_name":"Roulette01<Sprite>","node":{"__id__":37},"_materials":[{"__uuid__":"ecpdLyjvZBwrvm+cedCcQy"}],"_spriteFrame":{"__uuid__":"a2maPytWBCY73oAjHnTiOi"}},{"__id__":38},{"__type__":"cc.PhysicsBoxCollider","node":{"__id__":37},"tag":4,"_offset":{"__type__":"cc.Vec2","y":-82},"_size":{"__type__":"cc.Size","width":270,"height":24}},{"__type__":"cc.PhysicsBoxCollider","node":{"__id__":37},"tag":4,"_offset":{"__type__":"cc.Vec2","y":82},"_size":{"__type__":"cc.Size","width":270,"height":24}}],"_prefab":{"__type__":"cc.PrefabInfo","root":{"__id__":1},"asset":{"__uuid__":"ceLLteub5MUKNfALRNM1+O"},"fileId":"a1kFrqBF1B2rTFvhuNYFtF"},"_contentSize":{"__type__":"cc.Size","width":270,"height":188},"_trs":{"__type__":"TypedArray","ctor":"Float64Array","array":[0,0,0,0,0,0,1,1,1,1]},"_groupIndex":1,"groupIndex":1},{"__type__":"cc.RigidBody","node":{"__id__":37},"_type":0,"_gravityScale":50},{"__type__":"cc.Node","_name":"Boulder_Stone_01","_parent":{"__id__":36},"_components":[{"__type__":"cc.Sprite","_name":"Boulder_Stone_01<Sprite>","node":{"__id__":39},"_materials":[{"__uuid__":"ecpdLyjvZBwrvm+cedCcQy"}],"_spriteFrame":{"__uuid__":"90XMnvUu9G76hsdtbyQQEB"},"_sizeMode":0},{"__type__":"cc.RigidBody","node":{"__id__":39},"_gravityScale":3,"_linearDamping":0.2,"_angularDamping":0.1},{"__type__":"cc.PhysicsCircleCollider","node":{"__id__":39},"tag":2,"_density":1.8,"_radius":68}],"_prefab":{"__type__":"cc.PrefabInfo","root":{"__id__":1},"asset":{"__uuid__":"ceLLteub5MUKNfALRNM1+O"},"fileId":"e3brfBzQFMCK2zPh2b2cTD"},"_contentSize":{"__type__":"cc.Size","width":137,"height":137},"_trs":{"__type__":"TypedArray","ctor":"Float64Array","array":[-15.172,-2.651,0,0,0,0,1,1,1,1]},"_groupIndex":1,"groupIndex":1},{"__type__":"cc.Node","_name":"Branch_02","_parent":{"__id__":36},"_components":[{"__type__":"cc.Sprite","_name":"Branch_02<Sprite>","node":{"__id__":40},"_materials":[{"__uuid__":"ecpdLyjvZBwrvm+cedCcQy"}],"_spriteFrame":{"__uuid__":"44nAxUkTNOoIW9zuWbC9DG"}},{"__type__":"cc.RigidBody","node":{"__id__":40}},{"__type__":"cc.PhysicsBoxCollider","node":{"__id__":40},"tag":4,"_size":{"__type__":"cc.Size","width":340,"height":21}},{"__type__":"cc.RevoluteJoint","node":{"__id__":40},"anchor":{"__type__":"cc.Vec2","x":163},"connectedAnchor":{"__type__":"cc.Vec2","x":-127,"y":81.6},"connectedBody":{"__id__":38},"_enableLimit":true,"lowerAngle":-60,"upperAngle":60}],"_prefab":{"__type__":"cc.PrefabInfo","root":{"__id__":1},"asset":{"__uuid__":"ceLLteub5MUKNfALRNM1+O"},"fileId":"4eO15dw+5AHqMs90GzQvfK"},"_contentSize":{"__type__":"cc.Size","width":340,"height":21},"_trs":{"__type__":"TypedArray","ctor":"Float64Array","array":[-289.851,81.648,0,0,0,0,1,1,1,1]},"_groupIndex":1,"groupIndex":1},{"__type__":"cc.Node","_name":"end_ind","_parent":{"__id__":2},"_children":[{"__id__":42}],"_components":[{"__type__":"cc.Sprite","_name":"end_ind<Sprite>","node":{"__id__":41},"_materials":[{"__uuid__":"ecpdLyjvZBwrvm+cedCcQy"}],"_spriteFrame":{"__uuid__":"c5Gv3cetxK1qqCYcHOIFZo"},"_sizeMode":0},{"__type__":"cc.RigidBody","node":{"__id__":41},"_type":0},{"__type__":"cc.PhysicsBoxCollider","node":{"__id__":41},"_sensor":true,"_offset":{"__type__":"cc.Vec2","y":420.5},"_size":{"__type__":"cc.Size","width":20,"height":1042}},{"__type__":"41579J+mQ9OGKIgDuSf0wr1","node":{"__id__":41}}],"_prefab":{"__type__":"cc.PrefabInfo","root":{"__id__":1},"asset":{"__uuid__":"ceLLteub5MUKNfALRNM1+O"},"fileId":"56KKC3mwBCnbUrsK7Vhhua"},"_contentSize":{"__type__":"cc.Size","width":168,"height":143},"_trs":{"__type__":"TypedArray","ctor":"Float64Array","array":[8497.472,635.907,0,0,0,0,1,1,1,1]},"_groupIndex":1,"groupIndex":1},{"__type__":"cc.Node","_name":"over","_parent":{"__id__":41},"_components":[{"__type__":"cc.Label","_name":"over<Label>","node":{"__id__":42},"_materials":[{"__uuid__":"ecpdLyjvZBwrvm+cedCcQy"}],"_useOriginalSize":false,"_string":"BOSS!","_N$string":"BOSS!","_fontSize":30,"_styleFlags":3,"_N$horizontalAlign":1,"_N$verticalAlign":1}],"_prefab":{"__type__":"cc.PrefabInfo","root":{"__id__":1},"asset":{"__uuid__":"ceLLteub5MUKNfALRNM1+O"},"fileId":"d91Zy76sNNDoZuB3YjVEaS"},"_color":{"__type__":"cc.Color","r":252},"_contentSize":{"__type__":"cc.Size","width":101.3866968425967,"height":50.4},"_trs":{"__type__":"TypedArray","ctor":"Float64Array","array":[0,20,0,0,0,0,1,1,1,1]},"_groupIndex":1,"groupIndex":1},{"__type__":"cc.Node","_name":"flag_ind","_parent":{"__id__":2},"_children":[{"__id__":44}],"_components":[{"__type__":"cc.Sprite","_name":"flag_ind<Sprite>","node":{"__id__":43},"_materials":[{"__uuid__":"ecpdLyjvZBwrvm+cedCcQy"}],"_spriteFrame":{"__uuid__":"07zKmIceRAwZknsZDy1S/V"}},{"__type__":"cc.RigidBody","node":{"__id__":43},"_type":0,"enabledContactListener":true},{"__type__":"cc.PhysicsBoxCollider","node":{"__id__":43},"_sensor":true,"_size":{"__type__":"cc.Size","width":83,"height":614}},{"__type__":"6ad49RTzopHHLKa1XzEQETT","node":{"__id__":43}}],"_prefab":{"__type__":"cc.PrefabInfo","root":{"__id__":1},"asset":{"__uuid__":"ceLLteub5MUKNfALRNM1+O"},"fileId":"c7TWyXdcRLdbTf73Pg1WJ9"},"_contentSize":{"__type__":"cc.Size","width":83,"height":614},"_trs":{"__type__":"TypedArray","ctor":"Float64Array","array":[3963.389,567.104,0,0,0,0,1,0.4,0.4,1]},"_groupIndex":1,"groupIndex":1},{"__type__":"cc.Node","_name":"flag","_parent":{"__id__":43},"_components":[{"__type__":"cc.Sprite","_name":"flag<Sprite>","node":{"__id__":44},"_materials":[{"__uuid__":"ecpdLyjvZBwrvm+cedCcQy"}],"_spriteFrame":{"__uuid__":"e33fRYcr9GP4j1b4ibM5Y8"}},{"__type__":"cc.Animation","node":{"__id__":44},"_defaultClip":{"__uuid__":"cbH2x9KCBJyaeYtYAInG18"},"_clips":[{"__uuid__":"cbH2x9KCBJyaeYtYAInG18"}],"playOnLoad":true}],"_prefab":{"__type__":"cc.PrefabInfo","root":{"__id__":1},"asset":{"__uuid__":"ceLLteub5MUKNfALRNM1+O"},"fileId":"1enJvw1PtFTqAVq5IDO9fy"},"_contentSize":{"__type__":"cc.Size","width":273,"height":192},"_trs":{"__type__":"TypedArray","ctor":"Float64Array","array":[-130,-120,0,0,0,0,1,1,1,1]},"_groupIndex":1,"groupIndex":1},{"__type__":"cc.Node","_name":"square_enemy","_parent":{"__id__":2},"_children":[{"__id__":46}],"_components":[{"__type__":"cc.Sprite","node":{"__id__":45},"_materials":[{"__uuid__":"ecpdLyjvZBwrvm+cedCcQy"}],"_spriteFrame":{"__uuid__":"e5cN6YwURLurU2fFTl79fW"},"_sizeMode":0},{"__type__":"cc.RigidBody","node":{"__id__":45},"_linearDamping":0.2,"enabledContactListener":true},{"__type__":"cc.PhysicsBoxCollider","node":{"__id__":45},"_friction":0.5,"_size":{"__type__":"cc.Size","width":95,"height":95}},{"__type__":"d0933z+TVtA7YrxtIlT8W9u","node":{"__id__":45},"point1":300,"point2":100,"damageToGiveToPlayer":1,"angular_velocity":150},{"__type__":"acd38zgRtJBkoJjC48fiJKY","node":{"__id__":45},"bombeffect":{"__uuid__":"b0ysQ6zQtMiofcv9uOb2rp"}}],"_prefab":{"__type__":"cc.PrefabInfo","root":{"__id__":1},"asset":{"__uuid__":"ceLLteub5MUKNfALRNM1+O"},"fileId":"35a3/qngpMNLHEtIRkMTAU"},"_contentSize":{"__type__":"cc.Size","width":95,"height":95},"_trs":{"__type__":"TypedArray","ctor":"Float64Array","array":[3605.986,502.851,0,0,0,0,1,1,1,1]},"_groupIndex":3,"groupIndex":3},{"__type__":"cc.Node","_name":"bombeffect","_parent":{"__id__":45},"_active":false,"_components":[{"__type__":"cc.ParticleSystem","node":{"__id__":46},"_materials":[{"__uuid__":"ecpdLyjvZBwrvm+cedCcQy"}],"_custom":true,"_file":{"__uuid__":"fbVQCbYZJN7ZapAHG/T0Q8"},"_spriteFrame":{"__uuid__":"bctwiSIL5AU7KSd7s29KcV"},"autoRemoveOnFinish":true,"duration":0.1,"emissionRate":600,"lifeVar":1.5,"_startColor":{"__type__":"cc.Color","r":255,"g":255,"b":219,"a":219},"_startColorVar":{"__type__":"cc.Color","a":40},"_endColor":{"__type__":"cc.Color","r":255,"g":255,"b":209,"a":0},"_endColorVar":{"__type__":"cc.Color","a":0},"angle":0,"angleVar":360,"startSize":150,"startSizeVar":50,"endSize":250,"endSizeVar":70,"startSpinVar":40,"endSpinVar":90,"posVar":{"__type__":"cc.Vec2","x":100,"y":200},"_positionType":1,"positionType":1,"gravity":{"__type__":"cc.Vec2","y":50},"speed":100,"tangentialAccel":0}],"_prefab":{"__type__":"cc.PrefabInfo","root":{"__id__":1},"asset":{"__uuid__":"ceLLteub5MUKNfALRNM1+O"},"fileId":"eetXJ1/4tJuIN5AEMZYDw3"},"_trs":{"__type__":"TypedArray","ctor":"Float64Array","array":[0,0,0,0,0,0,1,1,1,1]}},{"__type__":"cc.Node","_name":"square_enemy","_parent":{"__id__":2},"_children":[{"__id__":48}],"_components":[{"__type__":"cc.Sprite","node":{"__id__":47},"_materials":[{"__uuid__":"ecpdLyjvZBwrvm+cedCcQy"}],"_spriteFrame":{"__uuid__":"e5cN6YwURLurU2fFTl79fW"},"_sizeMode":0},{"__type__":"cc.RigidBody","node":{"__id__":47},"_linearDamping":0.2,"enabledContactListener":true},{"__type__":"cc.PhysicsBoxCollider","node":{"__id__":47},"_friction":0.5,"_size":{"__type__":"cc.Size","width":95,"height":95}},{"__type__":"d0933z+TVtA7YrxtIlT8W9u","node":{"__id__":47},"point1":300,"point2":100,"damageToGiveToPlayer":1,"angular_velocity":150},{"__type__":"acd38zgRtJBkoJjC48fiJKY","node":{"__id__":47},"bombeffect":{"__uuid__":"b0ysQ6zQtMiofcv9uOb2rp"}}],"_prefab":{"__type__":"cc.PrefabInfo","root":{"__id__":1},"asset":{"__uuid__":"ceLLteub5MUKNfALRNM1+O"},"fileId":"01V+2VJZNHBrUmke/LswT3"},"_contentSize":{"__type__":"cc.Size","width":95,"height":95},"_trs":{"__type__":"TypedArray","ctor":"Float64Array","array":[1036.368,308.68,0,0,0,0,1,1,1,1]},"_groupIndex":3,"groupIndex":3},{"__type__":"cc.Node","_name":"bombeffect","_parent":{"__id__":47},"_active":false,"_components":[{"__type__":"cc.ParticleSystem","node":{"__id__":48},"_materials":[{"__uuid__":"ecpdLyjvZBwrvm+cedCcQy"}],"_custom":true,"_file":{"__uuid__":"fbVQCbYZJN7ZapAHG/T0Q8"},"_spriteFrame":{"__uuid__":"bctwiSIL5AU7KSd7s29KcV"},"autoRemoveOnFinish":true,"duration":0.1,"emissionRate":600,"lifeVar":1.5,"_startColor":{"__type__":"cc.Color","r":255,"g":255,"b":219,"a":219},"_startColorVar":{"__type__":"cc.Color","a":40},"_endColor":{"__type__":"cc.Color","r":255,"g":255,"b":209,"a":0},"_endColorVar":{"__type__":"cc.Color","a":0},"angle":0,"angleVar":360,"startSize":150,"startSizeVar":50,"endSize":250,"endSizeVar":70,"startSpinVar":40,"endSpinVar":90,"posVar":{"__type__":"cc.Vec2","x":100,"y":200},"_positionType":1,"positionType":1,"gravity":{"__type__":"cc.Vec2","y":50},"speed":100,"tangentialAccel":0}],"_prefab":{"__type__":"cc.PrefabInfo","root":{"__id__":1},"asset":{"__uuid__":"ceLLteub5MUKNfALRNM1+O"},"fileId":"5aCFbYAL5Da7fgXxKyFJLn"},"_trs":{"__type__":"TypedArray","ctor":"Float64Array","array":[0,0,0,0,0,0,1,1,1,1]}},{"__type__":"cc.Node","_name":"square_enemy","_parent":{"__id__":2},"_children":[{"__id__":50}],"_components":[{"__type__":"cc.Sprite","node":{"__id__":49},"_materials":[{"__uuid__":"ecpdLyjvZBwrvm+cedCcQy"}],"_spriteFrame":{"__uuid__":"e5cN6YwURLurU2fFTl79fW"},"_sizeMode":0},{"__type__":"cc.RigidBody","node":{"__id__":49},"_linearDamping":0.2,"enabledContactListener":true},{"__type__":"cc.PhysicsBoxCollider","node":{"__id__":49},"_friction":0.5,"_size":{"__type__":"cc.Size","width":95,"height":95}},{"__type__":"d0933z+TVtA7YrxtIlT8W9u","node":{"__id__":49},"point1":300,"point2":100,"damageToGiveToPlayer":1,"angular_velocity":150},{"__type__":"acd38zgRtJBkoJjC48fiJKY","node":{"__id__":49},"bombeffect":{"__uuid__":"b0ysQ6zQtMiofcv9uOb2rp"}}],"_prefab":{"__type__":"cc.PrefabInfo","root":{"__id__":1},"asset":{"__uuid__":"ceLLteub5MUKNfALRNM1+O"},"fileId":"79YCutXo9ID60u1kPBx3L0"},"_contentSize":{"__type__":"cc.Size","width":95,"height":95},"_trs":{"__type__":"TypedArray","ctor":"Float64Array","array":[4410.954,498.347,0,0,0,0,1,1,1,1]},"_groupIndex":3,"groupIndex":3},{"__type__":"cc.Node","_name":"bombeffect","_parent":{"__id__":49},"_active":false,"_components":[{"__type__":"cc.ParticleSystem","node":{"__id__":50},"_materials":[{"__uuid__":"ecpdLyjvZBwrvm+cedCcQy"}],"_custom":true,"_file":{"__uuid__":"fbVQCbYZJN7ZapAHG/T0Q8"},"_spriteFrame":{"__uuid__":"bctwiSIL5AU7KSd7s29KcV"},"autoRemoveOnFinish":true,"duration":0.1,"emissionRate":600,"lifeVar":1.5,"_startColor":{"__type__":"cc.Color","r":255,"g":255,"b":219,"a":219},"_startColorVar":{"__type__":"cc.Color","a":40},"_endColor":{"__type__":"cc.Color","r":255,"g":255,"b":209,"a":0},"_endColorVar":{"__type__":"cc.Color","a":0},"angle":0,"angleVar":360,"startSize":150,"startSizeVar":50,"endSize":250,"endSizeVar":70,"startSpinVar":40,"endSpinVar":90,"posVar":{"__type__":"cc.Vec2","x":100,"y":200},"_positionType":1,"positionType":1,"gravity":{"__type__":"cc.Vec2","y":50},"speed":100,"tangentialAccel":0}],"_prefab":{"__type__":"cc.PrefabInfo","root":{"__id__":1},"asset":{"__uuid__":"ceLLteub5MUKNfALRNM1+O"},"fileId":"fcsmM1LEBOcZGmMDswrfgV"},"_trs":{"__type__":"TypedArray","ctor":"Float64Array","array":[0,0,0,0,0,0,1,1,1,1]}},{"__type__":"cc.Node","_name":"square_enemy","_parent":{"__id__":2},"_children":[{"__id__":52}],"_components":[{"__type__":"cc.Sprite","node":{"__id__":51},"_materials":[{"__uuid__":"ecpdLyjvZBwrvm+cedCcQy"}],"_spriteFrame":{"__uuid__":"e5cN6YwURLurU2fFTl79fW"},"_sizeMode":0},{"__type__":"cc.RigidBody","node":{"__id__":51},"_linearDamping":0.2,"enabledContactListener":true},{"__type__":"cc.PhysicsBoxCollider","node":{"__id__":51},"_friction":0.5,"_size":{"__type__":"cc.Size","width":95,"height":95}},{"__type__":"d0933z+TVtA7YrxtIlT8W9u","node":{"__id__":51},"point1":300,"point2":100,"damageToGiveToPlayer":1,"angular_velocity":150},{"__type__":"acd38zgRtJBkoJjC48fiJKY","node":{"__id__":51},"bombeffect":{"__uuid__":"b0ysQ6zQtMiofcv9uOb2rp"}}],"_prefab":{"__type__":"cc.PrefabInfo","root":{"__id__":1},"asset":{"__uuid__":"ceLLteub5MUKNfALRNM1+O"},"fileId":"37RzXzhcVH2ZywX4K4xEZD"},"_contentSize":{"__type__":"cc.Size","width":95,"height":95},"_trs":{"__type__":"TypedArray","ctor":"Float64Array","array":[4806.237,498.347,0,0,0,0,1,1,1,1]},"_groupIndex":3,"groupIndex":3},{"__type__":"cc.Node","_name":"bombeffect","_parent":{"__id__":51},"_active":false,"_components":[{"__type__":"cc.ParticleSystem","node":{"__id__":52},"_materials":[{"__uuid__":"ecpdLyjvZBwrvm+cedCcQy"}],"_custom":true,"_file":{"__uuid__":"fbVQCbYZJN7ZapAHG/T0Q8"},"_spriteFrame":{"__uuid__":"bctwiSIL5AU7KSd7s29KcV"},"autoRemoveOnFinish":true,"duration":0.1,"emissionRate":600,"lifeVar":1.5,"_startColor":{"__type__":"cc.Color","r":255,"g":255,"b":219,"a":219},"_startColorVar":{"__type__":"cc.Color","a":40},"_endColor":{"__type__":"cc.Color","r":255,"g":255,"b":209,"a":0},"_endColorVar":{"__type__":"cc.Color","a":0},"angle":0,"angleVar":360,"startSize":150,"startSizeVar":50,"endSize":250,"endSizeVar":70,"startSpinVar":40,"endSpinVar":90,"posVar":{"__type__":"cc.Vec2","x":100,"y":200},"_positionType":1,"positionType":1,"gravity":{"__type__":"cc.Vec2","y":50},"speed":100,"tangentialAccel":0}],"_prefab":{"__type__":"cc.PrefabInfo","root":{"__id__":1},"asset":{"__uuid__":"ceLLteub5MUKNfALRNM1+O"},"fileId":"93XbSGNSpK4Inf5p+yPosN"},"_trs":{"__type__":"TypedArray","ctor":"Float64Array","array":[0,0,0,0,0,0,1,1,1,1]}},{"__type__":"cc.Node","_name":"heros","_parent":{"__id__":1},"_children":[{"__id__":54},{"__id__":70}],"_prefab":{"__type__":"cc.PrefabInfo","root":{"__id__":1},"asset":{"__uuid__":"ceLLteub5MUKNfALRNM1+O"},"fileId":"5d0N06W1FFz7lhRywj0cY6"},"_anchorPoint":{"__type__":"cc.Vec2"},"_trs":{"__type__":"TypedArray","ctor":"Float64Array","array":[0,0,0,0,0,0,1,1,1,1]},"_groupIndex":1,"groupIndex":1},{"__type__":"cc.Node","_name":"coins","_parent":{"__id__":53},"_children":[{"__id__":55},{"__id__":56},{"__id__":57},{"__id__":58},{"__id__":59},{"__id__":60},{"__id__":61},{"__id__":62},{"__id__":63},{"__id__":64},{"__id__":65},{"__id__":66},{"__id__":67},{"__id__":68},{"__id__":69}],"_prefab":{"__type__":"cc.PrefabInfo","root":{"__id__":1},"asset":{"__uuid__":"ceLLteub5MUKNfALRNM1+O"},"fileId":"8ccQ69ltRA/ZPaWDex0T6u"},"_anchorPoint":{"__type__":"cc.Vec2"},"_trs":{"__type__":"TypedArray","ctor":"Float64Array","array":[0,10,0,0,0,0,1,1,1,1]},"_groupIndex":1,"groupIndex":1},{"__type__":"cc.Node","_name":"coin","_parent":{"__id__":54},"_components":[{"__type__":"cc.Sprite","_name":"coin<Sprite>","node":{"__id__":55},"_materials":[{"__uuid__":"ecpdLyjvZBwrvm+cedCcQy"}],"_spriteFrame":{"__uuid__":"5fBaYM24ZPr4CKfNVUvrdH"},"_sizeMode":0},{"__type__":"cc.RigidBody","node":{"__id__":55},"_type":0,"_allowSleep":false,"enabledContactListener":true},{"__type__":"cc.PhysicsCircleCollider","node":{"__id__":55},"_sensor":true,"_restitution":0.2,"_radius":23},{"__type__":"069edsCLOBL15FM+XA6qGxf","node":{"__id__":55},"pickeffect":{"__uuid__":"2e0DSCaaJHNKIgvBUfLo/u"}}],"_prefab":{"__type__":"cc.PrefabInfo","root":{"__id__":1},"asset":{"__uuid__":"ceLLteub5MUKNfALRNM1+O"},"fileId":"7bv5bHEy5JEI8I1rMMIgkj"},"_contentSize":{"__type__":"cc.Size","width":46,"height":46},"_trs":{"__type__":"TypedArray","ctor":"Float64Array","array":[2375.972,783.031,0,0,0,0,1,1,1,1]},"_groupIndex":1,"groupIndex":1},{"__type__":"cc.Node","_name":"coin2","_parent":{"__id__":54},"_components":[{"__type__":"cc.Sprite","_name":"coin2<Sprite>","node":{"__id__":56},"_materials":[{"__uuid__":"ecpdLyjvZBwrvm+cedCcQy"}],"_spriteFrame":{"__uuid__":"5fBaYM24ZPr4CKfNVUvrdH"},"_sizeMode":0},{"__type__":"cc.RigidBody","node":{"__id__":56},"_type":0,"_allowSleep":false,"enabledContactListener":true},{"__type__":"cc.PhysicsCircleCollider","node":{"__id__":56},"_sensor":true,"_restitution":0.2,"_radius":23},{"__type__":"069edsCLOBL15FM+XA6qGxf","node":{"__id__":56},"pickeffect":{"__uuid__":"2e0DSCaaJHNKIgvBUfLo/u"}}],"_prefab":{"__type__":"cc.PrefabInfo","root":{"__id__":1},"asset":{"__uuid__":"ceLLteub5MUKNfALRNM1+O"},"fileId":"d6LqyV7QNHOaMK5pHP+nWL"},"_contentSize":{"__type__":"cc.Size","width":46,"height":46},"_trs":{"__type__":"TypedArray","ctor":"Float64Array","array":[1682.366,560.651,0,0,0,0,1,1,1,1]},"_groupIndex":1,"groupIndex":1},{"__type__":"cc.Node","_name":"coin3","_parent":{"__id__":54},"_components":[{"__type__":"cc.Sprite","_name":"coin3<Sprite>","node":{"__id__":57},"_materials":[{"__uuid__":"ecpdLyjvZBwrvm+cedCcQy"}],"_spriteFrame":{"__uuid__":"5fBaYM24ZPr4CKfNVUvrdH"},"_sizeMode":0},{"__type__":"cc.RigidBody","node":{"__id__":57},"_type":0,"_allowSleep":false,"enabledContactListener":true},{"__type__":"cc.PhysicsCircleCollider","node":{"__id__":57},"_sensor":true,"_restitution":0.2,"_radius":23},{"__type__":"069edsCLOBL15FM+XA6qGxf","node":{"__id__":57},"pickeffect":{"__uuid__":"2e0DSCaaJHNKIgvBUfLo/u"}}],"_prefab":{"__type__":"cc.PrefabInfo","root":{"__id__":1},"asset":{"__uuid__":"ceLLteub5MUKNfALRNM1+O"},"fileId":"9crsXsvoJKeLf6MvHgtw9S"},"_contentSize":{"__type__":"cc.Size","width":46,"height":46},"_trs":{"__type__":"TypedArray","ctor":"Float64Array","array":[3142.484,487.351,0,0,0,0,1,1,1,1]},"_groupIndex":1,"groupIndex":1},{"__type__":"cc.Node","_name":"coin4","_parent":{"__id__":54},"_components":[{"__type__":"cc.Sprite","_name":"coin4<Sprite>","node":{"__id__":58},"_materials":[{"__uuid__":"ecpdLyjvZBwrvm+cedCcQy"}],"_spriteFrame":{"__uuid__":"5fBaYM24ZPr4CKfNVUvrdH"},"_sizeMode":0},{"__type__":"cc.RigidBody","node":{"__id__":58},"_type":0,"_allowSleep":false,"enabledContactListener":true},{"__type__":"cc.PhysicsCircleCollider","node":{"__id__":58},"_sensor":true,"_restitution":0.2,"_radius":23},{"__type__":"069edsCLOBL15FM+XA6qGxf","node":{"__id__":58},"pickeffect":{"__uuid__":"2e0DSCaaJHNKIgvBUfLo/u"}}],"_prefab":{"__type__":"cc.PrefabInfo","root":{"__id__":1},"asset":{"__uuid__":"ceLLteub5MUKNfALRNM1+O"},"fileId":"9bBScgEftEw4P91NJbQDMa"},"_contentSize":{"__type__":"cc.Size","width":46,"height":46},"_trs":{"__type__":"TypedArray","ctor":"Float64Array","array":[2370,340,0,0,0,0,1,1,1,1]},"_groupIndex":1,"groupIndex":1},{"__type__":"cc.Node","_name":"coin5","_parent":{"__id__":54},"_components":[{"__type__":"cc.Sprite","_name":"coin5<Sprite>","node":{"__id__":59},"_materials":[{"__uuid__":"ecpdLyjvZBwrvm+cedCcQy"}],"_spriteFrame":{"__uuid__":"5fBaYM24ZPr4CKfNVUvrdH"},"_sizeMode":0},{"__type__":"cc.RigidBody","node":{"__id__":59},"_type":0,"_allowSleep":false,"enabledContactListener":true},{"__type__":"cc.PhysicsCircleCollider","node":{"__id__":59},"_sensor":true,"_restitution":0.2,"_radius":23},{"__type__":"069edsCLOBL15FM+XA6qGxf","node":{"__id__":59},"pickeffect":{"__uuid__":"2e0DSCaaJHNKIgvBUfLo/u"}}],"_prefab":{"__type__":"cc.PrefabInfo","root":{"__id__":1},"asset":{"__uuid__":"ceLLteub5MUKNfALRNM1+O"},"fileId":"c9wHa/JDZEUKeWA3uzAxXP"},"_contentSize":{"__type__":"cc.Size","width":46,"height":46},"_trs":{"__type__":"TypedArray","ctor":"Float64Array","array":[3219.53,489.236,0,0,0,0,1,1,1,1]},"_groupIndex":1,"groupIndex":1},{"__type__":"cc.Node","_name":"coin","_parent":{"__id__":54},"_components":[{"__type__":"cc.Sprite","_name":"coin<Sprite>","node":{"__id__":60},"_materials":[{"__uuid__":"ecpdLyjvZBwrvm+cedCcQy"}],"_spriteFrame":{"__uuid__":"5fBaYM24ZPr4CKfNVUvrdH"},"_sizeMode":0},{"__type__":"cc.RigidBody","node":{"__id__":60},"_type":0,"_allowSleep":false,"enabledContactListener":true},{"__type__":"cc.PhysicsCircleCollider","node":{"__id__":60},"_sensor":true,"_restitution":0.2,"_radius":23},{"__type__":"069edsCLOBL15FM+XA6qGxf","node":{"__id__":60},"pickeffect":{"__uuid__":"2e0DSCaaJHNKIgvBUfLo/u"}}],"_prefab":{"__type__":"cc.PrefabInfo","root":{"__id__":1},"asset":{"__uuid__":"ceLLteub5MUKNfALRNM1+O"},"fileId":"9dOw8LmplPQ4aRKyWgJ3eW"},"_contentSize":{"__type__":"cc.Size","width":46,"height":46},"_trs":{"__type__":"TypedArray","ctor":"Float64Array","array":[2493.507,837.512,0,0,0,0,1,1,1,1]},"_groupIndex":1,"groupIndex":1},{"__type__":"cc.Node","_name":"coin","_parent":{"__id__":54},"_components":[{"__type__":"cc.Sprite","_name":"coin<Sprite>","node":{"__id__":61},"_materials":[{"__uuid__":"ecpdLyjvZBwrvm+cedCcQy"}],"_spriteFrame":{"__uuid__":"5fBaYM24ZPr4CKfNVUvrdH"},"_sizeMode":0},{"__type__":"cc.RigidBody","node":{"__id__":61},"_type":0,"_allowSleep":false,"enabledContactListener":true},{"__type__":"cc.PhysicsCircleCollider","node":{"__id__":61},"_sensor":true,"_restitution":0.2,"_radius":23},{"__type__":"069edsCLOBL15FM+XA6qGxf","node":{"__id__":61},"pickeffect":{"__uuid__":"2e0DSCaaJHNKIgvBUfLo/u"}}],"_prefab":{"__type__":"cc.PrefabInfo","root":{"__id__":1},"asset":{"__uuid__":"ceLLteub5MUKNfALRNM1+O"},"fileId":"baoK3dbixHjJQnLGGkZPTs"},"_contentSize":{"__type__":"cc.Size","width":46,"height":46},"_trs":{"__type__":"TypedArray","ctor":"Float64Array","array":[1597.159,558.996,0,0,0,0,1,1,1,1]},"_groupIndex":1,"groupIndex":1},{"__type__":"cc.Node","_name":"coin","_parent":{"__id__":54},"_components":[{"__type__":"cc.Sprite","_name":"coin<Sprite>","node":{"__id__":62},"_materials":[{"__uuid__":"ecpdLyjvZBwrvm+cedCcQy"}],"_spriteFrame":{"__uuid__":"5fBaYM24ZPr4CKfNVUvrdH"},"_sizeMode":0},{"__type__":"cc.RigidBody","node":{"__id__":62},"_type":0,"_allowSleep":false,"enabledContactListener":true},{"__type__":"cc.PhysicsCircleCollider","node":{"__id__":62},"_sensor":true,"_restitution":0.2,"_radius":23},{"__type__":"069edsCLOBL15FM+XA6qGxf","node":{"__id__":62},"pickeffect":{"__uuid__":"2e0DSCaaJHNKIgvBUfLo/u"}}],"_prefab":{"__type__":"cc.PrefabInfo","root":{"__id__":1},"asset":{"__uuid__":"ceLLteub5MUKNfALRNM1+O"},"fileId":"afsUPyBflI9rpgoWuFxr+1"},"_contentSize":{"__type__":"cc.Size","width":46,"height":46},"_trs":{"__type__":"TypedArray","ctor":"Float64Array","array":[1683.806,482.455,0,0,0,0,1,1,1,1]},"_groupIndex":1,"groupIndex":1},{"__type__":"cc.Node","_name":"coin","_parent":{"__id__":54},"_components":[{"__type__":"cc.Sprite","_name":"coin<Sprite>","node":{"__id__":63},"_materials":[{"__uuid__":"ecpdLyjvZBwrvm+cedCcQy"}],"_spriteFrame":{"__uuid__":"5fBaYM24ZPr4CKfNVUvrdH"},"_sizeMode":0},{"__type__":"cc.RigidBody","node":{"__id__":63},"_type":0,"_allowSleep":false,"enabledContactListener":true},{"__type__":"cc.PhysicsCircleCollider","node":{"__id__":63},"_sensor":true,"_restitution":0.2,"_radius":23},{"__type__":"069edsCLOBL15FM+XA6qGxf","node":{"__id__":63},"pickeffect":{"__uuid__":"2e0DSCaaJHNKIgvBUfLo/u"}}],"_prefab":{"__type__":"cc.PrefabInfo","root":{"__id__":1},"asset":{"__uuid__":"ceLLteub5MUKNfALRNM1+O"},"fileId":"afM5X5FxJGRb1yLSM204iB"},"_contentSize":{"__type__":"cc.Size","width":46,"height":46},"_trs":{"__type__":"TypedArray","ctor":"Float64Array","array":[1596.831,482.455,0,0,0,0,1,1,1,1]},"_groupIndex":1,"groupIndex":1},{"__type__":"cc.Node","_name":"coin","_parent":{"__id__":54},"_components":[{"__type__":"cc.Sprite","_name":"coin<Sprite>","node":{"__id__":64},"_materials":[{"__uuid__":"ecpdLyjvZBwrvm+cedCcQy"}],"_spriteFrame":{"__uuid__":"5fBaYM24ZPr4CKfNVUvrdH"},"_sizeMode":0},{"__type__":"cc.RigidBody","node":{"__id__":64},"_type":0,"_allowSleep":false,"enabledContactListener":true},{"__type__":"cc.PhysicsCircleCollider","node":{"__id__":64},"_sensor":true,"_restitution":0.2,"_radius":23},{"__type__":"069edsCLOBL15FM+XA6qGxf","node":{"__id__":64},"pickeffect":{"__uuid__":"2e0DSCaaJHNKIgvBUfLo/u"}}],"_prefab":{"__type__":"cc.PrefabInfo","root":{"__id__":1},"asset":{"__uuid__":"ceLLteub5MUKNfALRNM1+O"},"fileId":"35IxQ1JTJHKohZaIWXOJQr"},"_contentSize":{"__type__":"cc.Size","width":46,"height":46},"_trs":{"__type__":"TypedArray","ctor":"Float64Array","array":[3056.886,486.603,0,0,0,0,1,1,1,1]},"_groupIndex":1,"groupIndex":1},{"__type__":"cc.Node","_name":"coin","_parent":{"__id__":54},"_components":[{"__type__":"cc.Sprite","_name":"coin<Sprite>","node":{"__id__":65},"_materials":[{"__uuid__":"ecpdLyjvZBwrvm+cedCcQy"}],"_spriteFrame":{"__uuid__":"5fBaYM24ZPr4CKfNVUvrdH"},"_sizeMode":0},{"__type__":"cc.RigidBody","node":{"__id__":65},"_type":0,"_allowSleep":false,"enabledContactListener":true},{"__type__":"cc.PhysicsCircleCollider","node":{"__id__":65},"_sensor":true,"_restitution":0.2,"_radius":23},{"__type__":"069edsCLOBL15FM+XA6qGxf","node":{"__id__":65},"pickeffect":{"__uuid__":"2e0DSCaaJHNKIgvBUfLo/u"}}],"_prefab":{"__type__":"cc.PrefabInfo","root":{"__id__":1},"asset":{"__uuid__":"ceLLteub5MUKNfALRNM1+O"},"fileId":"3cspzzS0pN0ZRhzwCUIGaV"},"_contentSize":{"__type__":"cc.Size","width":46,"height":46},"_trs":{"__type__":"TypedArray","ctor":"Float64Array","array":[3301.778,489.923,0,0,0,0,1,1,1,1]},"_groupIndex":1,"groupIndex":1},{"__type__":"cc.Node","_name":"coin","_parent":{"__id__":54},"_components":[{"__type__":"cc.Sprite","_name":"coin<Sprite>","node":{"__id__":66},"_materials":[{"__uuid__":"ecpdLyjvZBwrvm+cedCcQy"}],"_spriteFrame":{"__uuid__":"5fBaYM24ZPr4CKfNVUvrdH"},"_sizeMode":0},{"__type__":"cc.RigidBody","node":{"__id__":66},"_type":0,"_allowSleep":false,"enabledContactListener":true},{"__type__":"cc.PhysicsCircleCollider","node":{"__id__":66},"_sensor":true,"_restitution":0.2,"_radius":23},{"__type__":"069edsCLOBL15FM+XA6qGxf","node":{"__id__":66},"pickeffect":{"__uuid__":"2e0DSCaaJHNKIgvBUfLo/u"}}],"_prefab":{"__type__":"cc.PrefabInfo","root":{"__id__":1},"asset":{"__uuid__":"ceLLteub5MUKNfALRNM1+O"},"fileId":"96RlA8siRMlbFG3wmkiJ8v"},"_contentSize":{"__type__":"cc.Size","width":46,"height":46},"_trs":{"__type__":"TypedArray","ctor":"Float64Array","array":[2268.587,728.445,0,0,0,0,1,1,1,1]},"_groupIndex":1,"groupIndex":1},{"__type__":"cc.Node","_name":"coin","_parent":{"__id__":54},"_components":[{"__type__":"cc.Sprite","_name":"coin<Sprite>","node":{"__id__":67},"_materials":[{"__uuid__":"ecpdLyjvZBwrvm+cedCcQy"}],"_spriteFrame":{"__uuid__":"5fBaYM24ZPr4CKfNVUvrdH"},"_sizeMode":0},{"__type__":"cc.RigidBody","node":{"__id__":67},"_type":0,"_allowSleep":false,"enabledContactListener":true},{"__type__":"cc.PhysicsCircleCollider","node":{"__id__":67},"_sensor":true,"_restitution":0.2,"_radius":23},{"__type__":"069edsCLOBL15FM+XA6qGxf","node":{"__id__":67},"pickeffect":{"__uuid__":"2e0DSCaaJHNKIgvBUfLo/u"}}],"_prefab":{"__type__":"cc.PrefabInfo","root":{"__id__":1},"asset":{"__uuid__":"ceLLteub5MUKNfALRNM1+O"},"fileId":"9e7S1qN0lFu6dU+WmvtRdK"},"_contentSize":{"__type__":"cc.Size","width":46,"height":46},"_trs":{"__type__":"TypedArray","ctor":"Float64Array","array":[5805.294,487.942,0,0,0,0,1,1,1,1]},"_groupIndex":1,"groupIndex":1},{"__type__":"cc.Node","_name":"coin","_parent":{"__id__":54},"_components":[{"__type__":"cc.Sprite","_name":"coin<Sprite>","node":{"__id__":68},"_materials":[{"__uuid__":"ecpdLyjvZBwrvm+cedCcQy"}],"_spriteFrame":{"__uuid__":"5fBaYM24ZPr4CKfNVUvrdH"},"_sizeMode":0},{"__type__":"cc.RigidBody","node":{"__id__":68},"_type":0,"_allowSleep":false,"enabledContactListener":true},{"__type__":"cc.PhysicsCircleCollider","node":{"__id__":68},"_sensor":true,"_restitution":0.2,"_radius":23},{"__type__":"069edsCLOBL15FM+XA6qGxf","node":{"__id__":68},"pickeffect":{"__uuid__":"2e0DSCaaJHNKIgvBUfLo/u"}}],"_prefab":{"__type__":"cc.PrefabInfo","root":{"__id__":1},"asset":{"__uuid__":"ceLLteub5MUKNfALRNM1+O"},"fileId":"c74Haw5TxM440KOaZhaNR1"},"_contentSize":{"__type__":"cc.Size","width":46,"height":46},"_trs":{"__type__":"TypedArray","ctor":"Float64Array","array":[5895.926,487.942,0,0,0,0,1,1,1,1]},"_groupIndex":1,"groupIndex":1},{"__type__":"cc.Node","_name":"coin","_parent":{"__id__":54},"_components":[{"__type__":"cc.Sprite","_name":"coin<Sprite>","node":{"__id__":69},"_materials":[{"__uuid__":"ecpdLyjvZBwrvm+cedCcQy"}],"_spriteFrame":{"__uuid__":"5fBaYM24ZPr4CKfNVUvrdH"},"_sizeMode":0},{"__type__":"cc.RigidBody","node":{"__id__":69},"_type":0,"_allowSleep":false,"enabledContactListener":true},{"__type__":"cc.PhysicsCircleCollider","node":{"__id__":69},"_sensor":true,"_restitution":0.2,"_radius":23},{"__type__":"069edsCLOBL15FM+XA6qGxf","node":{"__id__":69},"pickeffect":{"__uuid__":"2e0DSCaaJHNKIgvBUfLo/u"}}],"_prefab":{"__type__":"cc.PrefabInfo","root":{"__id__":1},"asset":{"__uuid__":"ceLLteub5MUKNfALRNM1+O"},"fileId":"f80Mu6illKY6qO/poKCQq/"},"_contentSize":{"__type__":"cc.Size","width":46,"height":46},"_trs":{"__type__":"TypedArray","ctor":"Float64Array","array":[5986.558,487.942,0,0,0,0,1,1,1,1]},"_groupIndex":1,"groupIndex":1},{"__type__":"cc.Node","_name":"water","_parent":{"__id__":53},"_children":[{"__id__":71},{"__id__":74},{"__id__":73},{"__id__":75},{"__id__":76},{"__id__":78}],"_prefab":{"__type__":"cc.PrefabInfo","root":{"__id__":1},"asset":{"__uuid__":"ceLLteub5MUKNfALRNM1+O"},"fileId":"21jMZmmNJKcLrv187yZLNb"},"_trs":{"__type__":"TypedArray","ctor":"Float64Array","array":[0,0,0,0,0,0,1,1,1,1]}},{"__type__":"cc.Node","_name":"water_wave","_parent":{"__id__":70},"_components":[{"__type__":"cc.Animation","node":{"__id__":71},"_defaultClip":{"__uuid__":"e7Pq6jGgxO8aBeoB4a8Qlr"},"_clips":[{"__uuid__":"e7Pq6jGgxO8aBeoB4a8Qlr"}]},{"__type__":"cc.Sprite","node":{"__id__":71},"_materials":[{"__uuid__":"ecpdLyjvZBwrvm+cedCcQy"}],"_spriteFrame":{"__uuid__":"c3wTswCOlDlbssla3OaU0R"}},{"__type__":"cc.RigidBody","node":{"__id__":71},"_type":0,"enabledContactListener":true},{"__type__":"cc.PhysicsCircleCollider","node":{"__id__":71},"_sensor":true,"_radius":1000},{"__type__":"3bbb1SGj/9JnblxsAvaGhl6","node":{"__id__":71},"bubble_particle":{"__id__":72}}],"_prefab":{"__type__":"cc.PrefabInfo","root":{"__id__":1},"asset":{"__uuid__":"ceLLteub5MUKNfALRNM1+O"},"fileId":"48neMPcClPEKDBWMgE0FzJ"},"_contentSize":{"__type__":"cc.Size","width":943,"height":19},"_trs":{"__type__":"TypedArray","ctor":"Float64Array","array":[2133.431,204.79,0,0,0,0,1,1,1,1]},"_groupIndex":2,"groupIndex":2},{"__type__":"cc.ParticleSystem","node":{"__id__":73},"_materials":[{"__uuid__":"ecpdLyjvZBwrvm+cedCcQy"}],"_dstBlendFactor":1,"_custom":true,"_file":{"__uuid__":"93SrmrwrVFgaLvA6HesiAd"},"_spriteFrame":{"__uuid__":"038oKT9rlDW5GqnT+aEE7K"},"totalParticles":80,"emissionRate":40,"lifeVar":0.5,"_startColor":{"__type__":"cc.Color","r":124,"g":255,"b":216,"a":0},"_startColorVar":{"__type__":"cc.Color","g":66,"b":73,"a":49},"_endColor":{"__type__":"cc.Color","r":193,"g":255,"b":255,"a":61},"_endColorVar":{"__type__":"cc.Color","g":79,"b":61,"a":54},"angleVar":40,"startSize":2,"startSizeVar":2,"endSize":15,"endSizeVar":5,"posVar":{"__type__":"cc.Vec2","x":400,"y":50},"_positionType":1,"positionType":1,"gravity":{"__type__":"cc.Vec2","y":20},"speed":20,"speedVar":10,"tangentialAccel":0},{"__type__":"cc.Node","_name":"water-bubble","_parent":{"__id__":70},"_components":[{"__id__":72}],"_prefab":{"__type__":"cc.PrefabInfo","root":{"__id__":1},"asset":{"__uuid__":"ceLLteub5MUKNfALRNM1+O"},"fileId":"7c3cF/eopCI62f9rWeRbmo"},"_trs":{"__type__":"TypedArray","ctor":"Float64Array","array":[2114.97,-30.081,0,0,0,0,1,1,1,1]},"_groupIndex":2,"groupIndex":2},{"__type__":"cc.Node","_name":"water","_parent":{"__id__":70},"_components":[{"__type__":"cc.Sprite","node":{"__id__":74},"_materials":[{"__uuid__":"65aP0KEIpAk7/pjJNosxL5"}],"_spriteFrame":{"__uuid__":"0db9rXK7BAuJhYB4L7U0Kf"},"_sizeMode":0},{"__type__":"019bfUOFLZAC62vrujK9eUg","node":{"__id__":74},"normalmap":{"__uuid__":"abTirDIrROorOQNbbLQEOw"},"fallin_effect":{"__uuid__":"08QeMWPQtOsIi8UzSsTttc"}},{"__type__":"2f15ftGjExIyrnz9ttHdx3T","node":{"__id__":74},"density":2.5}],"_prefab":{"__type__":"cc.PrefabInfo","root":{"__id__":1},"asset":{"__uuid__":"ceLLteub5MUKNfALRNM1+O"},"fileId":"71YvYMPAlNlZQAyd6+IO1V"},"_contentSize":{"__type__":"cc.Size","width":1000,"height":256},"_trs":{"__type__":"TypedArray","ctor":"Float64Array","array":[2150.967,68.919,0,0,0,0,1,1,1,1]},"_groupIndex":2,"groupIndex":2},{"__type__":"cc.Node","_name":"water","_parent":{"__id__":70},"_components":[{"__type__":"cc.Sprite","node":{"__id__":75},"_materials":[{"__uuid__":"65aP0KEIpAk7/pjJNosxL5"}],"_spriteFrame":{"__uuid__":"0db9rXK7BAuJhYB4L7U0Kf"},"_sizeMode":0},{"__type__":"019bfUOFLZAC62vrujK9eUg","node":{"__id__":75},"normalmap":{"__uuid__":"abTirDIrROorOQNbbLQEOw"},"fallin_effect":{"__uuid__":"08QeMWPQtOsIi8UzSsTttc"}},{"__type__":"2f15ftGjExIyrnz9ttHdx3T","node":{"__id__":75},"density":2.5}],"_prefab":{"__type__":"cc.PrefabInfo","root":{"__id__":1},"asset":{"__uuid__":"ceLLteub5MUKNfALRNM1+O"},"fileId":"9bMc1Sgc9Dq7vQr/vvIxu9"},"_contentSize":{"__type__":"cc.Size","width":1300,"height":256},"_trs":{"__type__":"TypedArray","ctor":"Float64Array","array":[4658.773,68.919,0,0,0,0,1,1,1,1]},"_groupIndex":2,"groupIndex":2},{"__type__":"cc.Node","_name":"water-bubble","_parent":{"__id__":70},"_active":false,"_components":[{"__id__":77}],"_prefab":{"__type__":"cc.PrefabInfo","root":{"__id__":1},"asset":{"__uuid__":"ceLLteub5MUKNfALRNM1+O"},"fileId":"bbsd6NgnJFvIYAyubHBIET"},"_trs":{"__type__":"TypedArray","ctor":"Float64Array","array":[4658.773,-30.081,0,0,0,0,1,1,1,1]},"_groupIndex":2,"groupIndex":2},{"__type__":"cc.ParticleSystem","node":{"__id__":76},"_materials":[{"__uuid__":"ecpdLyjvZBwrvm+cedCcQy"}],"_dstBlendFactor":1,"_custom":true,"_file":{"__uuid__":"93SrmrwrVFgaLvA6HesiAd"},"_spriteFrame":{"__uuid__":"038oKT9rlDW5GqnT+aEE7K"},"totalParticles":80,"emissionRate":40,"lifeVar":0.5,"_startColor":{"__type__":"cc.Color","r":124,"g":255,"b":216,"a":0},"_startColorVar":{"__type__":"cc.Color","g":66,"b":73,"a":49},"_endColor":{"__type__":"cc.Color","r":193,"g":255,"b":255,"a":61},"_endColorVar":{"__type__":"cc.Color","g":79,"b":61,"a":54},"angleVar":40,"startSize":2,"startSizeVar":2,"endSize":15,"endSizeVar":5,"posVar":{"__type__":"cc.Vec2","x":400,"y":50},"_positionType":1,"positionType":1,"gravity":{"__type__":"cc.Vec2","y":20},"speed":20,"speedVar":10,"tangentialAccel":0},{"__type__":"cc.Node","_name":"water_wave","_parent":{"__id__":70},"_components":[{"__type__":"cc.Animation","node":{"__id__":78},"_defaultClip":{"__uuid__":"e7Pq6jGgxO8aBeoB4a8Qlr"},"_clips":[{"__uuid__":"e7Pq6jGgxO8aBeoB4a8Qlr"}]},{"__type__":"cc.Sprite","node":{"__id__":78},"_materials":[{"__uuid__":"ecpdLyjvZBwrvm+cedCcQy"}],"_spriteFrame":{"__uuid__":"c3wTswCOlDlbssla3OaU0R"},"_sizeMode":0},{"__type__":"cc.RigidBody","node":{"__id__":78},"_type":0,"enabledContactListener":true},{"__type__":"cc.PhysicsCircleCollider","node":{"__id__":78},"_sensor":true,"_radius":1000},{"__type__":"3bbb1SGj/9JnblxsAvaGhl6","node":{"__id__":78},"bubble_particle":{"__id__":77}}],"_prefab":{"__type__":"cc.PrefabInfo","root":{"__id__":1},"asset":{"__uuid__":"ceLLteub5MUKNfALRNM1+O"},"fileId":"99UEEKwUdL1Ir9bH4SOlzc"},"_contentSize":{"__type__":"cc.Size","width":1350,"height":19},"_trs":{"__type__":"TypedArray","ctor":"Float64Array","array":[4677.234,206.88,0,0,0,0,1,1,1,1]},"_groupIndex":2,"groupIndex":2},{"__type__":"cc.Node","_name":"redballs","_parent":{"__id__":1},"_children":[{"__id__":80}],"_prefab":{"__type__":"cc.PrefabInfo","root":{"__id__":1},"asset":{"__uuid__":"ceLLteub5MUKNfALRNM1+O"},"fileId":"2eq0B6155P0ZDqJJNL3OvW"},"_trs":{"__type__":"TypedArray","ctor":"Float64Array","array":[0,0,0,0,0,0,1,1,1,1]}},{"__type__":"cc.Node","_name":"redball","_parent":{"__id__":79},"_components":[{"__type__":"cc.Sprite","_name":"redball<Sprite>","node":{"__id__":80},"_materials":[{"__uuid__":"ecpdLyjvZBwrvm+cedCcQy"}],"_spriteFrame":{"__uuid__":"8amSVup6xJdK42n8GJawo0"},"_sizeMode":0}],"_prefab":{"__type__":"cc.PrefabInfo","root":{"__id__":1},"asset":{"__uuid__":"ceLLteub5MUKNfALRNM1+O"},"fileId":"38b/0+gWFG6L4xvw1vn8WA"},"_contentSize":{"__type__":"cc.Size","width":70,"height":70},"_trs":{"__type__":"TypedArray","ctor":"Float64Array","array":[500,366.769,0,0,0,0,1,1,1,1]},"_groupIndex":1,"groupIndex":1},{"__type__":"cc.Node","_name":"map","_parent":{"__id__":1},"_children":[{"__id__":82},{"__id__":83},{"__id__":84},{"__id__":85},{"__id__":86},{"__id__":87},{"__id__":88},{"__id__":89},{"__id__":90},{"__id__":91},{"__id__":92},{"__id__":93},{"__id__":94},{"__id__":95},{"__id__":96},{"__id__":97},{"__id__":98},{"__id__":99},{"__id__":100},{"__id__":101},{"__id__":102},{"__id__":103},{"__id__":104},{"__id__":105},{"__id__":106},{"__id__":107}],"_components":[{"__type__":"cc.Sprite","_name":"level-1-bg<Sprite>","node":{"__id__":81},"_enabled":false,"_materials":[{"__uuid__":"ecpdLyjvZBwrvm+cedCcQy"}],"_sizeMode":0},{"__type__":"cc.Widget","node":{"__id__":81},"_alignFlags":12,"_left":-260},{"__type__":"cc.RigidBody","node":{"__id__":81},"_type":0,"enabledContactListener":true},{"__type__":"3f7d7Fq0GJHmorMw7NXzmcC","node":{"__id__":81}},{"__type__":"cc.PhysicsPolygonCollider","node":{"__id__":81},"_offset":{"__type__":"cc.Vec2","x":108,"y":185},"points":[{"__type__":"cc.Vec2","x":-108,"y":-185},{"__type__":"cc.Vec2","x":1890.8,"y":-185.2},{"__type__":"cc.Vec2","x":1891.87,"y":264.98},{"__type__":"cc.Vec2","x":1691.891,"y":265.001},{"__type__":"cc.Vec2","x":1690.6,"y":74.7},{"__type__":"cc.Vec2","x":-107.1,"y":74.2}]},{"__type__":"cc.PhysicsPolygonCollider","node":{"__id__":81},"_offset":{"__type__":"cc.Vec2","x":2063.2,"y":198},"points":[{"__type__":"cc.Vec2","x":350.2,"y":-197.8},{"__type__":"cc.Vec2","x":2355.34,"y":-198.01},{"__type__":"cc.Vec2","x":2351,"y":251},{"__type__":"cc.Vec2","x":750.07,"y":252.06},{"__type__":"cc.Vec2","x":750.11,"y":501.92},{"__type__":"cc.Vec2","x":350.14,"y":501.93}]},{"__type__":"cc.PhysicsPolygonCollider","node":{"__id__":81},"_offset":{"__type__":"cc.Vec2","x":8411.7,"y":154.6},"points":[{"__type__":"cc.Vec2","x":-2987.6,"y":-154.4},{"__type__":"cc.Vec2","x":1608,"y":-156},{"__type__":"cc.Vec2","x":1610.1,"y":415.4},{"__type__":"cc.Vec2","x":-188.9,"y":413.5},{"__type__":"cc.Vec2","x":-188.9,"y":145.4},{"__type__":"cc.Vec2","x":-611.8,"y":147},{"__type__":"cc.Vec2","x":-988,"y":146},{"__type__":"cc.Vec2","x":-1710,"y":146.3},{"__type__":"cc.Vec2","x":-1987.8391,"y":247.596},{"__type__":"cc.Vec2","x":-1987.823,"y":295.412},{"__type__":"cc.Vec2","x":-2987.81,"y":295.4}]}],"_prefab":{"__type__":"cc.PrefabInfo","root":{"__id__":1},"asset":{"__uuid__":"ceLLteub5MUKNfALRNM1+O"},"fileId":"e1fBD8bPhPQ7TjfhC+D/jc"},"_contentSize":{"__type__":"cc.Size","width":6045,"height":260},"_anchorPoint":{"__type__":"cc.Vec2"},"_trs":{"__type__":"TypedArray","ctor":"Float64Array","array":[-260,0,0,0,0,0,1,1,1,1]},"_groupIndex":3,"groupIndex":3},{"__type__":"cc.Node","_name":"m1","_parent":{"__id__":81},"_components":[{"__type__":"cc.Sprite","_name":"m1<Sprite>","node":{"__id__":82},"_materials":[{"__uuid__":"ecpdLyjvZBwrvm+cedCcQy"}],"_spriteFrame":{"__uuid__":"51q8+fqytKHrQY/IIUURyc"},"_type":2,"_sizeMode":0}],"_prefab":{"__type__":"cc.PrefabInfo","root":{"__id__":1},"asset":{"__uuid__":"ceLLteub5MUKNfALRNM1+O"},"fileId":"56z/8aBfhPoL2fkqjqE8+n"},"_contentSize":{"__type__":"cc.Size","width":2000,"height":260},"_anchorPoint":{"__type__":"cc.Vec2"},"_trs":{"__type__":"TypedArray","ctor":"Float64Array","array":[0,0,0,0,0,0,1,1,1,1]},"_groupIndex":3,"groupIndex":3},{"__type__":"cc.Node","_name":"m2","_parent":{"__id__":81},"_components":[{"__type__":"cc.Sprite","_name":"m2<Sprite>","node":{"__id__":83},"_materials":[{"__uuid__":"ecpdLyjvZBwrvm+cedCcQy"}],"_spriteFrame":{"__uuid__":"51q8+fqytKHrQY/IIUURyc"},"_type":2,"_sizeMode":0}],"_prefab":{"__type__":"cc.PrefabInfo","root":{"__id__":1},"asset":{"__uuid__":"ceLLteub5MUKNfALRNM1+O"},"fileId":"cbkEL1KnNOVr4/+QLuAtOX"},"_contentSize":{"__type__":"cc.Size","width":2000,"height":450},"_anchorPoint":{"__type__":"cc.Vec2"},"_trs":{"__type__":"TypedArray","ctor":"Float64Array","array":[2418.689,0,0,0,0,0,1,1,1,1]},"_groupIndex":3,"groupIndex":3},{"__type__":"cc.Node","_name":"2","_parent":{"__id__":81},"_components":[{"__type__":"cc.Sprite","node":{"__id__":84},"_materials":[{"__uuid__":"ecpdLyjvZBwrvm+cedCcQy"}],"_spriteFrame":{"__uuid__":"fdFE5R4t5L+6SmLSJgQmLJ"},"_type":2,"_sizeMode":0}],"_prefab":{"__type__":"cc.PrefabInfo","root":{"__id__":1},"asset":{"__uuid__":"ceLLteub5MUKNfALRNM1+O"},"fileId":"a0QRJ+qUpIKZ2VbnKNhy/K"},"_contentSize":{"__type__":"cc.Size","width":370,"height":38},"_anchorPoint":{"__type__":"cc.Vec2","y":0.5},"_trs":{"__type__":"TypedArray","ctor":"Float64Array","array":[13.341,-0.14,0,0,0,0.7071067811865475,0.7071067811865476,0.7,0.7,1]},"_eulerAngles":{"__type__":"cc.Vec3","z":90}},{"__type__":"cc.Node","_name":"2","_parent":{"__id__":81},"_components":[{"__type__":"cc.Sprite","node":{"__id__":85},"_materials":[{"__uuid__":"ecpdLyjvZBwrvm+cedCcQy"}],"_spriteFrame":{"__uuid__":"fdFE5R4t5L+6SmLSJgQmLJ"},"_type":2,"_sizeMode":0}],"_prefab":{"__type__":"cc.PrefabInfo","root":{"__id__":1},"asset":{"__uuid__":"ceLLteub5MUKNfALRNM1+O"},"fileId":"36OO+H3UFOS4+5IZZPFHVx"},"_contentSize":{"__type__":"cc.Size","width":2800,"height":38},"_anchorPoint":{"__type__":"cc.Vec2","y":0.5},"_trs":{"__type__":"TypedArray","ctor":"Float64Array","array":[0.181,246.591,0,0,0,0,1,0.7,0.7,1]}},{"__type__":"cc.Node","_name":"2","_parent":{"__id__":81},"_components":[{"__type__":"cc.Sprite","node":{"__id__":86},"_materials":[{"__uuid__":"ecpdLyjvZBwrvm+cedCcQy"}],"_spriteFrame":{"__uuid__":"fdFE5R4t5L+6SmLSJgQmLJ"},"_type":2,"_sizeMode":0}],"_prefab":{"__type__":"cc.PrefabInfo","root":{"__id__":1},"asset":{"__uuid__":"ceLLteub5MUKNfALRNM1+O"},"fileId":"b2n2yCk6BF+rLlC22RiUUe"},"_contentSize":{"__type__":"cc.Size","width":2700,"height":38},"_trs":{"__type__":"TypedArray","ctor":"Float64Array","array":[1042.161,10.565,0,0,0,0,1,0.7,0.7,1]}},{"__type__":"cc.Node","_name":"m2","_parent":{"__id__":81},"_components":[{"__type__":"cc.Sprite","_name":"m2<Sprite>","node":{"__id__":87},"_materials":[{"__uuid__":"ecpdLyjvZBwrvm+cedCcQy"}],"_spriteFrame":{"__uuid__":"51q8+fqytKHrQY/IIUURyc"},"_type":2,"_sizeMode":0}],"_prefab":{"__type__":"cc.PrefabInfo","root":{"__id__":1},"asset":{"__uuid__":"ceLLteub5MUKNfALRNM1+O"},"fileId":"e8N/XV691GOpRsaehUr1rY"},"_contentSize":{"__type__":"cc.Size","width":100,"height":300},"_anchorPoint":{"__type__":"cc.Vec2"},"_trs":{"__type__":"TypedArray","ctor":"Float64Array","array":[6668.087,206.887,0,0,0,0.573576436351046,0.8191520442889918,1,1,1]},"_eulerAngles":{"__type__":"cc.Vec3","z":70},"_groupIndex":3,"groupIndex":3},{"__type__":"cc.Node","_name":"m2","_parent":{"__id__":81},"_components":[{"__type__":"cc.Sprite","_name":"m2<Sprite>","node":{"__id__":88},"_materials":[{"__uuid__":"ecpdLyjvZBwrvm+cedCcQy"}],"_spriteFrame":{"__uuid__":"51q8+fqytKHrQY/IIUURyc"},"_type":2,"_sizeMode":0}],"_prefab":{"__type__":"cc.PrefabInfo","root":{"__id__":1},"asset":{"__uuid__":"ceLLteub5MUKNfALRNM1+O"},"fileId":"e9RVXi7+xEi7B7ieVGpSRm"},"_contentSize":{"__type__":"cc.Size","width":200,"height":450},"_anchorPoint":{"__type__":"cc.Vec2"},"_trs":{"__type__":"TypedArray","ctor":"Float64Array","array":[1799.874,0,0,0,0,0,1,1,1,1]},"_groupIndex":3,"groupIndex":3},{"__type__":"cc.Node","_name":"m2","_parent":{"__id__":81},"_components":[{"__type__":"cc.Sprite","_name":"m2<Sprite>","node":{"__id__":89},"_materials":[{"__uuid__":"ecpdLyjvZBwrvm+cedCcQy"}],"_spriteFrame":{"__uuid__":"51q8+fqytKHrQY/IIUURyc"},"_type":2,"_sizeMode":0}],"_prefab":{"__type__":"cc.PrefabInfo","root":{"__id__":1},"asset":{"__uuid__":"ceLLteub5MUKNfALRNM1+O"},"fileId":"60qAb81M9Dl4eHJAHvP547"},"_contentSize":{"__type__":"cc.Size","width":400,"height":700},"_anchorPoint":{"__type__":"cc.Vec2"},"_trs":{"__type__":"TypedArray","ctor":"Float64Array","array":[2413.274,0,0,0,0,0,1,1,1,1]},"_groupIndex":3,"groupIndex":3},{"__type__":"cc.Node","_name":"m2","_parent":{"__id__":81},"_components":[{"__type__":"cc.Sprite","_name":"m2<Sprite>","node":{"__id__":90},"_materials":[{"__uuid__":"ecpdLyjvZBwrvm+cedCcQy"}],"_spriteFrame":{"__uuid__":"51q8+fqytKHrQY/IIUURyc"},"_type":2,"_sizeMode":0}],"_prefab":{"__type__":"cc.PrefabInfo","root":{"__id__":1},"asset":{"__uuid__":"ceLLteub5MUKNfALRNM1+O"},"fileId":"cc/VpD9GhKxKMktXrDzJ1m"},"_contentSize":{"__type__":"cc.Size","width":1000,"height":450},"_anchorPoint":{"__type__":"cc.Vec2"},"_trs":{"__type__":"TypedArray","ctor":"Float64Array","array":[5423.861,0,0,0,0,0,1,1,1,1]},"_groupIndex":3,"groupIndex":3},{"__type__":"cc.Node","_name":"m2","_parent":{"__id__":81},"_components":[{"__type__":"cc.Sprite","_name":"m2<Sprite>","node":{"__id__":91},"_materials":[{"__uuid__":"ecpdLyjvZBwrvm+cedCcQy"}],"_spriteFrame":{"__uuid__":"51q8+fqytKHrQY/IIUURyc"},"_type":2,"_sizeMode":0}],"_prefab":{"__type__":"cc.PrefabInfo","root":{"__id__":1},"asset":{"__uuid__":"ceLLteub5MUKNfALRNM1+O"},"fileId":"92CtIqPehBvZaynqtitHNN"},"_contentSize":{"__type__":"cc.Size","width":1800,"height":300},"_anchorPoint":{"__type__":"cc.Vec2"},"_trs":{"__type__":"TypedArray","ctor":"Float64Array","array":[6424.264,0,0,0,0,0,1,1,1,1]},"_groupIndex":3,"groupIndex":3},{"__type__":"cc.Node","_name":"m2","_parent":{"__id__":81},"_components":[{"__type__":"cc.Sprite","_name":"m2<Sprite>","node":{"__id__":92},"_materials":[{"__uuid__":"ecpdLyjvZBwrvm+cedCcQy"}],"_spriteFrame":{"__uuid__":"51q8+fqytKHrQY/IIUURyc"},"_type":2,"_sizeMode":0}],"_prefab":{"__type__":"cc.PrefabInfo","root":{"__id__":1},"asset":{"__uuid__":"ceLLteub5MUKNfALRNM1+O"},"fileId":"9eHLMyG1ZGL4ED1BMD2TvU"},"_contentSize":{"__type__":"cc.Size","width":1800,"height":570},"_anchorPoint":{"__type__":"cc.Vec2"},"_trs":{"__type__":"TypedArray","ctor":"Float64Array","array":[8222.804,0,0,0,0,0,1,1,1,1]},"_groupIndex":3,"groupIndex":3},{"__type__":"cc.Node","_name":"2","_parent":{"__id__":81},"_components":[{"__type__":"cc.Sprite","node":{"__id__":93},"_materials":[{"__uuid__":"ecpdLyjvZBwrvm+cedCcQy"}],"_spriteFrame":{"__uuid__":"fdFE5R4t5L+6SmLSJgQmLJ"},"_type":2,"_sizeMode":0}],"_prefab":{"__type__":"cc.PrefabInfo","root":{"__id__":1},"asset":{"__uuid__":"ceLLteub5MUKNfALRNM1+O"},"fileId":"ffZf0t3EBKRYmhTsHLR2sQ"},"_contentSize":{"__type__":"cc.Size","width":310,"height":38},"_anchorPoint":{"__type__":"cc.Vec2","y":0.5},"_trs":{"__type__":"TypedArray","ctor":"Float64Array","array":[1813.132,233.047,0,0,0,0.7071067811865475,0.7071067811865476,0.7,0.7,1]},"_eulerAngles":{"__type__":"cc.Vec3","z":90}},{"__type__":"cc.Node","_name":"2","_parent":{"__id__":81},"_components":[{"__type__":"cc.Sprite","node":{"__id__":94},"_materials":[{"__uuid__":"ecpdLyjvZBwrvm+cedCcQy"}],"_spriteFrame":{"__uuid__":"fdFE5R4t5L+6SmLSJgQmLJ"},"_type":2,"_sizeMode":0}],"_prefab":{"__type__":"cc.PrefabInfo","root":{"__id__":1},"asset":{"__uuid__":"ceLLteub5MUKNfALRNM1+O"},"fileId":"a2x5zQdLBBBZttTRG5sDd9"},"_contentSize":{"__type__":"cc.Size","width":285,"height":38},"_anchorPoint":{"__type__":"cc.Vec2","y":0.5},"_trs":{"__type__":"TypedArray","ctor":"Float64Array","array":[1799.788,436.695,0,0,0,0,1,0.7,0.7,1]}},{"__type__":"cc.Node","_name":"2","_parent":{"__id__":81},"_components":[{"__type__":"cc.Sprite","node":{"__id__":95},"_materials":[{"__uuid__":"ecpdLyjvZBwrvm+cedCcQy"}],"_spriteFrame":{"__uuid__":"fdFE5R4t5L+6SmLSJgQmLJ"},"_type":2,"_sizeMode":0}],"_prefab":{"__type__":"cc.PrefabInfo","root":{"__id__":1},"asset":{"__uuid__":"ceLLteub5MUKNfALRNM1+O"},"fileId":"aazXN4/N1CdIt0w0WBVFmo"},"_contentSize":{"__type__":"cc.Size","width":620,"height":38},"_anchorPoint":{"__type__":"cc.Vec2","y":0.5},"_trs":{"__type__":"TypedArray","ctor":"Float64Array","array":[1986.88,-0.771,0,0,0,0.7071067811865475,0.7071067811865476,0.7,0.7,1]},"_eulerAngles":{"__type__":"cc.Vec3","z":90}},{"__type__":"cc.Node","_name":"2","_parent":{"__id__":81},"_components":[{"__type__":"cc.Sprite","node":{"__id__":96},"_materials":[{"__uuid__":"ecpdLyjvZBwrvm+cedCcQy"}],"_spriteFrame":{"__uuid__":"fdFE5R4t5L+6SmLSJgQmLJ"},"_type":2,"_sizeMode":0}],"_prefab":{"__type__":"cc.PrefabInfo","root":{"__id__":1},"asset":{"__uuid__":"ceLLteub5MUKNfALRNM1+O"},"fileId":"63ecnTZLZEAbwDav4fOlX9"},"_contentSize":{"__type__":"cc.Size","width":1000,"height":38},"_anchorPoint":{"__type__":"cc.Vec2","y":0.5},"_trs":{"__type__":"TypedArray","ctor":"Float64Array","array":[2426.388,0.082,0,0,0,0.7071067811865475,0.7071067811865476,0.7,0.7,1]},"_eulerAngles":{"__type__":"cc.Vec3","z":90}},{"__type__":"cc.Node","_name":"2","_parent":{"__id__":81},"_components":[{"__type__":"cc.Sprite","node":{"__id__":97},"_materials":[{"__uuid__":"ecpdLyjvZBwrvm+cedCcQy"}],"_spriteFrame":{"__uuid__":"fdFE5R4t5L+6SmLSJgQmLJ"},"_type":2,"_sizeMode":0}],"_prefab":{"__type__":"cc.PrefabInfo","root":{"__id__":1},"asset":{"__uuid__":"ceLLteub5MUKNfALRNM1+O"},"fileId":"9872LkBj5IBoMHVX4gpzsX"},"_contentSize":{"__type__":"cc.Size","width":570,"height":38},"_anchorPoint":{"__type__":"cc.Vec2","y":0.5},"_trs":{"__type__":"TypedArray","ctor":"Float64Array","array":[2413.224,686.303,0,0,0,0,1,0.7,0.7,1]}},{"__type__":"cc.Node","_name":"2","_parent":{"__id__":81},"_components":[{"__type__":"cc.Sprite","node":{"__id__":98},"_materials":[{"__uuid__":"ecpdLyjvZBwrvm+cedCcQy"}],"_spriteFrame":{"__uuid__":"fdFE5R4t5L+6SmLSJgQmLJ"},"_type":2,"_sizeMode":0}],"_prefab":{"__type__":"cc.PrefabInfo","root":{"__id__":1},"asset":{"__uuid__":"ceLLteub5MUKNfALRNM1+O"},"fileId":"b0zaExeAVK8JX8k04374EA"},"_contentSize":{"__type__":"cc.Size","width":390,"height":38},"_anchorPoint":{"__type__":"cc.Vec2","y":0.5},"_trs":{"__type__":"TypedArray","ctor":"Float64Array","array":[2799.909,426.71,0,0,0,0.7071067811865475,0.7071067811865476,0.7,0.7,1]},"_eulerAngles":{"__type__":"cc.Vec3","z":90}},{"__type__":"cc.Node","_name":"2","_parent":{"__id__":81},"_components":[{"__type__":"cc.Sprite","node":{"__id__":99},"_materials":[{"__uuid__":"ecpdLyjvZBwrvm+cedCcQy"}],"_spriteFrame":{"__uuid__":"fdFE5R4t5L+6SmLSJgQmLJ"},"_type":2,"_sizeMode":0}],"_prefab":{"__type__":"cc.PrefabInfo","root":{"__id__":1},"asset":{"__uuid__":"ceLLteub5MUKNfALRNM1+O"},"fileId":"365KoDzHVLlaVBL3/UTaJ5"},"_contentSize":{"__type__":"cc.Size","width":2335,"height":38},"_anchorPoint":{"__type__":"cc.Vec2","y":0.5},"_trs":{"__type__":"TypedArray","ctor":"Float64Array","array":[2786.464,437.496,0,0,0,0,1,0.7,0.7,1]}},{"__type__":"cc.Node","_name":"2","_parent":{"__id__":81},"_components":[{"__type__":"cc.Sprite","node":{"__id__":100},"_materials":[{"__uuid__":"ecpdLyjvZBwrvm+cedCcQy"}],"_spriteFrame":{"__uuid__":"fdFE5R4t5L+6SmLSJgQmLJ"},"_type":2,"_sizeMode":0}],"_prefab":{"__type__":"cc.PrefabInfo","root":{"__id__":1},"asset":{"__uuid__":"ceLLteub5MUKNfALRNM1+O"},"fileId":"0cpFwfWXJKW5J4fcs4uNYP"},"_contentSize":{"__type__":"cc.Size","width":620,"height":38},"_anchorPoint":{"__type__":"cc.Vec2","y":0.5},"_trs":{"__type__":"TypedArray","ctor":"Float64Array","array":[4405.101,-0.771,0,0,0,0.7071067811865475,0.7071067811865476,0.7,0.7,1]},"_eulerAngles":{"__type__":"cc.Vec3","z":90}},{"__type__":"cc.Node","_name":"2","_parent":{"__id__":81},"_components":[{"__type__":"cc.Sprite","node":{"__id__":101},"_materials":[{"__uuid__":"ecpdLyjvZBwrvm+cedCcQy"}],"_spriteFrame":{"__uuid__":"fdFE5R4t5L+6SmLSJgQmLJ"},"_type":2,"_sizeMode":0}],"_prefab":{"__type__":"cc.PrefabInfo","root":{"__id__":1},"asset":{"__uuid__":"ceLLteub5MUKNfALRNM1+O"},"fileId":"50ewBeFwZKLa7iEgf9X3wC"},"_contentSize":{"__type__":"cc.Size","width":642,"height":38},"_anchorPoint":{"__type__":"cc.Vec2","y":0.5},"_trs":{"__type__":"TypedArray","ctor":"Float64Array","array":[5437.129,0.474,0,0,0,0.7071067811865475,0.7071067811865476,0.7,0.7,1]},"_eulerAngles":{"__type__":"cc.Vec3","z":90}},{"__type__":"cc.Node","_name":"2","_parent":{"__id__":81},"_components":[{"__type__":"cc.Sprite","node":{"__id__":102},"_materials":[{"__uuid__":"ecpdLyjvZBwrvm+cedCcQy"}],"_spriteFrame":{"__uuid__":"fdFE5R4t5L+6SmLSJgQmLJ"},"_type":2,"_sizeMode":0}],"_prefab":{"__type__":"cc.PrefabInfo","root":{"__id__":1},"asset":{"__uuid__":"ceLLteub5MUKNfALRNM1+O"},"fileId":"112WO3kZJOpbfT4GnVMW8z"},"_contentSize":{"__type__":"cc.Size","width":1429,"height":38},"_anchorPoint":{"__type__":"cc.Vec2","y":0.5},"_trs":{"__type__":"TypedArray","ctor":"Float64Array","array":[5423.757,437.496,0,0,0,0,1,0.7,0.7,1]}},{"__type__":"cc.Node","_name":"2","_parent":{"__id__":81},"_components":[{"__type__":"cc.Sprite","node":{"__id__":103},"_materials":[{"__uuid__":"ecpdLyjvZBwrvm+cedCcQy"}],"_spriteFrame":{"__uuid__":"fdFE5R4t5L+6SmLSJgQmLJ"},"_type":2,"_sizeMode":0}],"_prefab":{"__type__":"cc.PrefabInfo","root":{"__id__":1},"asset":{"__uuid__":"ceLLteub5MUKNfALRNM1+O"},"fileId":"d3nht98dRCQZB+BbmiUWSi"},"_contentSize":{"__type__":"cc.Size","width":60,"height":38},"_anchorPoint":{"__type__":"cc.Vec2","y":0.5},"_trs":{"__type__":"TypedArray","ctor":"Float64Array","array":[6410.325,384.033,0,0,0,0.7071067811865475,0.7071067811865476,0.7,0.7,1]},"_eulerAngles":{"__type__":"cc.Vec3","z":90}},{"__type__":"cc.Node","_name":"2","_parent":{"__id__":81},"_components":[{"__type__":"cc.Sprite","node":{"__id__":104},"_materials":[{"__uuid__":"ecpdLyjvZBwrvm+cedCcQy"}],"_spriteFrame":{"__uuid__":"fdFE5R4t5L+6SmLSJgQmLJ"},"_type":2,"_sizeMode":0}],"_prefab":{"__type__":"cc.PrefabInfo","root":{"__id__":1},"asset":{"__uuid__":"ceLLteub5MUKNfALRNM1+O"},"fileId":"48TolyyaVAE6/EFupOt+L3"},"_contentSize":{"__type__":"cc.Size","width":450,"height":42},"_anchorPoint":{"__type__":"cc.Vec2","y":0.5},"_trs":{"__type__":"TypedArray","ctor":"Float64Array","array":[6401.378,394.646,0,0,0,-0.17364817766693033,0.984807753012208,0.7,0.7,1]},"_eulerAngles":{"__type__":"cc.Vec3","z":-20}},{"__type__":"cc.Node","_name":"2","_parent":{"__id__":81},"_components":[{"__type__":"cc.Sprite","node":{"__id__":105},"_materials":[{"__uuid__":"ecpdLyjvZBwrvm+cedCcQy"}],"_spriteFrame":{"__uuid__":"fdFE5R4t5L+6SmLSJgQmLJ"},"_type":2,"_sizeMode":0}],"_prefab":{"__type__":"cc.PrefabInfo","root":{"__id__":1},"asset":{"__uuid__":"ceLLteub5MUKNfALRNM1+O"},"fileId":"75J2ShknlMMIBJbofsxKUy"},"_contentSize":{"__type__":"cc.Size","width":2200,"height":38},"_anchorPoint":{"__type__":"cc.Vec2","y":0.5},"_trs":{"__type__":"TypedArray","ctor":"Float64Array","array":[6683.325,287.262,0,0,0,0,1,0.7,0.7,1]}},{"__type__":"cc.Node","_name":"2","_parent":{"__id__":81},"_components":[{"__type__":"cc.Sprite","node":{"__id__":106},"_materials":[{"__uuid__":"ecpdLyjvZBwrvm+cedCcQy"}],"_spriteFrame":{"__uuid__":"fdFE5R4t5L+6SmLSJgQmLJ"},"_type":2,"_sizeMode":0}],"_prefab":{"__type__":"cc.PrefabInfo","root":{"__id__":1},"asset":{"__uuid__":"ceLLteub5MUKNfALRNM1+O"},"fileId":"f4XM7Vbt9G/70gK7/JpvAL"},"_contentSize":{"__type__":"cc.Size","width":423,"height":38},"_anchorPoint":{"__type__":"cc.Vec2","y":0.5},"_trs":{"__type__":"TypedArray","ctor":"Float64Array","array":[8235.906,274.258,0,0,0,0.7071067811865475,0.7071067811865476,0.7,0.7,1]},"_eulerAngles":{"__type__":"cc.Vec3","z":90}},{"__type__":"cc.Node","_name":"2","_parent":{"__id__":81},"_components":[{"__type__":"cc.Sprite","node":{"__id__":107},"_materials":[{"__uuid__":"ecpdLyjvZBwrvm+cedCcQy"}],"_spriteFrame":{"__uuid__":"fdFE5R4t5L+6SmLSJgQmLJ"},"_type":2,"_sizeMode":0}],"_prefab":{"__type__":"cc.PrefabInfo","root":{"__id__":1},"asset":{"__uuid__":"ceLLteub5MUKNfALRNM1+O"},"fileId":"a8yGziJkFJMqNwllBG0cK7"},"_contentSize":{"__type__":"cc.Size","width":2570,"height":38},"_anchorPoint":{"__type__":"cc.Vec2","y":0.5},"_trs":{"__type__":"TypedArray","ctor":"Float64Array","array":[8223.062,556.833,0,0,0,0,1,0.7,0.7,1]}},{"__type__":"cc.Node","_name":"points","_parent":{"__id__":1},"_children":[{"__type__":"cc.Node","_name":"p1","_parent":{"__id__":108},"_prefab":{"__type__":"cc.PrefabInfo","root":{"__id__":1},"asset":{"__uuid__":"ceLLteub5MUKNfALRNM1+O"},"fileId":"e0i6UzdsRFQ6KLsgWK/K3W"},"_trs":{"__type__":"TypedArray","ctor":"Float64Array","array":[640,420,0,0,0,0,1,1,1,1]}},{"__type__":"cc.Node","_name":"p1","_parent":{"__id__":108},"_prefab":{"__type__":"cc.PrefabInfo","root":{"__id__":1},"asset":{"__uuid__":"ceLLteub5MUKNfALRNM1+O"},"fileId":"479aS3nz9JYbZguVLAdhyP"},"_trs":{"__type__":"TypedArray","ctor":"Float64Array","array":[1521.469,420,0,0,0,0,1,1,1,1]}},{"__type__":"cc.Node","_name":"p1","_parent":{"__id__":108},"_prefab":{"__type__":"cc.PrefabInfo","root":{"__id__":1},"asset":{"__uuid__":"ceLLteub5MUKNfALRNM1+O"},"fileId":"a860SXH1NNBa2uoZT4bd8Q"},"_trs":{"__type__":"TypedArray","ctor":"Float64Array","array":[1557.766,610,0,0,0,0,1,1,1,1]}},{"__type__":"cc.Node","_name":"p1","_parent":{"__id__":108},"_prefab":{"__type__":"cc.PrefabInfo","root":{"__id__":1},"asset":{"__uuid__":"ceLLteub5MUKNfALRNM1+O"},"fileId":"a60gHqLMJGHLJUsxEhkIQ+"},"_trs":{"__type__":"TypedArray","ctor":"Float64Array","array":[2058.169,610,0,0,0,0,1,1,1,1]}},{"__type__":"cc.Node","_name":"p1","_parent":{"__id__":108},"_prefab":{"__type__":"cc.PrefabInfo","root":{"__id__":1},"asset":{"__uuid__":"ceLLteub5MUKNfALRNM1+O"},"fileId":"0eRgXgLQVMQ6GGVjYlBCXD"},"_trs":{"__type__":"TypedArray","ctor":"Float64Array","array":[2172.885,860,0,0,0,0,1,1,1,1]}},{"__type__":"cc.Node","_name":"p1","_parent":{"__id__":108},"_prefab":{"__type__":"cc.PrefabInfo","root":{"__id__":1},"asset":{"__uuid__":"ceLLteub5MUKNfALRNM1+O"},"fileId":"30F6jxUL5IUpsaQu9X0rO5"},"_trs":{"__type__":"TypedArray","ctor":"Float64Array","array":[2522.389,860,0,0,0,0,1,1,1,1]}},{"__type__":"cc.Node","_name":"p1","_parent":{"__id__":108},"_prefab":{"__type__":"cc.PrefabInfo","root":{"__id__":1},"asset":{"__uuid__":"ceLLteub5MUKNfALRNM1+O"},"fileId":"2cPmMMFM1ILrvJeVAJTAyN"},"_trs":{"__type__":"TypedArray","ctor":"Float64Array","array":[2566.863,610,0,0,0,0,1,1,1,1]}},{"__type__":"cc.Node","_name":"p1","_parent":{"__id__":108},"_prefab":{"__type__":"cc.PrefabInfo","root":{"__id__":1},"asset":{"__uuid__":"ceLLteub5MUKNfALRNM1+O"},"fileId":"1b2nwDCRVGDqtfu4D8Tez6"},"_trs":{"__type__":"TypedArray","ctor":"Float64Array","array":[8000.719,392.06,0,0,0,0,1,1,1,1]}},{"__type__":"cc.Node","_name":"p1","_parent":{"__id__":108},"_prefab":{"__type__":"cc.PrefabInfo","root":{"__id__":1},"asset":{"__uuid__":"ceLLteub5MUKNfALRNM1+O"},"fileId":"e53UJ/vL9GqomusuNAA7wE"},"_trs":{"__type__":"TypedArray","ctor":"Float64Array","array":[8043.235,720,0,0,0,0,1,1,1,1]}}],"_components":[{"__type__":"f6f92o9xoBI1aLPMvQN70M5","node":{"__id__":108}}],"_prefab":{"__type__":"cc.PrefabInfo","root":{"__id__":1},"asset":{"__uuid__":"ceLLteub5MUKNfALRNM1+O"},"fileId":"256yiDJZxI9ZQA80SEzO/Y"},"_trs":{"__type__":"TypedArray","ctor":"Float64Array","array":[0,0,0,0,0,0,1,1,1,1]}},{"__type__":"cc.Node","_name":"box_box","_parent":{"__id__":1},"_children":[{"__id__":110},{"__id__":111}],"_prefab":{"__type__":"cc.PrefabInfo","root":{"__id__":1},"asset":{"__uuid__":"ceLLteub5MUKNfALRNM1+O"},"fileId":"9fHZMRaLxGELOHTO8hzxn2"},"_trs":{"__type__":"TypedArray","ctor":"Float64Array","array":[-35.468,35.468,0,0,0,0,1,1,1,1]}},{"__type__":"cc.Node","_name":"dazzle","_parent":{"__id__":109},"_components":[{"__type__":"cc.Sprite","node":{"__id__":110},"_materials":[{"__uuid__":"ecpdLyjvZBwrvm+cedCcQy"}],"_spriteFrame":{"__uuid__":"7dtBpkOKJCOYRMql8o1GeZ"}},{"__type__":"843e4uJ/vROcKYcmAz/qlZ2","node":{"__id__":110}}],"_prefab":{"__type__":"cc.PrefabInfo","root":{"__id__":1},"asset":{"__uuid__":"ceLLteub5MUKNfALRNM1+O"},"fileId":"a62h7xpoxHgLKRuXHVXSId"},"_contentSize":{"__type__":"cc.Size","width":754,"height":776},"_trs":{"__type__":"TypedArray","ctor":"Float64Array","array":[8163.217,613.246,0,0,0,0,1,0.3,0.3,0.3]}},{"__type__":"cc.Node","_name":"box","_parent":{"__id__":109},"_components":[{"__type__":"cc.Sprite","node":{"__id__":111},"_materials":[{"__uuid__":"ecpdLyjvZBwrvm+cedCcQy"}],"_spriteFrame":{"__uuid__":"a1xXzxgtpCIr4CwdhohL1H"},"_sizeMode":0},{"__type__":"cc.RigidBody","node":{"__id__":111},"_type":0},{"__type__":"cc.PhysicsBoxCollider","node":{"__id__":111},"_sensor":true,"_size":{"__type__":"cc.Size","width":355,"height":338}}],"_prefab":{"__type__":"cc.PrefabInfo","root":{"__id__":1},"asset":{"__uuid__":"ceLLteub5MUKNfALRNM1+O"},"fileId":"0eFieDE4FEA6LCmiH/iUpx"},"_contentSize":{"__type__":"cc.Size","width":355,"height":338},"_trs":{"__type__":"TypedArray","ctor":"Float64Array","array":[8163.217,613.246,0,0,0,0,1,0.3,0.3,0.3]},"_groupIndex":1,"groupIndex":1}],{"__type__":"cc.SpriteFrame","content":{"name":"Tronc01","texture":"110b18844","rect":[584,950,31,67],"offset":[-1,-1],"originalSize":[33,69],"capInsets":[0,0,0,0]}},{"__type__":"cc.SpriteFrame","content":{"name":"flag_0","texture":"1e1fca5a7","rect":[290,745,273,192],"offset":[0,0],"originalSize":[273,192],"rotated":1,"capInsets":[0,0,0,0]}},{"__type__":"cc.SpriteFrame","content":{"name":"Square_enemy","texture":"166c691fb","rect":[196,265,126,128],"offset":[0,0],"originalSize":[128,128],"capInsets":[0,0,0,0]}},{"__type__":"cc.SpriteFrame","content":{"name":"地皮-皮(1)","texture":"863YkRmSFNyb4H8L0NG8Iy","rect":[0,0,522,44],"offset":[0,0],"originalSize":[522,44],"capInsets":[0,0,0,0]}}]