[{"__type__":"cc.SpriteAtlas","_name":"6_skin_plist.plist","_spriteFrames":{"表情":{"__uuid__":"b07O8yiDpI2I+CVg1iPEaG"},"表情1":{"__uuid__":"c1uvabL1tGn4S7UFPaFIP+"},"表情2":{"__uuid__":"dcygxQSUhHsqfyyyvp9cOI"},"表情3":{"__uuid__":"97kMd83e5Bio0up4vQS7lW"},"表情4":{"__uuid__":"c5hijNKyRKVIDnJ4Lem6Dz"},"表情5":{"__uuid__":"993OBxb7ZE8Y2jSjdw4CLA"}}},{"__type__":"cc.SpriteFrame","content":{"name":"表情3","texture":"56yNg3QONCaqfc4Mo2hIcU","rect":[2,417,413,422],"offset":[0,0],"originalSize":[413,422],"rotated":1,"capInsets":[0,0,0,0]}},{"__type__":"cc.SpriteFrame","content":{"name":"表情5","texture":"56yNg3QONCaqfc4Mo2hIcU","rect":[2,2,413,422],"offset":[0,0],"originalSize":[413,422],"rotated":1,"capInsets":[0,0,0,0]}},{"__type__":"cc.SpriteFrame","content":{"name":"表情","texture":"56yNg3QONCaqfc4Mo2hIcU","rect":[426,832,413,422],"offset":[0,0],"originalSize":[413,422],"rotated":1,"capInsets":[0,0,0,0]}},{"__type__":"cc.SpriteFrame","content":{"name":"表情1","texture":"56yNg3QONCaqfc4Mo2hIcU","rect":[2,832,413,422],"offset":[0,0],"originalSize":[413,422],"rotated":1,"capInsets":[0,0,0,0]}},{"__type__":"cc.SpriteFrame","content":{"name":"表情4","texture":"56yNg3QONCaqfc4Mo2hIcU","rect":[426,2,413,422],"offset":[0,0],"originalSize":[413,422],"rotated":1,"capInsets":[0,0,0,0]}},{"__type__":"cc.SpriteFrame","content":{"name":"表情2","texture":"56yNg3QONCaqfc4Mo2hIcU","rect":[426,417,413,422],"offset":[0,0],"originalSize":[413,422],"rotated":1,"capInsets":[0,0,0,0]}}]