[{"__type__":"cc.SpriteFrame","content":{"name":"flag_2","texture":"1e1fca5a7","rect":[285,264,274,195],"offset":[-0.5,0],"originalSize":[275,195],"rotated":1,"capInsets":[0,0,0,0]}},{"__type__":"cc.SpriteFrame","content":{"name":"flag_5","texture":"1e1fca5a7","rect":[3,198,276,189],"offset":[0,-1],"originalSize":[276,191],"capInsets":[0,0,0,0]}},{"__type__":"cc.SpriteFrame","content":{"name":"flag_3","texture":"1e1fca5a7","rect":[92,544,273,195],"offset":[0,0],"originalSize":[273,195],"capInsets":[0,0,0,0]}},{"__type__":"cc.AnimationClip","_name":"flag_moving2","_duration":0.6,"sample":10,"wrapMode":2,"curveData":{"comps":{"cc.Sprite":{"spriteFrame":[{"frame":0,"value":{"__uuid__":"e33fRYcr9GP4j1b4ibM5Y8"}},{"frame":0.1,"value":{"__uuid__":"d1T6eJJ5FLzpFpeDac8dAb"}},{"frame":0.2,"value":{"__uuid__":"20QX6mM0xNwZ6jyTxr/tbJ"}},{"frame":0.3,"value":{"__uuid__":"a7B/iVL35PbIcyXl9q3SSW"}},{"frame":0.4,"value":{"__uuid__":"celkTglihG2Zs8V5guLjXZ"}},{"frame":0.5,"value":{"__uuid__":"6e3tjk2OREXJarNTeC0j2U"}}]}}}},{"__type__":"cc.SpriteFrame","content":{"name":"flag_4","texture":"1e1fca5a7","rect":[3,3,277,189],"offset":[-0.5,0],"originalSize":[278,189],"capInsets":[0,0,0,0]}},{"__type__":"cc.SpriteFrame","content":{"name":"flag_1","texture":"1e1fca5a7","rect":[92,745,273,192],"offset":[0,0],"originalSize":[273,192],"rotated":1,"capInsets":[0,0,0,0]}},{"__type__":"cc.SpriteFrame","content":{"name":"flag_0","texture":"1e1fca5a7","rect":[290,745,273,192],"offset":[0,0],"originalSize":[273,192],"rotated":1,"capInsets":[0,0,0,0]}}]