[1,["26Ng0NF+pDCqP7Pbm5FtC1@6c48a"],0,[["sp.SkeletonData",["_name","_atlasText","textureNames","_skeletonJson","textures"],-1,3]],[[0,0,1,2,3,4,5]],[[0,"Sound_1_Sun","\r\nSound_1_Sun.png\r\nsize: 311, 187\r\nformat: RGBA8888\r\nfilter: Linear, Linear\r\nrepeat: none\r\n2\r\n  rotate: false\r\n  xy: 199, 70\r\n  size: 110, 115\r\n  orig: 110, 115\r\n  offset: 0, 0\r\n  index: -1\r\n3\r\n  rotate: false\r\n  xy: 2, 2\r\n  size: 195, 183\r\n  orig: 195, 184\r\n  offset: 0, 1\r\n  index: -1\r\n",["Sound_1_Sun.png"],{"skeleton":{"hash":"m7rk1dZCeGg","spine":"3.8-from-4.0-from-4.1-from-4.2.38","images":"C:\\Users\\006\\Desktop\\222","audio":"./audio"},"bones":[{"name":"root"},{"name":"bone","parent":"root","x":0.84,"y":88.82},{"name":"2","parent":"root","x":7.74,"y":2.2}],"slots":[{"name":"2","bone":"2","attachment":"2"},{"name":"3","bone":"bone","attachment":"3"}],"skins":[{"name":"default","attachments":{"2":{"2":{"x":-8.63,"y":55.71,"width":110,"height":115}},"3":{"3":{"x":5.81,"y":75.9,"width":195,"height":184}}}}],"animations":{"Sound_1":{"bones":{"bone":{"rotate":[{},{"time":0.3333,"angle":27.93},{"time":0.6},{"time":0.9333,"angle":-22.28},{"time":1.2},{"time":1.5333,"angle":27.93},{"time":1.8},{"time":2.1333,"angle":-22.28},{"time":2.4},{"time":2.7333,"angle":27.93},{"time":3},{"time":3.3333,"angle":-22.28},{"time":3.6},{"time":3.9333,"angle":27.93},{"time":4.2},{"time":4.5333,"angle":-22.28},{"time":4.8}]}}},"Sound_2":{"bones":{"bone":{"rotate":[{},{"time":0.3333,"angle":27.93},{"time":0.6},{"time":0.9333,"angle":-22.28},{"time":1.2},{"time":1.5333,"angle":27.93},{"time":1.8},{"time":2.1333,"angle":-22.28},{"time":2.4},{"time":2.7333,"angle":27.93},{"time":3},{"time":3.3333,"angle":-22.28},{"time":3.6},{"time":3.9333,"angle":27.93},{"time":4.2},{"time":4.5333,"angle":-22.28},{"time":4.8}]}}}}},[0]]],0,0,[0],[-1],[0]]
