[1,["a3oFqqsV5P4qsNrMpmbg8n@6c48a"],0,[["sp.SkeletonData",["_name","_atlasText","textureNames","_skeletonJson","textures"],-1,3]],[[0,0,1,2,3,4,5]],[[0,"Sound_S_Brown","\r\nSound_S_Brown.png\r\nsize: 712, 347\r\nformat: RGBA8888\r\nfilter: Linear, Linear\r\nrepeat: none\r\n1\r\n  rotate: true\r\n  xy: 475, 2\r\n  size: 115, 235\r\n  orig: 115, 235\r\n  offset: 0, 0\r\n  index: -1\r\n2\r\n  rotate: true\r\n  xy: 2, 236\r\n  size: 109, 235\r\n  orig: 109, 235\r\n  offset: 0, 0\r\n  index: -1\r\n3\r\n  rotate: true\r\n  xy: 239, 233\r\n  size: 112, 230\r\n  orig: 112, 230\r\n  offset: 0, 0\r\n  index: -1\r\n4\r\n  rotate: true\r\n  xy: 471, 233\r\n  size: 112, 234\r\n  orig: 112, 234\r\n  offset: 0, 0\r\n  index: -1\r\n5\r\n  rotate: true\r\n  xy: 235, 119\r\n  size: 112, 237\r\n  orig: 112, 237\r\n  offset: 0, 0\r\n  index: -1\r\n6\r\n  rotate: true\r\n  xy: 2, 122\r\n  size: 112, 231\r\n  orig: 112, 231\r\n  offset: 0, 0\r\n  index: -1\r\n7\r\n  rotate: true\r\n  xy: 474, 119\r\n  size: 112, 235\r\n  orig: 112, 235\r\n  offset: 0, 0\r\n  index: -1\r\n8\r\n  rotate: true\r\n  xy: 2, 5\r\n  size: 112, 236\r\n  orig: 112, 236\r\n  offset: 0, 0\r\n  index: -1\r\n9\r\n  rotate: true\r\n  xy: 240, 5\r\n  size: 112, 233\r\n  orig: 112, 233\r\n  offset: 0, 0\r\n  index: -1\r\n",["Sound_S_Brown.png"],{"skeleton":{"hash":"es3U/NM3l8c","spine":"3.8-from-4.0-from-4.1-from-4.2.37","images":"C:\\Users\\006\\Desktop\\111","audio":"./audio"},"bones":[{"name":"root"},{"name":"bone","parent":"root","x":-0.53,"y":-31.72}],"slots":[{"name":"1","bone":"bone"},{"name":"2","bone":"bone"},{"name":"3","bone":"bone"},{"name":"4","bone":"bone"},{"name":"5","bone":"bone","attachment":"5"},{"name":"6","bone":"bone"},{"name":"7","bone":"bone"},{"name":"8","bone":"bone"},{"name":"9","bone":"bone"}],"skins":[{"name":"default","attachments":{"1":{"1":{"x":-7.94,"y":149.01,"width":115,"height":235}},"2":{"2":{"x":-3.32,"y":149.21,"width":109,"height":235}},"3":{"3":{"x":-5.44,"y":146.51,"width":112,"height":230}},"4":{"4":{"x":-6.4,"y":148.24,"width":112,"height":234}},"5":{"5":{"x":-6.59,"y":149.59,"width":112,"height":237}},"6":{"6":{"x":-5.25,"y":146.89,"width":112,"height":231}},"7":{"7":{"x":-5.63,"y":148.82,"width":112,"height":235}},"8":{"8":{"x":-4.67,"y":149.21,"width":112,"height":236}},"9":{"9":{"x":-6.21,"y":148.24,"width":112,"height":233}}}}],"animations":{"Sound_1":{"slots":{"1":{"attachment":[{"time":1,"name":"1"},{"time":1.1,"name":null},{"time":1.3667,"name":"1"},{"time":1.4333,"name":null},{"time":2.7333,"name":"1"},{"time":2.8,"name":null},{"time":3.1,"name":"1"},{"time":3.1667,"name":null},{"time":4.4333,"name":"1"},{"time":4.5333,"name":null},{"time":4.8,"name":"1"},{"time":4.8667,"name":null},{"time":6.1667,"name":"1"},{"time":6.2333,"name":null},{"time":6.5333,"name":"1"},{"time":6.6,"name":null}]},"2":{"attachment":[{"time":0.9333,"name":"2"},{"time":1,"name":null},{"time":1.3,"name":"2"},{"time":1.3667,"name":null},{"time":2.6667,"name":"2"},{"time":2.7333,"name":null},{"time":3.0333,"name":"2"},{"time":3.1,"name":null},{"time":4.3667,"name":"2"},{"time":4.4333,"name":null},{"time":4.7333,"name":"2"},{"time":4.8,"name":null},{"time":6.1,"name":"2"},{"time":6.1667,"name":null},{"time":6.4667,"name":"2"},{"time":6.5333,"name":null}]},"3":{"attachment":[{"time":0.8667,"name":"3"},{"time":0.9333,"name":null},{"time":1.2333,"name":"3"},{"time":1.3,"name":null},{"time":1.6667,"name":"3"},{"time":1.7333,"name":null},{"time":2.6,"name":"3"},{"time":2.6667,"name":null},{"time":2.9667,"name":"3"},{"time":3.0333,"name":null},{"time":3.4,"name":"3"},{"time":3.4667,"name":null},{"time":4.3,"name":"3"},{"time":4.3667,"name":null},{"time":4.6667,"name":"3"},{"time":4.7333,"name":null},{"time":5.1,"name":"3"},{"time":5.1667,"name":null},{"time":6.0333,"name":"3"},{"time":6.1,"name":null},{"time":6.4,"name":"3"},{"time":6.4667,"name":null},{"time":6.8333,"name":"3"},{"time":6.9,"name":null}]},"4":{"attachment":[{"time":0.0667,"name":"4"},{"time":0.1667,"name":null},{"time":0.3,"name":"4"},{"time":0.3667,"name":null},{"time":0.6,"name":"4"},{"time":0.6667,"name":null},{"time":0.7333,"name":"4"},{"time":0.8,"name":null},{"time":1.5333,"name":"4"},{"time":1.6,"name":null},{"time":1.8,"name":"4"},{"time":1.8667,"name":null},{"time":2.0333,"name":"4"},{"time":2.1,"name":null},{"time":2.3,"name":"4"},{"time":2.3667,"name":null},{"time":2.4667,"name":"4"},{"time":2.5333,"name":null},{"time":3.2333,"name":"4"},{"time":3.3,"name":null},{"time":3.5333,"name":"4"},{"time":3.6333,"name":null},{"time":3.7333,"name":"4"},{"time":3.8,"name":null},{"time":4.0333,"name":"4"},{"time":4.1,"name":null},{"time":4.1667,"name":"4"},{"time":4.2333,"name":null},{"time":4.9667,"name":"4"},{"time":5.0333,"name":null},{"time":5.2333,"name":"4"},{"time":5.3,"name":null},{"time":5.4667,"name":"4"},{"time":5.5333,"name":null},{"time":5.7333,"name":"4"},{"time":5.8,"name":null},{"time":5.9,"name":"4"},{"time":5.9667,"name":null},{"time":6.6667,"name":"4"},{"time":6.7333,"name":null}]},"5":{"attachment":[{"time":0.0667,"name":null},{"time":0.2333,"name":"5"},{"time":0.3,"name":null},{"time":0.5,"name":"5"},{"time":0.6,"name":null},{"time":0.6667,"name":"5"},{"time":0.7333,"name":null},{"time":1.1,"name":"5"},{"time":1.1667,"name":null},{"time":1.4333,"name":"5"},{"time":1.5333,"name":null},{"time":1.7333,"name":"5"},{"time":1.8,"name":null},{"time":1.9333,"name":"5"},{"time":2.0333,"name":null},{"time":2.2333,"name":"5"},{"time":2.3,"name":null},{"time":2.3667,"name":"5"},{"time":2.4667,"name":null},{"time":2.8,"name":"5"},{"time":2.9,"name":null},{"time":3.1667,"name":"5"},{"time":3.2333,"name":null},{"time":3.4667,"name":"5"},{"time":3.5333,"name":null},{"time":3.7,"name":"5"},{"time":3.7333,"name":null},{"time":3.9333,"name":"5"},{"time":4.0333,"name":null},{"time":4.1,"name":"5"},{"time":4.1667,"name":null},{"time":4.5333,"name":"5"},{"time":4.6,"name":null},{"time":4.8667,"name":"5"},{"time":4.9667,"name":null},{"time":5.1667,"name":"5"},{"time":5.2333,"name":null},{"time":5.3667,"name":"5"},{"time":5.4667,"name":null},{"time":5.6667,"name":"5"},{"time":5.7333,"name":null},{"time":5.8,"name":"5"},{"time":5.9,"name":null},{"time":6.2333,"name":"5"},{"time":6.3333,"name":null},{"time":6.6,"name":"5"},{"time":6.6667,"name":null},{"time":6.9,"name":"5"}]},"6":{"attachment":[{"time":0.8,"name":"6"},{"time":0.8667,"name":null},{"time":1.1667,"name":"6"},{"time":1.2333,"name":null},{"time":1.6,"name":"6"},{"time":1.6667,"name":null},{"time":2.5333,"name":"6"},{"time":2.6,"name":null},{"time":2.9,"name":"6"},{"time":2.9667,"name":null},{"time":3.3,"name":"6"},{"time":3.4,"name":null},{"time":4.2333,"name":"6"},{"time":4.3,"name":null},{"time":4.6,"name":"6"},{"time":4.6667,"name":null},{"time":5.0333,"name":"6"},{"time":5.1,"name":null},{"time":5.9667,"name":"6"},{"time":6.0333,"name":null},{"time":6.3333,"name":"6"},{"time":6.4,"name":null},{"time":6.7333,"name":"6"},{"time":6.8333,"name":null}]},"7":{"attachment":[{"time":0.4333,"name":"7"},{"time":0.5,"name":null},{"time":2.1667,"name":"7"},{"time":2.2333,"name":null},{"time":3.8667,"name":"7"},{"time":3.9333,"name":null},{"time":5.6,"name":"7"},{"time":5.6667,"name":null}]},"9":{"attachment":[{"time":0.1667,"name":"9"},{"time":0.2333,"name":null},{"time":0.3667,"name":"9"},{"time":0.4333,"name":null},{"time":1.8667,"name":"9"},{"time":1.9333,"name":null},{"time":2.1,"name":"9"},{"time":2.1667,"name":null},{"time":3.6333,"name":"9"},{"time":3.7,"name":null},{"time":3.8,"name":"9"},{"time":3.8667,"name":null},{"time":5.3,"name":"9"},{"time":5.3667,"name":null},{"time":5.5333,"name":"9"},{"time":5.6,"name":null}]}}},"Sound_2":{"slots":{"1":{"attachment":[{"time":1,"name":"1"},{"time":1.1,"name":null},{"time":1.3667,"name":"1"},{"time":1.4333,"name":null},{"time":2.7333,"name":"1"},{"time":2.8,"name":null},{"time":3.1,"name":"1"},{"time":3.1667,"name":null},{"time":4.4333,"name":"1"},{"time":4.5333,"name":null},{"time":4.8,"name":"1"},{"time":4.8667,"name":null},{"time":6.1667,"name":"1"},{"time":6.2333,"name":null},{"time":6.5333,"name":"1"},{"time":6.6,"name":null}]},"2":{"attachment":[{"time":0.9333,"name":"2"},{"time":1,"name":null},{"time":1.3,"name":"2"},{"time":1.3667,"name":null},{"time":2.6667,"name":"2"},{"time":2.7333,"name":null},{"time":3.0333,"name":"2"},{"time":3.1,"name":null},{"time":4.3667,"name":"2"},{"time":4.4333,"name":null},{"time":4.7333,"name":"2"},{"time":4.8,"name":null},{"time":6.1,"name":"2"},{"time":6.1667,"name":null},{"time":6.4667,"name":"2"},{"time":6.5333,"name":null}]},"3":{"attachment":[{"time":0.8667,"name":"3"},{"time":0.9333,"name":null},{"time":1.2333,"name":"3"},{"time":1.3,"name":null},{"time":1.6667,"name":"3"},{"time":1.7333,"name":null},{"time":2.6,"name":"3"},{"time":2.6667,"name":null},{"time":2.9667,"name":"3"},{"time":3.0333,"name":null},{"time":3.4,"name":"3"},{"time":3.4667,"name":null},{"time":4.3,"name":"3"},{"time":4.3667,"name":null},{"time":4.6667,"name":"3"},{"time":4.7333,"name":null},{"time":5.1,"name":"3"},{"time":5.1667,"name":null},{"time":6.0333,"name":"3"},{"time":6.1,"name":null},{"time":6.4,"name":"3"},{"time":6.4667,"name":null},{"time":6.8333,"name":"3"},{"time":6.9,"name":null}]},"4":{"attachment":[{"time":0.0667,"name":"4"},{"time":0.1667,"name":null},{"time":0.3,"name":"4"},{"time":0.3667,"name":null},{"time":0.6,"name":"4"},{"time":0.6667,"name":null},{"time":0.7333,"name":"4"},{"time":0.8,"name":null},{"time":1.5333,"name":"4"},{"time":1.6,"name":null},{"time":1.8,"name":"4"},{"time":1.8667,"name":null},{"time":2.0333,"name":"4"},{"time":2.1,"name":null},{"time":2.3,"name":"4"},{"time":2.3667,"name":null},{"time":2.4667,"name":"4"},{"time":2.5333,"name":null},{"time":3.2333,"name":"4"},{"time":3.3,"name":null},{"time":3.5333,"name":"4"},{"time":3.6333,"name":null},{"time":3.7333,"name":"4"},{"time":3.8,"name":null},{"time":4.0333,"name":"4"},{"time":4.1,"name":null},{"time":4.1667,"name":"4"},{"time":4.2333,"name":null},{"time":4.9667,"name":"4"},{"time":5.0333,"name":null},{"time":5.2333,"name":"4"},{"time":5.3,"name":null},{"time":5.4667,"name":"4"},{"time":5.5333,"name":null},{"time":5.7333,"name":"4"},{"time":5.8,"name":null},{"time":5.9,"name":"4"},{"time":5.9667,"name":null},{"time":6.6667,"name":"4"},{"time":6.7333,"name":null}]},"5":{"attachment":[{"time":0.0667,"name":null},{"time":0.2333,"name":"5"},{"time":0.3,"name":null},{"time":0.5,"name":"5"},{"time":0.6,"name":null},{"time":0.6667,"name":"5"},{"time":0.7333,"name":null},{"time":1.1,"name":"5"},{"time":1.1667,"name":null},{"time":1.4333,"name":"5"},{"time":1.5333,"name":null},{"time":1.7333,"name":"5"},{"time":1.8,"name":null},{"time":1.9333,"name":"5"},{"time":2.0333,"name":null},{"time":2.2333,"name":"5"},{"time":2.3,"name":null},{"time":2.3667,"name":"5"},{"time":2.4667,"name":null},{"time":2.8,"name":"5"},{"time":2.9,"name":null},{"time":3.1667,"name":"5"},{"time":3.2333,"name":null},{"time":3.4667,"name":"5"},{"time":3.5333,"name":null},{"time":3.7,"name":"5"},{"time":3.7333,"name":null},{"time":3.9333,"name":"5"},{"time":4.0333,"name":null},{"time":4.1,"name":"5"},{"time":4.1667,"name":null},{"time":4.5333,"name":"5"},{"time":4.6,"name":null},{"time":4.8667,"name":"5"},{"time":4.9667,"name":null},{"time":5.1667,"name":"5"},{"time":5.2333,"name":null},{"time":5.3667,"name":"5"},{"time":5.4667,"name":null},{"time":5.6667,"name":"5"},{"time":5.7333,"name":null},{"time":5.8,"name":"5"},{"time":5.9,"name":null},{"time":6.2333,"name":"5"},{"time":6.3333,"name":null},{"time":6.6,"name":"5"},{"time":6.6667,"name":null},{"time":6.9,"name":"5"}]},"6":{"attachment":[{"time":0.8,"name":"6"},{"time":0.8667,"name":null},{"time":1.1667,"name":"6"},{"time":1.2333,"name":null},{"time":1.6,"name":"6"},{"time":1.6667,"name":null},{"time":2.5333,"name":"6"},{"time":2.6,"name":null},{"time":2.9,"name":"6"},{"time":2.9667,"name":null},{"time":3.3,"name":"6"},{"time":3.4,"name":null},{"time":4.2333,"name":"6"},{"time":4.3,"name":null},{"time":4.6,"name":"6"},{"time":4.6667,"name":null},{"time":5.0333,"name":"6"},{"time":5.1,"name":null},{"time":5.9667,"name":"6"},{"time":6.0333,"name":null},{"time":6.3333,"name":"6"},{"time":6.4,"name":null},{"time":6.7333,"name":"6"},{"time":6.8333,"name":null}]},"7":{"attachment":[{"time":0.4333,"name":"7"},{"time":0.5,"name":null},{"time":2.1667,"name":"7"},{"time":2.2333,"name":null},{"time":3.8667,"name":"7"},{"time":3.9333,"name":null},{"time":5.6,"name":"7"},{"time":5.6667,"name":null}]},"9":{"attachment":[{"time":0.1667,"name":"9"},{"time":0.2333,"name":null},{"time":0.3667,"name":"9"},{"time":0.4333,"name":null},{"time":1.8667,"name":"9"},{"time":1.9333,"name":null},{"time":2.1,"name":"9"},{"time":2.1667,"name":null},{"time":3.6333,"name":"9"},{"time":3.7,"name":null},{"time":3.8,"name":"9"},{"time":3.8667,"name":null},{"time":5.3,"name":"9"},{"time":5.3667,"name":null},{"time":5.5333,"name":"9"},{"time":5.6,"name":null}]}}}}},[0]]],0,0,[0],[-1],[0]]
