[1,["65ovAHMEBBBrFgmj0A3trH@6c48a"],0,[["sp.SkeletonData",["_name","_atlasText","textureNames","_skeletonJson","textures"],-1,3]],[[0,0,1,2,3,4,5]],[[0,"Sound_S_Hat","\r\nSound_S_Hat.png\r\nsize: 1092, 590\r\nformat: RGBA8888\r\nfilter: Linear, Linear\r\nrepeat: none\r\n1\r\n  rotate: true\r\n  xy: 2, 394\r\n  size: 194, 271\r\n  orig: 194, 271\r\n  offset: 0, 0\r\n  index: -1\r\n10\r\n  rotate: true\r\n  xy: 275, 394\r\n  size: 194, 270\r\n  orig: 194, 270\r\n  offset: 0, 0\r\n  index: -1\r\n11\r\n  rotate: true\r\n  xy: 547, 394\r\n  size: 194, 271\r\n  orig: 194, 271\r\n  offset: 0, 0\r\n  index: -1\r\n12\r\n  rotate: true\r\n  xy: 820, 394\r\n  size: 194, 270\r\n  orig: 194, 270\r\n  offset: 0, 0\r\n  index: -1\r\n2\r\n  rotate: true\r\n  xy: 2, 198\r\n  size: 194, 271\r\n  orig: 194, 271\r\n  offset: 0, 0\r\n  index: -1\r\n3\r\n  rotate: true\r\n  xy: 275, 198\r\n  size: 194, 271\r\n  orig: 194, 271\r\n  offset: 0, 0\r\n  index: -1\r\n4\r\n  rotate: true\r\n  xy: 548, 198\r\n  size: 194, 269\r\n  orig: 194, 269\r\n  offset: 0, 0\r\n  index: -1\r\n5\r\n  rotate: true\r\n  xy: 819, 198\r\n  size: 194, 271\r\n  orig: 194, 271\r\n  offset: 0, 0\r\n  index: -1\r\n6\r\n  rotate: true\r\n  xy: 2, 2\r\n  size: 194, 271\r\n  orig: 194, 271\r\n  offset: 0, 0\r\n  index: -1\r\n7\r\n  rotate: true\r\n  xy: 275, 2\r\n  size: 194, 273\r\n  orig: 194, 273\r\n  offset: 0, 0\r\n  index: -1\r\n8\r\n  rotate: true\r\n  xy: 550, 2\r\n  size: 194, 271\r\n  orig: 194, 271\r\n  offset: 0, 0\r\n  index: -1\r\n9\r\n  rotate: true\r\n  xy: 823, 2\r\n  size: 194, 266\r\n  orig: 194, 266\r\n  offset: 0, 0\r\n  index: -1\r\n",["Sound_S_Hat.png"],{"skeleton":{"hash":"mZFrfTt1bD4","spine":"3.8-from-4.0-from-4.1-from-4.2.37","x":-93.63,"y":0.36,"width":194,"height":273,"images":"C:\\Users\\006\\Desktop\\111","audio":"./audio"},"bones":[{"name":"root"},{"name":"bone","parent":"root","x":0.46,"y":-17.64}],"slots":[{"name":"1","bone":"bone"},{"name":"2","bone":"bone"},{"name":"3","bone":"bone"},{"name":"4","bone":"bone"},{"name":"5","bone":"bone"},{"name":"6","bone":"bone"},{"name":"7","bone":"bone","attachment":"7"},{"name":"8","bone":"bone"},{"name":"9","bone":"bone"},{"name":"10","bone":"bone"},{"name":"11","bone":"bone"},{"name":"12","bone":"bone"}],"skins":[{"name":"default","attachments":{"1":{"1":{"x":1.74,"y":153.34,"width":194,"height":271}},"2":{"2":{"x":1.86,"y":153.34,"width":194,"height":271}},"3":{"3":{"x":1.74,"y":153.34,"width":194,"height":271}},"4":{"4":{"x":3.2,"y":152.46,"width":194,"height":269}},"5":{"5":{"x":2.62,"y":153.34,"width":194,"height":271}},"6":{"6":{"x":2.03,"y":153.92,"width":194,"height":271}},"7":{"7":{"x":2.91,"y":154.5,"width":194,"height":273}},"8":{"8":{"x":1.74,"y":153.92,"width":194,"height":271}},"9":{"9":{"x":2.62,"y":151.01,"width":194,"height":266}},"10":{"10":{"x":3.01,"y":153.49,"width":194,"height":270}},"11":{"11":{"x":2.32,"y":153.34,"width":194,"height":271}},"12":{"12":{"x":2.32,"y":153.04,"width":194,"height":270}}}}],"animations":{"Sound_1":{"slots":{"2":{"attachment":[{"time":0.0667,"name":"2"},{"time":0.1333,"name":null},{"time":0.2,"name":"2"},{"time":0.2667,"name":null},{"time":0.3333,"name":"2"},{"time":0.4,"name":null},{"time":0.4667,"name":"2"},{"time":0.5333,"name":null},{"time":0.6,"name":"2"},{"time":0.6667,"name":null},{"time":0.7333,"name":"2"},{"time":0.8,"name":null},{"time":0.8667,"name":"2"},{"time":0.9333,"name":null},{"time":1,"name":"2"},{"time":1.0667,"name":null},{"time":1.1333,"name":"2"},{"time":1.2,"name":null},{"time":1.2667,"name":"2"},{"time":1.3333,"name":null},{"time":1.4,"name":"2"},{"time":1.4667,"name":null},{"time":1.5333,"name":"2"},{"time":1.6,"name":null},{"time":1.6667,"name":"2"},{"time":1.7333,"name":null},{"time":1.8,"name":"2"},{"time":1.8667,"name":null},{"time":1.9333,"name":"2"},{"time":2,"name":null},{"time":2.0667,"name":"2"},{"time":2.1333,"name":null},{"time":2.2,"name":"2"},{"time":2.2667,"name":null},{"time":2.3333,"name":"2"},{"time":2.4,"name":null},{"time":2.4667,"name":"2"},{"time":2.5333,"name":null},{"time":2.6,"name":"2"},{"time":2.6667,"name":null},{"time":2.7333,"name":"2"},{"time":2.8,"name":null},{"time":2.8667,"name":"2"},{"time":2.9333,"name":null},{"time":3,"name":"2"},{"time":3.0667,"name":null},{"time":3.1333,"name":"2"},{"time":3.2,"name":null},{"time":3.2667,"name":"2"},{"time":3.3333,"name":null},{"time":3.6333,"name":"2"},{"time":3.8333,"name":null},{"time":3.9,"name":"2"},{"time":3.9667,"name":null},{"time":4.0333,"name":"2"},{"time":4.1,"name":null},{"time":4.1667,"name":"2"},{"time":4.2333,"name":null},{"time":4.3,"name":"2"},{"time":4.5,"name":null},{"time":4.5667,"name":"2"},{"time":4.6333,"name":null},{"time":4.7,"name":"2"},{"time":4.7667,"name":null},{"time":4.8333,"name":"2"},{"time":4.9,"name":null},{"time":4.9667,"name":"2"},{"time":5.1,"name":null},{"time":5.2333,"name":"2"},{"time":5.3,"name":null},{"time":5.3667,"name":"2"},{"time":5.4333,"name":null},{"time":5.5,"name":"2"},{"time":5.5667,"name":null},{"time":5.6333,"name":"2"},{"time":5.7,"name":null},{"time":5.7667,"name":"2"},{"time":5.8333,"name":null},{"time":5.9,"name":"2"},{"time":5.9667,"name":null},{"time":6.0333,"name":"2"},{"time":6.1,"name":null},{"time":6.1667,"name":"2"},{"time":6.2333,"name":null},{"time":6.3,"name":"2"},{"time":6.3667,"name":null},{"time":6.4333,"name":"2"},{"time":6.5,"name":null},{"time":6.5667,"name":"2"},{"time":6.6333,"name":null},{"time":6.7,"name":"2"},{"time":6.7667,"name":null},{"time":6.8333,"name":"2"},{"time":6.9,"name":null}]},"6":{"attachment":[{"name":"6"},{"time":0.0667,"name":null},{"time":0.1333,"name":"6"},{"time":0.2,"name":null},{"time":0.2667,"name":"6"},{"time":0.3333,"name":null},{"time":0.4,"name":"6"},{"time":0.4667,"name":null},{"time":0.5333,"name":"6"},{"time":0.6,"name":null},{"time":0.6667,"name":"6"},{"time":0.7333,"name":null},{"time":0.8,"name":"6"},{"time":0.8667,"name":null},{"time":0.9333,"name":"6"},{"time":1,"name":null},{"time":1.0667,"name":"6"},{"time":1.1333,"name":null},{"time":1.2,"name":"6"},{"time":1.2667,"name":null},{"time":1.3333,"name":"6"},{"time":1.4,"name":null},{"time":1.4667,"name":"6"},{"time":1.5333,"name":null},{"time":1.6,"name":"6"},{"time":1.6667,"name":null},{"time":1.7333,"name":"6"},{"time":1.8,"name":null},{"time":1.8667,"name":"6"},{"time":1.9333,"name":null},{"time":2,"name":"6"},{"time":2.0667,"name":null},{"time":2.1333,"name":"6"},{"time":2.2,"name":null},{"time":2.2667,"name":"6"},{"time":2.3333,"name":null},{"time":2.4,"name":"6"},{"time":2.4667,"name":null},{"time":2.5333,"name":"6"},{"time":2.6,"name":null},{"time":2.6667,"name":"6"},{"time":2.7333,"name":null},{"time":2.8,"name":"6"},{"time":2.8667,"name":null},{"time":2.9333,"name":"6"},{"time":3,"name":null},{"time":3.0667,"name":"6"},{"time":3.1333,"name":null},{"time":3.2,"name":"6"},{"time":3.2667,"name":null},{"time":3.3333,"name":"6"},{"time":3.4333,"name":null},{"time":3.5,"name":"6"},{"time":3.6333,"name":null},{"time":3.7,"name":"6"},{"time":3.7667,"name":null},{"time":3.8333,"name":"6"},{"time":3.9,"name":null},{"time":3.9667,"name":"6"},{"time":4.0333,"name":null},{"time":4.1,"name":"6"},{"time":4.1667,"name":null},{"time":4.2333,"name":"6"},{"time":4.3,"name":null},{"time":4.3667,"name":"6"},{"time":4.4333,"name":null},{"time":4.5,"name":"6"},{"time":4.5667,"name":null},{"time":4.6333,"name":"6"},{"time":4.7,"name":null},{"time":4.7667,"name":"6"},{"time":4.8333,"name":null},{"time":4.9,"name":"6"},{"time":4.9667,"name":null},{"time":5.0333,"name":"6"},{"time":5.1,"name":null},{"time":5.1667,"name":"6"},{"time":5.2333,"name":null},{"time":5.3,"name":"6"},{"time":5.3667,"name":null},{"time":5.4333,"name":"6"},{"time":5.5,"name":null},{"time":5.5667,"name":"6"},{"time":5.6333,"name":null},{"time":5.7,"name":"6"},{"time":5.7667,"name":null},{"time":5.8333,"name":"6"},{"time":5.9,"name":null},{"time":5.9667,"name":"6"},{"time":6.0333,"name":null},{"time":6.1,"name":"6"},{"time":6.1667,"name":null},{"time":6.2333,"name":"6"},{"time":6.3,"name":null},{"time":6.3667,"name":"6"},{"time":6.4333,"name":null},{"time":6.5,"name":"6"},{"time":6.5667,"name":null},{"time":6.6333,"name":"6"},{"time":6.7,"name":null},{"time":6.7667,"name":"6"},{"time":6.8333,"name":null},{"time":6.9,"name":"6"}]},"7":{"attachment":[{"name":null},{"time":5.1,"name":"7"},{"time":5.1667,"name":null}]},"9":{"attachment":[{"time":3.4333,"name":"9"},{"time":3.5,"name":null}]}}},"Sound_2":{"slots":{"2":{"attachment":[{"time":0.2,"name":"2"},{"time":0.2667,"name":null},{"time":0.3333,"name":"2"},{"time":0.4,"name":null},{"time":0.4667,"name":"2"},{"time":0.5333,"name":null},{"time":0.6,"name":"2"},{"time":0.6667,"name":null},{"time":0.7333,"name":"2"},{"time":0.8,"name":null},{"time":0.8667,"name":"2"},{"time":0.9333,"name":null},{"time":1,"name":"2"},{"time":1.0667,"name":null},{"time":1.1333,"name":"2"},{"time":1.2,"name":null},{"time":1.2667,"name":"2"},{"time":1.3333,"name":null},{"time":1.4,"name":"2"},{"time":1.4667,"name":null},{"time":1.5333,"name":"2"},{"time":1.6,"name":null},{"time":1.6667,"name":"2"},{"time":1.7333,"name":null},{"time":1.8,"name":"2"},{"time":1.8667,"name":null},{"time":1.9333,"name":"2"},{"time":2,"name":null},{"time":2.0667,"name":"2"},{"time":2.1333,"name":null},{"time":2.2,"name":"2"},{"time":2.2667,"name":null},{"time":2.3333,"name":"2"},{"time":2.4,"name":null},{"time":2.4667,"name":"2"},{"time":2.5333,"name":null},{"time":2.6,"name":"2"},{"time":2.6667,"name":null},{"time":2.7333,"name":"2"},{"time":2.8,"name":null},{"time":2.8667,"name":"2"},{"time":2.9333,"name":null},{"time":3,"name":"2"},{"time":3.0667,"name":null},{"time":3.1333,"name":"2"},{"time":3.2,"name":null},{"time":3.2667,"name":"2"},{"time":3.3333,"name":null},{"time":3.6333,"name":"2"},{"time":3.8333,"name":null},{"time":3.9,"name":"2"},{"time":3.9667,"name":null},{"time":4.0333,"name":"2"},{"time":4.1,"name":null},{"time":4.1667,"name":"2"},{"time":4.2333,"name":null},{"time":4.3,"name":"2"},{"time":4.5,"name":null},{"time":4.5667,"name":"2"},{"time":4.6333,"name":null},{"time":4.7,"name":"2"},{"time":4.7667,"name":null},{"time":4.8333,"name":"2"},{"time":4.9,"name":null},{"time":4.9667,"name":"2"},{"time":5.0333,"name":null},{"time":5.1,"name":"2"},{"time":5.1667,"name":null},{"time":5.2333,"name":"2"},{"time":5.3,"name":null}]},"6":{"attachment":[{"name":"6"},{"time":0.0667,"name":null},{"time":0.1333,"name":"6"},{"time":0.2,"name":null},{"time":0.2667,"name":"6"},{"time":0.3333,"name":null},{"time":0.4,"name":"6"},{"time":0.4667,"name":null},{"time":0.5333,"name":"6"},{"time":0.6,"name":null},{"time":0.6667,"name":"6"},{"time":0.7333,"name":null},{"time":0.8,"name":"6"},{"time":0.8667,"name":null},{"time":0.9333,"name":"6"},{"time":1,"name":null},{"time":1.0667,"name":"6"},{"time":1.1333,"name":null},{"time":1.2,"name":"6"},{"time":1.2667,"name":null},{"time":1.3333,"name":"6"},{"time":1.4,"name":null},{"time":1.4667,"name":"6"},{"time":1.5333,"name":null},{"time":1.6,"name":"6"},{"time":1.6667,"name":null},{"time":1.7333,"name":"6"},{"time":1.8,"name":null},{"time":1.8667,"name":"6"},{"time":1.9333,"name":null},{"time":2,"name":"6"},{"time":2.0667,"name":null},{"time":2.1333,"name":"6"},{"time":2.2,"name":null},{"time":2.2667,"name":"6"},{"time":2.3333,"name":null},{"time":2.4,"name":"6"},{"time":2.4667,"name":null},{"time":2.5333,"name":"6"},{"time":2.6,"name":null},{"time":2.6667,"name":"6"},{"time":2.7333,"name":null},{"time":2.8,"name":"6"},{"time":2.8667,"name":null},{"time":2.9333,"name":"6"},{"time":3,"name":null},{"time":3.0667,"name":"6"},{"time":3.1333,"name":null},{"time":3.2,"name":"6"},{"time":3.2667,"name":null},{"time":3.3333,"name":"6"},{"time":3.4333,"name":null},{"time":3.5,"name":"6"},{"time":3.6333,"name":null},{"time":3.7,"name":"6"},{"time":3.7667,"name":null},{"time":3.8333,"name":"6"},{"time":3.9,"name":null},{"time":3.9667,"name":"6"},{"time":4.0333,"name":null},{"time":4.1,"name":"6"},{"time":4.1667,"name":null},{"time":4.2333,"name":"6"},{"time":4.3,"name":null},{"time":4.3667,"name":"6"},{"time":4.4333,"name":null},{"time":4.5,"name":"6"},{"time":4.5667,"name":null},{"time":4.6333,"name":"6"},{"time":4.7,"name":null},{"time":4.7667,"name":"6"},{"time":4.8333,"name":null},{"time":4.9,"name":"6"},{"time":4.9667,"name":null},{"time":5.0333,"name":"6"},{"time":5.1,"name":null},{"time":5.1667,"name":"6"},{"time":5.2333,"name":null},{"time":5.4333,"name":"6"},{"time":5.5,"name":null},{"time":5.5667,"name":"6"},{"time":5.6333,"name":null},{"time":5.7,"name":"6"},{"time":5.7667,"name":null},{"time":5.8333,"name":"6"},{"time":5.9,"name":null},{"time":5.9667,"name":"6"},{"time":6.0333,"name":null},{"time":6.1,"name":"6"},{"time":6.1667,"name":null},{"time":6.2333,"name":"6"},{"time":6.3,"name":null},{"time":6.3667,"name":"6"},{"time":6.4333,"name":null},{"time":6.5,"name":"6"},{"time":6.5667,"name":null},{"time":6.6333,"name":"6"},{"time":6.7,"name":null},{"time":6.7667,"name":"6"},{"time":6.8333,"name":null},{"time":6.9,"name":"6"}]},"7":{"attachment":[{"name":null}]},"8":{"attachment":[{"time":5.3667,"name":"8"},{"time":5.4333,"name":null},{"time":5.5,"name":"8"},{"time":5.5667,"name":null},{"time":5.6333,"name":"8"},{"time":5.7,"name":null},{"time":5.7667,"name":"8"},{"time":5.8333,"name":null},{"time":5.9,"name":"8"},{"time":5.9667,"name":null},{"time":6.0333,"name":"8"},{"time":6.1,"name":null},{"time":6.1667,"name":"8"},{"time":6.2333,"name":null},{"time":6.3,"name":"8"},{"time":6.3667,"name":null},{"time":6.4333,"name":"8"},{"time":6.5,"name":null},{"time":6.5667,"name":"8"},{"time":6.6333,"name":null},{"time":6.7,"name":"8"},{"time":6.7667,"name":null},{"time":6.8333,"name":"8"}]},"9":{"attachment":[{"time":0.0667,"name":"9"},{"time":0.1333,"name":null},{"time":3.4333,"name":"9"},{"time":3.5,"name":null},{"time":5.3,"name":"9"},{"time":5.3667,"name":null}]}}}}},[0]]],0,0,[0],[-1],[0]]
