[1,["4cuUywoOJE/oiso+aiFOPz@6c48a"],0,[["sp.SkeletonData",["_name","_atlasText","textureNames","_skeletonJson","textures"],-1,3]],[[0,0,1,2,3,4,5]],[[0,"Sound_S_Pink","\r\nSound_S_Pink.png\r\nsize: 1908, 328\r\nformat: RGBA8888\r\nfilter: Linear, Linear\r\nrepeat: none\r\n1\r\n  rotate: false\r\n  xy: 899, 2\r\n  size: 168, 324\r\n  orig: 168, 324\r\n  offset: 0, 0\r\n  index: -1\r\n10\r\n  rotate: false\r\n  xy: 723, 12\r\n  size: 174, 314\r\n  orig: 174, 314\r\n  offset: 0, 0\r\n  index: -1\r\n11\r\n  rotate: false\r\n  xy: 189, 10\r\n  size: 179, 316\r\n  orig: 179, 316\r\n  offset: 0, 0\r\n  index: -1\r\n2\r\n  rotate: false\r\n  xy: 2, 8\r\n  size: 185, 318\r\n  orig: 185, 318\r\n  offset: 0, 0\r\n  index: -1\r\n3\r\n  rotate: false\r\n  xy: 1069, 9\r\n  size: 171, 317\r\n  orig: 171, 317\r\n  offset: 0, 0\r\n  index: -1\r\n4\r\n  rotate: false\r\n  xy: 370, 10\r\n  size: 179, 316\r\n  orig: 179, 316\r\n  offset: 0, 0\r\n  index: -1\r\n5\r\n  rotate: false\r\n  xy: 1742, 14\r\n  size: 164, 312\r\n  orig: 164, 312\r\n  offset: 0, 0\r\n  index: -1\r\n6\r\n  rotate: false\r\n  xy: 551, 4\r\n  size: 170, 322\r\n  orig: 170, 322\r\n  offset: 0, 0\r\n  index: -1\r\n7\r\n  rotate: false\r\n  xy: 1242, 3\r\n  size: 166, 323\r\n  orig: 166, 323\r\n  offset: 0, 0\r\n  index: -1\r\n8\r\n  rotate: false\r\n  xy: 1410, 7\r\n  size: 164, 319\r\n  orig: 164, 319\r\n  offset: 0, 0\r\n  index: -1\r\n9\r\n  rotate: false\r\n  xy: 1576, 9\r\n  size: 164, 317\r\n  orig: 164, 317\r\n  offset: 0, 0\r\n  index: -1\r\n",["Sound_S_Pink.png"],{"skeleton":{"hash":"PmhE2Q/BTYQ","spine":"3.8-from-4.0-from-4.1-from-4.2.37","x":-91.21,"y":0.16,"width":179,"height":316,"images":"C:\\Users\\006\\Desktop\\111","audio":"./audio"},"bones":[{"name":"root"},{"name":"bone","parent":"root","x":-3.2,"y":-5.27}],"slots":[{"name":"1","bone":"bone"},{"name":"2","bone":"bone"},{"name":"3","bone":"bone"},{"name":"4","bone":"bone","attachment":"4"},{"name":"5","bone":"bone"},{"name":"6","bone":"bone"},{"name":"7","bone":"bone"},{"name":"8","bone":"bone"},{"name":"9","bone":"bone"},{"name":"10","bone":"bone"},{"name":"11","bone":"bone"}],"skins":[{"name":"default","attachments":{"1":{"1":{"x":32.57,"y":166.76,"width":168,"height":324}},"2":{"2":{"x":-5.45,"y":163.83,"width":185,"height":318}},"3":{"3":{"x":44.47,"y":163.11,"width":171,"height":317}},"4":{"4":{"x":1.49,"y":163.43,"width":179,"height":316}},"5":{"5":{"x":30.15,"y":161.17,"width":164,"height":312}},"6":{"6":{"x":40.15,"y":165.9,"width":170,"height":322}},"7":{"7":{"x":29.19,"y":167.49,"width":166,"height":323}},"8":{"8":{"x":24.58,"y":163.94,"width":164,"height":319}},"9":{"9":{"x":23.77,"y":163.1,"width":164,"height":317}},"10":{"10":{"x":49.48,"y":161.62,"width":174,"height":314}},"11":{"11":{"x":1.59,"y":163.18,"width":179,"height":316}}}}],"animations":{"Sound_1":{"slots":{"2":{"attachment":[{"time":2.1333,"name":"2"},{"time":3.2667,"name":null},{"time":5.6667,"name":"2"},{"time":6.8,"name":null}]},"4":{"attachment":[{"name":null},{"time":1.8667,"name":"4"},{"time":2,"name":null},{"time":5.3333,"name":"4"},{"time":5.4667,"name":null}]},"5":{"attachment":[{"time":0.1333,"name":"5"},{"time":0.3,"name":null},{"time":3.5667,"name":"5"},{"time":3.7667,"name":null}]},"6":{"attachment":[{"time":0.3,"name":"6"},{"time":0.4333,"name":null},{"time":1.5667,"name":"6"},{"time":1.6667,"name":null},{"time":3.7667,"name":"6"},{"time":3.9,"name":null},{"time":5.0667,"name":"6"},{"time":5.2,"name":null}]},"8":{"attachment":[{"name":"8"},{"time":0.1333,"name":null},{"time":1.6667,"name":"8"},{"time":1.8667,"name":null},{"time":3.4333,"name":"8"},{"time":3.5667,"name":null},{"time":5.2,"name":"8"},{"time":5.3333,"name":null},{"time":6.9,"name":"8"}]},"10":{"attachment":[{"time":0.4333,"name":"10"},{"time":1.5667,"name":null},{"time":3.9,"name":"10"},{"time":5.0667,"name":null}]},"11":{"attachment":[{"time":2,"name":"11"},{"time":2.1333,"name":null},{"time":3.2667,"name":"11"},{"time":3.4333,"name":null},{"time":5.4667,"name":"11"},{"time":5.6667,"name":null},{"time":6.8,"name":"11"},{"time":6.9,"name":null}]}}},"Sound_2":{"slots":{"1":{"attachment":[{"time":5.3333,"name":"1"},{"time":5.4667,"name":null}]},"2":{"attachment":[{"time":2.1333,"name":"2"},{"time":3.2667,"name":null}]},"3":{"attachment":[{"time":5.4667,"name":"3"},{"time":5.5667,"name":null},{"time":5.6667,"name":"3"},{"time":5.7667,"name":null},{"time":5.8667,"name":"3"},{"time":5.9667,"name":null},{"time":6.0667,"name":"3"},{"time":6.1667,"name":null},{"time":6.2667,"name":"3"},{"time":6.3667,"name":null},{"time":6.4667,"name":"3"},{"time":6.5667,"name":null}]},"4":{"attachment":[{"name":null},{"time":1.8667,"name":"4"},{"time":2,"name":null}]},"5":{"attachment":[{"time":0.1333,"name":"5"},{"time":0.3,"name":null},{"time":3.5667,"name":"5"},{"time":3.7667,"name":null},{"time":6.8,"name":"5"},{"time":6.9333,"name":null}]},"6":{"attachment":[{"time":0.3,"name":"6"},{"time":0.4333,"name":null},{"time":1.5667,"name":"6"},{"time":1.6667,"name":null},{"time":3.7667,"name":"6"},{"time":3.9,"name":null},{"time":5.0667,"name":"6"},{"time":5.2,"name":null}]},"7":{"attachment":[{"time":5.5667,"name":"7"},{"time":5.6667,"name":null},{"time":5.7667,"name":"7"},{"time":5.8667,"name":null},{"time":5.9667,"name":"7"},{"time":6.0667,"name":null},{"time":6.1667,"name":"7"},{"time":6.2667,"name":null},{"time":6.3667,"name":"7"},{"time":6.4667,"name":null},{"time":6.5667,"name":"7"},{"time":6.8,"name":null}]},"8":{"attachment":[{"name":"8"},{"time":0.1333,"name":null},{"time":1.6667,"name":"8"},{"time":1.8667,"name":null},{"time":3.4333,"name":"8"},{"time":3.5667,"name":null},{"time":5.2,"name":"8"},{"time":5.3333,"name":null},{"time":6.9333,"name":"8"}]},"10":{"attachment":[{"time":0.4333,"name":"10"},{"time":1.5667,"name":null},{"time":3.9,"name":"10"},{"time":5.0667,"name":null}]},"11":{"attachment":[{"time":2,"name":"11"},{"time":2.1333,"name":null},{"time":3.2667,"name":"11"},{"time":3.4333,"name":null}]}}}}},[0]]],0,0,[0],[-1],[0]]
