[1,["18BB+gS25GU4cnD83I9+Ck@6c48a"],0,[["sp.SkeletonData",["_name","_atlasText","textureNames","_skeletonJson","textures"],-1,3]],[[0,0,1,2,3,4,5]],[[0,"Sound_R_Mint","\r\nSound_R_Mint.png\r\nsize: 1615, 322\r\nformat: RGBA8888\r\nfilter: Linear, Linear\r\nrepeat: none\r\n0\r\n  rotate: true\r\n  xy: 878, 162\r\n  size: 158, 287\r\n  orig: 158, 287\r\n  offset: 0, 0\r\n  index: -1\r\n1\r\n  rotate: true\r\n  xy: 863, 2\r\n  size: 158, 283\r\n  orig: 158, 283\r\n  offset: 0, 0\r\n  index: -1\r\n10\r\n  rotate: true\r\n  xy: 2, 162\r\n  size: 158, 292\r\n  orig: 158, 292\r\n  offset: 0, 0\r\n  index: -1\r\n2\r\n  rotate: true\r\n  xy: 1148, 2\r\n  size: 158, 281\r\n  orig: 158, 281\r\n  offset: 0, 0\r\n  index: -1\r\n3\r\n  rotate: false\r\n  xy: 1455, 35\r\n  size: 158, 285\r\n  orig: 158, 285\r\n  offset: 0, 0\r\n  index: -1\r\n4\r\n  rotate: true\r\n  xy: 2, 2\r\n  size: 158, 285\r\n  orig: 158, 285\r\n  offset: 0, 0\r\n  index: -1\r\n5\r\n  rotate: true\r\n  xy: 289, 2\r\n  size: 158, 285\r\n  orig: 158, 285\r\n  offset: 0, 0\r\n  index: -1\r\n6\r\n  rotate: true\r\n  xy: 1167, 162\r\n  size: 158, 286\r\n  orig: 158, 286\r\n  offset: 0, 0\r\n  index: -1\r\n7\r\n  rotate: true\r\n  xy: 576, 2\r\n  size: 158, 285\r\n  orig: 158, 285\r\n  offset: 0, 0\r\n  index: -1\r\n8\r\n  rotate: true\r\n  xy: 588, 162\r\n  size: 158, 288\r\n  orig: 158, 288\r\n  offset: 0, 0\r\n  index: -1\r\n9\r\n  rotate: true\r\n  xy: 296, 162\r\n  size: 158, 290\r\n  orig: 158, 290\r\n  offset: 0, 0\r\n  index: -1\r\n",["Sound_R_Mint.png"],{"skeleton":{"hash":"mJ8LWM0TMg0","spine":"3.8-from-4.0-from-4.1-from-4.2.37","x":-79,"y":-3.29,"width":158,"height":287,"images":"C:\\Users\\006\\Desktop\\111","audio":"./audio"},"bones":[{"name":"root"},{"name":"bone","parent":"root","x":-0.71,"y":-32.19}],"slots":[{"name":"0","bone":"bone","attachment":"0"},{"name":"1","bone":"bone"},{"name":"2","bone":"bone"},{"name":"3","bone":"bone"},{"name":"4","bone":"bone"},{"name":"5","bone":"bone"},{"name":"6","bone":"bone"},{"name":"7","bone":"bone"},{"name":"8","bone":"bone"},{"name":"9","bone":"bone"},{"name":"10","bone":"bone"}],"skins":[{"name":"default","attachments":{"0":{"0":{"x":0.71,"y":172.4,"width":158,"height":287}},"1":{"1":{"x":0.71,"y":170.26,"width":158,"height":283}},"2":{"2":{"x":0.71,"y":170.05,"width":158,"height":281}},"3":{"3":{"x":0.38,"y":171.7,"width":158,"height":285}},"4":{"4":{"x":0.38,"y":172.4,"width":158,"height":285}},"5":{"5":{"x":0.71,"y":171.95,"width":158,"height":285}},"6":{"6":{"x":0.71,"y":172.4,"width":158,"height":286}},"7":{"7":{"x":0.71,"y":171.55,"width":158,"height":285}},"8":{"8":{"x":0.71,"y":173.25,"width":158,"height":288}},"9":{"9":{"x":0.71,"y":173.52,"width":158,"height":290}},"10":{"10":{"x":0.71,"y":175.34,"width":158,"height":292}}}}],"animations":{"Sound_1":{"slots":{"0":{"attachment":[{"time":0.1333,"name":null},{"time":2.7667,"name":"0"},{"time":4.8,"name":"0"}]},"1":{"attachment":[{"time":0.1333,"name":"1"},{"time":0.3,"name":null}]},"2":{"attachment":[{"time":0.3,"name":"2"},{"time":0.4333,"name":null}]},"3":{"attachment":[{"time":2.6,"name":"3"},{"time":2.7667,"name":null}]},"4":{"attachment":[{"time":0.4333,"name":"4"},{"time":2.6,"name":null}]}}},"Sound_2":{"slots":{"0":{"attachment":[{"time":3.7333,"name":null}]},"5":{"attachment":[{"time":3.7333,"name":"5"},{"time":3.9333,"name":null}]},"6":{"attachment":[{"time":3.9333,"name":"6"},{"time":4.3,"name":null}]},"8":{"attachment":[{"time":4.3,"name":"8"},{"time":4.5,"name":null}]},"9":{"attachment":[{"time":4.5,"name":"9"},{"time":4.6667,"name":null}]},"10":{"attachment":[{"time":4.6667,"name":"10"},{"time":4.8,"name":"10"}]}}}}},[0]]],0,0,[0],[-1],[0]]
