[1,["784aiCBYtAVphpwlD0DICE@6c48a"],0,[["sp.SkeletonData",["_name","_atlasText","textureNames","_skeletonJson","textures"],-1,3]],[[0,0,1,2,3,4,5]],[[0,"Sound_2_Green","\r\nSound_2_Green.png\r\nsize: 1313, 262\r\nformat: RGBA8888\r\nfilter: Linear, Linear\r\nrepeat: none\r\n0\r\n  rotate: false\r\n  xy: 601, 4\r\n  size: 146, 256\r\n  orig: 146, 273\r\n  offset: 0, 0\r\n  index: -1\r\n1\r\n  rotate: false\r\n  xy: 1031, 5\r\n  size: 139, 255\r\n  orig: 141, 273\r\n  offset: 0, 0\r\n  index: -1\r\n2\r\n  rotate: false\r\n  xy: 749, 4\r\n  size: 139, 256\r\n  orig: 140, 273\r\n  offset: 0, 0\r\n  index: -1\r\n3\r\n  rotate: false\r\n  xy: 452, 4\r\n  size: 147, 256\r\n  orig: 147, 273\r\n  offset: 0, 0\r\n  index: -1\r\n4\r\n  rotate: false\r\n  xy: 152, 3\r\n  size: 148, 257\r\n  orig: 148, 273\r\n  offset: 0, 0\r\n  index: -1\r\n5\r\n  rotate: false\r\n  xy: 1172, 5\r\n  size: 139, 255\r\n  orig: 141, 273\r\n  offset: 0, 0\r\n  index: -1\r\n6\r\n  rotate: false\r\n  xy: 890, 4\r\n  size: 139, 256\r\n  orig: 140, 273\r\n  offset: 0, 0\r\n  index: -1\r\n7\r\n  rotate: false\r\n  xy: 302, 3\r\n  size: 148, 257\r\n  orig: 148, 273\r\n  offset: 0, 0\r\n  index: -1\r\n8\r\n  rotate: false\r\n  xy: 2, 2\r\n  size: 148, 258\r\n  orig: 148, 273\r\n  offset: 0, 0\r\n  index: -1\r\n",["Sound_2_Green.png"],{"skeleton":{"hash":"4NHoN9bfQQI","spine":"3.8-from-4.0-from-4.1-from-4.2.38","images":"C:\\Users\\006\\Desktop\\222","audio":"./audio"},"bones":[{"name":"root"},{"name":"bone","parent":"root","x":-1.19,"y":-20.07}],"slots":[{"name":"0","bone":"bone","attachment":"0"},{"name":"1","bone":"bone"},{"name":"2","bone":"bone"},{"name":"3","bone":"bone"},{"name":"4","bone":"bone"},{"name":"5","bone":"bone"},{"name":"6","bone":"bone"},{"name":"7","bone":"bone"},{"name":"8","bone":"bone"}],"skins":[{"name":"default","attachments":{"0":{"0":{"x":-0.59,"y":156.7,"width":146,"height":273}},"1":{"1":{"x":-5.37,"y":155.97,"width":141,"height":273}},"2":{"2":{"x":-5.71,"y":155.75,"width":140,"height":273}},"3":{"3":{"x":5.68,"y":155.97,"width":147,"height":273}},"4":{"4":{"x":3.72,"y":156.01,"width":148,"height":273}},"5":{"5":{"x":-5.75,"y":155.45,"width":141,"height":273}},"6":{"6":{"x":-5.64,"y":155.82,"width":140,"height":273}},"7":{"7":{"x":3.04,"y":155.56,"width":148,"height":273}},"8":{"8":{"x":3.57,"y":155.29,"width":148,"height":273}}}}],"animations":{"Sound_1":{"slots":{"0":{"attachment":[{"name":null}]},"1":{"attachment":[{"name":"1"},{"time":0.1333,"name":null},{"time":0.6,"name":"1"},{"time":0.7333,"name":null},{"time":1.2,"name":"1"},{"time":1.3333,"name":null},{"time":1.8,"name":"1"},{"time":1.9333,"name":null}]},"2":{"attachment":[{"time":0.1333,"name":"2"},{"time":0.3,"name":null},{"time":0.7333,"name":"2"},{"time":0.9,"name":null},{"time":1.3333,"name":"2"},{"time":1.5,"name":null},{"time":1.9333,"name":"2"},{"time":2.1,"name":null}]},"3":{"attachment":[{"time":0.3,"name":"3"},{"time":0.4333,"name":null},{"time":0.9,"name":"3"},{"time":1.0333,"name":null},{"time":1.5,"name":"3"},{"time":1.6333,"name":null},{"time":2.1,"name":"3"},{"time":2.2333,"name":null}]},"4":{"attachment":[{"time":0.4333,"name":"4"},{"time":0.6,"name":null},{"time":1.0333,"name":"4"},{"time":1.2,"name":null},{"time":1.6333,"name":"4"},{"time":1.8,"name":null},{"time":2.2333,"name":"4"},{"time":2.4,"name":null}]},"5":{"attachment":[{"time":2.4,"name":"5"},{"time":2.5333,"name":null},{"time":3,"name":"5"},{"time":3.1333,"name":null},{"time":3.6,"name":"5"},{"time":3.7333,"name":null},{"time":4.2,"name":"5"},{"time":4.3333,"name":null},{"time":4.8,"name":"5"}]},"6":{"attachment":[{"time":2.5333,"name":"6"},{"time":2.7,"name":null},{"time":3.1333,"name":"6"},{"time":3.3,"name":null},{"time":3.7333,"name":"6"},{"time":3.9,"name":null},{"time":4.3333,"name":"6"},{"time":4.5,"name":null}]},"7":{"attachment":[{"time":2.7,"name":"7"},{"time":2.8333,"name":null},{"time":3.3,"name":"7"},{"time":3.4333,"name":null},{"time":3.9,"name":"7"},{"time":4.0333,"name":null},{"time":4.5,"name":"7"},{"time":4.6333,"name":null}]},"8":{"attachment":[{"time":2.8333,"name":"8"},{"time":3,"name":null},{"time":3.4333,"name":"8"},{"time":3.6,"name":null},{"time":4.0333,"name":"8"},{"time":4.2,"name":null},{"time":4.6333,"name":"8"},{"time":4.8,"name":null}]}}},"Sound_2":{"slots":{"0":{"attachment":[{"name":null}]},"1":{"attachment":[{"name":"1"},{"time":0.1333,"name":null},{"time":0.6,"name":"1"},{"time":0.7333,"name":null},{"time":1.2,"name":"1"},{"time":1.3333,"name":null},{"time":1.8,"name":"1"},{"time":1.9333,"name":null}]},"2":{"attachment":[{"time":0.1333,"name":"2"},{"time":0.3,"name":null},{"time":0.7333,"name":"2"},{"time":0.9,"name":null},{"time":1.3333,"name":"2"},{"time":1.5,"name":null},{"time":1.9333,"name":"2"},{"time":2.1,"name":null}]},"3":{"attachment":[{"time":0.3,"name":"3"},{"time":0.4333,"name":null},{"time":0.9,"name":"3"},{"time":1.0333,"name":null},{"time":1.5,"name":"3"},{"time":1.6333,"name":null},{"time":2.1,"name":"3"},{"time":2.2333,"name":null}]},"4":{"attachment":[{"time":0.4333,"name":"4"},{"time":0.6,"name":null},{"time":1.0333,"name":"4"},{"time":1.2,"name":null},{"time":1.6333,"name":"4"},{"time":1.8,"name":null},{"time":2.2333,"name":"4"},{"time":2.4,"name":null}]},"5":{"attachment":[{"time":2.4,"name":"5"},{"time":2.5333,"name":null},{"time":3,"name":"5"},{"time":3.1333,"name":null},{"time":3.6,"name":"5"},{"time":3.7333,"name":null},{"time":4.2,"name":"5"},{"time":4.3333,"name":null},{"time":4.8,"name":"5"}]},"6":{"attachment":[{"time":2.5333,"name":"6"},{"time":2.7,"name":null},{"time":3.1333,"name":"6"},{"time":3.3,"name":null},{"time":3.7333,"name":"6"},{"time":3.9,"name":null},{"time":4.3333,"name":"6"},{"time":4.5,"name":null}]},"7":{"attachment":[{"time":2.7,"name":"7"},{"time":2.8333,"name":null},{"time":3.3,"name":"7"},{"time":3.4333,"name":null},{"time":3.9,"name":"7"},{"time":4.0333,"name":null},{"time":4.5,"name":"7"},{"time":4.6333,"name":null}]},"8":{"attachment":[{"time":2.8333,"name":"8"},{"time":3,"name":null},{"time":3.4333,"name":"8"},{"time":3.6,"name":null},{"time":4.0333,"name":"8"},{"time":4.2,"name":null},{"time":4.6333,"name":"8"},{"time":4.8,"name":null}]}}}}},[0]]],0,0,[0],[-1],[0]]
