[1,["bfbcvjYzFL8bY6/SRIYF4K@6c48a"],0,[["sp.SkeletonData",["_name","_atlasText","textureNames","_skeletonJson","textures"],-1,3]],[[0,0,1,2,3,4,5]],[[0,"hey","\r\nhey.png\r\nsize: 453, 256\r\nformat: RGBA8888\r\nfilter: Linear, Linear\r\nrepeat: none\r\n1\r\n  rotate: false\r\n  xy: 406, 81\r\n  size: 44, 35\r\n  orig: 46, 37\r\n  offset: 1, 1\r\n  index: -1\r\n10\r\n  rotate: false\r\n  xy: 269, 100\r\n  size: 135, 154\r\n  orig: 137, 156\r\n  offset: 1, 1\r\n  index: -1\r\n11\r\n  rotate: true\r\n  xy: 406, 187\r\n  size: 67, 45\r\n  orig: 69, 47\r\n  offset: 1, 1\r\n  index: -1\r\n2\r\n  rotate: false\r\n  xy: 403, 43\r\n  size: 38, 36\r\n  orig: 40, 38\r\n  offset: 1, 1\r\n  index: -1\r\n3\r\n  rotate: false\r\n  xy: 303, 9\r\n  size: 54, 26\r\n  orig: 56, 28\r\n  offset: 1, 1\r\n  index: -1\r\n4\r\n  rotate: true\r\n  xy: 362, 20\r\n  size: 22, 36\r\n  orig: 24, 38\r\n  offset: 1, 1\r\n  index: -1\r\n5\r\n  rotate: false\r\n  xy: 2, 2\r\n  size: 240, 71\r\n  orig: 242, 73\r\n  offset: 1, 1\r\n  index: -1\r\n6\r\n  rotate: false\r\n  xy: 244, 6\r\n  size: 57, 67\r\n  orig: 59, 69\r\n  offset: 1, 1\r\n  index: -1\r\n7\r\n  rotate: false\r\n  xy: 303, 37\r\n  size: 57, 61\r\n  orig: 59, 63\r\n  offset: 1, 1\r\n  index: -1\r\n8\r\n  rotate: false\r\n  xy: 2, 75\r\n  size: 265, 179\r\n  orig: 267, 181\r\n  offset: 1, 1\r\n  index: -1\r\n9\r\n  rotate: false\r\n  xy: 400, 12\r\n  size: 34, 29\r\n  orig: 36, 31\r\n  offset: 1, 1\r\n  index: -1\r\nm2\r\n  rotate: true\r\n  xy: 406, 118\r\n  size: 67, 35\r\n  orig: 67, 35\r\n  offset: 0, 0\r\n  index: -1\r\nm3\r\n  rotate: true\r\n  xy: 362, 44\r\n  size: 54, 39\r\n  orig: 54, 39\r\n  offset: 0, 0\r\n  index: -1\r\n",["hey.png"],{"skeleton":{"hash":"H2aGIkr4+9I","spine":"3.8-from-4.0-from-4.1-from-4.2.38","images":"C:/Users/006/Desktop/222","audio":"../20Track 3/"},"bones":[{"name":"root"},{"name":"bone","parent":"root"},{"name":"8","parent":"bone","length":155.13,"rotation":92.27,"x":-5.2,"y":128.46},{"name":"5","parent":"8","length":40.71,"rotation":-90.28,"x":76.64,"y":-3.91},{"name":"3","parent":"8","x":32.59,"y":9.37},{"name":"4","parent":"3","length":23.01,"rotation":175.08,"x":-3.66,"y":4.41},{"name":"6","parent":"bone","length":28.09,"rotation":83.66,"x":45.51,"y":85.46},{"name":"7","parent":"bone","length":31.57,"rotation":100.7,"x":-47.91,"y":76.84}],"slots":[{"name":"11","bone":"bone","attachment":"11"},{"name":"10","bone":"bone","attachment":"10"},{"name":"9","bone":"bone","attachment":"9"},{"name":"8","bone":"8","attachment":"8"},{"name":"7","bone":"7","attachment":"7"},{"name":"6","bone":"6","attachment":"6"},{"name":"4","bone":"4"},{"name":"3","bone":"3"},{"name":"2","bone":"8","attachment":"2"},{"name":"1","bone":"8","attachment":"1"},{"name":"5","bone":"5","attachment":"5"},{"name":"m3","bone":"3","attachment":"m3"}],"skins":[{"name":"default","attachments":{"1":{"1":{"x":10.33,"y":-95.59,"rotation":-92.27,"width":46,"height":37}},"2":{"2":{"x":18.28,"y":92.24,"rotation":-92.27,"width":40,"height":38}},"3":{"3":{"x":-9.69,"y":-2.37,"rotation":-92.27,"width":56,"height":28}},"4":{"4":{"x":13.75,"y":0.65,"rotation":92.65,"width":24,"height":38}},"5":{"5":{"x":-6.23,"y":-13.42,"rotation":-1.99,"width":242,"height":73}},"6":{"6":{"x":21.07,"y":1.43,"rotation":-83.66,"width":59,"height":69}},"7":{"7":{"x":20.86,"y":-1.22,"rotation":-100.7,"width":59,"height":63}},"8":{"8":{"x":81.02,"y":-3.82,"rotation":-92.27,"width":267,"height":181}},"9":{"9":{"x":0.91,"y":106.57,"width":36,"height":31}},"10":{"10":{"x":-1.59,"y":70.07,"width":137,"height":156}},"11":{"11":{"x":66.41,"y":60.57,"width":69,"height":47}},"m3":{"m2":{"x":-14.34,"y":-7.37,"rotation":-92.27,"width":67,"height":35},"m3":{"x":-16.12,"y":-2.02,"rotation":-92.27,"width":54,"height":39}}}}],"events":{"1":{}},"animations":{"1_play":{"slots":{"m3":{"attachment":[{"time":0.3333,"name":"m2"},{"time":0.4667,"name":"m3"},{"time":1,"name":"m2"},{"time":1.1333,"name":"m3"},{"time":2.9333,"name":"m2"},{"time":3.0667,"name":"m3"},{"time":3.5667,"name":"m2"},{"time":3.7,"name":"m3"},{"time":5.4,"name":"m2"},{"time":5.5333,"name":"m3"},{"time":6.1,"name":"m2"},{"time":6.2333,"name":"m3"},{"time":7.9,"name":"m2"},{"time":8.0333,"name":"m3"},{"time":8.6,"name":"m2"},{"time":8.7333,"name":"m3"},{"time":9.2667,"name":"m2"},{"time":9.4,"name":"m3"}]}},"bones":{"4":{"rotate":[{"time":0.2333},{"time":0.3333,"angle":-0.2},{"time":0.4667,"curve":"stepped"},{"time":0.9},{"time":1,"angle":-0.2},{"time":1.1333,"curve":"stepped"},{"time":2.8333},{"time":2.9333,"angle":-0.2},{"time":3.0667,"curve":"stepped"},{"time":3.4667},{"time":3.5667,"angle":-0.2},{"time":3.7,"curve":"stepped"},{"time":5.3},{"time":5.4,"angle":-0.2},{"time":5.5333,"curve":"stepped"},{"time":6},{"time":6.1,"angle":-0.2},{"time":6.2333,"curve":"stepped"},{"time":7.8},{"time":7.9,"angle":-0.2},{"time":8.0333,"curve":"stepped"},{"time":8.5},{"time":8.6,"angle":-0.2},{"time":8.7333,"curve":"stepped"},{"time":9.1667},{"time":9.2667,"angle":-0.2},{"time":9.4}],"translate":[{"time":0.2333},{"time":0.3333,"x":3.12,"y":-9.3},{"time":0.4667,"curve":"stepped"},{"time":0.9},{"time":1,"x":3.12,"y":-9.3},{"time":1.1333,"curve":"stepped"},{"time":2.8333},{"time":2.9333,"x":3.12,"y":-9.3},{"time":3.0667,"curve":"stepped"},{"time":3.4667},{"time":3.5667,"x":3.12,"y":-9.3},{"time":3.7,"curve":"stepped"},{"time":5.3},{"time":5.4,"x":3.12,"y":-9.3},{"time":5.5333,"curve":"stepped"},{"time":6},{"time":6.1,"x":3.12,"y":-9.3},{"time":6.2333,"curve":"stepped"},{"time":7.8},{"time":7.9,"x":3.12,"y":-9.3},{"time":8.0333,"curve":"stepped"},{"time":8.5},{"time":8.6,"x":3.12,"y":-9.3},{"time":8.7333,"curve":"stepped"},{"time":9.1667},{"time":9.2667,"x":3.12,"y":-9.3},{"time":9.4}],"scale":[{"time":0.2333},{"time":0.3333,"x":0.384,"curve":"stepped"},{"time":0.4,"x":0.384},{"time":0.4667,"curve":"stepped"},{"time":0.9},{"time":1,"x":0.384,"curve":"stepped"},{"time":1.0667,"x":0.384},{"time":1.1333,"curve":"stepped"},{"time":2.8333},{"time":2.9333,"x":0.384},{"time":3.0667,"curve":"stepped"},{"time":3.4667},{"time":3.5667,"x":0.384},{"time":3.7,"curve":"stepped"},{"time":5.3},{"time":5.4,"x":0.384},{"time":5.5333,"curve":"stepped"},{"time":6},{"time":6.1,"x":0.384},{"time":6.2333,"curve":"stepped"},{"time":7.8},{"time":7.9,"x":0.384},{"time":8.0333,"curve":"stepped"},{"time":8.5},{"time":8.6,"x":0.384},{"time":8.7333,"curve":"stepped"},{"time":9.1667},{"time":9.2667,"x":0.384},{"time":9.4}]},"6":{"rotate":[{"time":0.2},{"time":0.3333,"angle":-21.47},{"time":0.4667,"curve":"stepped"},{"time":0.8667},{"time":1,"angle":-21.47},{"time":1.1333,"curve":"stepped"},{"time":2.8},{"time":2.9333,"angle":-21.47},{"time":3.0667,"curve":"stepped"},{"time":3.4333},{"time":3.5667,"angle":-21.47},{"time":3.7,"curve":"stepped"},{"time":5.2667},{"time":5.4,"angle":-21.47},{"time":5.5333,"curve":"stepped"},{"time":5.9667},{"time":6.1,"angle":-21.47},{"time":6.2333,"curve":"stepped"},{"time":7.7667},{"time":7.9,"angle":-21.47},{"time":8.0333,"curve":"stepped"},{"time":8.4667},{"time":8.6,"angle":-21.47},{"time":8.7333,"curve":"stepped"},{"time":9.2667},{"time":9.4,"angle":-21.47},{"time":9.5333}],"translate":[{},{"time":0.2,"x":2.7,"y":24.27},{"time":0.3333,"x":-6.39,"y":-17.36},{"time":0.4667,"curve":"stepped"},{"time":0.7333},{"time":0.8667,"x":2.7,"y":24.27},{"time":1,"x":-6.39,"y":-17.36},{"time":1.1333,"curve":"stepped"},{"time":2.6667},{"time":2.8,"x":2.7,"y":24.27},{"time":2.9333,"x":-6.39,"y":-17.36},{"time":3.0667,"curve":"stepped"},{"time":3.3},{"time":3.4333,"x":2.7,"y":24.27},{"time":3.5667,"x":-6.39,"y":-17.36},{"time":3.7,"curve":"stepped"},{"time":5.1333},{"time":5.2667,"x":2.7,"y":24.27},{"time":5.4,"x":-6.39,"y":-17.36},{"time":5.5333,"curve":"stepped"},{"time":5.8333},{"time":5.9667,"x":2.7,"y":24.27},{"time":6.1,"x":-6.39,"y":-17.36},{"time":6.2333,"curve":"stepped"},{"time":7.6333},{"time":7.7667,"x":2.7,"y":24.27},{"time":7.9,"x":-6.39,"y":-17.36},{"time":8.0333,"curve":"stepped"},{"time":8.3333},{"time":8.4667,"x":2.7,"y":24.27},{"time":8.6,"x":-6.39,"y":-17.36},{"time":8.7333,"curve":"stepped"},{"time":9.1333},{"time":9.2667,"x":2.7,"y":24.27},{"time":9.4,"x":-6.39,"y":-17.36},{"time":9.5333}]},"7":{"rotate":[{"time":0.2},{"time":0.3333,"angle":16.78},{"time":0.4667,"curve":"stepped"},{"time":0.8667},{"time":1,"angle":16.78},{"time":1.1333,"curve":"stepped"},{"time":2.8},{"time":2.9333,"angle":16.78},{"time":3.0667,"curve":"stepped"},{"time":3.4333},{"time":3.5667,"angle":16.78},{"time":3.7,"curve":"stepped"},{"time":5.2667},{"time":5.4,"angle":16.78},{"time":5.5333,"curve":"stepped"},{"time":5.9667},{"time":6.1,"angle":16.78},{"time":6.2333,"curve":"stepped"},{"time":7.7667},{"time":7.9,"angle":16.78},{"time":8.0333,"curve":"stepped"},{"time":8.4667},{"time":8.6,"angle":16.78},{"time":8.7333,"curve":"stepped"},{"time":9.2667},{"time":9.4,"angle":16.78},{"time":9.5333}],"translate":[{},{"time":0.2,"x":-4.53,"y":23.99},{"time":0.3333,"x":10.9,"y":-9.36},{"time":0.4667,"curve":"stepped"},{"time":0.7333},{"time":0.8667,"x":-4.53,"y":23.99},{"time":1,"x":10.9,"y":-9.36},{"time":1.1333,"curve":"stepped"},{"time":2.6667},{"time":2.8,"x":-4.53,"y":23.99},{"time":2.9333,"x":10.9,"y":-9.36},{"time":3.0667,"curve":"stepped"},{"time":3.3},{"time":3.4333,"x":-4.53,"y":23.99},{"time":3.5667,"x":10.9,"y":-9.36},{"time":3.7,"curve":"stepped"},{"time":5.1333},{"time":5.2667,"x":-4.53,"y":23.99},{"time":5.4,"x":10.9,"y":-9.36},{"time":5.5333,"curve":"stepped"},{"time":5.8333},{"time":5.9667,"x":-4.53,"y":23.99},{"time":6.1,"x":10.9,"y":-9.36},{"time":6.2333,"curve":"stepped"},{"time":7.6333},{"time":7.7667,"x":-4.53,"y":23.99},{"time":7.9,"x":10.9,"y":-9.36},{"time":8.0333,"curve":"stepped"},{"time":8.3333},{"time":8.4667,"x":-4.53,"y":23.99},{"time":8.6,"x":10.9,"y":-9.36},{"time":8.7333,"curve":"stepped"},{"time":9.1333},{"time":9.2667,"x":-4.53,"y":23.99},{"time":9.4,"x":10.9,"y":-9.36},{"time":9.5333}]},"8":{"rotate":[{"time":0.2},{"time":0.3333,"angle":-9.62},{"time":0.4667,"curve":"stepped"},{"time":0.8667},{"time":1,"angle":8.23},{"time":1.1333,"curve":"stepped"},{"time":2.8},{"time":2.9333,"angle":-9.62},{"time":3.0667,"curve":"stepped"},{"time":3.4333},{"time":3.5667,"angle":8.23},{"time":3.7,"curve":"stepped"},{"time":5.2667},{"time":5.4,"angle":-9.62},{"time":5.5333,"curve":"stepped"},{"time":5.9667},{"time":6.1,"angle":8.23},{"time":6.2333,"curve":"stepped"},{"time":7.7667},{"time":7.9,"angle":-9.62},{"time":8.0333,"curve":"stepped"},{"time":8.4667},{"time":8.6,"angle":8.23},{"time":8.7333,"curve":"stepped"},{"time":9.1333},{"time":9.2667,"angle":-9.62},{"time":9.4}],"translate":[{"time":0.2},{"time":0.3333,"x":0.38,"y":-9.51},{"time":0.4667,"curve":"stepped"},{"time":0.8667},{"time":1,"x":0.38,"y":-9.51},{"time":1.1333,"curve":"stepped"},{"time":2.8},{"time":2.9333,"x":0.38,"y":-9.51},{"time":3.0667,"curve":"stepped"},{"time":3.4333},{"time":3.5667,"x":0.38,"y":-9.51},{"time":3.7,"curve":"stepped"},{"time":5.2667},{"time":5.4,"x":0.38,"y":-9.51},{"time":5.5333,"curve":"stepped"},{"time":5.9667},{"time":6.1,"x":0.38,"y":-9.51},{"time":6.2333,"curve":"stepped"},{"time":7.7667},{"time":7.9,"x":0.38,"y":-9.51},{"time":8.0333,"curve":"stepped"},{"time":8.4667},{"time":8.6,"x":0.38,"y":-9.51},{"time":8.7333,"curve":"stepped"},{"time":9.1333},{"time":9.2667,"x":0.38,"y":-9.51},{"time":9.4}]},"bone":{"translate":[{"time":10.1}]}},"events":[{"time":0.3333,"name":"1"},{"time":1,"name":"1"},{"time":2.9333,"name":"1"},{"time":3.5667,"name":"1"},{"time":5.4,"name":"1"},{"time":6.1,"name":"1"},{"time":7.9,"name":"1"},{"time":8.6,"name":"1"},{"time":9.2667,"name":"1"}]},"2_idle":{"bones":{"7":{"scale":[{}]}}}}},[0]]],0,0,[0],[-1],[0]]
