[1,["f5Gwq+PNRHoahS287ItHXs@6c48a"],0,[["sp.SkeletonData",["_name","_atlasText","textureNames","_skeletonJson","textures"],-1,3]],[[0,0,1,2,3,4,5]],[[0,"Sound_R_Hat","\r\nSound_R_Hat.png\r\nsize: 1631, 394\r\nformat: RGBA8888\r\nfilter: Linear, Linear\r\nrepeat: none\r\n1\r\n  rotate: true\r\n  xy: 2, 198\r\n  size: 194, 265\r\n  orig: 194, 265\r\n  offset: 0, 0\r\n  index: -1\r\n10\r\n  rotate: true\r\n  xy: 269, 198\r\n  size: 194, 272\r\n  orig: 194, 272\r\n  offset: 0, 0\r\n  index: -1\r\n11\r\n  rotate: true\r\n  xy: 543, 198\r\n  size: 194, 270\r\n  orig: 194, 270\r\n  offset: 0, 0\r\n  index: -1\r\n12\r\n  rotate: true\r\n  xy: 815, 198\r\n  size: 194, 269\r\n  orig: 194, 269\r\n  offset: 0, 0\r\n  index: -1\r\n2\r\n  rotate: true\r\n  xy: 1086, 198\r\n  size: 194, 270\r\n  orig: 194, 270\r\n  offset: 0, 0\r\n  index: -1\r\n3\r\n  rotate: true\r\n  xy: 1358, 198\r\n  size: 194, 267\r\n  orig: 194, 267\r\n  offset: 0, 0\r\n  index: -1\r\n4\r\n  rotate: true\r\n  xy: 2, 2\r\n  size: 194, 271\r\n  orig: 194, 271\r\n  offset: 0, 0\r\n  index: -1\r\n5\r\n  rotate: true\r\n  xy: 275, 2\r\n  size: 194, 268\r\n  orig: 194, 268\r\n  offset: 0, 0\r\n  index: -1\r\n6\r\n  rotate: true\r\n  xy: 545, 2\r\n  size: 194, 269\r\n  orig: 194, 269\r\n  offset: 0, 0\r\n  index: -1\r\n7\r\n  rotate: true\r\n  xy: 816, 2\r\n  size: 194, 270\r\n  orig: 194, 270\r\n  offset: 0, 0\r\n  index: -1\r\n8\r\n  rotate: true\r\n  xy: 1088, 2\r\n  size: 194, 266\r\n  orig: 194, 266\r\n  offset: 0, 0\r\n  index: -1\r\n9\r\n  rotate: true\r\n  xy: 1356, 2\r\n  size: 194, 273\r\n  orig: 194, 273\r\n  offset: 0, 0\r\n  index: -1\r\n",["Sound_R_Hat.png"],{"skeleton":{"hash":"X8OiezH0G5U","spine":"3.8-from-4.0-from-4.1-from-4.2.37","x":-95.79,"y":-0.73,"width":194,"height":267,"images":"C:\\Users\\006\\Desktop\\111","audio":"./audio"},"bones":[{"name":"root"}],"slots":[{"name":"1","bone":"root"},{"name":"2","bone":"root"},{"name":"3","bone":"root","attachment":"3"},{"name":"4","bone":"root"},{"name":"5","bone":"root"},{"name":"6","bone":"root"},{"name":"7","bone":"root"},{"name":"8","bone":"root"},{"name":"9","bone":"root"},{"name":"10","bone":"root"},{"name":"11","bone":"root"},{"name":"12","bone":"root"}],"skins":[{"name":"default","attachments":{"1":{"1":{"x":0.8,"y":131.94,"width":194,"height":265}},"2":{"2":{"x":1,"y":134.41,"width":194,"height":270}},"3":{"3":{"x":1.21,"y":132.77,"width":194,"height":267}},"4":{"4":{"x":1.2,"y":134.81,"width":194,"height":271}},"5":{"5":{"x":1.4,"y":133.61,"width":194,"height":268}},"6":{"6":{"x":0.8,"y":133.81,"width":194,"height":269}},"7":{"7":{"x":1,"y":134.61,"width":194,"height":270}},"8":{"8":{"x":1.4,"y":132.61,"width":194,"height":266}},"9":{"9":{"x":0.4,"y":136.01,"width":194,"height":273}},"10":{"10":{"x":1.4,"y":135.41,"width":194,"height":272}},"11":{"11":{"x":1,"y":134.61,"width":194,"height":270}},"12":{"12":{"x":0.8,"y":134.01,"width":194,"height":269}}}}],"animations":{"Sound_1":{"slots":{"1":{"attachment":[{"time":3.8333,"name":"1"},{"time":4.0333,"name":null},{"time":4.4333,"name":"1"},{"time":4.6333,"name":null}]},"2":{"attachment":[{"time":0.5667,"name":"2"},{"time":0.7667,"name":null},{"time":2.7,"name":"2"},{"time":2.9,"name":null}]},"3":{"attachment":[{"time":0.2,"name":null},{"time":2.1333,"name":"3"},{"time":2.3,"name":null},{"time":3.0667,"name":"3"},{"time":3.2667,"name":null},{"time":4.8,"name":"3"}]},"4":{"attachment":[{"time":0.9667,"name":"4"},{"time":1.1667,"name":null}]},"5":{"attachment":[{"time":0.2,"name":"5"},{"time":0.4,"name":null},{"time":2.3,"name":"5"},{"time":2.5,"name":null},{"time":3.2667,"name":"5"},{"time":3.4667,"name":null}]},"6":{"attachment":[{"time":3.4667,"name":"6"},{"time":3.6667,"name":null},{"time":4.0333,"name":"6"},{"time":4.2333,"name":null}]},"7":{"attachment":[{"time":0.7667,"name":"7"},{"time":0.9667,"name":null}]},"8":{"attachment":[{"time":1.9333,"name":"8"},{"time":2.1333,"name":null}]},"9":{"attachment":[{"time":2.9,"name":"9"},{"time":3.0667,"name":null}]},"10":{"attachment":[{"time":0.4,"name":"10"},{"time":0.5667,"name":null},{"time":2.5,"name":"10"},{"time":2.7,"name":null}]},"11":{"attachment":[{"time":1.1667,"name":"11"},{"time":1.9333,"name":null}]},"12":{"attachment":[{"time":3.6667,"name":"12"},{"time":3.8333,"name":null},{"time":4.2333,"name":"12"},{"time":4.4333,"name":null},{"time":4.6333,"name":"12"},{"time":4.8,"name":null}]}}},"Sound_2":{"slots":{"1":{"attachment":[{"time":3.8333,"name":"1"},{"time":4.0333,"name":null},{"time":4.4333,"name":"1"},{"time":4.6333,"name":null}]},"2":{"attachment":[{"time":0.5667,"name":"2"},{"time":0.7667,"name":null},{"time":2.7,"name":"2"},{"time":2.9,"name":null}]},"3":{"attachment":[{"time":0.2,"name":null},{"time":2.1333,"name":"3"},{"time":2.3,"name":null},{"time":3.0667,"name":"3"},{"time":3.2667,"name":null},{"time":4.8,"name":"3"}]},"4":{"attachment":[{"time":0.9667,"name":"4"},{"time":1.1667,"name":null}]},"5":{"attachment":[{"time":0.2,"name":"5"},{"time":0.4,"name":null},{"time":2.3,"name":"5"},{"time":2.5,"name":null},{"time":3.2667,"name":"5"},{"time":3.4667,"name":null}]},"6":{"attachment":[{"time":3.4667,"name":"6"},{"time":3.6667,"name":null},{"time":4.0333,"name":"6"},{"time":4.2333,"name":null}]},"7":{"attachment":[{"time":0.7667,"name":"7"},{"time":0.9667,"name":null}]},"8":{"attachment":[{"time":1.9333,"name":"8"},{"time":2.1333,"name":null}]},"9":{"attachment":[{"time":2.9,"name":"9"},{"time":3.0667,"name":null}]},"10":{"attachment":[{"time":0.4,"name":"10"},{"time":0.5667,"name":null},{"time":2.5,"name":"10"},{"time":2.7,"name":null}]},"11":{"attachment":[{"time":1.1667,"name":"11"},{"time":1.9333,"name":null}]},"12":{"attachment":[{"time":3.6667,"name":"12"},{"time":3.8333,"name":null},{"time":4.2333,"name":"12"},{"time":4.4333,"name":null},{"time":4.6333,"name":"12"},{"time":4.8,"name":null}]}}}}},[0]]],0,0,[0],[-1],[0]]
