[1,["45fZsqm65G1YGWC/HupmUc@6c48a"],0,[["sp.SkeletonData",["_name","_atlasText","textureNames","_skeletonJson","textures"],-1,3]],[[0,0,1,2,3,4,5]],[[0,"Sound_2_Brown","\r\nSound_2_Brown.png\r\nsize: 835, 629\r\nformat: RGBA8888\r\nfilter: Linear, Linear\r\nrepeat: none\r\n1\r\n  rotate: true\r\n  xy: 2, 420\r\n  size: 207, 272\r\n  orig: 207, 277\r\n  offset: 0, 5\r\n  index: -1\r\n10\r\n  rotate: true\r\n  xy: 276, 420\r\n  size: 207, 271\r\n  orig: 207, 275\r\n  offset: 0, 4\r\n  index: -1\r\n2\r\n  rotate: true\r\n  xy: 549, 420\r\n  size: 207, 274\r\n  orig: 207, 279\r\n  offset: 0, 5\r\n  index: -1\r\n3\r\n  rotate: true\r\n  xy: 2, 211\r\n  size: 207, 278\r\n  orig: 207, 283\r\n  offset: 0, 5\r\n  index: -1\r\n4\r\n  rotate: true\r\n  xy: 282, 211\r\n  size: 207, 284\r\n  orig: 207, 289\r\n  offset: 0, 5\r\n  index: -1\r\n5\r\n  rotate: true\r\n  xy: 2, 2\r\n  size: 207, 270\r\n  orig: 207, 275\r\n  offset: 0, 5\r\n  index: -1\r\n8\r\n  rotate: true\r\n  xy: 2, 2\r\n  size: 207, 270\r\n  orig: 207, 275\r\n  offset: 0, 5\r\n  index: -1\r\n6\r\n  rotate: true\r\n  xy: 568, 211\r\n  size: 207, 265\r\n  orig: 207, 270\r\n  offset: 0, 5\r\n  index: -1\r\n7\r\n  rotate: true\r\n  xy: 274, 2\r\n  size: 207, 271\r\n  orig: 207, 275\r\n  offset: 0, 4\r\n  index: -1\r\n9\r\n  rotate: true\r\n  xy: 547, 2\r\n  size: 207, 264\r\n  orig: 207, 269\r\n  offset: 0, 5\r\n  index: -1\r\n",["Sound_2_Brown.png"],{"skeleton":{"hash":"G4JbmHv9ED8","spine":"3.8-from-4.0-from-4.1-from-4.2.38","images":"C:\\Users\\006\\Desktop\\222","audio":"./audio"},"bones":[{"name":"root"},{"name":"bone","parent":"root","x":1.78,"y":-18.7}],"slots":[{"name":"1","bone":"bone","attachment":"1"},{"name":"2","bone":"bone"},{"name":"3","bone":"bone"},{"name":"4","bone":"bone"},{"name":"5","bone":"bone"},{"name":"6","bone":"bone"},{"name":"7","bone":"bone"},{"name":"8","bone":"bone"},{"name":"9","bone":"bone"},{"name":"10","bone":"bone"}],"skins":[{"name":"default","attachments":{"1":{"1":{"x":11.05,"y":152.85,"width":207,"height":277}},"2":{"2":{"x":8.95,"y":153.82,"width":207,"height":279}},"3":{"3":{"x":9.14,"y":155.93,"width":207,"height":283}},"4":{"4":{"x":10.11,"y":158.87,"width":207,"height":289}},"5":{"5":{"x":12.15,"y":151.82,"width":207,"height":275}},"6":{"6":{"x":20.98,"y":149.27,"width":207,"height":270}},"7":{"7":{"x":20.3,"y":152.77,"width":207,"height":275}},"8":{"8":{"x":12.13,"y":151.95,"width":207,"height":275}},"9":{"9":{"x":4.2,"y":148.85,"width":207,"height":269}},"10":{"10":{"x":7.19,"y":153.02,"width":207,"height":275}}}}],"animations":{"Sound_1":{"slots":{"1":{"attachment":[{"name":null}]},"2":{"attachment":[{"name":"2"},{"time":0.1,"name":null},{"time":0.8,"name":"2"},{"time":0.9,"name":null},{"time":1.6,"name":"2"},{"time":1.7,"name":null},{"time":2.4,"name":"2"},{"time":2.5,"name":null},{"time":3.2,"name":"2"},{"time":3.2667,"name":null},{"time":4,"name":"2"},{"time":4.0667,"name":null},{"time":4.8,"name":"2"}]},"3":{"attachment":[{"time":0.3667,"name":"3"},{"time":0.4333,"name":null},{"time":1.1667,"name":"3"},{"time":1.2333,"name":null},{"time":1.9667,"name":"3"},{"time":2.0333,"name":null},{"time":2.7667,"name":"3"},{"time":2.8333,"name":null},{"time":3.5333,"name":"3"},{"time":3.6333,"name":null},{"time":4.3333,"name":"3"},{"time":4.4333,"name":null}]},"5":{"attachment":[{"time":0.1,"name":"5"},{"time":0.1667,"name":null},{"time":0.9,"name":"5"},{"time":0.9667,"name":null},{"time":1.7,"name":"5"},{"time":1.7667,"name":null},{"time":2.5,"name":"5"},{"time":2.5667,"name":null},{"time":3.2667,"name":"5"},{"time":3.3667,"name":null},{"time":4.0667,"name":"5"},{"time":4.1667,"name":null}]},"6":{"attachment":[{"time":0.1667,"name":"6"},{"time":0.2667,"name":null},{"time":0.9667,"name":"6"},{"time":1.0667,"name":null},{"time":1.7667,"name":"6"},{"time":1.8667,"name":null},{"time":2.5667,"name":"6"},{"time":2.6667,"name":null},{"time":3.3667,"name":"6"},{"time":3.4667,"name":null},{"time":4.1667,"name":"6"},{"time":4.2667,"name":null}]},"7":{"attachment":[{"time":0.2667,"name":"7"},{"time":0.3667,"name":null},{"time":0.7,"name":"7"},{"time":0.8,"name":null},{"time":1.0667,"name":"7"},{"time":1.1667,"name":null},{"time":1.5,"name":"7"},{"time":1.6,"name":null},{"time":1.8667,"name":"7"},{"time":1.9667,"name":null},{"time":2.3,"name":"7"},{"time":2.4,"name":null},{"time":2.6667,"name":"7"},{"time":2.7667,"name":null},{"time":3.1,"name":"7"},{"time":3.2,"name":null},{"time":3.4667,"name":"7"},{"time":3.5333,"name":null},{"time":3.9,"name":"7"},{"time":4,"name":null},{"time":4.2667,"name":"7"},{"time":4.3333,"name":null},{"time":4.7,"name":"7"},{"time":4.8,"name":null}]},"8":{"attachment":[{"time":0.4333,"name":"8"},{"time":0.5333,"name":null},{"time":1.2333,"name":"8"},{"time":1.3333,"name":null},{"time":2.0333,"name":"8"},{"time":2.1333,"name":null},{"time":2.8333,"name":"8"},{"time":2.9333,"name":null},{"time":3.6333,"name":"8"},{"time":3.7333,"name":null},{"time":4.4333,"name":"8"},{"time":4.5333,"name":null}]},"9":{"attachment":[{"time":0.5333,"name":"9"},{"time":0.6333,"name":null},{"time":1.3333,"name":"9"},{"time":1.4333,"name":null},{"time":2.1333,"name":"9"},{"time":2.2333,"name":null},{"time":2.9333,"name":"9"},{"time":3,"name":null},{"time":3.7333,"name":"9"},{"time":3.8,"name":null},{"time":4.5333,"name":"9"},{"time":4.6,"name":null}]},"10":{"attachment":[{"time":0.6333,"name":"10"},{"time":0.7,"name":null},{"time":1.4333,"name":"10"},{"time":1.5,"name":null},{"time":2.2333,"name":"10"},{"time":2.3,"name":null},{"time":3,"name":"10"},{"time":3.1,"name":null},{"time":3.8,"name":"10"},{"time":3.9,"name":null},{"time":4.6,"name":"10"},{"time":4.7,"name":null}]}}},"Sound_2":{"slots":{"1":{"attachment":[{"name":null}]},"2":{"attachment":[{"name":"2"},{"time":0.1,"name":null},{"time":0.8,"name":"2"},{"time":0.9,"name":null},{"time":1.6,"name":"2"},{"time":1.7,"name":null},{"time":2.4,"name":"2"},{"time":2.5,"name":null},{"time":3.2,"name":"2"},{"time":3.2667,"name":null},{"time":4,"name":"2"},{"time":4.0667,"name":null},{"time":4.8,"name":"2"}]},"3":{"attachment":[{"time":0.3667,"name":"3"},{"time":0.4333,"name":null},{"time":1.1667,"name":"3"},{"time":1.2333,"name":null},{"time":1.9667,"name":"3"},{"time":2.0333,"name":null},{"time":2.7667,"name":"3"},{"time":2.8333,"name":null},{"time":3.5333,"name":"3"},{"time":3.6333,"name":null},{"time":4.3333,"name":"3"},{"time":4.4333,"name":null}]},"5":{"attachment":[{"time":0.1,"name":"5"},{"time":0.1667,"name":null},{"time":0.9,"name":"5"},{"time":0.9667,"name":null},{"time":1.7,"name":"5"},{"time":1.7667,"name":null},{"time":2.5,"name":"5"},{"time":2.5667,"name":null},{"time":3.2667,"name":"5"},{"time":3.3667,"name":null},{"time":4.0667,"name":"5"},{"time":4.1667,"name":null}]},"6":{"attachment":[{"time":0.1667,"name":"6"},{"time":0.2667,"name":null},{"time":0.9667,"name":"6"},{"time":1.0667,"name":null},{"time":1.7667,"name":"6"},{"time":1.8667,"name":null},{"time":2.5667,"name":"6"},{"time":2.6667,"name":null},{"time":3.3667,"name":"6"},{"time":3.4667,"name":null},{"time":4.1667,"name":"6"},{"time":4.2667,"name":null}]},"7":{"attachment":[{"time":0.2667,"name":"7"},{"time":0.3667,"name":null},{"time":0.7,"name":"7"},{"time":0.8,"name":null},{"time":1.0667,"name":"7"},{"time":1.1667,"name":null},{"time":1.5,"name":"7"},{"time":1.6,"name":null},{"time":1.8667,"name":"7"},{"time":1.9667,"name":null},{"time":2.3,"name":"7"},{"time":2.4,"name":null},{"time":2.6667,"name":"7"},{"time":2.7667,"name":null},{"time":3.1,"name":"7"},{"time":3.2,"name":null},{"time":3.4667,"name":"7"},{"time":3.5333,"name":null},{"time":3.9,"name":"7"},{"time":4,"name":null},{"time":4.2667,"name":"7"},{"time":4.3333,"name":null},{"time":4.7,"name":"7"},{"time":4.8,"name":null}]},"8":{"attachment":[{"time":0.4333,"name":"8"},{"time":0.5333,"name":null},{"time":1.2333,"name":"8"},{"time":1.3333,"name":null},{"time":2.0333,"name":"8"},{"time":2.1333,"name":null},{"time":2.8333,"name":"8"},{"time":2.9333,"name":null},{"time":3.6333,"name":"8"},{"time":3.7333,"name":null},{"time":4.4333,"name":"8"},{"time":4.5333,"name":null}]},"9":{"attachment":[{"time":0.5333,"name":"9"},{"time":0.6333,"name":null},{"time":1.3333,"name":"9"},{"time":1.4333,"name":null},{"time":2.1333,"name":"9"},{"time":2.2333,"name":null},{"time":2.9333,"name":"9"},{"time":3,"name":null},{"time":3.7333,"name":"9"},{"time":3.8,"name":null},{"time":4.5333,"name":"9"},{"time":4.6,"name":null}]},"10":{"attachment":[{"time":0.6333,"name":"10"},{"time":0.7,"name":null},{"time":1.4333,"name":"10"},{"time":1.5,"name":null},{"time":2.2333,"name":"10"},{"time":2.3,"name":null},{"time":3,"name":"10"},{"time":3.1,"name":null},{"time":3.8,"name":"10"},{"time":3.9,"name":null},{"time":4.6,"name":"10"},{"time":4.7,"name":null}]}}}}},[0]]],0,0,[0],[-1],[0]]
