[1,["56D84MmQ9BVbvoY5uY4jPu@6c48a"],0,[["sp.SkeletonData",["_name","_atlasText","textureNames","_skeletonJson","textures"],-1,3]],[[0,0,1,2,3,4,5]],[[0,"Sound_S_Tree","\r\nSound_S_Tree.png\r\nsize: 189, 476\r\nformat: RGBA8888\r\nfilter: Linear, Linear\r\nrepeat: none\r\n1\r\n  rotate: false\r\n  xy: 2, 2\r\n  size: 185, 472\r\n  orig: 185, 472\r\n  offset: 0, 0\r\n  index: -1\r\n",["Sound_S_Tree.png"],{"skeleton":{"hash":"Or4A6dtwNQM","spine":"3.8-from-4.0-from-4.1-from-4.2.37","x":-45.64,"y":-0.99,"width":106.69,"height":272.2,"images":"C:\\Users\\006\\Desktop\\111","audio":"./audio"},"bones":[{"name":"root"},{"name":"bone","parent":"root","x":-0.76,"y":-29.09,"scaleX":0.5767,"scaleY":0.5767}],"slots":[{"name":"1","bone":"bone","attachment":"1"}],"skins":[{"name":"default","attachments":{"1":{"1":{"x":14.68,"y":284.72,"width":185,"height":472}}}}],"animations":{"Sound_1":{"bones":{"bone":{"scale":[{"time":6.9}]}}},"Sound_2":{"bones":{"bone":{"scale":[{"time":6.9}]}}}}},[0]]],0,0,[0],[-1],[0]]
