[{"__type__":"cc.SpriteFrame","content":{"name":"bubble1","texture":"3eBb+m/oRMSIzKlfB/sdmW","rect":[1,1,30,30],"offset":[0,0],"originalSize":[32,32],"capInsets":[0,0,0,0]}},{"__type__":"cc.SpriteFrame","content":{"name":"861","texture":"1e1fca5a7","rect":[3,393,83,614],"offset":[0,0],"originalSize":[83,614],"capInsets":[0,0,0,0]}},{"__type__":"cc.SpriteFrame","content":{"name":"Push_Scifi_1","texture":"110b18844","rect":[73,622,106,35],"offset":[0,-0.5],"originalSize":[128,36],"capInsets":[0,0,0,0]}},{"__type__":"cc.SpriteFrame","content":{"name":"water1401","texture":"45vQ2LoilCT7wEp2u2yWOh","rect":[0,0,1060,384],"offset":[0,0],"originalSize":[1060,384],"capInsets":[0,0,0,0]}},{"__type__":"cc.SpriteFrame","content":{"name":"vines","texture":"47JrLFGJNK3YA3ysUvJ5K2","rect":[0,0,31,239],"offset":[0,0],"originalSize":[31,239],"capInsets":[0,0,0,0]}},{"__type__":"cc.SpriteFrame","content":{"name":"Branch_02","texture":"113252041","rect":[640,472,340,21],"offset":[0,-0.5],"originalSize":[340,22],"capInsets":[0,0,0,0]}},{"__type__":"cc.SpriteFrame","content":{"name":"Moving_Platform01","texture":"110b18844","rect":[558,812,194,20],"offset":[0.5,-0.5],"originalSize":[195,21],"rotated":1,"capInsets":[0,0,0,0]}},{"__type__":"cc.SpriteFrame","content":{"name":"fill map 1","texture":"60cRc1qedPIaOD/FOZqzlm","rect":[1407,3,512,512],"offset":[0,0],"originalSize":[512,512],"capInsets":[0,0,0,0]}},{"__type__":"cc.SpriteFrame","content":{"name":"coin_new","texture":"110b18844","rect":[3,622,64,64],"offset":[0,0],"originalSize":[64,64],"capInsets":[0,0,0,0]}},{"__type__":"cc.SpriteFrame","content":{"name":"move_plat","texture":"1d28d6ee5","rect":[309,3,442,59],"offset":[0,-0.5],"originalSize":[442,60],"capInsets":[0,0,0,0]}},{"__type__":"cc.SpriteFrame","content":{"name":"Branch_04","texture":"110b18844","rect":[621,950,384,24],"offset":[0,0],"originalSize":[384,24],"capInsets":[0,0,0,0]}},{"__type__":"cc.SpriteFrame","content":{"name":"图层 61","texture":"b2MScKwz9BT4kInk3E86Db","rect":[0,0,754,776],"offset":[0,0],"originalSize":[754,776],"capInsets":[0,0,0,0]}},{"__type__":"cc.SpriteFrame","content":{"name":"skin1_2","texture":"186d6527b","rect":[243,850,100,100],"offset":[0,0],"originalSize":[128,128],"capInsets":[0,0,0,0]}},{"__type__":"cc.SpriteFrame","content":{"name":"关卡指示牌-3","texture":"fbYisHukRK/6SWZSDpYXxb","rect":[71,108,302,322],"offset":[0,-5],"originalSize":[444,528],"capInsets":[0,0,0,0]}},{"__type__":"cc.SpriteFrame","content":{"name":"开宝箱","texture":"05dkSnzCFDJrxhCggIvceP","rect":[66,57,265,236],"offset":[-1.5,-8],"originalSize":[400,334],"capInsets":[0,0,0,0]}},{"__type__":"cc.SpriteFrame","content":{"name":"normal3","texture":"40e7mc9GtLcqq6i0M7DIwi","rect":[0,0,256,256],"offset":[0,0],"originalSize":[256,256],"capInsets":[0,0,0,0]}},{"__type__":"cc.SpriteFrame","content":{"name":"Fixation_01","texture":"1d28d6ee5","rect":[309,68,146,367],"offset":[0,0],"originalSize":[146,367],"rotated":1,"capInsets":[0,0,0,0]}},[{"__type__":"cc.Prefab","_name":"Level-7","data":{"__id__":1}},{"__type__":"cc.Node","_name":"Level-7","_children":[{"__id__":2},{"__id__":55},{"__id__":88},{"__id__":90},{"__id__":119},{"__id__":120}],"_prefab":{"__type__":"cc.PrefabInfo","root":{"__id__":1},"asset":{"__uuid__":"b6n1QxzZlEVaxRzRTsrXVd"},"fileId":"92YVT4lVZHDJoizQQZ+u0c"},"_anchorPoint":{"__type__":"cc.Vec2"},"_trs":{"__type__":"TypedArray","ctor":"Float64Array","array":[0,0,0,0,0,0,1,1,1,1]}},{"__type__":"cc.Node","_name":"indication","_parent":{"__id__":1},"_children":[{"__id__":3},{"__id__":5},{"__id__":6},{"__id__":7},{"__id__":27},{"__id__":34},{"__id__":41},{"__id__":47},{"__id__":49},{"__id__":51},{"__id__":53}],"_prefab":{"__type__":"cc.PrefabInfo","root":{"__id__":1},"asset":{"__uuid__":"b6n1QxzZlEVaxRzRTsrXVd"},"fileId":"92L3eud8VOqYiN240RbH7H"},"_anchorPoint":{"__type__":"cc.Vec2"},"_trs":{"__type__":"TypedArray","ctor":"Float64Array","array":[0,0,0,0,0,0,1,1,1,1]},"_groupIndex":1,"groupIndex":1},{"__type__":"cc.Node","_name":"start_ind","_parent":{"__id__":2},"_children":[{"__id__":4}],"_components":[{"__type__":"cc.Sprite","_name":"start_ind<Sprite>","node":{"__id__":3},"_materials":[{"__uuid__":"ecpdLyjvZBwrvm+cedCcQy"}],"_spriteFrame":{"__uuid__":"92RMQdt0ZAnrDBwLzz8BNO"},"_sizeMode":0},{"__type__":"c5ddfZAPb5I4rCMDbSaJibP","node":{"__id__":3}}],"_prefab":{"__type__":"cc.PrefabInfo","root":{"__id__":1},"asset":{"__uuid__":"b6n1QxzZlEVaxRzRTsrXVd"},"fileId":"6ed40zsqlGopVvNBVEhJKb"},"_contentSize":{"__type__":"cc.Size","width":168,"height":143},"_trs":{"__type__":"TypedArray","ctor":"Float64Array","array":[480,303.483,0,0,0,0,1,1,1,1]},"_groupIndex":1,"groupIndex":1},{"__type__":"cc.Node","_name":"levelname","_parent":{"__id__":3},"_components":[{"__type__":"cc.Label","_name":"levelname<Label>","node":{"__id__":4},"_materials":[{"__uuid__":"ecpdLyjvZBwrvm+cedCcQy"}],"_useOriginalSize":false,"_string":"关卡-1","_N$string":"关卡-1","_fontSize":30,"_N$file":{"__uuid__":"b5NGPI3wRL+6w0kWBDf59a"},"_isSystemFontUsed":false,"_N$horizontalAlign":1,"_N$verticalAlign":1},{"__type__":"cc.Widget","node":{"__id__":4},"_alignFlags":16,"_left":45.66,"_right":45.66,"_originalWidth":76.68}],"_prefab":{"__type__":"cc.PrefabInfo","root":{"__id__":1},"asset":{"__uuid__":"b6n1QxzZlEVaxRzRTsrXVd"},"fileId":"fbGlQe3opOLZntDXKWQA85"},"_color":{"__type__":"cc.Color","r":155,"g":35,"b":35},"_contentSize":{"__type__":"cc.Size","width":66.56,"height":40},"_trs":{"__type__":"TypedArray","ctor":"Float64Array","array":[0,25,0,0,0,0,1,1,1,1]},"_groupIndex":1,"groupIndex":1},{"__type__":"cc.Node","_name":"block","_parent":{"__id__":2},"_components":[{"__type__":"cc.RigidBody","node":{"__id__":5},"_type":0},{"__type__":"cc.PhysicsBoxCollider","node":{"__id__":5},"_density":1000,"_friction":0,"_offset":{"__type__":"cc.Vec2","x":50,"y":300},"_size":{"__type__":"cc.Size","width":100,"height":600}}],"_prefab":{"__type__":"cc.PrefabInfo","root":{"__id__":1},"asset":{"__uuid__":"b6n1QxzZlEVaxRzRTsrXVd"},"fileId":"a7zU2PRgBHaJROacdVRWvt"},"_contentSize":{"__type__":"cc.Size","width":100,"height":600},"_anchorPoint":{"__type__":"cc.Vec2"},"_trs":{"__type__":"TypedArray","ctor":"Float64Array","array":[-51.285,256.078,0,0,0,0,1,1,1,1]},"_groupIndex":1,"groupIndex":1},{"__type__":"cc.Node","_name":"block","_parent":{"__id__":2},"_components":[{"__type__":"cc.RigidBody","node":{"__id__":6},"_linearDamping":2},{"__type__":"cc.PhysicsBoxCollider","node":{"__id__":6},"_density":1000,"_friction":1000,"_offset":{"__type__":"cc.Vec2","x":50,"y":300},"_size":{"__type__":"cc.Size","width":100,"height":600}}],"_prefab":{"__type__":"cc.PrefabInfo","root":{"__id__":1},"asset":{"__uuid__":"b6n1QxzZlEVaxRzRTsrXVd"},"fileId":"b5vTwov7ZDC5Wxy0wCqEi4"},"_contentSize":{"__type__":"cc.Size","width":100,"height":600},"_anchorPoint":{"__type__":"cc.Vec2"},"_trs":{"__type__":"TypedArray","ctor":"Float64Array","array":[7804.306,507.471,0,0,0,0,1,1,1,1]},"_groupIndex":1,"groupIndex":1},{"__type__":"cc.Node","_name":"push_trick","_parent":{"__id__":2},"_children":[{"__id__":8},{"__id__":25}],"_prefab":{"__type__":"cc.PrefabInfo","root":{"__id__":1},"asset":{"__uuid__":"b6n1QxzZlEVaxRzRTsrXVd"},"fileId":"93isjCl/ZEE5Iy4HyyrhWZ"},"_trs":{"__type__":"TypedArray","ctor":"Float64Array","array":[1276.682,261.149,0,0,0,0,1,1,1,1]},"_groupIndex":1,"groupIndex":1},{"__type__":"cc.Node","_name":"move_plat","_parent":{"__id__":7},"_children":[{"__id__":9},{"__id__":10},{"__id__":11},{"__id__":12},{"__id__":13},{"__id__":14},{"__id__":15},{"__id__":16},{"__id__":17},{"__id__":18},{"__id__":19},{"__id__":20},{"__id__":21},{"__id__":22},{"__id__":23},{"__id__":24}],"_components":[{"__type__":"cc.Sprite","_name":"move_plat<Sprite>","node":{"__id__":8},"_materials":[{"__uuid__":"ecpdLyjvZBwrvm+cedCcQy"}],"_spriteFrame":{"__uuid__":"707rSWeJFFqY7c82LWkAtu"}},{"__type__":"cc.RigidBody","node":{"__id__":8},"_type":1},{"__type__":"cc.PhysicsBoxCollider","node":{"__id__":8},"tag":4,"_size":{"__type__":"cc.Size","width":442,"height":59}},{"__type__":"5b2b2sRPBdLUJJy+GzKyYmd","node":{"__id__":8},"points":[{"__type__":"cc.Vec2","y":20},{"__type__":"cc.Vec2","y":250}],"move_time":1}],"_prefab":{"__type__":"cc.PrefabInfo","root":{"__id__":1},"asset":{"__uuid__":"b6n1QxzZlEVaxRzRTsrXVd"},"fileId":"9cUL9E9v5IppVyHgMjzV2p"},"_contentSize":{"__type__":"cc.Size","width":442,"height":59},"_trs":{"__type__":"TypedArray","ctor":"Float64Array","array":[180,220,0,0,0,0,1,0.4,0.4,1]},"_groupIndex":1,"groupIndex":1},{"__type__":"cc.Node","_name":"vines","_parent":{"__id__":8},"_components":[{"__type__":"cc.Sprite","node":{"__id__":9},"_materials":[{"__uuid__":"ecpdLyjvZBwrvm+cedCcQy"}],"_spriteFrame":{"__uuid__":"37ccf/xWFNDYxT3bw0zdTq"}}],"_prefab":{"__type__":"cc.PrefabInfo","root":{"__id__":1},"asset":{"__uuid__":"b6n1QxzZlEVaxRzRTsrXVd"},"fileId":"2c4qkrN2BDJoQS9244aURP"},"_contentSize":{"__type__":"cc.Size","width":31,"height":239},"_trs":{"__type__":"TypedArray","ctor":"Float64Array","array":[-177.61,148.77,0,0,0,0,1,1,1,1]}},{"__type__":"cc.Node","_name":"vines","_parent":{"__id__":8},"_components":[{"__type__":"cc.Sprite","node":{"__id__":10},"_materials":[{"__uuid__":"ecpdLyjvZBwrvm+cedCcQy"}],"_spriteFrame":{"__uuid__":"37ccf/xWFNDYxT3bw0zdTq"}}],"_prefab":{"__type__":"cc.PrefabInfo","root":{"__id__":1},"asset":{"__uuid__":"b6n1QxzZlEVaxRzRTsrXVd"},"fileId":"f2PK/Lhm5J2ZejuB0qiGvh"},"_contentSize":{"__type__":"cc.Size","width":31,"height":239},"_trs":{"__type__":"TypedArray","ctor":"Float64Array","array":[-177.61,385.207,0,0,0,0,1,1,1,1]}},{"__type__":"cc.Node","_name":"vines","_parent":{"__id__":8},"_components":[{"__type__":"cc.Sprite","node":{"__id__":11},"_materials":[{"__uuid__":"ecpdLyjvZBwrvm+cedCcQy"}],"_spriteFrame":{"__uuid__":"37ccf/xWFNDYxT3bw0zdTq"}}],"_prefab":{"__type__":"cc.PrefabInfo","root":{"__id__":1},"asset":{"__uuid__":"b6n1QxzZlEVaxRzRTsrXVd"},"fileId":"f9/ETHA2FLR5sIKn/M1zpd"},"_contentSize":{"__type__":"cc.Size","width":31,"height":239},"_trs":{"__type__":"TypedArray","ctor":"Float64Array","array":[-177.61,618.176,0,0,0,0,1,1,1,1]}},{"__type__":"cc.Node","_name":"vines","_parent":{"__id__":8},"_components":[{"__type__":"cc.Sprite","node":{"__id__":12},"_materials":[{"__uuid__":"ecpdLyjvZBwrvm+cedCcQy"}],"_spriteFrame":{"__uuid__":"37ccf/xWFNDYxT3bw0zdTq"}}],"_prefab":{"__type__":"cc.PrefabInfo","root":{"__id__":1},"asset":{"__uuid__":"b6n1QxzZlEVaxRzRTsrXVd"},"fileId":"3618bp6vtP7p3UMEmZy4t/"},"_contentSize":{"__type__":"cc.Size","width":31,"height":239},"_trs":{"__type__":"TypedArray","ctor":"Float64Array","array":[-177.61,857.359,0,0,0,0,1,1,1,1]}},{"__type__":"cc.Node","_name":"vines","_parent":{"__id__":8},"_components":[{"__type__":"cc.Sprite","node":{"__id__":13},"_materials":[{"__uuid__":"ecpdLyjvZBwrvm+cedCcQy"}],"_spriteFrame":{"__uuid__":"37ccf/xWFNDYxT3bw0zdTq"}}],"_prefab":{"__type__":"cc.PrefabInfo","root":{"__id__":1},"asset":{"__uuid__":"b6n1QxzZlEVaxRzRTsrXVd"},"fileId":"26FNPeUmdOk5QIBGGjK8Sy"},"_contentSize":{"__type__":"cc.Size","width":31,"height":239},"_trs":{"__type__":"TypedArray","ctor":"Float64Array","array":[152.468,148.77,0,0,0,0,1,1,1,1]}},{"__type__":"cc.Node","_name":"vines","_parent":{"__id__":8},"_components":[{"__type__":"cc.Sprite","node":{"__id__":14},"_materials":[{"__uuid__":"ecpdLyjvZBwrvm+cedCcQy"}],"_spriteFrame":{"__uuid__":"37ccf/xWFNDYxT3bw0zdTq"}}],"_prefab":{"__type__":"cc.PrefabInfo","root":{"__id__":1},"asset":{"__uuid__":"b6n1QxzZlEVaxRzRTsrXVd"},"fileId":"bcEUeMpYtBVJblZm+rfk25"},"_contentSize":{"__type__":"cc.Size","width":31,"height":239},"_trs":{"__type__":"TypedArray","ctor":"Float64Array","array":[152.468,385.207,0,0,0,0,1,1,1,1]}},{"__type__":"cc.Node","_name":"vines","_parent":{"__id__":8},"_components":[{"__type__":"cc.Sprite","node":{"__id__":15},"_materials":[{"__uuid__":"ecpdLyjvZBwrvm+cedCcQy"}],"_spriteFrame":{"__uuid__":"37ccf/xWFNDYxT3bw0zdTq"}}],"_prefab":{"__type__":"cc.PrefabInfo","root":{"__id__":1},"asset":{"__uuid__":"b6n1QxzZlEVaxRzRTsrXVd"},"fileId":"182J1DbbxFEZwyqoXulTW0"},"_contentSize":{"__type__":"cc.Size","width":31,"height":239},"_trs":{"__type__":"TypedArray","ctor":"Float64Array","array":[152.468,618.176,0,0,0,0,1,1,1,1]}},{"__type__":"cc.Node","_name":"vines","_parent":{"__id__":8},"_components":[{"__type__":"cc.Sprite","node":{"__id__":16},"_materials":[{"__uuid__":"ecpdLyjvZBwrvm+cedCcQy"}],"_spriteFrame":{"__uuid__":"37ccf/xWFNDYxT3bw0zdTq"}}],"_prefab":{"__type__":"cc.PrefabInfo","root":{"__id__":1},"asset":{"__uuid__":"b6n1QxzZlEVaxRzRTsrXVd"},"fileId":"e8ibYxm5VGpLaT7LKSDQAM"},"_contentSize":{"__type__":"cc.Size","width":31,"height":239},"_trs":{"__type__":"TypedArray","ctor":"Float64Array","array":[152.468,857.359,0,0,0,0,1,1,1,1]}},{"__type__":"cc.Node","_name":"vines","_parent":{"__id__":8},"_components":[{"__type__":"cc.Sprite","node":{"__id__":17},"_materials":[{"__uuid__":"ecpdLyjvZBwrvm+cedCcQy"}],"_spriteFrame":{"__uuid__":"37ccf/xWFNDYxT3bw0zdTq"}}],"_prefab":{"__type__":"cc.PrefabInfo","root":{"__id__":1},"asset":{"__uuid__":"b6n1QxzZlEVaxRzRTsrXVd"},"fileId":"a8D0QR76VBz4tKJYSAHg10"},"_contentSize":{"__type__":"cc.Size","width":31,"height":239},"_trs":{"__type__":"TypedArray","ctor":"Float64Array","array":[-177.61,1805.33,0,0,0,0,1,1,1,1]}},{"__type__":"cc.Node","_name":"vines","_parent":{"__id__":8},"_components":[{"__type__":"cc.Sprite","node":{"__id__":18},"_materials":[{"__uuid__":"ecpdLyjvZBwrvm+cedCcQy"}],"_spriteFrame":{"__uuid__":"37ccf/xWFNDYxT3bw0zdTq"}}],"_prefab":{"__type__":"cc.PrefabInfo","root":{"__id__":1},"asset":{"__uuid__":"b6n1QxzZlEVaxRzRTsrXVd"},"fileId":"3c2ESgK71NmJGMc7GjtE6o"},"_contentSize":{"__type__":"cc.Size","width":31,"height":239},"_trs":{"__type__":"TypedArray","ctor":"Float64Array","array":[-177.61,1566.147,0,0,0,0,1,1,1,1]}},{"__type__":"cc.Node","_name":"vines","_parent":{"__id__":8},"_components":[{"__type__":"cc.Sprite","node":{"__id__":19},"_materials":[{"__uuid__":"ecpdLyjvZBwrvm+cedCcQy"}],"_spriteFrame":{"__uuid__":"37ccf/xWFNDYxT3bw0zdTq"}}],"_prefab":{"__type__":"cc.PrefabInfo","root":{"__id__":1},"asset":{"__uuid__":"b6n1QxzZlEVaxRzRTsrXVd"},"fileId":"dd99qN0MlJn60EY9jKUMib"},"_contentSize":{"__type__":"cc.Size","width":31,"height":239},"_trs":{"__type__":"TypedArray","ctor":"Float64Array","array":[-177.61,1333.178,0,0,0,0,1,1,1,1]}},{"__type__":"cc.Node","_name":"vines","_parent":{"__id__":8},"_components":[{"__type__":"cc.Sprite","node":{"__id__":20},"_materials":[{"__uuid__":"ecpdLyjvZBwrvm+cedCcQy"}],"_spriteFrame":{"__uuid__":"37ccf/xWFNDYxT3bw0zdTq"}}],"_prefab":{"__type__":"cc.PrefabInfo","root":{"__id__":1},"asset":{"__uuid__":"b6n1QxzZlEVaxRzRTsrXVd"},"fileId":"e713eo3adLe4aoqDM3EeW0"},"_contentSize":{"__type__":"cc.Size","width":31,"height":239},"_trs":{"__type__":"TypedArray","ctor":"Float64Array","array":[-177.61,1096.741,0,0,0,0,1,1,1,1]}},{"__type__":"cc.Node","_name":"vines","_parent":{"__id__":8},"_components":[{"__type__":"cc.Sprite","node":{"__id__":21},"_materials":[{"__uuid__":"ecpdLyjvZBwrvm+cedCcQy"}],"_spriteFrame":{"__uuid__":"37ccf/xWFNDYxT3bw0zdTq"}}],"_prefab":{"__type__":"cc.PrefabInfo","root":{"__id__":1},"asset":{"__uuid__":"b6n1QxzZlEVaxRzRTsrXVd"},"fileId":"4aJvDrC3tEpoD4VT2UvrHE"},"_contentSize":{"__type__":"cc.Size","width":31,"height":239},"_trs":{"__type__":"TypedArray","ctor":"Float64Array","array":[153.421,1805.33,0,0,0,0,1,1,1,1]}},{"__type__":"cc.Node","_name":"vines","_parent":{"__id__":8},"_components":[{"__type__":"cc.Sprite","node":{"__id__":22},"_materials":[{"__uuid__":"ecpdLyjvZBwrvm+cedCcQy"}],"_spriteFrame":{"__uuid__":"37ccf/xWFNDYxT3bw0zdTq"}}],"_prefab":{"__type__":"cc.PrefabInfo","root":{"__id__":1},"asset":{"__uuid__":"b6n1QxzZlEVaxRzRTsrXVd"},"fileId":"ffJ++dt8VOvaIaYLBIM87Z"},"_contentSize":{"__type__":"cc.Size","width":31,"height":239},"_trs":{"__type__":"TypedArray","ctor":"Float64Array","array":[153.421,1566.147,0,0,0,0,1,1,1,1]}},{"__type__":"cc.Node","_name":"vines","_parent":{"__id__":8},"_components":[{"__type__":"cc.Sprite","node":{"__id__":23},"_materials":[{"__uuid__":"ecpdLyjvZBwrvm+cedCcQy"}],"_spriteFrame":{"__uuid__":"37ccf/xWFNDYxT3bw0zdTq"}}],"_prefab":{"__type__":"cc.PrefabInfo","root":{"__id__":1},"asset":{"__uuid__":"b6n1QxzZlEVaxRzRTsrXVd"},"fileId":"52NOkwT0RHxLNJlQyc9TfL"},"_contentSize":{"__type__":"cc.Size","width":31,"height":239},"_trs":{"__type__":"TypedArray","ctor":"Float64Array","array":[153.421,1333.178,0,0,0,0,1,1,1,1]}},{"__type__":"cc.Node","_name":"vines","_parent":{"__id__":8},"_components":[{"__type__":"cc.Sprite","node":{"__id__":24},"_materials":[{"__uuid__":"ecpdLyjvZBwrvm+cedCcQy"}],"_spriteFrame":{"__uuid__":"37ccf/xWFNDYxT3bw0zdTq"}}],"_prefab":{"__type__":"cc.PrefabInfo","root":{"__id__":1},"asset":{"__uuid__":"b6n1QxzZlEVaxRzRTsrXVd"},"fileId":"19kkx2C8dNUJ8CSsnMB4SF"},"_contentSize":{"__type__":"cc.Size","width":31,"height":239},"_trs":{"__type__":"TypedArray","ctor":"Float64Array","array":[153.421,1096.741,0,0,0,0,1,1,1,1]}},{"__type__":"cc.Node","_name":"pushbutton","_parent":{"__id__":7},"_children":[{"__id__":26}],"_prefab":{"__type__":"cc.PrefabInfo","root":{"__id__":1},"asset":{"__uuid__":"b6n1QxzZlEVaxRzRTsrXVd"},"fileId":"2f5E+ObZ1FkL6eebVzHC4s"},"_trs":{"__type__":"TypedArray","ctor":"Float64Array","array":[-35.284,-0.565,0,0,0,0,1,0.5,0.5,1]},"_groupIndex":1,"groupIndex":1},{"__type__":"cc.Node","_name":"default","_parent":{"__id__":25},"_components":[{"__type__":"cc.Sprite","_name":"default<Sprite>","node":{"__id__":26},"_materials":[{"__uuid__":"ecpdLyjvZBwrvm+cedCcQy"}],"_spriteFrame":{"__uuid__":"0bWv0CyedP2KHSSDpnztRi"},"_sizeMode":0,"_isTrimmedMode":false},{"__type__":"cc.Animation","node":{"__id__":26},"_clips":[{"__uuid__":"57LfzDxBtGMayNpe5pa78m"},{"__uuid__":"84X60vOnNDVZTFNmeuZ/rX"}]},{"__type__":"cc.RigidBody","node":{"__id__":26},"_type":0,"enabledContactListener":true},{"__type__":"cc.PhysicsBoxCollider","node":{"__id__":26},"_sensor":true,"_friction":30,"_offset":{"__type__":"cc.Vec2","y":-16.5},"_size":{"__type__":"cc.Size","width":212,"height":40}},{"__type__":"473e3a4BbRAdLsvFWwa73vu","node":{"__id__":26}}],"_prefab":{"__type__":"cc.PrefabInfo","root":{"__id__":1},"asset":{"__uuid__":"b6n1QxzZlEVaxRzRTsrXVd"},"fileId":"a4YOvE38xFsqfqJYynwzub"},"_contentSize":{"__type__":"cc.Size","width":256,"height":72},"_trs":{"__type__":"TypedArray","ctor":"Float64Array","array":[-136.995,22.996,0,0,0,0,1,1,1,1]},"_groupIndex":1,"groupIndex":1},{"__type__":"cc.Node","_name":"trick01","_parent":{"__id__":2},"_children":[{"__id__":28},{"__id__":31}],"_prefab":{"__type__":"cc.PrefabInfo","root":{"__id__":1},"asset":{"__uuid__":"b6n1QxzZlEVaxRzRTsrXVd"},"fileId":"952I5dgadGUoAB3waKbyfE"},"_trs":{"__type__":"TypedArray","ctor":"Float64Array","array":[2945.712,72.083,0,0,0,0,1,1,1,1]},"_groupIndex":1,"groupIndex":1},{"__type__":"cc.Node","_name":"t1","_parent":{"__id__":27},"_children":[{"__id__":29},{"__id__":30}],"_prefab":{"__type__":"cc.PrefabInfo","root":{"__id__":1},"asset":{"__uuid__":"b6n1QxzZlEVaxRzRTsrXVd"},"fileId":"falLJm7vtKcoQQ/xB3YKIZ"},"_trs":{"__type__":"TypedArray","ctor":"Float64Array","array":[0,0,0,0,0,0,1,1,1,1]},"_groupIndex":1,"groupIndex":1},{"__type__":"cc.Node","_name":"Branch_04","_parent":{"__id__":28},"_components":[{"__type__":"cc.Sprite","_name":"Branch_04<Sprite>","node":{"__id__":29},"_materials":[{"__uuid__":"ecpdLyjvZBwrvm+cedCcQy"}],"_spriteFrame":{"__uuid__":"75FzzuLfpHM55YEa0lzp4h"}},{"__type__":"cc.RigidBody","node":{"__id__":29},"_type":1,"_gravityScale":0},{"__type__":"cc.PhysicsBoxCollider","node":{"__id__":29},"tag":4,"_offset":{"__type__":"cc.Vec2","x":-192},"_size":{"__type__":"cc.Size","width":384,"height":24}},{"__type__":"63cb5m8pb5OY46Y6BjQ9BuS","node":{"__id__":29},"points":[{"__type__":"cc.Vec2","y":200},{"__type__":"cc.Vec2","y":350}]}],"_prefab":{"__type__":"cc.PrefabInfo","root":{"__id__":1},"asset":{"__uuid__":"b6n1QxzZlEVaxRzRTsrXVd"},"fileId":"96lpWDqKtKrKSD0/LNhdM8"},"_contentSize":{"__type__":"cc.Size","width":384,"height":24},"_anchorPoint":{"__type__":"cc.Vec2","x":1,"y":0.5},"_trs":{"__type__":"TypedArray","ctor":"Float64Array","array":[0,200,0,0,0,0.7071067811865475,0.7071067811865476,1,1,1]},"_eulerAngles":{"__type__":"cc.Vec3","z":90},"_groupIndex":1,"groupIndex":1},{"__type__":"cc.Node","_name":"Fixation_01","_parent":{"__id__":28},"_components":[{"__type__":"cc.Sprite","_name":"Fixation_01<Sprite>","node":{"__id__":30},"_materials":[{"__uuid__":"ecpdLyjvZBwrvm+cedCcQy"}],"_spriteFrame":{"__uuid__":"adxRH3R8ZCAqMlRQPzZQ/s"}},{"__type__":"cc.RigidBody","node":{"__id__":30},"_type":0},{"__type__":"cc.PhysicsBoxCollider","node":{"__id__":30},"tag":4,"_offset":{"__type__":"cc.Vec2","x":-35,"y":163},"_size":{"__type__":"cc.Size","width":30,"height":40}},{"__type__":"cc.PhysicsBoxCollider","node":{"__id__":30},"tag":4,"_offset":{"__type__":"cc.Vec2","x":35,"y":163},"_size":{"__type__":"cc.Size","width":30,"height":40}}],"_prefab":{"__type__":"cc.PrefabInfo","root":{"__id__":1},"asset":{"__uuid__":"b6n1QxzZlEVaxRzRTsrXVd"},"fileId":"0eKHTmDEVNnYwOdpD53hg+"},"_contentSize":{"__type__":"cc.Size","width":146,"height":367},"_trs":{"__type__":"TypedArray","ctor":"Float64Array","array":[0,0,0,0,0,0,1,1,1,1]},"_groupIndex":1,"groupIndex":1},{"__type__":"cc.Node","_name":"t1-2","_parent":{"__id__":27},"_children":[{"__id__":32},{"__id__":33}],"_prefab":{"__type__":"cc.PrefabInfo","root":{"__id__":1},"asset":{"__uuid__":"b6n1QxzZlEVaxRzRTsrXVd"},"fileId":"cdebXkTa9P5oobHtaTNWg/"},"_trs":{"__type__":"TypedArray","ctor":"Float64Array","array":[0,700,0,0,0,1,6.123233995736766e-17,1,1,1]},"_eulerAngles":{"__type__":"cc.Vec3","z":180},"_groupIndex":1,"groupIndex":1},{"__type__":"cc.Node","_name":"Branch_04","_parent":{"__id__":31},"_components":[{"__type__":"cc.Sprite","_name":"Branch_04<Sprite>","node":{"__id__":32},"_materials":[{"__uuid__":"ecpdLyjvZBwrvm+cedCcQy"}],"_spriteFrame":{"__uuid__":"75FzzuLfpHM55YEa0lzp4h"}},{"__type__":"cc.RigidBody","node":{"__id__":32},"_type":1,"_gravityScale":0},{"__type__":"cc.PhysicsBoxCollider","node":{"__id__":32},"tag":4,"_offset":{"__type__":"cc.Vec2","x":-192},"_size":{"__type__":"cc.Size","width":384,"height":24}},{"__type__":"63cb5m8pb5OY46Y6BjQ9BuS","node":{"__id__":32},"points":[{"__type__":"cc.Vec2","y":200},{"__type__":"cc.Vec2","y":350}]}],"_prefab":{"__type__":"cc.PrefabInfo","root":{"__id__":1},"asset":{"__uuid__":"b6n1QxzZlEVaxRzRTsrXVd"},"fileId":"c6zdos6OtJ4YHLP3t6OAZ5"},"_contentSize":{"__type__":"cc.Size","width":384,"height":24},"_anchorPoint":{"__type__":"cc.Vec2","x":1,"y":0.5},"_trs":{"__type__":"TypedArray","ctor":"Float64Array","array":[0,200,0,0,0,0.7071067811865475,0.7071067811865476,1,1,1]},"_eulerAngles":{"__type__":"cc.Vec3","z":90},"_groupIndex":1,"groupIndex":1},{"__type__":"cc.Node","_name":"Fixation_01","_parent":{"__id__":31},"_components":[{"__type__":"cc.Sprite","_name":"Fixation_01<Sprite>","node":{"__id__":33},"_materials":[{"__uuid__":"ecpdLyjvZBwrvm+cedCcQy"}],"_spriteFrame":{"__uuid__":"adxRH3R8ZCAqMlRQPzZQ/s"}},{"__type__":"cc.RigidBody","node":{"__id__":33},"_type":0},{"__type__":"cc.PhysicsBoxCollider","node":{"__id__":33},"tag":4,"_offset":{"__type__":"cc.Vec2","x":-35,"y":163},"_size":{"__type__":"cc.Size","width":30,"height":40}},{"__type__":"cc.PhysicsBoxCollider","node":{"__id__":33},"tag":4,"_offset":{"__type__":"cc.Vec2","x":35,"y":163},"_size":{"__type__":"cc.Size","width":30,"height":40}}],"_prefab":{"__type__":"cc.PrefabInfo","root":{"__id__":1},"asset":{"__uuid__":"b6n1QxzZlEVaxRzRTsrXVd"},"fileId":"71cWfmUblCVJq39HFO4l5K"},"_contentSize":{"__type__":"cc.Size","width":146,"height":367},"_trs":{"__type__":"TypedArray","ctor":"Float64Array","array":[0,0,0,0,0,0,1,1,1,1]},"_groupIndex":1,"groupIndex":1},{"__type__":"cc.Node","_name":"trick01","_parent":{"__id__":2},"_children":[{"__id__":35},{"__id__":38}],"_prefab":{"__type__":"cc.PrefabInfo","root":{"__id__":1},"asset":{"__uuid__":"b6n1QxzZlEVaxRzRTsrXVd"},"fileId":"c8ZvSjyLlNuq6fLGl5XgNc"},"_trs":{"__type__":"TypedArray","ctor":"Float64Array","array":[4011.874,72.083,0,0,0,0,1,1,1,1]},"_groupIndex":1,"groupIndex":1},{"__type__":"cc.Node","_name":"t1","_parent":{"__id__":34},"_children":[{"__id__":36},{"__id__":37}],"_prefab":{"__type__":"cc.PrefabInfo","root":{"__id__":1},"asset":{"__uuid__":"b6n1QxzZlEVaxRzRTsrXVd"},"fileId":"e57PTr4lpPNaRk+tWx1BTW"},"_trs":{"__type__":"TypedArray","ctor":"Float64Array","array":[0,0,0,0,0,0,1,1,1,1]},"_groupIndex":1,"groupIndex":1},{"__type__":"cc.Node","_name":"Branch_04","_parent":{"__id__":35},"_components":[{"__type__":"cc.Sprite","_name":"Branch_04<Sprite>","node":{"__id__":36},"_materials":[{"__uuid__":"ecpdLyjvZBwrvm+cedCcQy"}],"_spriteFrame":{"__uuid__":"75FzzuLfpHM55YEa0lzp4h"}},{"__type__":"cc.RigidBody","node":{"__id__":36},"_type":1,"_gravityScale":0},{"__type__":"cc.PhysicsBoxCollider","node":{"__id__":36},"tag":4,"_offset":{"__type__":"cc.Vec2","x":-192},"_size":{"__type__":"cc.Size","width":384,"height":24}},{"__type__":"63cb5m8pb5OY46Y6BjQ9BuS","node":{"__id__":36},"points":[{"__type__":"cc.Vec2","y":200},{"__type__":"cc.Vec2","y":350}]}],"_prefab":{"__type__":"cc.PrefabInfo","root":{"__id__":1},"asset":{"__uuid__":"b6n1QxzZlEVaxRzRTsrXVd"},"fileId":"8ejcF36c9KyZUT6Bb/UeC3"},"_contentSize":{"__type__":"cc.Size","width":384,"height":24},"_anchorPoint":{"__type__":"cc.Vec2","x":1,"y":0.5},"_trs":{"__type__":"TypedArray","ctor":"Float64Array","array":[0,200,0,0,0,0.7071067811865475,0.7071067811865476,1,1,1]},"_eulerAngles":{"__type__":"cc.Vec3","z":90},"_groupIndex":1,"groupIndex":1},{"__type__":"cc.Node","_name":"Fixation_01","_parent":{"__id__":35},"_components":[{"__type__":"cc.Sprite","_name":"Fixation_01<Sprite>","node":{"__id__":37},"_materials":[{"__uuid__":"ecpdLyjvZBwrvm+cedCcQy"}],"_spriteFrame":{"__uuid__":"adxRH3R8ZCAqMlRQPzZQ/s"}},{"__type__":"cc.RigidBody","node":{"__id__":37},"_type":0},{"__type__":"cc.PhysicsBoxCollider","node":{"__id__":37},"tag":4,"_offset":{"__type__":"cc.Vec2","x":-35,"y":163},"_size":{"__type__":"cc.Size","width":30,"height":40}},{"__type__":"cc.PhysicsBoxCollider","node":{"__id__":37},"tag":4,"_offset":{"__type__":"cc.Vec2","x":35,"y":163},"_size":{"__type__":"cc.Size","width":30,"height":40}}],"_prefab":{"__type__":"cc.PrefabInfo","root":{"__id__":1},"asset":{"__uuid__":"b6n1QxzZlEVaxRzRTsrXVd"},"fileId":"c7IG10k5tGgpoprYhTDA2b"},"_contentSize":{"__type__":"cc.Size","width":146,"height":367},"_trs":{"__type__":"TypedArray","ctor":"Float64Array","array":[0,0,0,0,0,0,1,1,1,1]},"_groupIndex":1,"groupIndex":1},{"__type__":"cc.Node","_name":"t1-2","_parent":{"__id__":34},"_children":[{"__id__":39},{"__id__":40}],"_prefab":{"__type__":"cc.PrefabInfo","root":{"__id__":1},"asset":{"__uuid__":"b6n1QxzZlEVaxRzRTsrXVd"},"fileId":"e2PJ0weCdJcI2KsF3l5jDT"},"_trs":{"__type__":"TypedArray","ctor":"Float64Array","array":[0,700,0,0,0,1,6.123233995736766e-17,1,1,1]},"_eulerAngles":{"__type__":"cc.Vec3","z":180},"_groupIndex":1,"groupIndex":1},{"__type__":"cc.Node","_name":"Branch_04","_parent":{"__id__":38},"_components":[{"__type__":"cc.Sprite","_name":"Branch_04<Sprite>","node":{"__id__":39},"_materials":[{"__uuid__":"ecpdLyjvZBwrvm+cedCcQy"}],"_spriteFrame":{"__uuid__":"75FzzuLfpHM55YEa0lzp4h"}},{"__type__":"cc.RigidBody","node":{"__id__":39},"_type":1,"_gravityScale":0},{"__type__":"cc.PhysicsBoxCollider","node":{"__id__":39},"tag":4,"_offset":{"__type__":"cc.Vec2","x":-192},"_size":{"__type__":"cc.Size","width":384,"height":24}},{"__type__":"63cb5m8pb5OY46Y6BjQ9BuS","node":{"__id__":39},"points":[{"__type__":"cc.Vec2","y":200},{"__type__":"cc.Vec2","y":350}]}],"_prefab":{"__type__":"cc.PrefabInfo","root":{"__id__":1},"asset":{"__uuid__":"b6n1QxzZlEVaxRzRTsrXVd"},"fileId":"d9t5CEtjdMWZFuUvG90riN"},"_contentSize":{"__type__":"cc.Size","width":384,"height":24},"_anchorPoint":{"__type__":"cc.Vec2","x":1,"y":0.5},"_trs":{"__type__":"TypedArray","ctor":"Float64Array","array":[0,200,0,0,0,0.7071067811865475,0.7071067811865476,1,1,1]},"_eulerAngles":{"__type__":"cc.Vec3","z":90},"_groupIndex":1,"groupIndex":1},{"__type__":"cc.Node","_name":"Fixation_01","_parent":{"__id__":38},"_components":[{"__type__":"cc.Sprite","_name":"Fixation_01<Sprite>","node":{"__id__":40},"_materials":[{"__uuid__":"ecpdLyjvZBwrvm+cedCcQy"}],"_spriteFrame":{"__uuid__":"adxRH3R8ZCAqMlRQPzZQ/s"}},{"__type__":"cc.RigidBody","node":{"__id__":40},"_type":0},{"__type__":"cc.PhysicsBoxCollider","node":{"__id__":40},"tag":4,"_offset":{"__type__":"cc.Vec2","x":-35,"y":163},"_size":{"__type__":"cc.Size","width":30,"height":40}},{"__type__":"cc.PhysicsBoxCollider","node":{"__id__":40},"tag":4,"_offset":{"__type__":"cc.Vec2","x":35,"y":163},"_size":{"__type__":"cc.Size","width":30,"height":40}}],"_prefab":{"__type__":"cc.PrefabInfo","root":{"__id__":1},"asset":{"__uuid__":"b6n1QxzZlEVaxRzRTsrXVd"},"fileId":"59lychAq5N9Kek0MxB+5Ae"},"_contentSize":{"__type__":"cc.Size","width":146,"height":367},"_trs":{"__type__":"TypedArray","ctor":"Float64Array","array":[0,0,0,0,0,0,1,1,1,1]},"_groupIndex":1,"groupIndex":1},{"__type__":"cc.Node","_name":"chainstar","_parent":{"__id__":2},"_children":[{"__id__":42},{"__id__":43},{"__id__":45}],"_prefab":{"__type__":"cc.PrefabInfo","root":{"__id__":1},"asset":{"__uuid__":"b6n1QxzZlEVaxRzRTsrXVd"},"fileId":"d1T2bp5xhECYOPyGfux9nI"},"_trs":{"__type__":"TypedArray","ctor":"Float64Array","array":[5624.123,187.912,0,0,0,0,1,1,1,1]},"_groupIndex":1,"groupIndex":1},{"__type__":"cc.Node","_name":"Branch_02","_parent":{"__id__":41},"_active":false,"_components":[{"__type__":"cc.Sprite","node":{"__id__":42},"_materials":[{"__uuid__":"ecpdLyjvZBwrvm+cedCcQy"}],"_spriteFrame":{"__uuid__":"44nAxUkTNOoIW9zuWbC9DG"}},{"__type__":"cc.RigidBody","node":{"__id__":42},"_type":0}],"_prefab":{"__type__":"cc.PrefabInfo","root":{"__id__":1},"asset":{"__uuid__":"b6n1QxzZlEVaxRzRTsrXVd"},"fileId":"54uOpL+2BN0b8/xDmS1tKU"},"_contentSize":{"__type__":"cc.Size","width":340,"height":21},"_trs":{"__type__":"TypedArray","ctor":"Float64Array","array":[507,104,0,0,0,1,6.123233995736766e-17,1,1,1]},"_eulerAngles":{"__type__":"cc.Vec3","z":180},"_groupIndex":1,"groupIndex":1},{"__type__":"cc.Node","_name":"Corde_02","_parent":{"__id__":41},"_components":[{"__type__":"cc.Sprite","node":{"__id__":43},"_materials":[{"__uuid__":"ecpdLyjvZBwrvm+cedCcQy"}],"_spriteFrame":{"__uuid__":"e13svjI+JDYYjIbP3e96AF"}},{"__id__":44},{"__type__":"cc.RevoluteJoint","node":{"__id__":43}}],"_prefab":{"__type__":"cc.PrefabInfo","root":{"__id__":1},"asset":{"__uuid__":"b6n1QxzZlEVaxRzRTsrXVd"},"fileId":"1aTHbh5zJDgq/J/wVm214d"},"_contentSize":{"__type__":"cc.Size","width":706,"height":226},"_trs":{"__type__":"TypedArray","ctor":"Float64Array","array":[-9.763,128.316,0,0,0,0,1,1,1,1]}},{"__type__":"cc.RigidBody","node":{"__id__":43},"_type":0},{"__type__":"cc.Node","_name":"Rotating_Stars","_parent":{"__id__":41},"_children":[{"__id__":46}],"_components":[{"__type__":"cc.RigidBody","node":{"__id__":45}},{"__type__":"cc.RevoluteJoint","node":{"__id__":45},"anchor":{"__type__":"cc.Vec2","x":-103.23,"y":-15.02},"connectedAnchor":{"__type__":"cc.Vec2","x":-25.8,"y":-8.7},"connectedBody":{"__id__":44},"_maxMotorTorque":300,"_enableMotor":true},{"__type__":"cc.PhysicsBoxCollider","node":{"__id__":45},"_offset":{"__type__":"cc.Vec2","x":-102.1,"y":-15.5},"_size":{"__type__":"cc.Size","width":189.5,"height":18.7}}],"_prefab":{"__type__":"cc.PrefabInfo","root":{"__id__":1},"asset":{"__uuid__":"b6n1QxzZlEVaxRzRTsrXVd"},"fileId":"96tPTU7LZJrKurM963ZXn4"},"_trs":{"__type__":"TypedArray","ctor":"Float64Array","array":[67.684,134.545,0,0,0,0,1,1,1,1]},"_groupIndex":3,"groupIndex":3},{"__type__":"cc.Node","_name":"Rotating_Star","_parent":{"__id__":45},"_components":[{"__type__":"cc.Sprite","node":{"__id__":46},"_materials":[{"__uuid__":"ecpdLyjvZBwrvm+cedCcQy"}],"_spriteFrame":{"__uuid__":"46SIChgoJF9J3Kq0Uok1Oj"}}],"_prefab":{"__type__":"cc.PrefabInfo","root":{"__id__":1},"asset":{"__uuid__":"b6n1QxzZlEVaxRzRTsrXVd"},"fileId":"f9cpdbZpxK/qoVIbrVBIOC"},"_contentSize":{"__type__":"cc.Size","width":194,"height":20},"_trs":{"__type__":"TypedArray","ctor":"Float64Array","array":[-102.271,-15.731,0,0,0,0,1,1,1,1]}},{"__type__":"cc.Node","_name":"end_ind","_parent":{"__id__":2},"_children":[{"__id__":48}],"_components":[{"__type__":"cc.Sprite","_name":"end_ind<Sprite>","node":{"__id__":47},"_materials":[{"__uuid__":"ecpdLyjvZBwrvm+cedCcQy"}],"_spriteFrame":{"__uuid__":"c5Gv3cetxK1qqCYcHOIFZo"},"_sizeMode":0},{"__type__":"cc.RigidBody","node":{"__id__":47},"_type":0},{"__type__":"cc.PhysicsBoxCollider","node":{"__id__":47},"_sensor":true,"_offset":{"__type__":"cc.Vec2","y":420.5},"_size":{"__type__":"cc.Size","width":20,"height":1042}},{"__type__":"41579J+mQ9OGKIgDuSf0wr1","node":{"__id__":47}}],"_prefab":{"__type__":"cc.PrefabInfo","root":{"__id__":1},"asset":{"__uuid__":"b6n1QxzZlEVaxRzRTsrXVd"},"fileId":"c0pD93Lp1D3YZLC2FNbvIA"},"_contentSize":{"__type__":"cc.Size","width":168,"height":143},"_trs":{"__type__":"TypedArray","ctor":"Float64Array","array":[7499.037,557.563,0,0,0,0,1,1,1,1]},"_groupIndex":1,"groupIndex":1},{"__type__":"cc.Node","_name":"over","_parent":{"__id__":47},"_components":[{"__type__":"cc.Label","_name":"over<Label>","node":{"__id__":48},"_materials":[{"__uuid__":"ecpdLyjvZBwrvm+cedCcQy"}],"_useOriginalSize":false,"_string":"关卡-2","_N$string":"关卡-2","_fontSize":30,"_N$file":{"__uuid__":"b5NGPI3wRL+6w0kWBDf59a"},"_isSystemFontUsed":false,"_N$horizontalAlign":1,"_N$verticalAlign":1}],"_prefab":{"__type__":"cc.PrefabInfo","root":{"__id__":1},"asset":{"__uuid__":"b6n1QxzZlEVaxRzRTsrXVd"},"fileId":"aeOFFxt4hK4arCKalk0Muf"},"_color":{"__type__":"cc.Color","r":90,"g":35,"b":35},"_contentSize":{"__type__":"cc.Size","width":70.31,"height":40},"_trs":{"__type__":"TypedArray","ctor":"Float64Array","array":[0,20,0,0,0,0,1,1,1,1]},"_groupIndex":1,"groupIndex":1},{"__type__":"cc.Node","_name":"flag_ind","_parent":{"__id__":2},"_children":[{"__id__":50}],"_components":[{"__type__":"cc.Sprite","_name":"flag_ind<Sprite>","node":{"__id__":49},"_materials":[{"__uuid__":"ecpdLyjvZBwrvm+cedCcQy"}],"_spriteFrame":{"__uuid__":"07zKmIceRAwZknsZDy1S/V"}},{"__type__":"cc.RigidBody","node":{"__id__":49},"_type":0,"enabledContactListener":true},{"__type__":"cc.PhysicsBoxCollider","node":{"__id__":49},"_sensor":true,"_size":{"__type__":"cc.Size","width":83,"height":614}},{"__type__":"6ad49RTzopHHLKa1XzEQETT","node":{"__id__":49}}],"_prefab":{"__type__":"cc.PrefabInfo","root":{"__id__":1},"asset":{"__uuid__":"b6n1QxzZlEVaxRzRTsrXVd"},"fileId":"80nuo1c5FDvpSdgbKqetPN"},"_contentSize":{"__type__":"cc.Size","width":83,"height":614},"_trs":{"__type__":"TypedArray","ctor":"Float64Array","array":[3500.399,381.906,0,0,0,0,1,0.4,0.4,1]},"_groupIndex":1,"groupIndex":1},{"__type__":"cc.Node","_name":"flag","_parent":{"__id__":49},"_components":[{"__type__":"cc.Sprite","_name":"flag<Sprite>","node":{"__id__":50},"_materials":[{"__uuid__":"ecpdLyjvZBwrvm+cedCcQy"}],"_spriteFrame":{"__uuid__":"e33fRYcr9GP4j1b4ibM5Y8"}},{"__type__":"cc.Animation","node":{"__id__":50},"_defaultClip":{"__uuid__":"cbH2x9KCBJyaeYtYAInG18"},"_clips":[{"__uuid__":"cbH2x9KCBJyaeYtYAInG18"}],"playOnLoad":true}],"_prefab":{"__type__":"cc.PrefabInfo","root":{"__id__":1},"asset":{"__uuid__":"b6n1QxzZlEVaxRzRTsrXVd"},"fileId":"17ieNdn5hBAYxLTqVoHnUv"},"_contentSize":{"__type__":"cc.Size","width":273,"height":192},"_trs":{"__type__":"TypedArray","ctor":"Float64Array","array":[-130,-120,0,0,0,0,1,1,1,1]},"_groupIndex":1,"groupIndex":1},{"__type__":"cc.Node","_name":"square_enemy","_parent":{"__id__":2},"_children":[{"__id__":52}],"_components":[{"__type__":"cc.Sprite","node":{"__id__":51},"_materials":[{"__uuid__":"ecpdLyjvZBwrvm+cedCcQy"}],"_spriteFrame":{"__uuid__":"e5cN6YwURLurU2fFTl79fW"},"_sizeMode":0},{"__type__":"cc.RigidBody","node":{"__id__":51},"_linearDamping":0.2,"enabledContactListener":true},{"__type__":"cc.PhysicsBoxCollider","node":{"__id__":51},"_friction":0.5,"_size":{"__type__":"cc.Size","width":95,"height":95}},{"__type__":"d0933z+TVtA7YrxtIlT8W9u","node":{"__id__":51},"point1":300,"point2":100,"damageToGiveToPlayer":1,"angular_velocity":150},{"__type__":"acd38zgRtJBkoJjC48fiJKY","node":{"__id__":51},"bombeffect":{"__uuid__":"b0ysQ6zQtMiofcv9uOb2rp"}}],"_prefab":{"__type__":"cc.PrefabInfo","root":{"__id__":1},"asset":{"__uuid__":"b6n1QxzZlEVaxRzRTsrXVd"},"fileId":"07d6kKKntLtr7NqV7eKi/F"},"_contentSize":{"__type__":"cc.Size","width":95,"height":95},"_trs":{"__type__":"TypedArray","ctor":"Float64Array","array":[2403.599,308.206,0,0,0,0,1,1,1,1]},"_groupIndex":3,"groupIndex":3},{"__type__":"cc.Node","_name":"bombeffect","_parent":{"__id__":51},"_active":false,"_components":[{"__type__":"cc.ParticleSystem","node":{"__id__":52},"_materials":[{"__uuid__":"ecpdLyjvZBwrvm+cedCcQy"}],"_custom":true,"_file":{"__uuid__":"fbVQCbYZJN7ZapAHG/T0Q8"},"_spriteFrame":{"__uuid__":"bctwiSIL5AU7KSd7s29KcV"},"autoRemoveOnFinish":true,"duration":0.1,"emissionRate":600,"lifeVar":1.5,"_startColor":{"__type__":"cc.Color","r":255,"g":255,"b":219,"a":219},"_startColorVar":{"__type__":"cc.Color","a":40},"_endColor":{"__type__":"cc.Color","r":255,"g":255,"b":209,"a":0},"_endColorVar":{"__type__":"cc.Color","a":0},"angle":0,"angleVar":360,"startSize":150,"startSizeVar":50,"endSize":250,"endSizeVar":70,"startSpinVar":40,"endSpinVar":90,"posVar":{"__type__":"cc.Vec2","x":100,"y":200},"_positionType":1,"positionType":1,"gravity":{"__type__":"cc.Vec2","y":50},"speed":100,"tangentialAccel":0}],"_prefab":{"__type__":"cc.PrefabInfo","root":{"__id__":1},"asset":{"__uuid__":"b6n1QxzZlEVaxRzRTsrXVd"},"fileId":"1bch5WXvxCjoE6xyi0S8iv"},"_trs":{"__type__":"TypedArray","ctor":"Float64Array","array":[0,0,0,0,0,0,1,1,1,1]}},{"__type__":"cc.Node","_name":"square_enemy","_parent":{"__id__":2},"_children":[{"__id__":54}],"_components":[{"__type__":"cc.Sprite","node":{"__id__":53},"_materials":[{"__uuid__":"ecpdLyjvZBwrvm+cedCcQy"}],"_spriteFrame":{"__uuid__":"e5cN6YwURLurU2fFTl79fW"},"_sizeMode":0},{"__type__":"cc.RigidBody","node":{"__id__":53},"_linearDamping":0.2,"enabledContactListener":true},{"__type__":"cc.PhysicsBoxCollider","node":{"__id__":53},"_friction":0.5,"_size":{"__type__":"cc.Size","width":95,"height":95}},{"__type__":"d0933z+TVtA7YrxtIlT8W9u","node":{"__id__":53},"point1":300,"point2":100,"damageToGiveToPlayer":1,"angular_velocity":150},{"__type__":"acd38zgRtJBkoJjC48fiJKY","node":{"__id__":53},"bombeffect":{"__uuid__":"b0ysQ6zQtMiofcv9uOb2rp"}}],"_prefab":{"__type__":"cc.PrefabInfo","root":{"__id__":1},"asset":{"__uuid__":"b6n1QxzZlEVaxRzRTsrXVd"},"fileId":"4bG91cPexPhYxIot1ugIHz"},"_contentSize":{"__type__":"cc.Size","width":95,"height":95},"_trs":{"__type__":"TypedArray","ctor":"Float64Array","array":[5673.102,185.848,0,0,0,0,1,1,1,1]},"_groupIndex":3,"groupIndex":3},{"__type__":"cc.Node","_name":"bombeffect","_parent":{"__id__":53},"_active":false,"_components":[{"__type__":"cc.ParticleSystem","node":{"__id__":54},"_materials":[{"__uuid__":"ecpdLyjvZBwrvm+cedCcQy"}],"_custom":true,"_file":{"__uuid__":"fbVQCbYZJN7ZapAHG/T0Q8"},"_spriteFrame":{"__uuid__":"bctwiSIL5AU7KSd7s29KcV"},"autoRemoveOnFinish":true,"duration":0.1,"emissionRate":600,"lifeVar":1.5,"_startColor":{"__type__":"cc.Color","r":255,"g":255,"b":219,"a":219},"_startColorVar":{"__type__":"cc.Color","a":40},"_endColor":{"__type__":"cc.Color","r":255,"g":255,"b":209,"a":0},"_endColorVar":{"__type__":"cc.Color","a":0},"angle":0,"angleVar":360,"startSize":150,"startSizeVar":50,"endSize":250,"endSizeVar":70,"startSpinVar":40,"endSpinVar":90,"posVar":{"__type__":"cc.Vec2","x":100,"y":200},"_positionType":1,"positionType":1,"gravity":{"__type__":"cc.Vec2","y":50},"speed":100,"tangentialAccel":0}],"_prefab":{"__type__":"cc.PrefabInfo","root":{"__id__":1},"asset":{"__uuid__":"b6n1QxzZlEVaxRzRTsrXVd"},"fileId":"98JUT0WJFNILB9sc+0c0Kl"},"_trs":{"__type__":"TypedArray","ctor":"Float64Array","array":[0,0,0,0,0,0,1,1,1,1]}},{"__type__":"cc.Node","_name":"heros","_parent":{"__id__":1},"_children":[{"__id__":56},{"__id__":79}],"_prefab":{"__type__":"cc.PrefabInfo","root":{"__id__":1},"asset":{"__uuid__":"b6n1QxzZlEVaxRzRTsrXVd"},"fileId":"5d0N06W1FFz7lhRywj0cY6"},"_anchorPoint":{"__type__":"cc.Vec2"},"_trs":{"__type__":"TypedArray","ctor":"Float64Array","array":[0,0,0,0,0,0,1,1,1,1]},"_groupIndex":1,"groupIndex":1},{"__type__":"cc.Node","_name":"coins","_parent":{"__id__":55},"_children":[{"__id__":57},{"__id__":58},{"__id__":59},{"__id__":60},{"__id__":61},{"__id__":62},{"__id__":63},{"__id__":64},{"__id__":65},{"__id__":66},{"__id__":67},{"__id__":68},{"__id__":69},{"__id__":70},{"__id__":71},{"__id__":72},{"__id__":73},{"__id__":74},{"__id__":75},{"__id__":76},{"__id__":77},{"__id__":78}],"_prefab":{"__type__":"cc.PrefabInfo","root":{"__id__":1},"asset":{"__uuid__":"b6n1QxzZlEVaxRzRTsrXVd"},"fileId":"8ccQ69ltRA/ZPaWDex0T6u"},"_anchorPoint":{"__type__":"cc.Vec2"},"_trs":{"__type__":"TypedArray","ctor":"Float64Array","array":[0,10,0,0,0,0,1,1,1,1]},"_groupIndex":1,"groupIndex":1},{"__type__":"cc.Node","_name":"coin","_parent":{"__id__":56},"_components":[{"__type__":"cc.Sprite","_name":"coin<Sprite>","node":{"__id__":57},"_materials":[{"__uuid__":"ecpdLyjvZBwrvm+cedCcQy"}],"_spriteFrame":{"__uuid__":"5fBaYM24ZPr4CKfNVUvrdH"},"_sizeMode":0},{"__type__":"cc.RigidBody","node":{"__id__":57},"_type":0,"_allowSleep":false,"enabledContactListener":true},{"__type__":"cc.PhysicsCircleCollider","node":{"__id__":57},"_sensor":true,"_restitution":0.2,"_radius":23},{"__type__":"069edsCLOBL15FM+XA6qGxf","node":{"__id__":57},"pickeffect":{"__uuid__":"2e0DSCaaJHNKIgvBUfLo/u"}}],"_prefab":{"__type__":"cc.PrefabInfo","root":{"__id__":1},"asset":{"__uuid__":"b6n1QxzZlEVaxRzRTsrXVd"},"fileId":"7bv5bHEy5JEI8I1rMMIgkj"},"_contentSize":{"__type__":"cc.Size","width":46,"height":46},"_trs":{"__type__":"TypedArray","ctor":"Float64Array","array":[4009.263,409.438,0,0,0,0,1,1,1,1]},"_groupIndex":1,"groupIndex":1},{"__type__":"cc.Node","_name":"coin4","_parent":{"__id__":56},"_components":[{"__type__":"cc.Sprite","_name":"coin4<Sprite>","node":{"__id__":58},"_materials":[{"__uuid__":"ecpdLyjvZBwrvm+cedCcQy"}],"_spriteFrame":{"__uuid__":"5fBaYM24ZPr4CKfNVUvrdH"},"_sizeMode":0},{"__type__":"cc.RigidBody","node":{"__id__":58},"_type":0,"_allowSleep":false,"enabledContactListener":true},{"__type__":"cc.PhysicsCircleCollider","node":{"__id__":58},"_sensor":true,"_restitution":0.2,"_radius":23},{"__type__":"069edsCLOBL15FM+XA6qGxf","node":{"__id__":58},"pickeffect":{"__uuid__":"2e0DSCaaJHNKIgvBUfLo/u"}}],"_prefab":{"__type__":"cc.PrefabInfo","root":{"__id__":1},"asset":{"__uuid__":"b6n1QxzZlEVaxRzRTsrXVd"},"fileId":"9bBScgEftEw4P91NJbQDMa"},"_contentSize":{"__type__":"cc.Size","width":46,"height":46},"_trs":{"__type__":"TypedArray","ctor":"Float64Array","array":[2944.473,412.219,0,0,0,0,1,1,1,1]},"_groupIndex":1,"groupIndex":1},{"__type__":"cc.Node","_name":"coin","_parent":{"__id__":56},"_components":[{"__type__":"cc.Sprite","_name":"coin<Sprite>","node":{"__id__":59},"_materials":[{"__uuid__":"ecpdLyjvZBwrvm+cedCcQy"}],"_spriteFrame":{"__uuid__":"5fBaYM24ZPr4CKfNVUvrdH"},"_sizeMode":0},{"__type__":"cc.RigidBody","node":{"__id__":59},"_type":0,"_allowSleep":false,"enabledContactListener":true},{"__type__":"cc.PhysicsCircleCollider","node":{"__id__":59},"_sensor":true,"_restitution":0.2,"_radius":23},{"__type__":"069edsCLOBL15FM+XA6qGxf","node":{"__id__":59},"pickeffect":{"__uuid__":"2e0DSCaaJHNKIgvBUfLo/u"}}],"_prefab":{"__type__":"cc.PrefabInfo","root":{"__id__":1},"asset":{"__uuid__":"b6n1QxzZlEVaxRzRTsrXVd"},"fileId":"9dOw8LmplPQ4aRKyWgJ3eW"},"_contentSize":{"__type__":"cc.Size","width":46,"height":46},"_trs":{"__type__":"TypedArray","ctor":"Float64Array","array":[1445.315,605.428,0,0,0,0,1,1,1,1]},"_groupIndex":1,"groupIndex":1},{"__type__":"cc.Node","_name":"coin","_parent":{"__id__":56},"_components":[{"__type__":"cc.Sprite","_name":"coin<Sprite>","node":{"__id__":60},"_materials":[{"__uuid__":"ecpdLyjvZBwrvm+cedCcQy"}],"_spriteFrame":{"__uuid__":"5fBaYM24ZPr4CKfNVUvrdH"},"_sizeMode":0},{"__type__":"cc.RigidBody","node":{"__id__":60},"_type":0,"_allowSleep":false,"enabledContactListener":true},{"__type__":"cc.PhysicsCircleCollider","node":{"__id__":60},"_sensor":true,"_restitution":0.2,"_radius":23},{"__type__":"069edsCLOBL15FM+XA6qGxf","node":{"__id__":60},"pickeffect":{"__uuid__":"2e0DSCaaJHNKIgvBUfLo/u"}}],"_prefab":{"__type__":"cc.PrefabInfo","root":{"__id__":1},"asset":{"__uuid__":"b6n1QxzZlEVaxRzRTsrXVd"},"fileId":"baoK3dbixHjJQnLGGkZPTs"},"_contentSize":{"__type__":"cc.Size","width":46,"height":46},"_trs":{"__type__":"TypedArray","ctor":"Float64Array","array":[1443.895,516.146,0,0,0,0,1,1,1,1]},"_groupIndex":1,"groupIndex":1},{"__type__":"cc.Node","_name":"coin","_parent":{"__id__":56},"_components":[{"__type__":"cc.Sprite","_name":"coin<Sprite>","node":{"__id__":61},"_materials":[{"__uuid__":"ecpdLyjvZBwrvm+cedCcQy"}],"_spriteFrame":{"__uuid__":"5fBaYM24ZPr4CKfNVUvrdH"},"_sizeMode":0},{"__type__":"cc.RigidBody","node":{"__id__":61},"_type":0,"_allowSleep":false,"enabledContactListener":true},{"__type__":"cc.PhysicsCircleCollider","node":{"__id__":61},"_sensor":true,"_restitution":0.2,"_radius":23},{"__type__":"069edsCLOBL15FM+XA6qGxf","node":{"__id__":61},"pickeffect":{"__uuid__":"2e0DSCaaJHNKIgvBUfLo/u"}}],"_prefab":{"__type__":"cc.PrefabInfo","root":{"__id__":1},"asset":{"__uuid__":"b6n1QxzZlEVaxRzRTsrXVd"},"fileId":"afsUPyBflI9rpgoWuFxr+1"},"_contentSize":{"__type__":"cc.Size","width":46,"height":46},"_trs":{"__type__":"TypedArray","ctor":"Float64Array","array":[1443.455,416.76,0,0,0,0,1,1,1,1]},"_groupIndex":1,"groupIndex":1},{"__type__":"cc.Node","_name":"coin","_parent":{"__id__":56},"_components":[{"__type__":"cc.Sprite","_name":"coin<Sprite>","node":{"__id__":62},"_materials":[{"__uuid__":"ecpdLyjvZBwrvm+cedCcQy"}],"_spriteFrame":{"__uuid__":"5fBaYM24ZPr4CKfNVUvrdH"},"_sizeMode":0},{"__type__":"cc.RigidBody","node":{"__id__":62},"_type":0,"_allowSleep":false,"enabledContactListener":true},{"__type__":"cc.PhysicsCircleCollider","node":{"__id__":62},"_sensor":true,"_restitution":0.2,"_radius":23},{"__type__":"069edsCLOBL15FM+XA6qGxf","node":{"__id__":62},"pickeffect":{"__uuid__":"2e0DSCaaJHNKIgvBUfLo/u"}}],"_prefab":{"__type__":"cc.PrefabInfo","root":{"__id__":1},"asset":{"__uuid__":"b6n1QxzZlEVaxRzRTsrXVd"},"fileId":"afM5X5FxJGRb1yLSM204iB"},"_contentSize":{"__type__":"cc.Size","width":46,"height":46},"_trs":{"__type__":"TypedArray","ctor":"Float64Array","array":[1440.609,334.473,0,0,0,0,1,1,1,1]},"_groupIndex":1,"groupIndex":1},{"__type__":"cc.Node","_name":"coin","_parent":{"__id__":56},"_components":[{"__type__":"cc.Sprite","_name":"coin<Sprite>","node":{"__id__":63},"_materials":[{"__uuid__":"ecpdLyjvZBwrvm+cedCcQy"}],"_spriteFrame":{"__uuid__":"5fBaYM24ZPr4CKfNVUvrdH"},"_sizeMode":0},{"__type__":"cc.RigidBody","node":{"__id__":63},"_type":0,"_allowSleep":false,"enabledContactListener":true},{"__type__":"cc.PhysicsCircleCollider","node":{"__id__":63},"_sensor":true,"_restitution":0.2,"_radius":23},{"__type__":"069edsCLOBL15FM+XA6qGxf","node":{"__id__":63},"pickeffect":{"__uuid__":"2e0DSCaaJHNKIgvBUfLo/u"}}],"_prefab":{"__type__":"cc.PrefabInfo","root":{"__id__":1},"asset":{"__uuid__":"b6n1QxzZlEVaxRzRTsrXVd"},"fileId":"35IxQ1JTJHKohZaIWXOJQr"},"_contentSize":{"__type__":"cc.Size","width":46,"height":46},"_trs":{"__type__":"TypedArray","ctor":"Float64Array","array":[2202.549,334.767,0,0,0,0,1,1,1,1]},"_groupIndex":1,"groupIndex":1},{"__type__":"cc.Node","_name":"coin","_parent":{"__id__":56},"_components":[{"__type__":"cc.Sprite","_name":"coin<Sprite>","node":{"__id__":64},"_materials":[{"__uuid__":"ecpdLyjvZBwrvm+cedCcQy"}],"_spriteFrame":{"__uuid__":"5fBaYM24ZPr4CKfNVUvrdH"},"_sizeMode":0},{"__type__":"cc.RigidBody","node":{"__id__":64},"_type":0,"_allowSleep":false,"enabledContactListener":true},{"__type__":"cc.PhysicsCircleCollider","node":{"__id__":64},"_sensor":true,"_restitution":0.2,"_radius":23},{"__type__":"069edsCLOBL15FM+XA6qGxf","node":{"__id__":64},"pickeffect":{"__uuid__":"2e0DSCaaJHNKIgvBUfLo/u"}}],"_prefab":{"__type__":"cc.PrefabInfo","root":{"__id__":1},"asset":{"__uuid__":"b6n1QxzZlEVaxRzRTsrXVd"},"fileId":"3cspzzS0pN0ZRhzwCUIGaV"},"_contentSize":{"__type__":"cc.Size","width":46,"height":46},"_trs":{"__type__":"TypedArray","ctor":"Float64Array","array":[2344.904,332.893,0,0,0,0,1,1,1,1]},"_groupIndex":1,"groupIndex":1},{"__type__":"cc.Node","_name":"coin","_parent":{"__id__":56},"_components":[{"__type__":"cc.Sprite","_name":"coin<Sprite>","node":{"__id__":65},"_materials":[{"__uuid__":"ecpdLyjvZBwrvm+cedCcQy"}],"_spriteFrame":{"__uuid__":"5fBaYM24ZPr4CKfNVUvrdH"},"_sizeMode":0},{"__type__":"cc.RigidBody","node":{"__id__":65},"_type":0,"_allowSleep":false,"enabledContactListener":true},{"__type__":"cc.PhysicsCircleCollider","node":{"__id__":65},"_sensor":true,"_restitution":0.2,"_radius":23},{"__type__":"069edsCLOBL15FM+XA6qGxf","node":{"__id__":65},"pickeffect":{"__uuid__":"2e0DSCaaJHNKIgvBUfLo/u"}}],"_prefab":{"__type__":"cc.PrefabInfo","root":{"__id__":1},"asset":{"__uuid__":"b6n1QxzZlEVaxRzRTsrXVd"},"fileId":"96RlA8siRMlbFG3wmkiJ8v"},"_contentSize":{"__type__":"cc.Size","width":46,"height":46},"_trs":{"__type__":"TypedArray","ctor":"Float64Array","array":[1693.641,717.095,0,0,0,0,1,1,1,1]},"_groupIndex":1,"groupIndex":1},{"__type__":"cc.Node","_name":"coin","_parent":{"__id__":56},"_components":[{"__type__":"cc.Sprite","_name":"coin<Sprite>","node":{"__id__":66},"_materials":[{"__uuid__":"ecpdLyjvZBwrvm+cedCcQy"}],"_spriteFrame":{"__uuid__":"5fBaYM24ZPr4CKfNVUvrdH"},"_sizeMode":0},{"__type__":"cc.RigidBody","node":{"__id__":66},"_type":0,"_allowSleep":false,"enabledContactListener":true},{"__type__":"cc.PhysicsCircleCollider","node":{"__id__":66},"_sensor":true,"_restitution":0.2,"_radius":23},{"__type__":"069edsCLOBL15FM+XA6qGxf","node":{"__id__":66},"pickeffect":{"__uuid__":"2e0DSCaaJHNKIgvBUfLo/u"}}],"_prefab":{"__type__":"cc.PrefabInfo","root":{"__id__":1},"asset":{"__uuid__":"b6n1QxzZlEVaxRzRTsrXVd"},"fileId":"ffxi+RvFhBwboqT5pgRZ84"},"_contentSize":{"__type__":"cc.Size","width":46,"height":46},"_trs":{"__type__":"TypedArray","ctor":"Float64Array","array":[5588.589,350.928,0,0,0,0,1,1,1,1]},"_groupIndex":1,"groupIndex":1},{"__type__":"cc.Node","_name":"coin","_parent":{"__id__":56},"_components":[{"__type__":"cc.Sprite","_name":"coin<Sprite>","node":{"__id__":67},"_materials":[{"__uuid__":"ecpdLyjvZBwrvm+cedCcQy"}],"_spriteFrame":{"__uuid__":"5fBaYM24ZPr4CKfNVUvrdH"},"_sizeMode":0},{"__type__":"cc.RigidBody","node":{"__id__":67},"_type":0,"_allowSleep":false,"enabledContactListener":true},{"__type__":"cc.PhysicsCircleCollider","node":{"__id__":67},"_sensor":true,"_restitution":0.2,"_radius":23},{"__type__":"069edsCLOBL15FM+XA6qGxf","node":{"__id__":67},"pickeffect":{"__uuid__":"2e0DSCaaJHNKIgvBUfLo/u"}}],"_prefab":{"__type__":"cc.PrefabInfo","root":{"__id__":1},"asset":{"__uuid__":"b6n1QxzZlEVaxRzRTsrXVd"},"fileId":"d5VxrYt9hGV6Z+rhO1aARB"},"_contentSize":{"__type__":"cc.Size","width":46,"height":46},"_trs":{"__type__":"TypedArray","ctor":"Float64Array","array":[5652.174,374.505,0,0,0,0,1,1,1,1]},"_groupIndex":1,"groupIndex":1},{"__type__":"cc.Node","_name":"coin","_parent":{"__id__":56},"_components":[{"__type__":"cc.Sprite","_name":"coin<Sprite>","node":{"__id__":68},"_materials":[{"__uuid__":"ecpdLyjvZBwrvm+cedCcQy"}],"_spriteFrame":{"__uuid__":"5fBaYM24ZPr4CKfNVUvrdH"},"_sizeMode":0},{"__type__":"cc.RigidBody","node":{"__id__":68},"_type":0,"_allowSleep":false,"enabledContactListener":true},{"__type__":"cc.PhysicsCircleCollider","node":{"__id__":68},"_sensor":true,"_restitution":0.2,"_radius":23},{"__type__":"069edsCLOBL15FM+XA6qGxf","node":{"__id__":68},"pickeffect":{"__uuid__":"2e0DSCaaJHNKIgvBUfLo/u"}}],"_prefab":{"__type__":"cc.PrefabInfo","root":{"__id__":1},"asset":{"__uuid__":"b6n1QxzZlEVaxRzRTsrXVd"},"fileId":"f3xBxVeYpNDIv5vFa7IuWa"},"_contentSize":{"__type__":"cc.Size","width":46,"height":46},"_trs":{"__type__":"TypedArray","ctor":"Float64Array","array":[5719.331,404.511,0,0,0,0,1,1,1,1]},"_groupIndex":1,"groupIndex":1},{"__type__":"cc.Node","_name":"coin","_parent":{"__id__":56},"_components":[{"__type__":"cc.Sprite","_name":"coin<Sprite>","node":{"__id__":69},"_materials":[{"__uuid__":"ecpdLyjvZBwrvm+cedCcQy"}],"_spriteFrame":{"__uuid__":"5fBaYM24ZPr4CKfNVUvrdH"},"_sizeMode":0},{"__type__":"cc.RigidBody","node":{"__id__":69},"_type":0,"_allowSleep":false,"enabledContactListener":true},{"__type__":"cc.PhysicsCircleCollider","node":{"__id__":69},"_sensor":true,"_restitution":0.2,"_radius":23},{"__type__":"069edsCLOBL15FM+XA6qGxf","node":{"__id__":69},"pickeffect":{"__uuid__":"2e0DSCaaJHNKIgvBUfLo/u"}}],"_prefab":{"__type__":"cc.PrefabInfo","root":{"__id__":1},"asset":{"__uuid__":"b6n1QxzZlEVaxRzRTsrXVd"},"fileId":"90GKCOOU5DxYENUOGvjIz8"},"_contentSize":{"__type__":"cc.Size","width":46,"height":46},"_trs":{"__type__":"TypedArray","ctor":"Float64Array","array":[6123.784,556.389,0,0,0,0,1,1,1,1]},"_groupIndex":1,"groupIndex":1},{"__type__":"cc.Node","_name":"coin","_parent":{"__id__":56},"_components":[{"__type__":"cc.Sprite","_name":"coin<Sprite>","node":{"__id__":70},"_materials":[{"__uuid__":"ecpdLyjvZBwrvm+cedCcQy"}],"_spriteFrame":{"__uuid__":"5fBaYM24ZPr4CKfNVUvrdH"},"_sizeMode":0},{"__type__":"cc.RigidBody","node":{"__id__":70},"_type":0,"_allowSleep":false,"enabledContactListener":true},{"__type__":"cc.PhysicsCircleCollider","node":{"__id__":70},"_sensor":true,"_restitution":0.2,"_radius":23},{"__type__":"069edsCLOBL15FM+XA6qGxf","node":{"__id__":70},"pickeffect":{"__uuid__":"2e0DSCaaJHNKIgvBUfLo/u"}}],"_prefab":{"__type__":"cc.PrefabInfo","root":{"__id__":1},"asset":{"__uuid__":"b6n1QxzZlEVaxRzRTsrXVd"},"fileId":"7fwiFRPy5FJ79dD4GcekrJ"},"_contentSize":{"__type__":"cc.Size","width":46,"height":46},"_trs":{"__type__":"TypedArray","ctor":"Float64Array","array":[6123.784,496.628,0,0,0,0,1,1,1,1]},"_groupIndex":1,"groupIndex":1},{"__type__":"cc.Node","_name":"coin","_parent":{"__id__":56},"_components":[{"__type__":"cc.Sprite","_name":"coin<Sprite>","node":{"__id__":71},"_materials":[{"__uuid__":"ecpdLyjvZBwrvm+cedCcQy"}],"_spriteFrame":{"__uuid__":"5fBaYM24ZPr4CKfNVUvrdH"},"_sizeMode":0},{"__type__":"cc.RigidBody","node":{"__id__":71},"_type":0,"_allowSleep":false,"enabledContactListener":true},{"__type__":"cc.PhysicsCircleCollider","node":{"__id__":71},"_sensor":true,"_restitution":0.2,"_radius":23},{"__type__":"069edsCLOBL15FM+XA6qGxf","node":{"__id__":71},"pickeffect":{"__uuid__":"2e0DSCaaJHNKIgvBUfLo/u"}}],"_prefab":{"__type__":"cc.PrefabInfo","root":{"__id__":1},"asset":{"__uuid__":"b6n1QxzZlEVaxRzRTsrXVd"},"fileId":"9awOONL6tGJ7Tig2cQr7dH"},"_contentSize":{"__type__":"cc.Size","width":46,"height":46},"_trs":{"__type__":"TypedArray","ctor":"Float64Array","array":[6197.444,556.389,0,0,0,0,1,1,1,1]},"_groupIndex":1,"groupIndex":1},{"__type__":"cc.Node","_name":"coin","_parent":{"__id__":56},"_components":[{"__type__":"cc.Sprite","_name":"coin<Sprite>","node":{"__id__":72},"_materials":[{"__uuid__":"ecpdLyjvZBwrvm+cedCcQy"}],"_spriteFrame":{"__uuid__":"5fBaYM24ZPr4CKfNVUvrdH"},"_sizeMode":0},{"__type__":"cc.RigidBody","node":{"__id__":72},"_type":0,"_allowSleep":false,"enabledContactListener":true},{"__type__":"cc.PhysicsCircleCollider","node":{"__id__":72},"_sensor":true,"_restitution":0.2,"_radius":23},{"__type__":"069edsCLOBL15FM+XA6qGxf","node":{"__id__":72},"pickeffect":{"__uuid__":"2e0DSCaaJHNKIgvBUfLo/u"}}],"_prefab":{"__type__":"cc.PrefabInfo","root":{"__id__":1},"asset":{"__uuid__":"b6n1QxzZlEVaxRzRTsrXVd"},"fileId":"2aKobOMKdCArGQONmFdJNQ"},"_contentSize":{"__type__":"cc.Size","width":46,"height":46},"_trs":{"__type__":"TypedArray","ctor":"Float64Array","array":[6197.444,496.628,0,0,0,0,1,1,1,1]},"_groupIndex":1,"groupIndex":1},{"__type__":"cc.Node","_name":"coin","_parent":{"__id__":56},"_components":[{"__type__":"cc.Sprite","_name":"coin<Sprite>","node":{"__id__":73},"_materials":[{"__uuid__":"ecpdLyjvZBwrvm+cedCcQy"}],"_spriteFrame":{"__uuid__":"5fBaYM24ZPr4CKfNVUvrdH"},"_sizeMode":0},{"__type__":"cc.RigidBody","node":{"__id__":73},"_type":0,"_allowSleep":false,"enabledContactListener":true},{"__type__":"cc.PhysicsCircleCollider","node":{"__id__":73},"_sensor":true,"_restitution":0.2,"_radius":23},{"__type__":"069edsCLOBL15FM+XA6qGxf","node":{"__id__":73},"pickeffect":{"__uuid__":"2e0DSCaaJHNKIgvBUfLo/u"}}],"_prefab":{"__type__":"cc.PrefabInfo","root":{"__id__":1},"asset":{"__uuid__":"b6n1QxzZlEVaxRzRTsrXVd"},"fileId":"d42awkDsRKvry+sgX8ptRI"},"_contentSize":{"__type__":"cc.Size","width":46,"height":46},"_trs":{"__type__":"TypedArray","ctor":"Float64Array","array":[6266.934,556.389,0,0,0,0,1,1,1,1]},"_groupIndex":1,"groupIndex":1},{"__type__":"cc.Node","_name":"coin","_parent":{"__id__":56},"_components":[{"__type__":"cc.Sprite","_name":"coin<Sprite>","node":{"__id__":74},"_materials":[{"__uuid__":"ecpdLyjvZBwrvm+cedCcQy"}],"_spriteFrame":{"__uuid__":"5fBaYM24ZPr4CKfNVUvrdH"},"_sizeMode":0},{"__type__":"cc.RigidBody","node":{"__id__":74},"_type":0,"_allowSleep":false,"enabledContactListener":true},{"__type__":"cc.PhysicsCircleCollider","node":{"__id__":74},"_sensor":true,"_restitution":0.2,"_radius":23},{"__type__":"069edsCLOBL15FM+XA6qGxf","node":{"__id__":74},"pickeffect":{"__uuid__":"2e0DSCaaJHNKIgvBUfLo/u"}}],"_prefab":{"__type__":"cc.PrefabInfo","root":{"__id__":1},"asset":{"__uuid__":"b6n1QxzZlEVaxRzRTsrXVd"},"fileId":"60FsO91X1H3JKptGqWjNwj"},"_contentSize":{"__type__":"cc.Size","width":46,"height":46},"_trs":{"__type__":"TypedArray","ctor":"Float64Array","array":[6266.934,496.628,0,0,0,0,1,1,1,1]},"_groupIndex":1,"groupIndex":1},{"__type__":"cc.Node","_name":"coin","_parent":{"__id__":56},"_components":[{"__type__":"cc.Sprite","_name":"coin<Sprite>","node":{"__id__":75},"_materials":[{"__uuid__":"ecpdLyjvZBwrvm+cedCcQy"}],"_spriteFrame":{"__uuid__":"5fBaYM24ZPr4CKfNVUvrdH"},"_sizeMode":0},{"__type__":"cc.RigidBody","node":{"__id__":75},"_type":0,"_allowSleep":false,"enabledContactListener":true},{"__type__":"cc.PhysicsCircleCollider","node":{"__id__":75},"_sensor":true,"_restitution":0.2,"_radius":23},{"__type__":"069edsCLOBL15FM+XA6qGxf","node":{"__id__":75},"pickeffect":{"__uuid__":"2e0DSCaaJHNKIgvBUfLo/u"}}],"_prefab":{"__type__":"cc.PrefabInfo","root":{"__id__":1},"asset":{"__uuid__":"b6n1QxzZlEVaxRzRTsrXVd"},"fileId":"14Nz79lGlJTIIxT28R2zGZ"},"_contentSize":{"__type__":"cc.Size","width":46,"height":46},"_trs":{"__type__":"TypedArray","ctor":"Float64Array","array":[4708.27,369.349,0,0,0,0,1,1,1,1]},"_groupIndex":1,"groupIndex":1},{"__type__":"cc.Node","_name":"coin","_parent":{"__id__":56},"_components":[{"__type__":"cc.Sprite","_name":"coin<Sprite>","node":{"__id__":76},"_materials":[{"__uuid__":"ecpdLyjvZBwrvm+cedCcQy"}],"_spriteFrame":{"__uuid__":"5fBaYM24ZPr4CKfNVUvrdH"},"_sizeMode":0},{"__type__":"cc.RigidBody","node":{"__id__":76},"_type":0,"_allowSleep":false,"enabledContactListener":true},{"__type__":"cc.PhysicsCircleCollider","node":{"__id__":76},"_sensor":true,"_restitution":0.2,"_radius":23},{"__type__":"069edsCLOBL15FM+XA6qGxf","node":{"__id__":76},"pickeffect":{"__uuid__":"2e0DSCaaJHNKIgvBUfLo/u"}}],"_prefab":{"__type__":"cc.PrefabInfo","root":{"__id__":1},"asset":{"__uuid__":"b6n1QxzZlEVaxRzRTsrXVd"},"fileId":"c5u+j6405OEbrfOC8o5O64"},"_contentSize":{"__type__":"cc.Size","width":46,"height":46},"_trs":{"__type__":"TypedArray","ctor":"Float64Array","array":[4708.27,309.588,0,0,0,0,1,1,1,1]},"_groupIndex":1,"groupIndex":1},{"__type__":"cc.Node","_name":"coin","_parent":{"__id__":56},"_components":[{"__type__":"cc.Sprite","_name":"coin<Sprite>","node":{"__id__":77},"_materials":[{"__uuid__":"ecpdLyjvZBwrvm+cedCcQy"}],"_spriteFrame":{"__uuid__":"5fBaYM24ZPr4CKfNVUvrdH"},"_sizeMode":0},{"__type__":"cc.RigidBody","node":{"__id__":77},"_type":0,"_allowSleep":false,"enabledContactListener":true},{"__type__":"cc.PhysicsCircleCollider","node":{"__id__":77},"_sensor":true,"_restitution":0.2,"_radius":23},{"__type__":"069edsCLOBL15FM+XA6qGxf","node":{"__id__":77},"pickeffect":{"__uuid__":"2e0DSCaaJHNKIgvBUfLo/u"}}],"_prefab":{"__type__":"cc.PrefabInfo","root":{"__id__":1},"asset":{"__uuid__":"b6n1QxzZlEVaxRzRTsrXVd"},"fileId":"baFJd4xZRAx57HOiUUyvZF"},"_contentSize":{"__type__":"cc.Size","width":46,"height":46},"_trs":{"__type__":"TypedArray","ctor":"Float64Array","array":[4708.27,485.935,0,0,0,0,1,1,1,1]},"_groupIndex":1,"groupIndex":1},{"__type__":"cc.Node","_name":"coin","_parent":{"__id__":56},"_components":[{"__type__":"cc.Sprite","_name":"coin<Sprite>","node":{"__id__":78},"_materials":[{"__uuid__":"ecpdLyjvZBwrvm+cedCcQy"}],"_spriteFrame":{"__uuid__":"5fBaYM24ZPr4CKfNVUvrdH"},"_sizeMode":0},{"__type__":"cc.RigidBody","node":{"__id__":78},"_type":0,"_allowSleep":false,"enabledContactListener":true},{"__type__":"cc.PhysicsCircleCollider","node":{"__id__":78},"_sensor":true,"_restitution":0.2,"_radius":23},{"__type__":"069edsCLOBL15FM+XA6qGxf","node":{"__id__":78},"pickeffect":{"__uuid__":"2e0DSCaaJHNKIgvBUfLo/u"}}],"_prefab":{"__type__":"cc.PrefabInfo","root":{"__id__":1},"asset":{"__uuid__":"b6n1QxzZlEVaxRzRTsrXVd"},"fileId":"bac3dK55FOoKzlIjpI7O0q"},"_contentSize":{"__type__":"cc.Size","width":46,"height":46},"_trs":{"__type__":"TypedArray","ctor":"Float64Array","array":[4708.27,426.174,0,0,0,0,1,1,1,1]},"_groupIndex":1,"groupIndex":1},{"__type__":"cc.Node","_name":"water","_parent":{"__id__":55},"_children":[{"__id__":80},{"__id__":83},{"__id__":82},{"__id__":84},{"__id__":85},{"__id__":87}],"_prefab":{"__type__":"cc.PrefabInfo","root":{"__id__":1},"asset":{"__uuid__":"b6n1QxzZlEVaxRzRTsrXVd"},"fileId":"21jMZmmNJKcLrv187yZLNb"},"_trs":{"__type__":"TypedArray","ctor":"Float64Array","array":[0,0,0,0,0,0,1,1,1,1]}},{"__type__":"cc.Node","_name":"water_wave","_parent":{"__id__":79},"_components":[{"__type__":"cc.Animation","node":{"__id__":80},"_defaultClip":{"__uuid__":"e7Pq6jGgxO8aBeoB4a8Qlr"},"_clips":[{"__uuid__":"e7Pq6jGgxO8aBeoB4a8Qlr"}]},{"__type__":"cc.Sprite","node":{"__id__":80},"_materials":[{"__uuid__":"ecpdLyjvZBwrvm+cedCcQy"}],"_spriteFrame":{"__uuid__":"c3wTswCOlDlbssla3OaU0R"}},{"__type__":"cc.RigidBody","node":{"__id__":80},"_type":0,"enabledContactListener":true},{"__type__":"cc.PhysicsCircleCollider","node":{"__id__":80},"_sensor":true,"_radius":1000},{"__type__":"3bbb1SGj/9JnblxsAvaGhl6","node":{"__id__":80},"bubble_particle":{"__id__":81}}],"_prefab":{"__type__":"cc.PrefabInfo","root":{"__id__":1},"asset":{"__uuid__":"b6n1QxzZlEVaxRzRTsrXVd"},"fileId":"48neMPcClPEKDBWMgE0FzJ"},"_contentSize":{"__type__":"cc.Size","width":943,"height":19},"_trs":{"__type__":"TypedArray","ctor":"Float64Array","array":[2949.995,204.79,0,0,0,0,1,1,1,1]},"_groupIndex":2,"groupIndex":2},{"__type__":"cc.ParticleSystem","node":{"__id__":82},"_materials":[{"__uuid__":"ecpdLyjvZBwrvm+cedCcQy"}],"_dstBlendFactor":1,"_custom":true,"_file":{"__uuid__":"93SrmrwrVFgaLvA6HesiAd"},"_spriteFrame":{"__uuid__":"038oKT9rlDW5GqnT+aEE7K"},"totalParticles":80,"emissionRate":40,"lifeVar":0.5,"_startColor":{"__type__":"cc.Color","r":124,"g":255,"b":216,"a":0},"_startColorVar":{"__type__":"cc.Color","g":66,"b":73,"a":49},"_endColor":{"__type__":"cc.Color","r":193,"g":255,"b":255,"a":61},"_endColorVar":{"__type__":"cc.Color","g":79,"b":61,"a":54},"angleVar":40,"startSize":2,"startSizeVar":2,"endSize":15,"endSizeVar":5,"posVar":{"__type__":"cc.Vec2","x":400,"y":50},"_positionType":1,"positionType":1,"gravity":{"__type__":"cc.Vec2","y":20},"speed":20,"speedVar":10,"tangentialAccel":0},{"__type__":"cc.Node","_name":"water-bubble","_parent":{"__id__":79},"_components":[{"__id__":81}],"_prefab":{"__type__":"cc.PrefabInfo","root":{"__id__":1},"asset":{"__uuid__":"b6n1QxzZlEVaxRzRTsrXVd"},"fileId":"7c3cF/eopCI62f9rWeRbmo"},"_trs":{"__type__":"TypedArray","ctor":"Float64Array","array":[2931.534,-30.081,0,0,0,0,1,1,1,1]},"_groupIndex":2,"groupIndex":2},{"__type__":"cc.Node","_name":"water","_parent":{"__id__":79},"_components":[{"__type__":"cc.Sprite","node":{"__id__":83},"_materials":[{"__uuid__":"65aP0KEIpAk7/pjJNosxL5"}],"_spriteFrame":{"__uuid__":"0db9rXK7BAuJhYB4L7U0Kf"},"_sizeMode":0},{"__type__":"019bfUOFLZAC62vrujK9eUg","node":{"__id__":83},"normalmap":{"__uuid__":"abTirDIrROorOQNbbLQEOw"},"fallin_effect":{"__uuid__":"08QeMWPQtOsIi8UzSsTttc"}},{"__type__":"2f15ftGjExIyrnz9ttHdx3T","node":{"__id__":83},"density":2.5}],"_prefab":{"__type__":"cc.PrefabInfo","root":{"__id__":1},"asset":{"__uuid__":"b6n1QxzZlEVaxRzRTsrXVd"},"fileId":"71YvYMPAlNlZQAyd6+IO1V"},"_contentSize":{"__type__":"cc.Size","width":1000,"height":256},"_trs":{"__type__":"TypedArray","ctor":"Float64Array","array":[2967.531,68.919,0,0,0,0,1,1,1,1]},"_groupIndex":2,"groupIndex":2},{"__type__":"cc.Node","_name":"water","_parent":{"__id__":79},"_components":[{"__type__":"cc.Sprite","node":{"__id__":84},"_materials":[{"__uuid__":"65aP0KEIpAk7/pjJNosxL5"}],"_spriteFrame":{"__uuid__":"0db9rXK7BAuJhYB4L7U0Kf"},"_sizeMode":0},{"__type__":"019bfUOFLZAC62vrujK9eUg","node":{"__id__":84},"normalmap":{"__uuid__":"abTirDIrROorOQNbbLQEOw"},"fallin_effect":{"__uuid__":"08QeMWPQtOsIi8UzSsTttc"}},{"__type__":"2f15ftGjExIyrnz9ttHdx3T","node":{"__id__":84},"density":2.5}],"_prefab":{"__type__":"cc.PrefabInfo","root":{"__id__":1},"asset":{"__uuid__":"b6n1QxzZlEVaxRzRTsrXVd"},"fileId":"9bMc1Sgc9Dq7vQr/vvIxu9"},"_contentSize":{"__type__":"cc.Size","width":1300,"height":256},"_trs":{"__type__":"TypedArray","ctor":"Float64Array","array":[4299.271,68.919,0,0,0,0,1,1,1,1]},"_groupIndex":2,"groupIndex":2},{"__type__":"cc.Node","_name":"water-bubble","_parent":{"__id__":79},"_active":false,"_components":[{"__id__":86}],"_prefab":{"__type__":"cc.PrefabInfo","root":{"__id__":1},"asset":{"__uuid__":"b6n1QxzZlEVaxRzRTsrXVd"},"fileId":"bbsd6NgnJFvIYAyubHBIET"},"_trs":{"__type__":"TypedArray","ctor":"Float64Array","array":[4299.271,-30.081,0,0,0,0,1,1,1,1]},"_groupIndex":2,"groupIndex":2},{"__type__":"cc.ParticleSystem","node":{"__id__":85},"_materials":[{"__uuid__":"ecpdLyjvZBwrvm+cedCcQy"}],"_dstBlendFactor":1,"_custom":true,"_file":{"__uuid__":"93SrmrwrVFgaLvA6HesiAd"},"_spriteFrame":{"__uuid__":"038oKT9rlDW5GqnT+aEE7K"},"totalParticles":80,"emissionRate":40,"lifeVar":0.5,"_startColor":{"__type__":"cc.Color","r":124,"g":255,"b":216,"a":0},"_startColorVar":{"__type__":"cc.Color","g":66,"b":73,"a":49},"_endColor":{"__type__":"cc.Color","r":193,"g":255,"b":255,"a":61},"_endColorVar":{"__type__":"cc.Color","g":79,"b":61,"a":54},"angleVar":40,"startSize":2,"startSizeVar":2,"endSize":15,"endSizeVar":5,"posVar":{"__type__":"cc.Vec2","x":400,"y":50},"_positionType":1,"positionType":1,"gravity":{"__type__":"cc.Vec2","y":20},"speed":20,"speedVar":10,"tangentialAccel":0},{"__type__":"cc.Node","_name":"water_wave","_parent":{"__id__":79},"_components":[{"__type__":"cc.Animation","node":{"__id__":87},"_defaultClip":{"__uuid__":"e7Pq6jGgxO8aBeoB4a8Qlr"},"_clips":[{"__uuid__":"e7Pq6jGgxO8aBeoB4a8Qlr"}]},{"__type__":"cc.Sprite","node":{"__id__":87},"_materials":[{"__uuid__":"ecpdLyjvZBwrvm+cedCcQy"}],"_spriteFrame":{"__uuid__":"c3wTswCOlDlbssla3OaU0R"},"_sizeMode":0},{"__type__":"cc.RigidBody","node":{"__id__":87},"_type":0,"enabledContactListener":true},{"__type__":"cc.PhysicsCircleCollider","node":{"__id__":87},"_sensor":true,"_radius":1000},{"__type__":"3bbb1SGj/9JnblxsAvaGhl6","node":{"__id__":87},"bubble_particle":{"__id__":86}}],"_prefab":{"__type__":"cc.PrefabInfo","root":{"__id__":1},"asset":{"__uuid__":"b6n1QxzZlEVaxRzRTsrXVd"},"fileId":"99UEEKwUdL1Ir9bH4SOlzc"},"_contentSize":{"__type__":"cc.Size","width":1350,"height":19},"_trs":{"__type__":"TypedArray","ctor":"Float64Array","array":[4317.732,206.88,0,0,0,0,1,1,1,1]},"_groupIndex":2,"groupIndex":2},{"__type__":"cc.Node","_name":"redballs","_parent":{"__id__":1},"_children":[{"__id__":89}],"_prefab":{"__type__":"cc.PrefabInfo","root":{"__id__":1},"asset":{"__uuid__":"b6n1QxzZlEVaxRzRTsrXVd"},"fileId":"26EvxJQfNN/L6R7BCYgypH"},"_trs":{"__type__":"TypedArray","ctor":"Float64Array","array":[0,0,0,0,0,0,1,1,1,1]}},{"__type__":"cc.Node","_name":"redball","_parent":{"__id__":88},"_components":[{"__type__":"cc.Sprite","_name":"redball<Sprite>","node":{"__id__":89},"_materials":[{"__uuid__":"ecpdLyjvZBwrvm+cedCcQy"}],"_spriteFrame":{"__uuid__":"8amSVup6xJdK42n8GJawo0"},"_sizeMode":0}],"_prefab":{"__type__":"cc.PrefabInfo","root":{"__id__":1},"asset":{"__uuid__":"b6n1QxzZlEVaxRzRTsrXVd"},"fileId":"ad4gm3Y4lCY5YnvbMkGJ/A"},"_contentSize":{"__type__":"cc.Size","width":70,"height":70},"_trs":{"__type__":"TypedArray","ctor":"Float64Array","array":[500,366.769,0,0,0,0,1,1,1,1]},"_groupIndex":1,"groupIndex":1},{"__type__":"cc.Node","_name":"map","_parent":{"__id__":1},"_children":[{"__id__":91},{"__id__":92},{"__id__":93},{"__id__":94},{"__id__":95},{"__id__":96},{"__id__":97},{"__id__":98},{"__id__":99},{"__id__":100},{"__id__":101},{"__id__":102},{"__id__":103},{"__id__":104},{"__id__":105},{"__id__":106},{"__id__":107},{"__id__":108},{"__id__":109},{"__id__":110},{"__id__":111},{"__id__":112},{"__id__":113},{"__id__":114},{"__id__":115},{"__id__":116},{"__id__":117},{"__id__":118}],"_components":[{"__type__":"cc.Sprite","_name":"level-1-bg<Sprite>","node":{"__id__":90},"_enabled":false,"_materials":[{"__uuid__":"ecpdLyjvZBwrvm+cedCcQy"}],"_sizeMode":0},{"__type__":"cc.Widget","node":{"__id__":90},"_alignFlags":12,"_left":-260},{"__type__":"cc.RigidBody","node":{"__id__":90},"_type":0,"enabledContactListener":true},{"__type__":"3f7d7Fq0GJHmorMw7NXzmcC","node":{"__id__":90}},{"__type__":"cc.PhysicsPolygonCollider","node":{"__id__":90},"_offset":{"__type__":"cc.Vec2","x":108,"y":185},"points":[{"__type__":"cc.Vec2","x":-108,"y":-185},{"__type__":"cc.Vec2","x":2789.2,"y":-184.6},{"__type__":"cc.Vec2","x":2789.1,"y":74.8},{"__type__":"cc.Vec2","x":1993,"y":75},{"__type__":"cc.Vec2","x":1989,"y":465},{"__type__":"cc.Vec2","x":1692.6,"y":462.9},{"__type__":"cc.Vec2","x":1690.6,"y":74.7},{"__type__":"cc.Vec2","x":-107.1,"y":74.2}]},{"__type__":"cc.PhysicsPolygonCollider","node":{"__id__":90},"_offset":{"__type__":"cc.Vec2","x":3710,"y":134},"points":[{"__type__":"cc.Vec2","x":-204.7,"y":-134.4},{"__type__":"cc.Vec2","x":296,"y":-133.9},{"__type__":"cc.Vec2","x":296.9,"y":124.7},{"__type__":"cc.Vec2","x":-202.9,"y":123.8}]},{"__type__":"cc.PhysicsPolygonCollider","node":{"__id__":90},"_offset":{"__type__":"cc.Vec2","x":4858,"y":110},"points":[{"__type__":"cc.Vec2","x":-314,"y":-110},{"__type__":"cc.Vec2","x":685.7,"y":-110.6},{"__type__":"cc.Vec2","x":685,"y":147},{"__type__":"cc.Vec2","x":-315.2,"y":149.9}]},{"__type__":"cc.PhysicsPolygonCollider","node":{"__id__":90},"_offset":{"__type__":"cc.Vec2","x":5669,"y":-18},"points":[{"__type__":"cc.Vec2","x":-354.9,"y":-100.1},{"__type__":"cc.Vec2","x":647,"y":-101},{"__type__":"cc.Vec2","x":645,"y":161},{"__type__":"cc.Vec2","x":-353,"y":159}]},{"__type__":"cc.PhysicsPolygonCollider","node":{"__id__":90},"_offset":{"__type__":"cc.Vec2","x":6591,"y":279},"points":[{"__type__":"cc.Vec2","x":-378,"y":-281},{"__type__":"cc.Vec2","x":2417,"y":-282},{"__type__":"cc.Vec2","x":2412.5,"y":240.9},{"__type__":"cc.Vec2","x":612.9,"y":240.3},{"__type__":"cc.Vec2","x":612.5,"y":170.4},{"__type__":"cc.Vec2","x":-382.8,"y":170.7}]}],"_prefab":{"__type__":"cc.PrefabInfo","root":{"__id__":1},"asset":{"__uuid__":"b6n1QxzZlEVaxRzRTsrXVd"},"fileId":"e1fBD8bPhPQ7TjfhC+D/jc"},"_contentSize":{"__type__":"cc.Size","width":6045,"height":260},"_anchorPoint":{"__type__":"cc.Vec2"},"_trs":{"__type__":"TypedArray","ctor":"Float64Array","array":[-260,0,0,0,0,0,1,1,1,1]},"_groupIndex":3,"groupIndex":3},{"__type__":"cc.Node","_name":"m1","_parent":{"__id__":90},"_components":[{"__type__":"cc.Sprite","_name":"m1<Sprite>","node":{"__id__":91},"_materials":[{"__uuid__":"ecpdLyjvZBwrvm+cedCcQy"}],"_spriteFrame":{"__uuid__":"51q8+fqytKHrQY/IIUURyc"},"_type":2,"_sizeMode":0}],"_prefab":{"__type__":"cc.PrefabInfo","root":{"__id__":1},"asset":{"__uuid__":"b6n1QxzZlEVaxRzRTsrXVd"},"fileId":"56z/8aBfhPoL2fkqjqE8+n"},"_contentSize":{"__type__":"cc.Size","width":2000,"height":260},"_anchorPoint":{"__type__":"cc.Vec2"},"_trs":{"__type__":"TypedArray","ctor":"Float64Array","array":[0,0,0,0,0,0,1,1,1,1]},"_groupIndex":3,"groupIndex":3},{"__type__":"cc.Node","_name":"m2","_parent":{"__id__":90},"_components":[{"__type__":"cc.Sprite","_name":"m2<Sprite>","node":{"__id__":92},"_materials":[{"__uuid__":"ecpdLyjvZBwrvm+cedCcQy"}],"_spriteFrame":{"__uuid__":"51q8+fqytKHrQY/IIUURyc"},"_type":2,"_sizeMode":0}],"_prefab":{"__type__":"cc.PrefabInfo","root":{"__id__":1},"asset":{"__uuid__":"b6n1QxzZlEVaxRzRTsrXVd"},"fileId":"cbkEL1KnNOVr4/+QLuAtOX"},"_contentSize":{"__type__":"cc.Size","width":800,"height":260},"_anchorPoint":{"__type__":"cc.Vec2"},"_trs":{"__type__":"TypedArray","ctor":"Float64Array","array":[2097.713,0,0,0,0,0,1,1,1,1]},"_groupIndex":3,"groupIndex":3},{"__type__":"cc.Node","_name":"2","_parent":{"__id__":90},"_components":[{"__type__":"cc.Sprite","node":{"__id__":93},"_materials":[{"__uuid__":"ecpdLyjvZBwrvm+cedCcQy"}],"_spriteFrame":{"__uuid__":"fdFE5R4t5L+6SmLSJgQmLJ"},"_type":2,"_sizeMode":0}],"_prefab":{"__type__":"cc.PrefabInfo","root":{"__id__":1},"asset":{"__uuid__":"b6n1QxzZlEVaxRzRTsrXVd"},"fileId":"a0QRJ+qUpIKZ2VbnKNhy/K"},"_contentSize":{"__type__":"cc.Size","width":350,"height":38},"_anchorPoint":{"__type__":"cc.Vec2","y":0.5},"_trs":{"__type__":"TypedArray","ctor":"Float64Array","array":[13.202,-0.031,0,0,0,0.7071067811865475,0.7071067811865476,0.7,0.7,1]},"_eulerAngles":{"__type__":"cc.Vec3","z":90}},{"__type__":"cc.Node","_name":"2","_parent":{"__id__":90},"_components":[{"__type__":"cc.Sprite","node":{"__id__":94},"_materials":[{"__uuid__":"ecpdLyjvZBwrvm+cedCcQy"}],"_spriteFrame":{"__uuid__":"fdFE5R4t5L+6SmLSJgQmLJ"},"_type":2,"_sizeMode":0}],"_prefab":{"__type__":"cc.PrefabInfo","root":{"__id__":1},"asset":{"__uuid__":"b6n1QxzZlEVaxRzRTsrXVd"},"fileId":"36OO+H3UFOS4+5IZZPFHVx"},"_contentSize":{"__type__":"cc.Size","width":2800,"height":38},"_anchorPoint":{"__type__":"cc.Vec2","y":0.5},"_trs":{"__type__":"TypedArray","ctor":"Float64Array","array":[-0.002,246.727,0,0,0,0,1,0.7,0.7,1]}},{"__type__":"cc.Node","_name":"2","_parent":{"__id__":90},"_components":[{"__type__":"cc.Sprite","node":{"__id__":95},"_materials":[{"__uuid__":"ecpdLyjvZBwrvm+cedCcQy"}],"_spriteFrame":{"__uuid__":"fdFE5R4t5L+6SmLSJgQmLJ"},"_type":2,"_sizeMode":0}],"_prefab":{"__type__":"cc.PrefabInfo","root":{"__id__":1},"asset":{"__uuid__":"b6n1QxzZlEVaxRzRTsrXVd"},"fileId":"b2n2yCk6BF+rLlC22RiUUe"},"_contentSize":{"__type__":"cc.Size","width":2700,"height":38},"_trs":{"__type__":"TypedArray","ctor":"Float64Array","array":[1042.161,10.565,0,0,0,0,1,0.7,0.7,1]}},{"__type__":"cc.Node","_name":"m2","_parent":{"__id__":90},"_components":[{"__type__":"cc.Sprite","_name":"m2<Sprite>","node":{"__id__":96},"_materials":[{"__uuid__":"ecpdLyjvZBwrvm+cedCcQy"}],"_spriteFrame":{"__uuid__":"51q8+fqytKHrQY/IIUURyc"},"_type":2,"_sizeMode":0}],"_prefab":{"__type__":"cc.PrefabInfo","root":{"__id__":1},"asset":{"__uuid__":"b6n1QxzZlEVaxRzRTsrXVd"},"fileId":"e9RVXi7+xEi7B7ieVGpSRm"},"_contentSize":{"__type__":"cc.Size","width":300,"height":650},"_anchorPoint":{"__type__":"cc.Vec2"},"_trs":{"__type__":"TypedArray","ctor":"Float64Array","array":[1799.874,0,0,0,0,0,1,1,1,1]},"_groupIndex":3,"groupIndex":3},{"__type__":"cc.Node","_name":"m2","_parent":{"__id__":90},"_components":[{"__type__":"cc.Sprite","_name":"m2<Sprite>","node":{"__id__":97},"_materials":[{"__uuid__":"ecpdLyjvZBwrvm+cedCcQy"}],"_spriteFrame":{"__uuid__":"51q8+fqytKHrQY/IIUURyc"},"_type":2,"_sizeMode":0}],"_prefab":{"__type__":"cc.PrefabInfo","root":{"__id__":1},"asset":{"__uuid__":"b6n1QxzZlEVaxRzRTsrXVd"},"fileId":"9eHLMyG1ZGL4ED1BMD2TvU"},"_contentSize":{"__type__":"cc.Size","width":1800,"height":520},"_anchorPoint":{"__type__":"cc.Vec2"},"_trs":{"__type__":"TypedArray","ctor":"Float64Array","array":[7203.217,0,0,0,0,0,1,1,1,1]},"_groupIndex":3,"groupIndex":3},{"__type__":"cc.Node","_name":"m2","_parent":{"__id__":90},"_components":[{"__type__":"cc.Sprite","_name":"m2<Sprite>","node":{"__id__":98},"_materials":[{"__uuid__":"ecpdLyjvZBwrvm+cedCcQy"}],"_spriteFrame":{"__uuid__":"51q8+fqytKHrQY/IIUURyc"},"_type":2,"_sizeMode":0}],"_prefab":{"__type__":"cc.PrefabInfo","root":{"__id__":1},"asset":{"__uuid__":"b6n1QxzZlEVaxRzRTsrXVd"},"fileId":"64bOt5KI5KKIygvb8mUokL"},"_contentSize":{"__type__":"cc.Size","width":1000,"height":450},"_anchorPoint":{"__type__":"cc.Vec2"},"_trs":{"__type__":"TypedArray","ctor":"Float64Array","array":[6207.982,0,0,0,0,0,1,1,1,1]},"_groupIndex":3,"groupIndex":3},{"__type__":"cc.Node","_name":"m2","_parent":{"__id__":90},"_components":[{"__type__":"cc.Sprite","_name":"m2<Sprite>","node":{"__id__":99},"_materials":[{"__uuid__":"ecpdLyjvZBwrvm+cedCcQy"}],"_spriteFrame":{"__uuid__":"51q8+fqytKHrQY/IIUURyc"},"_type":2,"_sizeMode":0}],"_prefab":{"__type__":"cc.PrefabInfo","root":{"__id__":1},"asset":{"__uuid__":"b6n1QxzZlEVaxRzRTsrXVd"},"fileId":"cc/VpD9GhKxKMktXrDzJ1m"},"_contentSize":{"__type__":"cc.Size","width":1000,"height":260},"_anchorPoint":{"__type__":"cc.Vec2"},"_trs":{"__type__":"TypedArray","ctor":"Float64Array","array":[4542.43,0,0,0,0,0,1,1,1,1]},"_groupIndex":3,"groupIndex":3},{"__type__":"cc.Node","_name":"m2","_parent":{"__id__":90},"_components":[{"__type__":"cc.Sprite","_name":"m2<Sprite>","node":{"__id__":100},"_materials":[{"__uuid__":"ecpdLyjvZBwrvm+cedCcQy"}],"_spriteFrame":{"__uuid__":"51q8+fqytKHrQY/IIUURyc"},"_type":2,"_sizeMode":0}],"_prefab":{"__type__":"cc.PrefabInfo","root":{"__id__":1},"asset":{"__uuid__":"b6n1QxzZlEVaxRzRTsrXVd"},"fileId":"92CtIqPehBvZaynqtitHNN"},"_contentSize":{"__type__":"cc.Size","width":3000,"height":260},"_anchorPoint":{"__type__":"cc.Vec2"},"_trs":{"__type__":"TypedArray","ctor":"Float64Array","array":[4540.22,-119.421,0,0,0,0,1,1,1,1]},"_groupIndex":3,"groupIndex":3},{"__type__":"cc.Node","_name":"m2","_parent":{"__id__":90},"_components":[{"__type__":"cc.Sprite","_name":"m2<Sprite>","node":{"__id__":101},"_materials":[{"__uuid__":"ecpdLyjvZBwrvm+cedCcQy"}],"_spriteFrame":{"__uuid__":"51q8+fqytKHrQY/IIUURyc"},"_type":2,"_sizeMode":0}],"_prefab":{"__type__":"cc.PrefabInfo","root":{"__id__":1},"asset":{"__uuid__":"b6n1QxzZlEVaxRzRTsrXVd"},"fileId":"7dO2tcOt5GopgeerHRkGEf"},"_contentSize":{"__type__":"cc.Size","width":500,"height":260},"_anchorPoint":{"__type__":"cc.Vec2"},"_trs":{"__type__":"TypedArray","ctor":"Float64Array","array":[3506.443,0,0,0,0,0,1,1,1,1]},"_groupIndex":3,"groupIndex":3},{"__type__":"cc.Node","_name":"2","_parent":{"__id__":90},"_components":[{"__type__":"cc.Sprite","node":{"__id__":102},"_materials":[{"__uuid__":"ecpdLyjvZBwrvm+cedCcQy"}],"_spriteFrame":{"__uuid__":"fdFE5R4t5L+6SmLSJgQmLJ"},"_type":2,"_sizeMode":0}],"_prefab":{"__type__":"cc.PrefabInfo","root":{"__id__":1},"asset":{"__uuid__":"b6n1QxzZlEVaxRzRTsrXVd"},"fileId":"feluBBa2lHGodQ3CPPtIwj"},"_contentSize":{"__type__":"cc.Size","width":595,"height":38},"_anchorPoint":{"__type__":"cc.Vec2","y":0.5},"_trs":{"__type__":"TypedArray","ctor":"Float64Array","array":[1813.282,233.464,0,0,0,0.7071067811865475,0.7071067811865476,0.7,0.7,1]},"_eulerAngles":{"__type__":"cc.Vec3","z":90}},{"__type__":"cc.Node","_name":"2","_parent":{"__id__":90},"_components":[{"__type__":"cc.Sprite","node":{"__id__":103},"_materials":[{"__uuid__":"ecpdLyjvZBwrvm+cedCcQy"}],"_spriteFrame":{"__uuid__":"fdFE5R4t5L+6SmLSJgQmLJ"},"_type":2,"_sizeMode":0}],"_prefab":{"__type__":"cc.PrefabInfo","root":{"__id__":1},"asset":{"__uuid__":"b6n1QxzZlEVaxRzRTsrXVd"},"fileId":"cdm1VsuJFPaJ4NWQoASrSg"},"_contentSize":{"__type__":"cc.Size","width":430,"height":38},"_anchorPoint":{"__type__":"cc.Vec2","y":0.5},"_trs":{"__type__":"TypedArray","ctor":"Float64Array","array":[1799.892,636.804,0,0,0,0,1,0.7,0.7,1]}},{"__type__":"cc.Node","_name":"2","_parent":{"__id__":90},"_components":[{"__type__":"cc.Sprite","node":{"__id__":104},"_materials":[{"__uuid__":"ecpdLyjvZBwrvm+cedCcQy"}],"_spriteFrame":{"__uuid__":"fdFE5R4t5L+6SmLSJgQmLJ"},"_type":2,"_sizeMode":0}],"_prefab":{"__type__":"cc.PrefabInfo","root":{"__id__":1},"asset":{"__uuid__":"b6n1QxzZlEVaxRzRTsrXVd"},"fileId":"2c1WdWcgROoq6Dy5KmtkLm"},"_contentSize":{"__type__":"cc.Size","width":595,"height":38},"_anchorPoint":{"__type__":"cc.Vec2","y":0.5},"_trs":{"__type__":"TypedArray","ctor":"Float64Array","array":[2086.42,233.464,0,0,0,0.7071067811865475,0.7071067811865476,0.7,0.7,1]},"_eulerAngles":{"__type__":"cc.Vec3","z":90}},{"__type__":"cc.Node","_name":"2","_parent":{"__id__":90},"_components":[{"__type__":"cc.Sprite","node":{"__id__":105},"_materials":[{"__uuid__":"ecpdLyjvZBwrvm+cedCcQy"}],"_spriteFrame":{"__uuid__":"fdFE5R4t5L+6SmLSJgQmLJ"},"_type":2,"_sizeMode":0}],"_prefab":{"__type__":"cc.PrefabInfo","root":{"__id__":1},"asset":{"__uuid__":"b6n1QxzZlEVaxRzRTsrXVd"},"fileId":"ffM5ciBC9I9JXBMsRn5cYC"},"_contentSize":{"__type__":"cc.Size","width":1175,"height":38},"_anchorPoint":{"__type__":"cc.Vec2","y":0.5},"_trs":{"__type__":"TypedArray","ctor":"Float64Array","array":[2073.455,246.727,0,0,0,0,1,0.7,0.7,1]}},{"__type__":"cc.Node","_name":"2","_parent":{"__id__":90},"_components":[{"__type__":"cc.Sprite","node":{"__id__":106},"_materials":[{"__uuid__":"ecpdLyjvZBwrvm+cedCcQy"}],"_spriteFrame":{"__uuid__":"fdFE5R4t5L+6SmLSJgQmLJ"},"_type":2,"_sizeMode":0}],"_prefab":{"__type__":"cc.PrefabInfo","root":{"__id__":1},"asset":{"__uuid__":"b6n1QxzZlEVaxRzRTsrXVd"},"fileId":"49bB88UI1DtrOSD8UdQ+3H"},"_contentSize":{"__type__":"cc.Size","width":370,"height":38},"_anchorPoint":{"__type__":"cc.Vec2","y":0.5},"_trs":{"__type__":"TypedArray","ctor":"Float64Array","array":[2884.355,-0.019,0,0,0,0.7071067811865475,0.7071067811865476,0.7,0.7,1]},"_eulerAngles":{"__type__":"cc.Vec3","z":90}},{"__type__":"cc.Node","_name":"2","_parent":{"__id__":90},"_components":[{"__type__":"cc.Sprite","node":{"__id__":107},"_materials":[{"__uuid__":"ecpdLyjvZBwrvm+cedCcQy"}],"_spriteFrame":{"__uuid__":"fdFE5R4t5L+6SmLSJgQmLJ"},"_type":2,"_sizeMode":0}],"_prefab":{"__type__":"cc.PrefabInfo","root":{"__id__":1},"asset":{"__uuid__":"b6n1QxzZlEVaxRzRTsrXVd"},"fileId":"178KqAwC9M86FCUmCraIYK"},"_contentSize":{"__type__":"cc.Size","width":370,"height":38},"_anchorPoint":{"__type__":"cc.Vec2","y":0.5},"_trs":{"__type__":"TypedArray","ctor":"Float64Array","array":[3519.782,-0.019,0,0,0,0.7071067811865475,0.7071067811865476,0.7,0.7,1]},"_eulerAngles":{"__type__":"cc.Vec3","z":90}},{"__type__":"cc.Node","_name":"2","_parent":{"__id__":90},"_components":[{"__type__":"cc.Sprite","node":{"__id__":108},"_materials":[{"__uuid__":"ecpdLyjvZBwrvm+cedCcQy"}],"_spriteFrame":{"__uuid__":"fdFE5R4t5L+6SmLSJgQmLJ"},"_type":2,"_sizeMode":0}],"_prefab":{"__type__":"cc.PrefabInfo","root":{"__id__":1},"asset":{"__uuid__":"b6n1QxzZlEVaxRzRTsrXVd"},"fileId":"22/+dMASlAjKctzZwecRL3"},"_contentSize":{"__type__":"cc.Size","width":715,"height":38},"_anchorPoint":{"__type__":"cc.Vec2","y":0.5},"_trs":{"__type__":"TypedArray","ctor":"Float64Array","array":[3506.49,246.753,0,0,0,0,1,0.7,0.7,1]}},{"__type__":"cc.Node","_name":"2","_parent":{"__id__":90},"_components":[{"__type__":"cc.Sprite","node":{"__id__":109},"_materials":[{"__uuid__":"ecpdLyjvZBwrvm+cedCcQy"}],"_spriteFrame":{"__uuid__":"fdFE5R4t5L+6SmLSJgQmLJ"},"_type":2,"_sizeMode":0}],"_prefab":{"__type__":"cc.PrefabInfo","root":{"__id__":1},"asset":{"__uuid__":"b6n1QxzZlEVaxRzRTsrXVd"},"fileId":"eckPHs/zhCD4c09ZuADpn0"},"_contentSize":{"__type__":"cc.Size","width":370,"height":38},"_anchorPoint":{"__type__":"cc.Vec2","y":0.5},"_trs":{"__type__":"TypedArray","ctor":"Float64Array","array":[3993.682,-0.019,0,0,0,0.7071067811865475,0.7071067811865476,0.7,0.7,1]},"_eulerAngles":{"__type__":"cc.Vec3","z":90}},{"__type__":"cc.Node","_name":"2","_parent":{"__id__":90},"_components":[{"__type__":"cc.Sprite","node":{"__id__":110},"_materials":[{"__uuid__":"ecpdLyjvZBwrvm+cedCcQy"}],"_spriteFrame":{"__uuid__":"fdFE5R4t5L+6SmLSJgQmLJ"},"_type":2,"_sizeMode":0}],"_prefab":{"__type__":"cc.PrefabInfo","root":{"__id__":1},"asset":{"__uuid__":"b6n1QxzZlEVaxRzRTsrXVd"},"fileId":"14rxvcgLlEIpJEtGs9BQKV"},"_contentSize":{"__type__":"cc.Size","width":543,"height":38},"_anchorPoint":{"__type__":"cc.Vec2","y":0.5},"_trs":{"__type__":"TypedArray","ctor":"Float64Array","array":[4554.16,-119.871,0,0,0,0.7071067811865475,0.7071067811865476,0.7,0.7,1]},"_eulerAngles":{"__type__":"cc.Vec3","z":90}},{"__type__":"cc.Node","_name":"2","_parent":{"__id__":90},"_components":[{"__type__":"cc.Sprite","node":{"__id__":111},"_materials":[{"__uuid__":"ecpdLyjvZBwrvm+cedCcQy"}],"_spriteFrame":{"__uuid__":"fdFE5R4t5L+6SmLSJgQmLJ"},"_type":2,"_sizeMode":0}],"_prefab":{"__type__":"cc.PrefabInfo","root":{"__id__":1},"asset":{"__uuid__":"b6n1QxzZlEVaxRzRTsrXVd"},"fileId":"d1yUyrGjpLEpQ2le8fobp+"},"_contentSize":{"__type__":"cc.Size","width":1430,"height":38},"_anchorPoint":{"__type__":"cc.Vec2","y":0.5},"_trs":{"__type__":"TypedArray","ctor":"Float64Array","array":[4540.863,246.915,0,0,0,0,1,0.7,0.7,1]}},{"__type__":"cc.Node","_name":"2","_parent":{"__id__":90},"_components":[{"__type__":"cc.Sprite","node":{"__id__":112},"_materials":[{"__uuid__":"ecpdLyjvZBwrvm+cedCcQy"}],"_spriteFrame":{"__uuid__":"fdFE5R4t5L+6SmLSJgQmLJ"},"_type":2,"_sizeMode":0}],"_prefab":{"__type__":"cc.PrefabInfo","root":{"__id__":1},"asset":{"__uuid__":"b6n1QxzZlEVaxRzRTsrXVd"},"fileId":"0fxDtoUzJHsKvZOTMZ3cWJ"},"_contentSize":{"__type__":"cc.Size","width":200,"height":38},"_anchorPoint":{"__type__":"cc.Vec2","y":0.5},"_trs":{"__type__":"TypedArray","ctor":"Float64Array","array":[5529.176,114.163,0,0,0,0.7071067811865475,0.7071067811865476,0.7,0.7,1]},"_eulerAngles":{"__type__":"cc.Vec3","z":90}},{"__type__":"cc.Node","_name":"2","_parent":{"__id__":90},"_components":[{"__type__":"cc.Sprite","node":{"__id__":113},"_materials":[{"__uuid__":"ecpdLyjvZBwrvm+cedCcQy"}],"_spriteFrame":{"__uuid__":"fdFE5R4t5L+6SmLSJgQmLJ"},"_type":2,"_sizeMode":0}],"_prefab":{"__type__":"cc.PrefabInfo","root":{"__id__":1},"asset":{"__uuid__":"b6n1QxzZlEVaxRzRTsrXVd"},"fileId":"a0bTh8puZHAKtRWq0cn+EG"},"_contentSize":{"__type__":"cc.Size","width":990,"height":38},"_anchorPoint":{"__type__":"cc.Vec2","y":0.5},"_trs":{"__type__":"TypedArray","ctor":"Float64Array","array":[5516.169,127.265,0,0,0,0,1,0.7,0.7,1]}},{"__type__":"cc.Node","_name":"2","_parent":{"__id__":90},"_components":[{"__type__":"cc.Sprite","node":{"__id__":114},"_materials":[{"__uuid__":"ecpdLyjvZBwrvm+cedCcQy"}],"_spriteFrame":{"__uuid__":"fdFE5R4t5L+6SmLSJgQmLJ"},"_type":2,"_sizeMode":0}],"_prefab":{"__type__":"cc.PrefabInfo","root":{"__id__":1},"asset":{"__uuid__":"b6n1QxzZlEVaxRzRTsrXVd"},"fileId":"8drhmv8UdLyLDeGSU4loFx"},"_contentSize":{"__type__":"cc.Size","width":480,"height":38},"_anchorPoint":{"__type__":"cc.Vec2","y":0.5},"_trs":{"__type__":"TypedArray","ctor":"Float64Array","array":[6221.452,114.163,0,0,0,0.7071067811865475,0.7071067811865476,0.7,0.7,1]},"_eulerAngles":{"__type__":"cc.Vec3","z":90}},{"__type__":"cc.Node","_name":"2","_parent":{"__id__":90},"_components":[{"__type__":"cc.Sprite","node":{"__id__":115},"_materials":[{"__uuid__":"ecpdLyjvZBwrvm+cedCcQy"}],"_spriteFrame":{"__uuid__":"fdFE5R4t5L+6SmLSJgQmLJ"},"_type":2,"_sizeMode":0}],"_prefab":{"__type__":"cc.PrefabInfo","root":{"__id__":1},"asset":{"__uuid__":"b6n1QxzZlEVaxRzRTsrXVd"},"fileId":"29waPCaaJLLrB7x8rU/Myj"},"_contentSize":{"__type__":"cc.Size","width":1422,"height":38},"_anchorPoint":{"__type__":"cc.Vec2","y":0.5},"_trs":{"__type__":"TypedArray","ctor":"Float64Array","array":[6208.122,436.763,0,0,0,0,1,0.7,0.7,1]}},{"__type__":"cc.Node","_name":"2","_parent":{"__id__":90},"_components":[{"__type__":"cc.Sprite","node":{"__id__":116},"_materials":[{"__uuid__":"ecpdLyjvZBwrvm+cedCcQy"}],"_spriteFrame":{"__uuid__":"fdFE5R4t5L+6SmLSJgQmLJ"},"_type":2,"_sizeMode":0}],"_prefab":{"__type__":"cc.PrefabInfo","root":{"__id__":1},"asset":{"__uuid__":"b6n1QxzZlEVaxRzRTsrXVd"},"fileId":"a5jtwd9+ZE4av/+VfNOVVL"},"_contentSize":{"__type__":"cc.Size","width":138,"height":38},"_anchorPoint":{"__type__":"cc.Vec2","y":0.5},"_trs":{"__type__":"TypedArray","ctor":"Float64Array","array":[7216.615,423.82,0,0,0,0.7071067811865475,0.7071067811865476,0.7,0.7,1]},"_eulerAngles":{"__type__":"cc.Vec3","z":90}},{"__type__":"cc.Node","_name":"2","_parent":{"__id__":90},"_components":[{"__type__":"cc.Sprite","node":{"__id__":117},"_materials":[{"__uuid__":"ecpdLyjvZBwrvm+cedCcQy"}],"_spriteFrame":{"__uuid__":"fdFE5R4t5L+6SmLSJgQmLJ"},"_type":2,"_sizeMode":0}],"_prefab":{"__type__":"cc.PrefabInfo","root":{"__id__":1},"asset":{"__uuid__":"b6n1QxzZlEVaxRzRTsrXVd"},"fileId":"62OI15dv1LpJMzwm51tRZx"},"_contentSize":{"__type__":"cc.Size","width":2555,"height":38},"_anchorPoint":{"__type__":"cc.Vec2","y":0.5},"_trs":{"__type__":"TypedArray","ctor":"Float64Array","array":[7202.827,506.889,0,0,0,0,1,0.7,0.7,1]}},{"__type__":"cc.Node","_name":"2","_parent":{"__id__":90},"_components":[{"__type__":"cc.Sprite","node":{"__id__":118},"_materials":[{"__uuid__":"ecpdLyjvZBwrvm+cedCcQy"}],"_spriteFrame":{"__uuid__":"fdFE5R4t5L+6SmLSJgQmLJ"},"_type":2,"_sizeMode":0}],"_prefab":{"__type__":"cc.PrefabInfo","root":{"__id__":1},"asset":{"__uuid__":"b6n1QxzZlEVaxRzRTsrXVd"},"fileId":"4b4qwQkFZOeqz+QnFlB1ji"},"_contentSize":{"__type__":"cc.Size","width":745,"height":38},"_anchorPoint":{"__type__":"cc.Vec2","y":0.5},"_trs":{"__type__":"TypedArray","ctor":"Float64Array","array":[8989.934,0.148,0,0,0,0.7071067811865475,0.7071067811865476,0.7,0.7,1]},"_eulerAngles":{"__type__":"cc.Vec3","z":90}},{"__type__":"cc.Node","_name":"points","_parent":{"__id__":1},"_children":[{"__type__":"cc.Node","_name":"p1","_parent":{"__id__":119},"_prefab":{"__type__":"cc.PrefabInfo","root":{"__id__":1},"asset":{"__uuid__":"b6n1QxzZlEVaxRzRTsrXVd"},"fileId":"e0i6UzdsRFQ6KLsgWK/K3W"},"_trs":{"__type__":"TypedArray","ctor":"Float64Array","array":[640,420,0,0,0,0,1,1,1,1]}},{"__type__":"cc.Node","_name":"p1","_parent":{"__id__":119},"_prefab":{"__type__":"cc.PrefabInfo","root":{"__id__":1},"asset":{"__uuid__":"b6n1QxzZlEVaxRzRTsrXVd"},"fileId":"479aS3nz9JYbZguVLAdhyP"},"_trs":{"__type__":"TypedArray","ctor":"Float64Array","array":[1521.469,420,0,0,0,0,1,1,1,1]}},{"__type__":"cc.Node","_name":"p1","_parent":{"__id__":119},"_prefab":{"__type__":"cc.PrefabInfo","root":{"__id__":1},"asset":{"__uuid__":"b6n1QxzZlEVaxRzRTsrXVd"},"fileId":"a860SXH1NNBa2uoZT4bd8Q"},"_trs":{"__type__":"TypedArray","ctor":"Float64Array","array":[1557.766,810,0,0,0,0,1,1,1,1]}},{"__type__":"cc.Node","_name":"p1","_parent":{"__id__":119},"_prefab":{"__type__":"cc.PrefabInfo","root":{"__id__":1},"asset":{"__uuid__":"b6n1QxzZlEVaxRzRTsrXVd"},"fileId":"dckI25M+JHHLFXfAN8W6ZR"},"_trs":{"__type__":"TypedArray","ctor":"Float64Array","array":[1811.619,810,0,0,0,0,1,1,1,1]}},{"__type__":"cc.Node","_name":"p1","_parent":{"__id__":119},"_prefab":{"__type__":"cc.PrefabInfo","root":{"__id__":1},"asset":{"__uuid__":"b6n1QxzZlEVaxRzRTsrXVd"},"fileId":"6bi10JfSBM8qUZWTfH2rsO"},"_trs":{"__type__":"TypedArray","ctor":"Float64Array","array":[1871.677,420,0,0,0,0,1,1,1,1]}},{"__type__":"cc.Node","_name":"p1","_parent":{"__id__":119},"_prefab":{"__type__":"cc.PrefabInfo","root":{"__id__":1},"asset":{"__uuid__":"b6n1QxzZlEVaxRzRTsrXVd"},"fileId":"c3gakBcFNDHacNeJhpZ1Zs"},"_trs":{"__type__":"TypedArray","ctor":"Float64Array","array":[5253.196,420,0,0,0,0,1,1,1,1]}},{"__type__":"cc.Node","_name":"p1","_parent":{"__id__":119},"_prefab":{"__type__":"cc.PrefabInfo","root":{"__id__":1},"asset":{"__uuid__":"b6n1QxzZlEVaxRzRTsrXVd"},"fileId":"30KI5AJn9OfKBaBX/P/I3Z"},"_trs":{"__type__":"TypedArray","ctor":"Float64Array","array":[5266.872,280,0,0,0,0,1,1,1,1]}},{"__type__":"cc.Node","_name":"p1","_parent":{"__id__":119},"_prefab":{"__type__":"cc.PrefabInfo","root":{"__id__":1},"asset":{"__uuid__":"b6n1QxzZlEVaxRzRTsrXVd"},"fileId":"cesTNBqYpJWJOYW631wZp5"},"_trs":{"__type__":"TypedArray","ctor":"Float64Array","array":[5913.068,280,0,0,0,0,1,1,1,1]}},{"__type__":"cc.Node","_name":"p1","_parent":{"__id__":119},"_prefab":{"__type__":"cc.PrefabInfo","root":{"__id__":1},"asset":{"__uuid__":"b6n1QxzZlEVaxRzRTsrXVd"},"fileId":"5d1aqJbZpBO785aTOZf5MU"},"_trs":{"__type__":"TypedArray","ctor":"Float64Array","array":[5931.873,610,0,0,0,0,1,1,1,1]}},{"__type__":"cc.Node","_name":"p1","_parent":{"__id__":119},"_prefab":{"__type__":"cc.PrefabInfo","root":{"__id__":1},"asset":{"__uuid__":"b6n1QxzZlEVaxRzRTsrXVd"},"fileId":"9e06DMEHpM44LKvUj86lNH"},"_trs":{"__type__":"TypedArray","ctor":"Float64Array","array":[6885.549,610,0,0,0,0,1,1,1,1]}},{"__type__":"cc.Node","_name":"p1","_parent":{"__id__":119},"_prefab":{"__type__":"cc.PrefabInfo","root":{"__id__":1},"asset":{"__uuid__":"b6n1QxzZlEVaxRzRTsrXVd"},"fileId":"050IsxfBtBnJBU1ymnqz5x"},"_trs":{"__type__":"TypedArray","ctor":"Float64Array","array":[6907.008,680,0,0,0,0,1,1,1,1]}},{"__type__":"cc.Node","_name":"p1","_parent":{"__id__":119},"_prefab":{"__type__":"cc.PrefabInfo","root":{"__id__":1},"asset":{"__uuid__":"b6n1QxzZlEVaxRzRTsrXVd"},"fileId":"fd1RNkHG1P0rU1Zk2bHKal"},"_trs":{"__type__":"TypedArray","ctor":"Float64Array","array":[7839.283,680,0,0,0,0,1,1,1,1]}}],"_components":[{"__type__":"f6f92o9xoBI1aLPMvQN70M5","node":{"__id__":119}}],"_prefab":{"__type__":"cc.PrefabInfo","root":{"__id__":1},"asset":{"__uuid__":"b6n1QxzZlEVaxRzRTsrXVd"},"fileId":"256yiDJZxI9ZQA80SEzO/Y"},"_trs":{"__type__":"TypedArray","ctor":"Float64Array","array":[0,0,0,0,0,0,1,1,1,1]}},{"__type__":"cc.Node","_name":"box_box","_parent":{"__id__":1},"_children":[{"__id__":121},{"__id__":122}],"_prefab":{"__type__":"cc.PrefabInfo","root":{"__id__":1},"asset":{"__uuid__":"b6n1QxzZlEVaxRzRTsrXVd"},"fileId":"db0lN+dcBMn7SgIvmZ3+vU"},"_trs":{"__type__":"TypedArray","ctor":"Float64Array","array":[-35.468,35.468,0,0,0,0,1,1,1,1]}},{"__type__":"cc.Node","_name":"dazzle","_parent":{"__id__":120},"_components":[{"__type__":"cc.Sprite","node":{"__id__":121},"_materials":[{"__uuid__":"ecpdLyjvZBwrvm+cedCcQy"}],"_spriteFrame":{"__uuid__":"7dtBpkOKJCOYRMql8o1GeZ"}},{"__type__":"843e4uJ/vROcKYcmAz/qlZ2","node":{"__id__":121}}],"_prefab":{"__type__":"cc.PrefabInfo","root":{"__id__":1},"asset":{"__uuid__":"b6n1QxzZlEVaxRzRTsrXVd"},"fileId":"b96cJjPndAJ5Mjj5AaF0RY"},"_contentSize":{"__type__":"cc.Size","width":754,"height":776},"_trs":{"__type__":"TypedArray","ctor":"Float64Array","array":[4558.387,301.917,0,0,0,0,1,0.3,0.3,0.3]}},{"__type__":"cc.Node","_name":"box","_parent":{"__id__":120},"_components":[{"__type__":"cc.Sprite","node":{"__id__":122},"_materials":[{"__uuid__":"ecpdLyjvZBwrvm+cedCcQy"}],"_spriteFrame":{"__uuid__":"a1xXzxgtpCIr4CwdhohL1H"},"_sizeMode":0},{"__type__":"cc.RigidBody","node":{"__id__":122},"_type":0},{"__type__":"cc.PhysicsBoxCollider","node":{"__id__":122},"_sensor":true,"_size":{"__type__":"cc.Size","width":355,"height":338}}],"_prefab":{"__type__":"cc.PrefabInfo","root":{"__id__":1},"asset":{"__uuid__":"b6n1QxzZlEVaxRzRTsrXVd"},"fileId":"627uM9HERHPakvOdwIsYJ6"},"_contentSize":{"__type__":"cc.Size","width":355,"height":338},"_trs":{"__type__":"TypedArray","ctor":"Float64Array","array":[4558.387,301.917,0,0,0,0,1,0.3,0.3,0.3]},"_groupIndex":1,"groupIndex":1}],{"__type__":"cc.SpriteFrame","content":{"name":"smoke1","texture":"baKp5FfjhBbIbSFV/OlgiN","rect":[1,2,62,60],"offset":[0,0],"originalSize":[64,64],"capInsets":[0,0,0,0]}},{"__type__":"cc.SpriteFrame","content":{"name":"Level_14w_04","texture":"15f20cb8d","rect":[158,3,943,19],"offset":[0,-0.5],"originalSize":[943,20],"rotated":1,"capInsets":[0,0,0,0]}},{"__type__":"cc.SpriteFrame","content":{"name":"关卡指示牌-2","texture":"ceRftKe3JCbYEQW9th2i14","rect":[71,108,302,322],"offset":[0,-5],"originalSize":[444,528],"capInsets":[0,0,0,0]}},{"__type__":"cc.SpriteFrame","content":{"name":"Corde_02","texture":"edNgiuRrxCWLoWmjKlRrjb","rect":[0,0,706,226],"offset":[0,0],"originalSize":[706,226],"capInsets":[0,0,0,0]}},{"__type__":"cc.SpriteFrame","content":{"name":"flag_0","texture":"1e1fca5a7","rect":[290,745,273,192],"offset":[0,0],"originalSize":[273,192],"rotated":1,"capInsets":[0,0,0,0]}},{"__type__":"cc.SpriteFrame","content":{"name":"Square_enemy","texture":"166c691fb","rect":[196,265,126,128],"offset":[0,0],"originalSize":[128,128],"capInsets":[0,0,0,0]}},{"__type__":"cc.SpriteFrame","content":{"name":"地皮-皮(1)","texture":"863YkRmSFNyb4H8L0NG8Iy","rect":[0,0,522,44],"offset":[0,0],"originalSize":[522,44],"capInsets":[0,0,0,0]}}]