[{"__type__":"cc.SpriteFrame","content":{"name":"Sparks","texture":"e8j7yYMh9MC5E7MjAvG8nR","rect":[0,0,128,128],"offset":[0,0],"originalSize":[128,128],"capInsets":[0,0,0,0]}},[{"__type__":"cc.Prefab","_name":"round_bomb","data":{"__id__":1}},{"__type__":"cc.Node","_name":"round_bomb_effect","_children":[{"__id__":2},{"__id__":3},{"__id__":4}],"_prefab":{"__type__":"cc.PrefabInfo","root":{"__id__":1},"asset":{"__uuid__":"9aRB9QCZlCbaWjBN0RAsO3"},"fileId":"43QQ3lcWdJ+ZjeXghjJQ8n"},"_trs":{"__type__":"TypedArray","ctor":"Float64Array","array":[0,0,0,0,0,0,1,1,1,1]}},{"__type__":"cc.Node","_name":"dead_smoke","_parent":{"__id__":1},"_components":[{"__type__":"cc.ParticleSystem","node":{"__id__":2},"_materials":[{"__uuid__":"ecpdLyjvZBwrvm+cedCcQy"}],"_dstBlendFactor":1,"_custom":true,"_file":{"__uuid__":"21S8w0TPFGyqMoSc+LDnzy"},"_spriteFrame":{"__uuid__":"b0Md4OjUNBbrt8wm8p0tSk"},"totalParticles":5,"duration":1,"emissionRate":100,"life":0.5,"lifeVar":0.8,"_startColor":{"__type__":"cc.Color","r":255,"g":255,"b":255},"_startColorVar":{"__type__":"cc.Color"},"_endColor":{"__type__":"cc.Color","r":155,"g":155,"b":155,"a":214},"_endColorVar":{"__type__":"cc.Color"},"startSize":80,"startSizeVar":10,"endSize":160,"endSizeVar":10,"startSpin":50,"startSpinVar":10,"posVar":{"__type__":"cc.Vec2","y":-10},"_positionType":1,"positionType":1,"gravity":{"__type__":"cc.Vec2","y":-100},"speed":200,"tangentialAccel":0}],"_prefab":{"__type__":"cc.PrefabInfo","root":{"__id__":1},"asset":{"__uuid__":"9aRB9QCZlCbaWjBN0RAsO3"},"fileId":"933yT+w/RIfL5KAZKldsdJ"},"_trs":{"__type__":"TypedArray","ctor":"Float64Array","array":[0,0,0,0,0,0,1,1,1,1]}},{"__type__":"cc.Node","_name":"dead_sparks","_parent":{"__id__":1},"_components":[{"__type__":"cc.ParticleSystem","node":{"__id__":3},"_materials":[{"__uuid__":"ecpdLyjvZBwrvm+cedCcQy"}],"_custom":true,"_file":{"__uuid__":"94+eCgO8BIzZ6nvOzaPeyd"},"_spriteFrame":{"__uuid__":"50QYouVUJMeYRqsYXENQLI"},"totalParticles":30,"duration":0.4,"emissionRate":299.9,"lifeVar":1.5,"_startColor":{"__type__":"cc.Color","r":255},"_startColorVar":{"__type__":"cc.Color","a":0},"_endColor":{"__type__":"cc.Color","r":255,"a":0},"_endColorVar":{"__type__":"cc.Color","a":0},"angle":360,"angleVar":360,"startSize":5,"endSize":30,"_positionType":1,"positionType":1,"gravity":{"__type__":"cc.Vec2","y":20},"speed":100,"speedVar":20,"tangentialAccel":0}],"_prefab":{"__type__":"cc.PrefabInfo","root":{"__id__":1},"asset":{"__uuid__":"9aRB9QCZlCbaWjBN0RAsO3"},"fileId":"75xMbnjExANKmN5bH9pJxl"},"_trs":{"__type__":"TypedArray","ctor":"Float64Array","array":[0,30,0,0,0,0,1,1,1,1]}},{"__type__":"cc.Node","_name":"dead_sparks2","_parent":{"__id__":1},"_components":[{"__type__":"cc.ParticleSystem","node":{"__id__":4},"_materials":[{"__uuid__":"ecpdLyjvZBwrvm+cedCcQy"}],"_custom":true,"_file":{"__uuid__":"94+eCgO8BIzZ6nvOzaPeyd"},"_spriteFrame":{"__uuid__":"50QYouVUJMeYRqsYXENQLI"},"totalParticles":30,"duration":0.4,"emissionRate":299.9,"lifeVar":1.5,"_startColor":{"__type__":"cc.Color","r":255},"_startColorVar":{"__type__":"cc.Color","a":0},"_endColor":{"__type__":"cc.Color","r":255,"g":2,"a":0},"_endColorVar":{"__type__":"cc.Color","a":0},"angle":360,"angleVar":360,"startSize":5,"endSize":30,"_positionType":1,"positionType":1,"gravity":{"__type__":"cc.Vec2","y":-50},"speed":100,"speedVar":20,"tangentialAccel":0}],"_prefab":{"__type__":"cc.PrefabInfo","root":{"__id__":1},"asset":{"__uuid__":"9aRB9QCZlCbaWjBN0RAsO3"},"fileId":"e4H+py2mBBWaCl24YCUiWx"},"_trs":{"__type__":"TypedArray","ctor":"Float64Array","array":[0,0,0,0,0,0,1,1,1,1]}}],{"__type__":"cc.SpriteFrame","content":{"name":"bomb2","texture":"1dCe1xNvJBVruQvDMDWD28","rect":[10,15,97,86],"offset":[-5.5,6],"originalSize":[128,128],"capInsets":[0,0,0,0]}}]