[{"__type__":"cc.SpriteFrame","content":{"name":"skin7_6","texture":"1b109e968","rect":[3,3,413,422],"offset":[0,0],"originalSize":[413,422],"capInsets":[0,0,0,0]}},{"__type__":"cc.SpriteFrame","content":{"name":"skin9_5","texture":"1b109e968","rect":[3,431,413,422],"offset":[0,0],"originalSize":[413,422],"rotated":1,"capInsets":[0,0,0,0]}},{"__type__":"cc.SpriteFrame","content":{"name":"skin1_5","texture":"1b109e968","rect":[850,650,128,128],"offset":[0,0],"originalSize":[128,128],"capInsets":[0,0,0,0]}},{"__type__":"cc.SpriteFrame","content":{"name":"skin3_6","texture":"1b109e968","rect":[431,422,413,422],"offset":[0,0],"originalSize":[413,422],"capInsets":[0,0,0,0]}},{"__type__":"cc.SpriteFrame","content":{"name":"skin6_5","texture":"186d6527b","rect":[3,3,413,422],"offset":[0,0],"originalSize":[413,422],"capInsets":[0,0,0,0]}},{"__type__":"cc.SpriteFrame","content":{"name":"skin5_6","texture":"186d6527b","rect":[3,431,413,422],"offset":[0,0],"originalSize":[413,422],"rotated":1,"capInsets":[0,0,0,0]}},{"__type__":"cc.SpriteFrame","content":{"name":"skin7_5","texture":"186d6527b","rect":[431,422,413,422],"offset":[0,0],"originalSize":[413,422],"capInsets":[0,0,0,0]}},{"__type__":"cc.SpriteFrame","content":{"name":"skin2_6","texture":"19c058265","rect":[3,431,413,422],"offset":[0,0],"originalSize":[413,422],"rotated":1,"capInsets":[0,0,0,0]}},{"__type__":"cc.SpriteFrame","content":{"name":"skin9_6","texture":"19c058265","rect":[422,3,413,422],"offset":[0,0],"originalSize":[413,422],"rotated":1,"capInsets":[0,0,0,0]}},{"__type__":"cc.SpriteFrame","content":{"name":"skin8_5","texture":"19c058265","rect":[431,422,413,422],"offset":[0,0],"originalSize":[413,422],"capInsets":[0,0,0,0]}},{"__type__":"cc.SpriteFrame","content":{"name":"skin4_6","texture":"1f473e0cb","rect":[3,3,413,422],"offset":[0,0],"originalSize":[413,422],"capInsets":[0,0,0,0]}},{"__type__":"cc.SpriteFrame","content":{"name":"skin1_6","texture":"186d6527b","rect":[3,850,128,128],"offset":[0,0],"originalSize":[128,128],"capInsets":[0,0,0,0]}},{"__type__":"cc.SpriteFrame","content":{"name":"skin8_6","texture":"1f473e0cb","rect":[3,431,413,422],"offset":[0,0],"originalSize":[413,422],"rotated":1,"capInsets":[0,0,0,0]}},{"__type__":"cc.SpriteFrame","content":{"name":"skin5_5","texture":"1f473e0cb","rect":[431,422,413,422],"offset":[0,0],"originalSize":[413,422],"capInsets":[0,0,0,0]}},{"__type__":"cc.SpriteFrame","content":{"name":"skin6_6","texture":"17deebf90","rect":[3,3,413,422],"offset":[0,0],"originalSize":[413,422],"capInsets":[0,0,0,0]}},{"__type__":"cc.SpriteFrame","content":{"name":"skin3_5","texture":"17deebf90","rect":[3,431,413,422],"offset":[0,0],"originalSize":[413,422],"rotated":1,"capInsets":[0,0,0,0]}},{"__type__":"cc.SpriteFrame","content":{"name":"skin2_5","texture":"17deebf90","rect":[422,3,413,422],"offset":[0,0],"originalSize":[413,422],"rotated":1,"capInsets":[0,0,0,0]}},{"__type__":"cc.SpriteAtlas","_name":"player_xiao_plist.plist","_spriteFrames":{"skin1_5":{"__uuid__":"3aN1EMQupCbaEdKA/jVTo0"},"skin1_6":{"__uuid__":"c64OHAUklACKykq2Tzs1Nv"},"skin2_5":{"__uuid__":"e3dhZnI+JAxqMjG9LPpFwx"},"skin2_6":{"__uuid__":"97WOQLQWpIhb5OYP0twwwk"},"skin3_5":{"__uuid__":"e1EVJmsVROaLhOEQ6MbkLx"},"skin3_6":{"__uuid__":"53aGrhbEFGSZbqu54fY4un"},"skin4_5":{"__uuid__":"f5cRXTwMFPu7OhZbdnNbPi"},"skin4_6":{"__uuid__":"b3dy5cgbFHo4h6ePgx6QXY"},"skin5_5":{"__uuid__":"d9RMD9AJZF95F3YH8h2Ewx"},"skin5_6":{"__uuid__":"60BCxQ9tRESr3Q6zWI5o8I"},"skin6_5":{"__uuid__":"5aVyN7r05InK1pG1jXj9Yj"},"skin6_6":{"__uuid__":"dcz71OBmdPP4fsZM4SObrM"},"skin7_5":{"__uuid__":"84K2ZhCqlLj4wWJ8MY8mO3"},"skin7_6":{"__uuid__":"0cDUHvY71LUpH/yS+ptcTL"},"skin8_5":{"__uuid__":"afrfheFxhE/IxJQyxc+z4y"},"skin8_6":{"__uuid__":"cf/5gO9WZFQ6flvxSGq/+W"},"skin9_5":{"__uuid__":"24a0ajBPdDa4n2NMzDBXtA"},"skin9_6":{"__uuid__":"aaDHOzcOBGa66V4pbp/NgW"}}},{"__type__":"cc.SpriteFrame","content":{"name":"skin4_5","texture":"17deebf90","rect":[431,422,413,422],"offset":[0,0],"originalSize":[413,422],"capInsets":[0,0,0,0]}}]