[{"__type__":"cc.SpriteFrame","content":{"name":"bubble1","texture":"3eBb+m/oRMSIzKlfB/sdmW","rect":[1,1,30,30],"offset":[0,0],"originalSize":[32,32],"capInsets":[0,0,0,0]}},{"__type__":"cc.SpriteFrame","content":{"name":"861","texture":"1e1fca5a7","rect":[3,393,83,614],"offset":[0,0],"originalSize":[83,614],"capInsets":[0,0,0,0]}},{"__type__":"cc.SpriteFrame","content":{"name":"water1401","texture":"45vQ2LoilCT7wEp2u2yWOh","rect":[0,0,1060,384],"offset":[0,0],"originalSize":[1060,384],"capInsets":[0,0,0,0]}},{"__type__":"cc.SpriteFrame","content":{"name":"Wood_Spikes","texture":"166c691fb","rect":[3,265,227,187],"offset":[2.5,-34.5],"originalSize":[256,256],"rotated":1,"capInsets":[0,0,0,0]}},[{"__type__":"cc.Prefab","_name":"Level-3","data":{"__id__":1}},{"__type__":"cc.Node","_name":"Level-3","_children":[{"__id__":2},{"__id__":15},{"__id__":60},{"__id__":62},{"__id__":89},{"__id__":90}],"_prefab":{"__type__":"cc.PrefabInfo","root":{"__id__":1},"asset":{"__uuid__":"26n2CUMLRM+LLH0fkVRzAY"},"fileId":"92YVT4lVZHDJoizQQZ+u0c"},"_anchorPoint":{"__type__":"cc.Vec2"},"_trs":{"__type__":"TypedArray","ctor":"Float64Array","array":[0,0,0,0,0,0,1,1,1,1]}},{"__type__":"cc.Node","_name":"indication","_parent":{"__id__":1},"_children":[{"__id__":3},{"__id__":5},{"__id__":6},{"__id__":7},{"__id__":9},{"__id__":11},{"__id__":13}],"_prefab":{"__type__":"cc.PrefabInfo","root":{"__id__":1},"asset":{"__uuid__":"26n2CUMLRM+LLH0fkVRzAY"},"fileId":"92L3eud8VOqYiN240RbH7H"},"_anchorPoint":{"__type__":"cc.Vec2"},"_trs":{"__type__":"TypedArray","ctor":"Float64Array","array":[0,0,0,0,0,0,1,1,1,1]},"_groupIndex":1,"groupIndex":1},{"__type__":"cc.Node","_name":"start_ind","_parent":{"__id__":2},"_children":[{"__id__":4}],"_components":[{"__type__":"cc.Sprite","_name":"start_ind<Sprite>","node":{"__id__":3},"_materials":[{"__uuid__":"ecpdLyjvZBwrvm+cedCcQy"}],"_spriteFrame":{"__uuid__":"92RMQdt0ZAnrDBwLzz8BNO"},"_sizeMode":0},{"__type__":"c5ddfZAPb5I4rCMDbSaJibP","node":{"__id__":3}}],"_prefab":{"__type__":"cc.PrefabInfo","root":{"__id__":1},"asset":{"__uuid__":"26n2CUMLRM+LLH0fkVRzAY"},"fileId":"8c5wgtuXtKqJLUWV6KqvhQ"},"_contentSize":{"__type__":"cc.Size","width":168,"height":143},"_trs":{"__type__":"TypedArray","ctor":"Float64Array","array":[480,303.483,0,0,0,0,1,1,1,1]},"_groupIndex":1,"groupIndex":1},{"__type__":"cc.Node","_name":"levelname","_parent":{"__id__":3},"_components":[{"__type__":"cc.Label","_name":"levelname<Label>","node":{"__id__":4},"_materials":[{"__uuid__":"ecpdLyjvZBwrvm+cedCcQy"}],"_useOriginalSize":false,"_string":"关卡-1","_N$string":"关卡-1","_fontSize":30,"_N$file":{"__uuid__":"b5NGPI3wRL+6w0kWBDf59a"},"_isSystemFontUsed":false,"_N$horizontalAlign":1,"_N$verticalAlign":1},{"__type__":"cc.Widget","node":{"__id__":4},"_alignFlags":16,"_left":45.66,"_right":45.66,"_originalWidth":76.68}],"_prefab":{"__type__":"cc.PrefabInfo","root":{"__id__":1},"asset":{"__uuid__":"26n2CUMLRM+LLH0fkVRzAY"},"fileId":"0fSDhPXi5JfZACXGkxoLoe"},"_color":{"__type__":"cc.Color","r":155,"g":35,"b":35},"_contentSize":{"__type__":"cc.Size","width":66.56,"height":40},"_trs":{"__type__":"TypedArray","ctor":"Float64Array","array":[0,25,0,0,0,0,1,1,1,1]},"_groupIndex":1,"groupIndex":1},{"__type__":"cc.Node","_name":"block","_parent":{"__id__":2},"_components":[{"__type__":"cc.RigidBody","node":{"__id__":5},"_type":0},{"__type__":"cc.PhysicsBoxCollider","node":{"__id__":5},"_density":1000,"_friction":0,"_offset":{"__type__":"cc.Vec2","x":50,"y":300},"_size":{"__type__":"cc.Size","width":100,"height":600}}],"_prefab":{"__type__":"cc.PrefabInfo","root":{"__id__":1},"asset":{"__uuid__":"26n2CUMLRM+LLH0fkVRzAY"},"fileId":"a7zU2PRgBHaJROacdVRWvt"},"_contentSize":{"__type__":"cc.Size","width":100,"height":600},"_anchorPoint":{"__type__":"cc.Vec2"},"_trs":{"__type__":"TypedArray","ctor":"Float64Array","array":[-51.285,256.078,0,0,0,0,1,1,1,1]},"_groupIndex":1,"groupIndex":1},{"__type__":"cc.Node","_name":"block","_parent":{"__id__":2},"_components":[{"__type__":"cc.RigidBody","node":{"__id__":6},"_linearDamping":2},{"__type__":"cc.PhysicsBoxCollider","node":{"__id__":6},"_density":1000,"_friction":1000,"_offset":{"__type__":"cc.Vec2","x":50,"y":300},"_size":{"__type__":"cc.Size","width":100,"height":600}}],"_prefab":{"__type__":"cc.PrefabInfo","root":{"__id__":1},"asset":{"__uuid__":"26n2CUMLRM+LLH0fkVRzAY"},"fileId":"b5vTwov7ZDC5Wxy0wCqEi4"},"_contentSize":{"__type__":"cc.Size","width":100,"height":600},"_anchorPoint":{"__type__":"cc.Vec2"},"_trs":{"__type__":"TypedArray","ctor":"Float64Array","array":[8689.013,251.171,0,0,0,0,1,1,1,1]},"_groupIndex":1,"groupIndex":1},{"__type__":"cc.Node","_name":"end_ind","_parent":{"__id__":2},"_children":[{"__id__":8}],"_components":[{"__type__":"cc.Sprite","_name":"end_ind<Sprite>","node":{"__id__":7},"_materials":[{"__uuid__":"ecpdLyjvZBwrvm+cedCcQy"}],"_spriteFrame":{"__uuid__":"c5Gv3cetxK1qqCYcHOIFZo"},"_sizeMode":0},{"__type__":"cc.RigidBody","node":{"__id__":7},"_type":0},{"__type__":"cc.PhysicsBoxCollider","node":{"__id__":7},"_sensor":true,"_offset":{"__type__":"cc.Vec2","y":420.5},"_size":{"__type__":"cc.Size","width":20,"height":1042}},{"__type__":"41579J+mQ9OGKIgDuSf0wr1","node":{"__id__":7}}],"_prefab":{"__type__":"cc.PrefabInfo","root":{"__id__":1},"asset":{"__uuid__":"26n2CUMLRM+LLH0fkVRzAY"},"fileId":"fbislczpZCTKe7YdxJMJYK"},"_contentSize":{"__type__":"cc.Size","width":168,"height":143},"_trs":{"__type__":"TypedArray","ctor":"Float64Array","array":[8566.135,359.718,0,0,0,0,1,1,1,1]},"_groupIndex":1,"groupIndex":1},{"__type__":"cc.Node","_name":"over","_parent":{"__id__":7},"_components":[{"__type__":"cc.Label","_name":"over<Label>","node":{"__id__":8},"_materials":[{"__uuid__":"ecpdLyjvZBwrvm+cedCcQy"}],"_useOriginalSize":false,"_string":"关卡-2","_N$string":"关卡-2","_fontSize":30,"_N$file":{"__uuid__":"b5NGPI3wRL+6w0kWBDf59a"},"_isSystemFontUsed":false,"_N$horizontalAlign":1,"_N$verticalAlign":1}],"_prefab":{"__type__":"cc.PrefabInfo","root":{"__id__":1},"asset":{"__uuid__":"26n2CUMLRM+LLH0fkVRzAY"},"fileId":"3cEJz74UNLvZGxsundzYY6"},"_color":{"__type__":"cc.Color","r":90,"g":35,"b":35},"_contentSize":{"__type__":"cc.Size","width":70.31,"height":40},"_trs":{"__type__":"TypedArray","ctor":"Float64Array","array":[0,20,0,0,0,0,1,1,1,1]},"_groupIndex":1,"groupIndex":1},{"__type__":"cc.Node","_name":"flag_ind","_parent":{"__id__":2},"_children":[{"__id__":10}],"_components":[{"__type__":"cc.Sprite","_name":"flag_ind<Sprite>","node":{"__id__":9},"_materials":[{"__uuid__":"ecpdLyjvZBwrvm+cedCcQy"}],"_spriteFrame":{"__uuid__":"07zKmIceRAwZknsZDy1S/V"}},{"__type__":"cc.RigidBody","node":{"__id__":9},"_type":0,"enabledContactListener":true},{"__type__":"cc.PhysicsBoxCollider","node":{"__id__":9},"_sensor":true,"_size":{"__type__":"cc.Size","width":83,"height":614}},{"__type__":"6ad49RTzopHHLKa1XzEQETT","node":{"__id__":9}}],"_prefab":{"__type__":"cc.PrefabInfo","root":{"__id__":1},"asset":{"__uuid__":"26n2CUMLRM+LLH0fkVRzAY"},"fileId":"54W7kcP0dA4pSYWj1dIXTd"},"_contentSize":{"__type__":"cc.Size","width":83,"height":614},"_trs":{"__type__":"TypedArray","ctor":"Float64Array","array":[6087.478,400.875,0,0,0,0,1,0.4,0.4,1]},"_groupIndex":1,"groupIndex":1},{"__type__":"cc.Node","_name":"flag","_parent":{"__id__":9},"_components":[{"__type__":"cc.Sprite","_name":"flag<Sprite>","node":{"__id__":10},"_materials":[{"__uuid__":"ecpdLyjvZBwrvm+cedCcQy"}],"_spriteFrame":{"__uuid__":"e33fRYcr9GP4j1b4ibM5Y8"}},{"__type__":"cc.Animation","node":{"__id__":10},"_defaultClip":{"__uuid__":"cbH2x9KCBJyaeYtYAInG18"},"_clips":[{"__uuid__":"cbH2x9KCBJyaeYtYAInG18"}],"playOnLoad":true}],"_prefab":{"__type__":"cc.PrefabInfo","root":{"__id__":1},"asset":{"__uuid__":"26n2CUMLRM+LLH0fkVRzAY"},"fileId":"5d049vrXJJoYdz2dDeJYJT"},"_contentSize":{"__type__":"cc.Size","width":273,"height":192},"_trs":{"__type__":"TypedArray","ctor":"Float64Array","array":[-130,-120,0,0,0,0,1,1,1,1]},"_groupIndex":1,"groupIndex":1},{"__type__":"cc.Node","_name":"square_enemy","_parent":{"__id__":2},"_children":[{"__id__":12}],"_components":[{"__type__":"cc.Sprite","node":{"__id__":11},"_materials":[{"__uuid__":"ecpdLyjvZBwrvm+cedCcQy"}],"_spriteFrame":{"__uuid__":"e5cN6YwURLurU2fFTl79fW"},"_sizeMode":0},{"__type__":"cc.RigidBody","node":{"__id__":11},"_linearDamping":0.2,"enabledContactListener":true},{"__type__":"cc.PhysicsBoxCollider","node":{"__id__":11},"_friction":0.5,"_size":{"__type__":"cc.Size","width":95,"height":95}},{"__type__":"d0933z+TVtA7YrxtIlT8W9u","node":{"__id__":11},"point1":300,"point2":100,"damageToGiveToPlayer":1,"angular_velocity":150},{"__type__":"acd38zgRtJBkoJjC48fiJKY","node":{"__id__":11},"bombeffect":{"__uuid__":"b0ysQ6zQtMiofcv9uOb2rp"}}],"_prefab":{"__type__":"cc.PrefabInfo","root":{"__id__":1},"asset":{"__uuid__":"26n2CUMLRM+LLH0fkVRzAY"},"fileId":"8b3vGSpblMUKTKscpDLnIX"},"_contentSize":{"__type__":"cc.Size","width":95,"height":95},"_trs":{"__type__":"TypedArray","ctor":"Float64Array","array":[4468.131,346.231,0,0,0,0,1,1,1,1]},"_groupIndex":3,"groupIndex":3},{"__type__":"cc.Node","_name":"bombeffect","_parent":{"__id__":11},"_active":false,"_components":[{"__type__":"cc.ParticleSystem","node":{"__id__":12},"_materials":[{"__uuid__":"ecpdLyjvZBwrvm+cedCcQy"}],"_custom":true,"_file":{"__uuid__":"fbVQCbYZJN7ZapAHG/T0Q8"},"_spriteFrame":{"__uuid__":"bctwiSIL5AU7KSd7s29KcV"},"autoRemoveOnFinish":true,"duration":0.1,"emissionRate":600,"lifeVar":1.5,"_startColor":{"__type__":"cc.Color","r":255,"g":255,"b":219,"a":219},"_startColorVar":{"__type__":"cc.Color","a":40},"_endColor":{"__type__":"cc.Color","r":255,"g":255,"b":209,"a":0},"_endColorVar":{"__type__":"cc.Color","a":0},"angle":0,"angleVar":360,"startSize":150,"startSizeVar":50,"endSize":250,"endSizeVar":70,"startSpinVar":40,"endSpinVar":90,"posVar":{"__type__":"cc.Vec2","x":100,"y":200},"_positionType":1,"positionType":1,"gravity":{"__type__":"cc.Vec2","y":50},"speed":100,"tangentialAccel":0}],"_prefab":{"__type__":"cc.PrefabInfo","root":{"__id__":1},"asset":{"__uuid__":"26n2CUMLRM+LLH0fkVRzAY"},"fileId":"6eAGWR08xHqqJvYiuYvJ1C"},"_trs":{"__type__":"TypedArray","ctor":"Float64Array","array":[0,0,0,0,0,0,1,1,1,1]}},{"__type__":"cc.Node","_name":"square_enemy","_parent":{"__id__":2},"_children":[{"__id__":14}],"_components":[{"__type__":"cc.Sprite","node":{"__id__":13},"_materials":[{"__uuid__":"ecpdLyjvZBwrvm+cedCcQy"}],"_spriteFrame":{"__uuid__":"e5cN6YwURLurU2fFTl79fW"},"_sizeMode":0},{"__type__":"cc.RigidBody","node":{"__id__":13},"_linearDamping":0.2,"enabledContactListener":true},{"__type__":"cc.PhysicsBoxCollider","node":{"__id__":13},"_friction":0.5,"_size":{"__type__":"cc.Size","width":95,"height":95}},{"__type__":"d0933z+TVtA7YrxtIlT8W9u","node":{"__id__":13},"point1":300,"point2":100,"damageToGiveToPlayer":1,"angular_velocity":150},{"__type__":"acd38zgRtJBkoJjC48fiJKY","node":{"__id__":13},"bombeffect":{"__uuid__":"b0ysQ6zQtMiofcv9uOb2rp"}}],"_prefab":{"__type__":"cc.PrefabInfo","root":{"__id__":1},"asset":{"__uuid__":"26n2CUMLRM+LLH0fkVRzAY"},"fileId":"13FYh/sAxA46dTv1H6stmu"},"_contentSize":{"__type__":"cc.Size","width":95,"height":95},"_trs":{"__type__":"TypedArray","ctor":"Float64Array","array":[3367.547,499.227,0,0,0,0,1,1,1,1]},"_groupIndex":3,"groupIndex":3},{"__type__":"cc.Node","_name":"bombeffect","_parent":{"__id__":13},"_active":false,"_components":[{"__type__":"cc.ParticleSystem","node":{"__id__":14},"_materials":[{"__uuid__":"ecpdLyjvZBwrvm+cedCcQy"}],"_custom":true,"_file":{"__uuid__":"fbVQCbYZJN7ZapAHG/T0Q8"},"_spriteFrame":{"__uuid__":"bctwiSIL5AU7KSd7s29KcV"},"autoRemoveOnFinish":true,"duration":0.1,"emissionRate":600,"lifeVar":1.5,"_startColor":{"__type__":"cc.Color","r":255,"g":255,"b":219,"a":219},"_startColorVar":{"__type__":"cc.Color","a":40},"_endColor":{"__type__":"cc.Color","r":255,"g":255,"b":209,"a":0},"_endColorVar":{"__type__":"cc.Color","a":0},"angle":0,"angleVar":360,"startSize":150,"startSizeVar":50,"endSize":250,"endSizeVar":70,"startSpinVar":40,"endSpinVar":90,"posVar":{"__type__":"cc.Vec2","x":100,"y":200},"_positionType":1,"positionType":1,"gravity":{"__type__":"cc.Vec2","y":50},"speed":100,"tangentialAccel":0}],"_prefab":{"__type__":"cc.PrefabInfo","root":{"__id__":1},"asset":{"__uuid__":"26n2CUMLRM+LLH0fkVRzAY"},"fileId":"458ladD/dHLYbAMP8ak0/V"},"_trs":{"__type__":"TypedArray","ctor":"Float64Array","array":[0,0,0,0,0,0,1,1,1,1]}},{"__type__":"cc.Node","_name":"heros","_parent":{"__id__":1},"_children":[{"__id__":16},{"__id__":38},{"__id__":42},{"__id__":56},{"__id__":58}],"_prefab":{"__type__":"cc.PrefabInfo","root":{"__id__":1},"asset":{"__uuid__":"26n2CUMLRM+LLH0fkVRzAY"},"fileId":"5d0N06W1FFz7lhRywj0cY6"},"_anchorPoint":{"__type__":"cc.Vec2"},"_trs":{"__type__":"TypedArray","ctor":"Float64Array","array":[0,0,0,0,0,0,1,1,1,1]},"_groupIndex":1,"groupIndex":1},{"__type__":"cc.Node","_name":"coins","_parent":{"__id__":15},"_children":[{"__id__":17},{"__id__":18},{"__id__":19},{"__id__":20},{"__id__":21},{"__id__":22},{"__id__":23},{"__id__":24},{"__id__":25},{"__id__":26},{"__id__":27},{"__id__":28},{"__id__":29},{"__id__":30},{"__id__":31},{"__id__":32},{"__id__":33},{"__id__":34},{"__id__":35},{"__id__":36},{"__id__":37}],"_prefab":{"__type__":"cc.PrefabInfo","root":{"__id__":1},"asset":{"__uuid__":"26n2CUMLRM+LLH0fkVRzAY"},"fileId":"8ccQ69ltRA/ZPaWDex0T6u"},"_anchorPoint":{"__type__":"cc.Vec2"},"_trs":{"__type__":"TypedArray","ctor":"Float64Array","array":[0,10,0,0,0,0,1,1,1,1]},"_groupIndex":1,"groupIndex":1},{"__type__":"cc.Node","_name":"coin","_parent":{"__id__":16},"_components":[{"__type__":"cc.Sprite","_name":"coin<Sprite>","node":{"__id__":17},"_materials":[{"__uuid__":"ecpdLyjvZBwrvm+cedCcQy"}],"_spriteFrame":{"__uuid__":"5fBaYM24ZPr4CKfNVUvrdH"},"_sizeMode":0},{"__type__":"cc.RigidBody","node":{"__id__":17},"_type":0,"_allowSleep":false,"enabledContactListener":true},{"__type__":"cc.PhysicsCircleCollider","node":{"__id__":17},"_sensor":true,"_restitution":0.2,"_radius":23},{"__type__":"069edsCLOBL15FM+XA6qGxf","node":{"__id__":17},"pickeffect":{"__uuid__":"2e0DSCaaJHNKIgvBUfLo/u"}}],"_prefab":{"__type__":"cc.PrefabInfo","root":{"__id__":1},"asset":{"__uuid__":"26n2CUMLRM+LLH0fkVRzAY"},"fileId":"7bv5bHEy5JEI8I1rMMIgkj"},"_contentSize":{"__type__":"cc.Size","width":46,"height":46},"_trs":{"__type__":"TypedArray","ctor":"Float64Array","array":[4327.3,382.136,0,0,0,0,1,1,1,1]},"_groupIndex":1,"groupIndex":1},{"__type__":"cc.Node","_name":"coin2","_parent":{"__id__":16},"_components":[{"__type__":"cc.Sprite","_name":"coin2<Sprite>","node":{"__id__":18},"_materials":[{"__uuid__":"ecpdLyjvZBwrvm+cedCcQy"}],"_spriteFrame":{"__uuid__":"5fBaYM24ZPr4CKfNVUvrdH"},"_sizeMode":0},{"__type__":"cc.RigidBody","node":{"__id__":18},"_type":0,"_allowSleep":false,"enabledContactListener":true},{"__type__":"cc.PhysicsCircleCollider","node":{"__id__":18},"_sensor":true,"_restitution":0.2,"_radius":23},{"__type__":"069edsCLOBL15FM+XA6qGxf","node":{"__id__":18},"pickeffect":{"__uuid__":"2e0DSCaaJHNKIgvBUfLo/u"}}],"_prefab":{"__type__":"cc.PrefabInfo","root":{"__id__":1},"asset":{"__uuid__":"26n2CUMLRM+LLH0fkVRzAY"},"fileId":"d6LqyV7QNHOaMK5pHP+nWL"},"_contentSize":{"__type__":"cc.Size","width":46,"height":46},"_trs":{"__type__":"TypedArray","ctor":"Float64Array","array":[5684.069,376.439,0,0,0,0,1,1,1,1]},"_groupIndex":1,"groupIndex":1},{"__type__":"cc.Node","_name":"coin3","_parent":{"__id__":16},"_components":[{"__type__":"cc.Sprite","_name":"coin3<Sprite>","node":{"__id__":19},"_materials":[{"__uuid__":"ecpdLyjvZBwrvm+cedCcQy"}],"_spriteFrame":{"__uuid__":"5fBaYM24ZPr4CKfNVUvrdH"},"_sizeMode":0},{"__type__":"cc.RigidBody","node":{"__id__":19},"_type":0,"_allowSleep":false,"enabledContactListener":true},{"__type__":"cc.PhysicsCircleCollider","node":{"__id__":19},"_sensor":true,"_restitution":0.2,"_radius":23},{"__type__":"069edsCLOBL15FM+XA6qGxf","node":{"__id__":19},"pickeffect":{"__uuid__":"2e0DSCaaJHNKIgvBUfLo/u"}}],"_prefab":{"__type__":"cc.PrefabInfo","root":{"__id__":1},"asset":{"__uuid__":"26n2CUMLRM+LLH0fkVRzAY"},"fileId":"9crsXsvoJKeLf6MvHgtw9S"},"_contentSize":{"__type__":"cc.Size","width":46,"height":46},"_trs":{"__type__":"TypedArray","ctor":"Float64Array","array":[2070,340,0,0,0,0,1,1,1,1]},"_groupIndex":1,"groupIndex":1},{"__type__":"cc.Node","_name":"coin4","_parent":{"__id__":16},"_components":[{"__type__":"cc.Sprite","_name":"coin4<Sprite>","node":{"__id__":20},"_materials":[{"__uuid__":"ecpdLyjvZBwrvm+cedCcQy"}],"_spriteFrame":{"__uuid__":"5fBaYM24ZPr4CKfNVUvrdH"},"_sizeMode":0},{"__type__":"cc.RigidBody","node":{"__id__":20},"_type":0,"_allowSleep":false,"enabledContactListener":true},{"__type__":"cc.PhysicsCircleCollider","node":{"__id__":20},"_sensor":true,"_restitution":0.2,"_radius":23},{"__type__":"069edsCLOBL15FM+XA6qGxf","node":{"__id__":20},"pickeffect":{"__uuid__":"2e0DSCaaJHNKIgvBUfLo/u"}}],"_prefab":{"__type__":"cc.PrefabInfo","root":{"__id__":1},"asset":{"__uuid__":"26n2CUMLRM+LLH0fkVRzAY"},"fileId":"9bBScgEftEw4P91NJbQDMa"},"_contentSize":{"__type__":"cc.Size","width":46,"height":46},"_trs":{"__type__":"TypedArray","ctor":"Float64Array","array":[2370,340,0,0,0,0,1,1,1,1]},"_groupIndex":1,"groupIndex":1},{"__type__":"cc.Node","_name":"coin5","_parent":{"__id__":16},"_components":[{"__type__":"cc.Sprite","_name":"coin5<Sprite>","node":{"__id__":21},"_materials":[{"__uuid__":"ecpdLyjvZBwrvm+cedCcQy"}],"_spriteFrame":{"__uuid__":"5fBaYM24ZPr4CKfNVUvrdH"},"_sizeMode":0},{"__type__":"cc.RigidBody","node":{"__id__":21},"_type":0,"_allowSleep":false,"enabledContactListener":true},{"__type__":"cc.PhysicsCircleCollider","node":{"__id__":21},"_sensor":true,"_restitution":0.2,"_radius":23},{"__type__":"069edsCLOBL15FM+XA6qGxf","node":{"__id__":21},"pickeffect":{"__uuid__":"2e0DSCaaJHNKIgvBUfLo/u"}}],"_prefab":{"__type__":"cc.PrefabInfo","root":{"__id__":1},"asset":{"__uuid__":"26n2CUMLRM+LLH0fkVRzAY"},"fileId":"c9wHa/JDZEUKeWA3uzAxXP"},"_contentSize":{"__type__":"cc.Size","width":46,"height":46},"_trs":{"__type__":"TypedArray","ctor":"Float64Array","array":[3200,566.009,0,0,0,0,1,1,1,1]},"_groupIndex":1,"groupIndex":1},{"__type__":"cc.Node","_name":"coin5 copy","_parent":{"__id__":16},"_components":[{"__type__":"cc.Sprite","_name":"coin5 copy<Sprite>","node":{"__id__":22},"_materials":[{"__uuid__":"ecpdLyjvZBwrvm+cedCcQy"}],"_spriteFrame":{"__uuid__":"5fBaYM24ZPr4CKfNVUvrdH"},"_sizeMode":0},{"__type__":"cc.RigidBody","node":{"__id__":22},"_type":0,"_allowSleep":false,"enabledContactListener":true},{"__type__":"cc.PhysicsCircleCollider","node":{"__id__":22},"_sensor":true,"_restitution":0.2,"_radius":23},{"__type__":"069edsCLOBL15FM+XA6qGxf","node":{"__id__":22},"pickeffect":{"__uuid__":"2e0DSCaaJHNKIgvBUfLo/u"}}],"_prefab":{"__type__":"cc.PrefabInfo","root":{"__id__":1},"asset":{"__uuid__":"26n2CUMLRM+LLH0fkVRzAY"},"fileId":"2b3InCCxVOa7WiujyeG55W"},"_contentSize":{"__type__":"cc.Size","width":46,"height":46},"_trs":{"__type__":"TypedArray","ctor":"Float64Array","array":[3557.691,524.498,0,0,0,0,1,1,1,1]},"_groupIndex":1,"groupIndex":1},{"__type__":"cc.Node","_name":"coin5 copy","_parent":{"__id__":16},"_components":[{"__type__":"cc.Sprite","_name":"coin5 copy<Sprite>","node":{"__id__":23},"_materials":[{"__uuid__":"ecpdLyjvZBwrvm+cedCcQy"}],"_spriteFrame":{"__uuid__":"5fBaYM24ZPr4CKfNVUvrdH"},"_sizeMode":0},{"__type__":"cc.RigidBody","node":{"__id__":23},"_type":0,"_allowSleep":false,"enabledContactListener":true},{"__type__":"cc.PhysicsCircleCollider","node":{"__id__":23},"_sensor":true,"_restitution":0.2,"_radius":23},{"__type__":"069edsCLOBL15FM+XA6qGxf","node":{"__id__":23},"pickeffect":{"__uuid__":"2e0DSCaaJHNKIgvBUfLo/u"}}],"_prefab":{"__type__":"cc.PrefabInfo","root":{"__id__":1},"asset":{"__uuid__":"26n2CUMLRM+LLH0fkVRzAY"},"fileId":"00gEhPlwRM/qW6fQlFItt0"},"_contentSize":{"__type__":"cc.Size","width":46,"height":46},"_trs":{"__type__":"TypedArray","ctor":"Float64Array","array":[4295.116,422.818,0,0,0,0,1,1,1,1]},"_groupIndex":1,"groupIndex":1},{"__type__":"cc.Node","_name":"coin5 copy","_parent":{"__id__":16},"_components":[{"__type__":"cc.Sprite","_name":"coin5 copy<Sprite>","node":{"__id__":24},"_materials":[{"__uuid__":"ecpdLyjvZBwrvm+cedCcQy"}],"_spriteFrame":{"__uuid__":"5fBaYM24ZPr4CKfNVUvrdH"},"_sizeMode":0},{"__type__":"cc.RigidBody","node":{"__id__":24},"_type":0,"_allowSleep":false,"enabledContactListener":true},{"__type__":"cc.PhysicsCircleCollider","node":{"__id__":24},"_sensor":true,"_restitution":0.2,"_radius":23},{"__type__":"069edsCLOBL15FM+XA6qGxf","node":{"__id__":24},"pickeffect":{"__uuid__":"2e0DSCaaJHNKIgvBUfLo/u"}}],"_prefab":{"__type__":"cc.PrefabInfo","root":{"__id__":1},"asset":{"__uuid__":"26n2CUMLRM+LLH0fkVRzAY"},"fileId":"33YKPU9nxAV57yP8O4jSnS"},"_contentSize":{"__type__":"cc.Size","width":46,"height":46},"_trs":{"__type__":"TypedArray","ctor":"Float64Array","array":[3557.691,595.041,0,0,0,0,1,1,1,1]},"_groupIndex":1,"groupIndex":1},{"__type__":"cc.Node","_name":"coin5 copy","_parent":{"__id__":16},"_components":[{"__type__":"cc.Sprite","_name":"coin5 copy<Sprite>","node":{"__id__":25},"_materials":[{"__uuid__":"ecpdLyjvZBwrvm+cedCcQy"}],"_spriteFrame":{"__uuid__":"5fBaYM24ZPr4CKfNVUvrdH"},"_sizeMode":0},{"__type__":"cc.RigidBody","node":{"__id__":25},"_type":0,"_allowSleep":false,"enabledContactListener":true},{"__type__":"cc.PhysicsCircleCollider","node":{"__id__":25},"_sensor":true,"_restitution":0.2,"_radius":23},{"__type__":"069edsCLOBL15FM+XA6qGxf","node":{"__id__":25},"pickeffect":{"__uuid__":"2e0DSCaaJHNKIgvBUfLo/u"}}],"_prefab":{"__type__":"cc.PrefabInfo","root":{"__id__":1},"asset":{"__uuid__":"26n2CUMLRM+LLH0fkVRzAY"},"fileId":"12ZRaaN09Aa5tAeOUYGFsx"},"_contentSize":{"__type__":"cc.Size","width":46,"height":46},"_trs":{"__type__":"TypedArray","ctor":"Float64Array","array":[3557.691,462.202,0,0,0,0,1,1,1,1]},"_groupIndex":1,"groupIndex":1},{"__type__":"cc.Node","_name":"coin","_parent":{"__id__":16},"_components":[{"__type__":"cc.Sprite","_name":"coin<Sprite>","node":{"__id__":26},"_materials":[{"__uuid__":"ecpdLyjvZBwrvm+cedCcQy"}],"_spriteFrame":{"__uuid__":"5fBaYM24ZPr4CKfNVUvrdH"},"_sizeMode":0},{"__type__":"cc.RigidBody","node":{"__id__":26},"_type":0,"_allowSleep":false,"enabledContactListener":true},{"__type__":"cc.PhysicsCircleCollider","node":{"__id__":26},"_sensor":true,"_restitution":0.2,"_radius":23},{"__type__":"069edsCLOBL15FM+XA6qGxf","node":{"__id__":26},"pickeffect":{"__uuid__":"2e0DSCaaJHNKIgvBUfLo/u"}}],"_prefab":{"__type__":"cc.PrefabInfo","root":{"__id__":1},"asset":{"__uuid__":"26n2CUMLRM+LLH0fkVRzAY"},"fileId":"9dOw8LmplPQ4aRKyWgJ3eW"},"_contentSize":{"__type__":"cc.Size","width":46,"height":46},"_trs":{"__type__":"TypedArray","ctor":"Float64Array","array":[4292.794,342.488,0,0,0,0,1,1,1,1]},"_groupIndex":1,"groupIndex":1},{"__type__":"cc.Node","_name":"coin","_parent":{"__id__":16},"_components":[{"__type__":"cc.Sprite","_name":"coin<Sprite>","node":{"__id__":27},"_materials":[{"__uuid__":"ecpdLyjvZBwrvm+cedCcQy"}],"_spriteFrame":{"__uuid__":"5fBaYM24ZPr4CKfNVUvrdH"},"_sizeMode":0},{"__type__":"cc.RigidBody","node":{"__id__":27},"_type":0,"_allowSleep":false,"enabledContactListener":true},{"__type__":"cc.PhysicsCircleCollider","node":{"__id__":27},"_sensor":true,"_restitution":0.2,"_radius":23},{"__type__":"069edsCLOBL15FM+XA6qGxf","node":{"__id__":27},"pickeffect":{"__uuid__":"2e0DSCaaJHNKIgvBUfLo/u"}}],"_prefab":{"__type__":"cc.PrefabInfo","root":{"__id__":1},"asset":{"__uuid__":"26n2CUMLRM+LLH0fkVRzAY"},"fileId":"baoK3dbixHjJQnLGGkZPTs"},"_contentSize":{"__type__":"cc.Size","width":46,"height":46},"_trs":{"__type__":"TypedArray","ctor":"Float64Array","array":[5619.95,432.935,0,0,0,0,1,1,1,1]},"_groupIndex":1,"groupIndex":1},{"__type__":"cc.Node","_name":"coin","_parent":{"__id__":16},"_components":[{"__type__":"cc.Sprite","_name":"coin<Sprite>","node":{"__id__":28},"_materials":[{"__uuid__":"ecpdLyjvZBwrvm+cedCcQy"}],"_spriteFrame":{"__uuid__":"5fBaYM24ZPr4CKfNVUvrdH"},"_sizeMode":0},{"__type__":"cc.RigidBody","node":{"__id__":28},"_type":0,"_allowSleep":false,"enabledContactListener":true},{"__type__":"cc.PhysicsCircleCollider","node":{"__id__":28},"_sensor":true,"_restitution":0.2,"_radius":23},{"__type__":"069edsCLOBL15FM+XA6qGxf","node":{"__id__":28},"pickeffect":{"__uuid__":"2e0DSCaaJHNKIgvBUfLo/u"}}],"_prefab":{"__type__":"cc.PrefabInfo","root":{"__id__":1},"asset":{"__uuid__":"26n2CUMLRM+LLH0fkVRzAY"},"fileId":"afsUPyBflI9rpgoWuFxr+1"},"_contentSize":{"__type__":"cc.Size","width":46,"height":46},"_trs":{"__type__":"TypedArray","ctor":"Float64Array","array":[5553.239,374.138,0,0,0,0,1,1,1,1]},"_groupIndex":1,"groupIndex":1},{"__type__":"cc.Node","_name":"coin","_parent":{"__id__":16},"_components":[{"__type__":"cc.Sprite","_name":"coin<Sprite>","node":{"__id__":29},"_materials":[{"__uuid__":"ecpdLyjvZBwrvm+cedCcQy"}],"_spriteFrame":{"__uuid__":"5fBaYM24ZPr4CKfNVUvrdH"},"_sizeMode":0},{"__type__":"cc.RigidBody","node":{"__id__":29},"_type":0,"_allowSleep":false,"enabledContactListener":true},{"__type__":"cc.PhysicsCircleCollider","node":{"__id__":29},"_sensor":true,"_restitution":0.2,"_radius":23},{"__type__":"069edsCLOBL15FM+XA6qGxf","node":{"__id__":29},"pickeffect":{"__uuid__":"2e0DSCaaJHNKIgvBUfLo/u"}}],"_prefab":{"__type__":"cc.PrefabInfo","root":{"__id__":1},"asset":{"__uuid__":"26n2CUMLRM+LLH0fkVRzAY"},"fileId":"afM5X5FxJGRb1yLSM204iB"},"_contentSize":{"__type__":"cc.Size","width":46,"height":46},"_trs":{"__type__":"TypedArray","ctor":"Float64Array","array":[5619.959,313.491,0,0,0,0,1,1,1,1]},"_groupIndex":1,"groupIndex":1},{"__type__":"cc.Node","_name":"coin","_parent":{"__id__":16},"_components":[{"__type__":"cc.Sprite","_name":"coin<Sprite>","node":{"__id__":30},"_materials":[{"__uuid__":"ecpdLyjvZBwrvm+cedCcQy"}],"_spriteFrame":{"__uuid__":"5fBaYM24ZPr4CKfNVUvrdH"},"_sizeMode":0},{"__type__":"cc.RigidBody","node":{"__id__":30},"_type":0,"_allowSleep":false,"enabledContactListener":true},{"__type__":"cc.PhysicsCircleCollider","node":{"__id__":30},"_sensor":true,"_restitution":0.2,"_radius":23},{"__type__":"069edsCLOBL15FM+XA6qGxf","node":{"__id__":30},"pickeffect":{"__uuid__":"2e0DSCaaJHNKIgvBUfLo/u"}}],"_prefab":{"__type__":"cc.PrefabInfo","root":{"__id__":1},"asset":{"__uuid__":"26n2CUMLRM+LLH0fkVRzAY"},"fileId":"35IxQ1JTJHKohZaIWXOJQr"},"_contentSize":{"__type__":"cc.Size","width":46,"height":46},"_trs":{"__type__":"TypedArray","ctor":"Float64Array","array":[1430,287.22,0,0,0,0,1,1,1,1]},"_groupIndex":1,"groupIndex":1},{"__type__":"cc.Node","_name":"coin","_parent":{"__id__":16},"_components":[{"__type__":"cc.Sprite","_name":"coin<Sprite>","node":{"__id__":31},"_materials":[{"__uuid__":"ecpdLyjvZBwrvm+cedCcQy"}],"_spriteFrame":{"__uuid__":"5fBaYM24ZPr4CKfNVUvrdH"},"_sizeMode":0},{"__type__":"cc.RigidBody","node":{"__id__":31},"_type":0,"_allowSleep":false,"enabledContactListener":true},{"__type__":"cc.PhysicsCircleCollider","node":{"__id__":31},"_sensor":true,"_restitution":0.2,"_radius":23},{"__type__":"069edsCLOBL15FM+XA6qGxf","node":{"__id__":31},"pickeffect":{"__uuid__":"2e0DSCaaJHNKIgvBUfLo/u"}}],"_prefab":{"__type__":"cc.PrefabInfo","root":{"__id__":1},"asset":{"__uuid__":"26n2CUMLRM+LLH0fkVRzAY"},"fileId":"3cspzzS0pN0ZRhzwCUIGaV"},"_contentSize":{"__type__":"cc.Size","width":46,"height":46},"_trs":{"__type__":"TypedArray","ctor":"Float64Array","array":[1500,287.22,0,0,0,0,1,1,1,1]},"_groupIndex":1,"groupIndex":1},{"__type__":"cc.Node","_name":"coin","_parent":{"__id__":16},"_components":[{"__type__":"cc.Sprite","_name":"coin<Sprite>","node":{"__id__":32},"_materials":[{"__uuid__":"ecpdLyjvZBwrvm+cedCcQy"}],"_spriteFrame":{"__uuid__":"5fBaYM24ZPr4CKfNVUvrdH"},"_sizeMode":0},{"__type__":"cc.RigidBody","node":{"__id__":32},"_type":0,"_allowSleep":false,"enabledContactListener":true},{"__type__":"cc.PhysicsCircleCollider","node":{"__id__":32},"_sensor":true,"_restitution":0.2,"_radius":23},{"__type__":"069edsCLOBL15FM+XA6qGxf","node":{"__id__":32},"pickeffect":{"__uuid__":"2e0DSCaaJHNKIgvBUfLo/u"}}],"_prefab":{"__type__":"cc.PrefabInfo","root":{"__id__":1},"asset":{"__uuid__":"26n2CUMLRM+LLH0fkVRzAY"},"fileId":"96RlA8siRMlbFG3wmkiJ8v"},"_contentSize":{"__type__":"cc.Size","width":46,"height":46},"_trs":{"__type__":"TypedArray","ctor":"Float64Array","array":[4260.801,380.992,0,0,0,0,1,1,1,1]},"_groupIndex":1,"groupIndex":1},{"__type__":"cc.Node","_name":"coin","_parent":{"__id__":16},"_components":[{"__type__":"cc.Sprite","_name":"coin<Sprite>","node":{"__id__":33},"_materials":[{"__uuid__":"ecpdLyjvZBwrvm+cedCcQy"}],"_spriteFrame":{"__uuid__":"5fBaYM24ZPr4CKfNVUvrdH"},"_sizeMode":0},{"__type__":"cc.RigidBody","node":{"__id__":33},"_type":0,"_allowSleep":false,"enabledContactListener":true},{"__type__":"cc.PhysicsCircleCollider","node":{"__id__":33},"_sensor":true,"_restitution":0.2,"_radius":23},{"__type__":"069edsCLOBL15FM+XA6qGxf","node":{"__id__":33},"pickeffect":{"__uuid__":"2e0DSCaaJHNKIgvBUfLo/u"}}],"_prefab":{"__type__":"cc.PrefabInfo","root":{"__id__":1},"asset":{"__uuid__":"26n2CUMLRM+LLH0fkVRzAY"},"fileId":"c4jYzGN85P4apgMCoCMVMC"},"_contentSize":{"__type__":"cc.Size","width":46,"height":46},"_trs":{"__type__":"TypedArray","ctor":"Float64Array","array":[7239.224,380.992,0,0,0,0,1,1,1,1]},"_groupIndex":1,"groupIndex":1},{"__type__":"cc.Node","_name":"coin","_parent":{"__id__":16},"_components":[{"__type__":"cc.Sprite","_name":"coin<Sprite>","node":{"__id__":34},"_materials":[{"__uuid__":"ecpdLyjvZBwrvm+cedCcQy"}],"_spriteFrame":{"__uuid__":"5fBaYM24ZPr4CKfNVUvrdH"},"_sizeMode":0},{"__type__":"cc.RigidBody","node":{"__id__":34},"_type":0,"_allowSleep":false,"enabledContactListener":true},{"__type__":"cc.PhysicsCircleCollider","node":{"__id__":34},"_sensor":true,"_restitution":0.2,"_radius":23},{"__type__":"069edsCLOBL15FM+XA6qGxf","node":{"__id__":34},"pickeffect":{"__uuid__":"2e0DSCaaJHNKIgvBUfLo/u"}}],"_prefab":{"__type__":"cc.PrefabInfo","root":{"__id__":1},"asset":{"__uuid__":"26n2CUMLRM+LLH0fkVRzAY"},"fileId":"382KsGnoRHloL3vrQE+N0H"},"_contentSize":{"__type__":"cc.Size","width":46,"height":46},"_trs":{"__type__":"TypedArray","ctor":"Float64Array","array":[7892.029,380.992,0,0,0,0,1,1,1,1]},"_groupIndex":1,"groupIndex":1},{"__type__":"cc.Node","_name":"coin","_parent":{"__id__":16},"_components":[{"__type__":"cc.Sprite","_name":"coin<Sprite>","node":{"__id__":35},"_materials":[{"__uuid__":"ecpdLyjvZBwrvm+cedCcQy"}],"_spriteFrame":{"__uuid__":"5fBaYM24ZPr4CKfNVUvrdH"},"_sizeMode":0},{"__type__":"cc.RigidBody","node":{"__id__":35},"_type":0,"_allowSleep":false,"enabledContactListener":true},{"__type__":"cc.PhysicsCircleCollider","node":{"__id__":35},"_sensor":true,"_restitution":0.2,"_radius":23},{"__type__":"069edsCLOBL15FM+XA6qGxf","node":{"__id__":35},"pickeffect":{"__uuid__":"2e0DSCaaJHNKIgvBUfLo/u"}}],"_prefab":{"__type__":"cc.PrefabInfo","root":{"__id__":1},"asset":{"__uuid__":"26n2CUMLRM+LLH0fkVRzAY"},"fileId":"ffn1ngJLZB06rqeuFlRHFF"},"_contentSize":{"__type__":"cc.Size","width":46,"height":46},"_trs":{"__type__":"TypedArray","ctor":"Float64Array","array":[7950.237,380.992,0,0,0,0,1,1,1,1]},"_groupIndex":1,"groupIndex":1},{"__type__":"cc.Node","_name":"coin","_parent":{"__id__":16},"_components":[{"__type__":"cc.Sprite","_name":"coin<Sprite>","node":{"__id__":36},"_materials":[{"__uuid__":"ecpdLyjvZBwrvm+cedCcQy"}],"_spriteFrame":{"__uuid__":"5fBaYM24ZPr4CKfNVUvrdH"},"_sizeMode":0},{"__type__":"cc.RigidBody","node":{"__id__":36},"_type":0,"_allowSleep":false,"enabledContactListener":true},{"__type__":"cc.PhysicsCircleCollider","node":{"__id__":36},"_sensor":true,"_restitution":0.2,"_radius":23},{"__type__":"069edsCLOBL15FM+XA6qGxf","node":{"__id__":36},"pickeffect":{"__uuid__":"2e0DSCaaJHNKIgvBUfLo/u"}}],"_prefab":{"__type__":"cc.PrefabInfo","root":{"__id__":1},"asset":{"__uuid__":"26n2CUMLRM+LLH0fkVRzAY"},"fileId":"e3L5Jrjn5OToKv5gJILkM6"},"_contentSize":{"__type__":"cc.Size","width":46,"height":46},"_trs":{"__type__":"TypedArray","ctor":"Float64Array","array":[8002.988,380.992,0,0,0,0,1,1,1,1]},"_groupIndex":1,"groupIndex":1},{"__type__":"cc.Node","_name":"coin","_parent":{"__id__":16},"_components":[{"__type__":"cc.Sprite","_name":"coin<Sprite>","node":{"__id__":37},"_materials":[{"__uuid__":"ecpdLyjvZBwrvm+cedCcQy"}],"_spriteFrame":{"__uuid__":"5fBaYM24ZPr4CKfNVUvrdH"},"_sizeMode":0},{"__type__":"cc.RigidBody","node":{"__id__":37},"_type":0,"_allowSleep":false,"enabledContactListener":true},{"__type__":"cc.PhysicsCircleCollider","node":{"__id__":37},"_sensor":true,"_restitution":0.2,"_radius":23},{"__type__":"069edsCLOBL15FM+XA6qGxf","node":{"__id__":37},"pickeffect":{"__uuid__":"2e0DSCaaJHNKIgvBUfLo/u"}}],"_prefab":{"__type__":"cc.PrefabInfo","root":{"__id__":1},"asset":{"__uuid__":"26n2CUMLRM+LLH0fkVRzAY"},"fileId":"cajdoHfipCHLpgFEkQtwlk"},"_contentSize":{"__type__":"cc.Size","width":46,"height":46},"_trs":{"__type__":"TypedArray","ctor":"Float64Array","array":[8064.834,380.992,0,0,0,0,1,1,1,1]},"_groupIndex":1,"groupIndex":1},{"__type__":"cc.Node","_name":"Triangle_02","_parent":{"__id__":15},"_children":[{"__id__":39},{"__id__":41}],"_components":[{"__type__":"cc.Sprite","node":{"__id__":38},"_materials":[{"__uuid__":"ecpdLyjvZBwrvm+cedCcQy"}]},{"__id__":40}],"_prefab":{"__type__":"cc.PrefabInfo","root":{"__id__":1},"asset":{"__uuid__":"26n2CUMLRM+LLH0fkVRzAY"},"fileId":"79PzC3YopJsbHK3mfTEVqr"},"_contentSize":{"__type__":"cc.Size","width":584,"height":495},"_trs":{"__type__":"TypedArray","ctor":"Float64Array","array":[7241.786,52.304,0,0,0,0,1,1,1,1]},"_groupIndex":3,"groupIndex":3},{"__type__":"cc.Node","_name":"Branch_07","_parent":{"__id__":38},"_components":[{"__type__":"cc.Sprite","node":{"__id__":39},"_materials":[{"__uuid__":"ecpdLyjvZBwrvm+cedCcQy"}],"_spriteFrame":{"__uuid__":"92t9prJ/dCpLNTGFijI9+P"}},{"__type__":"cc.RigidBody","node":{"__id__":39}},{"__type__":"cc.PhysicsBoxCollider","node":{"__id__":39},"_size":{"__type__":"cc.Size","width":500,"height":51}},{"__type__":"cc.RevoluteJoint","node":{"__id__":39},"connectedAnchor":{"__type__":"cc.Vec2","y":230},"connectedBody":{"__id__":40},"_enableLimit":true,"lowerAngle":-30,"upperAngle":30}],"_prefab":{"__type__":"cc.PrefabInfo","root":{"__id__":1},"asset":{"__uuid__":"26n2CUMLRM+LLH0fkVRzAY"},"fileId":"e93EBLKn9MYJfVKmQAE7yG"},"_contentSize":{"__type__":"cc.Size","width":500,"height":51},"_trs":{"__type__":"TypedArray","ctor":"Float64Array","array":[0,230,0,0,0,0,1,1,1,1]},"_groupIndex":3,"groupIndex":3},{"__type__":"cc.RigidBody","node":{"__id__":38},"_type":0,"_allowSleep":false},{"__type__":"cc.Node","_name":"Triangle_02","_parent":{"__id__":38},"_components":[{"__type__":"cc.Sprite","node":{"__id__":41},"_materials":[{"__uuid__":"ecpdLyjvZBwrvm+cedCcQy"}],"_spriteFrame":{"__uuid__":"fdJM7nKQlPa4Ckqm84bC5r"}}],"_prefab":{"__type__":"cc.PrefabInfo","root":{"__id__":1},"asset":{"__uuid__":"26n2CUMLRM+LLH0fkVRzAY"},"fileId":"376Wq3kj5GfYQdhKlnRoSj"},"_contentSize":{"__type__":"cc.Size","width":584,"height":495},"_trs":{"__type__":"TypedArray","ctor":"Float64Array","array":[8.609,-40.584,0,0,0,0,1,1,1,1]},"_groupIndex":3,"groupIndex":3},{"__type__":"cc.Node","_name":"water","_parent":{"__id__":15},"_children":[{"__id__":43},{"__id__":44},{"__id__":46},{"__id__":47},{"__id__":48},{"__id__":50},{"__id__":51},{"__id__":52},{"__id__":54},{"__id__":55}],"_prefab":{"__type__":"cc.PrefabInfo","root":{"__id__":1},"asset":{"__uuid__":"26n2CUMLRM+LLH0fkVRzAY"},"fileId":"21jMZmmNJKcLrv187yZLNb"},"_trs":{"__type__":"TypedArray","ctor":"Float64Array","array":[0,0,0,0,0,0,1,1,1,1]}},{"__type__":"cc.Node","_name":"water","_parent":{"__id__":42},"_components":[{"__type__":"cc.Sprite","node":{"__id__":43},"_materials":[{"__uuid__":"65aP0KEIpAk7/pjJNosxL5"}],"_spriteFrame":{"__uuid__":"0db9rXK7BAuJhYB4L7U0Kf"},"_sizeMode":0},{"__type__":"019bfUOFLZAC62vrujK9eUg","node":{"__id__":43},"normalmap":{"__uuid__":"abTirDIrROorOQNbbLQEOw"},"fallin_effect":{"__uuid__":"08QeMWPQtOsIi8UzSsTttc"}},{"__type__":"2f15ftGjExIyrnz9ttHdx3T","node":{"__id__":43},"density":2.5}],"_prefab":{"__type__":"cc.PrefabInfo","root":{"__id__":1},"asset":{"__uuid__":"26n2CUMLRM+LLH0fkVRzAY"},"fileId":"71YvYMPAlNlZQAyd6+IO1V"},"_contentSize":{"__type__":"cc.Size","width":500,"height":256},"_trs":{"__type__":"TypedArray","ctor":"Float64Array","array":[1913.191,68.919,0,0,0,0,1,1,1,1]},"_groupIndex":2,"groupIndex":2},{"__type__":"cc.Node","_name":"water-bubble","_parent":{"__id__":42},"_components":[{"__id__":45}],"_prefab":{"__type__":"cc.PrefabInfo","root":{"__id__":1},"asset":{"__uuid__":"26n2CUMLRM+LLH0fkVRzAY"},"fileId":"7c3cF/eopCI62f9rWeRbmo"},"_trs":{"__type__":"TypedArray","ctor":"Float64Array","array":[1877.194,-30.081,0,0,0,0,1,1,1,1]},"_groupIndex":2,"groupIndex":2},{"__type__":"cc.ParticleSystem","node":{"__id__":44},"_materials":[{"__uuid__":"ecpdLyjvZBwrvm+cedCcQy"}],"_dstBlendFactor":1,"_custom":true,"_file":{"__uuid__":"93SrmrwrVFgaLvA6HesiAd"},"_spriteFrame":{"__uuid__":"038oKT9rlDW5GqnT+aEE7K"},"totalParticles":80,"emissionRate":40,"lifeVar":0.5,"_startColor":{"__type__":"cc.Color","r":124,"g":255,"b":216,"a":0},"_startColorVar":{"__type__":"cc.Color","g":66,"b":73,"a":49},"_endColor":{"__type__":"cc.Color","r":193,"g":255,"b":255,"a":61},"_endColorVar":{"__type__":"cc.Color","g":79,"b":61,"a":54},"angleVar":40,"startSize":2,"startSizeVar":2,"endSize":15,"endSizeVar":5,"posVar":{"__type__":"cc.Vec2","x":400,"y":50},"_positionType":1,"positionType":1,"gravity":{"__type__":"cc.Vec2","y":20},"speed":20,"speedVar":10,"tangentialAccel":0},{"__type__":"cc.Node","_name":"water_wave","_parent":{"__id__":42},"_components":[{"__type__":"cc.Animation","node":{"__id__":46},"_defaultClip":{"__uuid__":"e7Pq6jGgxO8aBeoB4a8Qlr"},"_clips":[{"__uuid__":"e7Pq6jGgxO8aBeoB4a8Qlr"}]},{"__type__":"cc.Sprite","node":{"__id__":46},"_materials":[{"__uuid__":"ecpdLyjvZBwrvm+cedCcQy"}],"_spriteFrame":{"__uuid__":"c3wTswCOlDlbssla3OaU0R"}},{"__type__":"cc.RigidBody","node":{"__id__":46},"_type":0,"enabledContactListener":true},{"__type__":"cc.PhysicsCircleCollider","node":{"__id__":46},"_sensor":true,"_radius":1000},{"__type__":"3bbb1SGj/9JnblxsAvaGhl6","node":{"__id__":46},"bubble_particle":{"__id__":45}}],"_prefab":{"__type__":"cc.PrefabInfo","root":{"__id__":1},"asset":{"__uuid__":"26n2CUMLRM+LLH0fkVRzAY"},"fileId":"48neMPcClPEKDBWMgE0FzJ"},"_contentSize":{"__type__":"cc.Size","width":943,"height":19},"_trs":{"__type__":"TypedArray","ctor":"Float64Array","array":[1895.655,204.79,0,0,0,0,1,1,1,1]},"_groupIndex":2,"groupIndex":2},{"__type__":"cc.Node","_name":"water","_parent":{"__id__":42},"_components":[{"__type__":"cc.Sprite","node":{"__id__":47},"_materials":[{"__uuid__":"65aP0KEIpAk7/pjJNosxL5"}],"_spriteFrame":{"__uuid__":"0db9rXK7BAuJhYB4L7U0Kf"},"_sizeMode":0},{"__type__":"019bfUOFLZAC62vrujK9eUg","node":{"__id__":47},"normalmap":{"__uuid__":"abTirDIrROorOQNbbLQEOw"},"fallin_effect":{"__uuid__":"08QeMWPQtOsIi8UzSsTttc"}},{"__type__":"2f15ftGjExIyrnz9ttHdx3T","node":{"__id__":47},"density":2.5}],"_prefab":{"__type__":"cc.PrefabInfo","root":{"__id__":1},"asset":{"__uuid__":"26n2CUMLRM+LLH0fkVRzAY"},"fileId":"60wnb77gdA+KET+8gO9Tk/"},"_contentSize":{"__type__":"cc.Size","width":500,"height":256},"_trs":{"__type__":"TypedArray","ctor":"Float64Array","array":[3695.093,68.919,0,0,0,0,1,1,1,1]},"_groupIndex":2,"groupIndex":2},{"__type__":"cc.Node","_name":"water-bubble","_parent":{"__id__":42},"_active":false,"_components":[{"__id__":49}],"_prefab":{"__type__":"cc.PrefabInfo","root":{"__id__":1},"asset":{"__uuid__":"26n2CUMLRM+LLH0fkVRzAY"},"fileId":"f5569tXGhM0rhgN36WDKyj"},"_trs":{"__type__":"TypedArray","ctor":"Float64Array","array":[3695.093,-30.081,0,0,0,0,1,1,1,1]},"_groupIndex":2,"groupIndex":2},{"__type__":"cc.ParticleSystem","node":{"__id__":48},"_materials":[{"__uuid__":"ecpdLyjvZBwrvm+cedCcQy"}],"_dstBlendFactor":1,"_custom":true,"_file":{"__uuid__":"93SrmrwrVFgaLvA6HesiAd"},"_spriteFrame":{"__uuid__":"038oKT9rlDW5GqnT+aEE7K"},"totalParticles":80,"emissionRate":40,"lifeVar":0.5,"_startColor":{"__type__":"cc.Color","r":124,"g":255,"b":216,"a":0},"_startColorVar":{"__type__":"cc.Color","g":66,"b":73,"a":49},"_endColor":{"__type__":"cc.Color","r":193,"g":255,"b":255,"a":61},"_endColorVar":{"__type__":"cc.Color","g":79,"b":61,"a":54},"angleVar":40,"startSize":2,"startSizeVar":2,"endSize":15,"endSizeVar":5,"posVar":{"__type__":"cc.Vec2","x":400,"y":50},"_positionType":1,"positionType":1,"gravity":{"__type__":"cc.Vec2","y":20},"speed":20,"speedVar":10,"tangentialAccel":0},{"__type__":"cc.Node","_name":"water_wave","_parent":{"__id__":42},"_components":[{"__type__":"cc.Animation","node":{"__id__":50},"_defaultClip":{"__uuid__":"e7Pq6jGgxO8aBeoB4a8Qlr"},"_clips":[{"__uuid__":"e7Pq6jGgxO8aBeoB4a8Qlr"}]},{"__type__":"cc.Sprite","node":{"__id__":50},"_materials":[{"__uuid__":"ecpdLyjvZBwrvm+cedCcQy"}],"_spriteFrame":{"__uuid__":"c3wTswCOlDlbssla3OaU0R"}},{"__type__":"cc.RigidBody","node":{"__id__":50},"_type":0,"enabledContactListener":true},{"__type__":"cc.PhysicsCircleCollider","node":{"__id__":50},"_sensor":true,"_radius":1000},{"__type__":"3bbb1SGj/9JnblxsAvaGhl6","node":{"__id__":50},"bubble_particle":{"__id__":49}}],"_prefab":{"__type__":"cc.PrefabInfo","root":{"__id__":1},"asset":{"__uuid__":"26n2CUMLRM+LLH0fkVRzAY"},"fileId":"faxOvFOsxNAZ5WkaOEvYEW"},"_contentSize":{"__type__":"cc.Size","width":943,"height":19},"_trs":{"__type__":"TypedArray","ctor":"Float64Array","array":[3713.554,206.84,0,0,0,0,1,1,1,1]},"_groupIndex":2,"groupIndex":2},{"__type__":"cc.Node","_name":"water","_parent":{"__id__":42},"_components":[{"__type__":"cc.Sprite","node":{"__id__":51},"_materials":[{"__uuid__":"65aP0KEIpAk7/pjJNosxL5"}],"_spriteFrame":{"__uuid__":"0db9rXK7BAuJhYB4L7U0Kf"},"_sizeMode":0},{"__type__":"019bfUOFLZAC62vrujK9eUg","node":{"__id__":51},"normalmap":{"__uuid__":"abTirDIrROorOQNbbLQEOw"},"fallin_effect":{"__uuid__":"08QeMWPQtOsIi8UzSsTttc"}},{"__type__":"2f15ftGjExIyrnz9ttHdx3T","node":{"__id__":51},"density":2.5}],"_prefab":{"__type__":"cc.PrefabInfo","root":{"__id__":1},"asset":{"__uuid__":"26n2CUMLRM+LLH0fkVRzAY"},"fileId":"9bMc1Sgc9Dq7vQr/vvIxu9"},"_contentSize":{"__type__":"cc.Size","width":1300,"height":256},"_trs":{"__type__":"TypedArray","ctor":"Float64Array","array":[7267.734,68.919,0,0,0,0,1,1,1,1]},"_groupIndex":2,"groupIndex":2},{"__type__":"cc.Node","_name":"water-bubble","_parent":{"__id__":42},"_active":false,"_components":[{"__id__":53}],"_prefab":{"__type__":"cc.PrefabInfo","root":{"__id__":1},"asset":{"__uuid__":"26n2CUMLRM+LLH0fkVRzAY"},"fileId":"bbsd6NgnJFvIYAyubHBIET"},"_trs":{"__type__":"TypedArray","ctor":"Float64Array","array":[7267.734,-30.081,0,0,0,0,1,1,1,1]},"_groupIndex":2,"groupIndex":2},{"__type__":"cc.ParticleSystem","node":{"__id__":52},"_materials":[{"__uuid__":"ecpdLyjvZBwrvm+cedCcQy"}],"_dstBlendFactor":1,"_custom":true,"_file":{"__uuid__":"93SrmrwrVFgaLvA6HesiAd"},"_spriteFrame":{"__uuid__":"038oKT9rlDW5GqnT+aEE7K"},"totalParticles":80,"emissionRate":40,"lifeVar":0.5,"_startColor":{"__type__":"cc.Color","r":124,"g":255,"b":216,"a":0},"_startColorVar":{"__type__":"cc.Color","g":66,"b":73,"a":49},"_endColor":{"__type__":"cc.Color","r":193,"g":255,"b":255,"a":61},"_endColorVar":{"__type__":"cc.Color","g":79,"b":61,"a":54},"angleVar":40,"startSize":2,"startSizeVar":2,"endSize":15,"endSizeVar":5,"posVar":{"__type__":"cc.Vec2","x":400,"y":50},"_positionType":1,"positionType":1,"gravity":{"__type__":"cc.Vec2","y":20},"speed":20,"speedVar":10,"tangentialAccel":0},{"__type__":"cc.Node","_name":"water_wave","_parent":{"__id__":42},"_components":[{"__type__":"cc.Animation","node":{"__id__":54},"_defaultClip":{"__uuid__":"e7Pq6jGgxO8aBeoB4a8Qlr"},"_clips":[{"__uuid__":"e7Pq6jGgxO8aBeoB4a8Qlr"}]},{"__type__":"cc.Sprite","node":{"__id__":54},"_materials":[{"__uuid__":"ecpdLyjvZBwrvm+cedCcQy"}],"_spriteFrame":{"__uuid__":"c3wTswCOlDlbssla3OaU0R"}},{"__type__":"cc.RigidBody","node":{"__id__":54},"_type":0,"enabledContactListener":true},{"__type__":"cc.PhysicsCircleCollider","node":{"__id__":54},"_sensor":true,"_radius":1000},{"__type__":"3bbb1SGj/9JnblxsAvaGhl6","node":{"__id__":54},"bubble_particle":{"__id__":53}}],"_prefab":{"__type__":"cc.PrefabInfo","root":{"__id__":1},"asset":{"__uuid__":"26n2CUMLRM+LLH0fkVRzAY"},"fileId":"99UEEKwUdL1Ir9bH4SOlzc"},"_contentSize":{"__type__":"cc.Size","width":943,"height":19},"_trs":{"__type__":"TypedArray","ctor":"Float64Array","array":[7286.195,206.88,0,0,0,0,1,1,1,1]},"_groupIndex":2,"groupIndex":2},{"__type__":"cc.Node","_name":"water","_parent":{"__id__":42},"_components":[{"__type__":"cc.Sprite","node":{"__id__":55},"_materials":[{"__uuid__":"65aP0KEIpAk7/pjJNosxL5"}],"_spriteFrame":{"__uuid__":"0db9rXK7BAuJhYB4L7U0Kf"},"_sizeMode":0},{"__type__":"019bfUOFLZAC62vrujK9eUg","node":{"__id__":55},"normalmap":{"__uuid__":"abTirDIrROorOQNbbLQEOw"},"fallin_effect":{"__uuid__":"08QeMWPQtOsIi8UzSsTttc"}},{"__type__":"2f15ftGjExIyrnz9ttHdx3T","node":{"__id__":55},"density":2.5}],"_prefab":{"__type__":"cc.PrefabInfo","root":{"__id__":1},"asset":{"__uuid__":"26n2CUMLRM+LLH0fkVRzAY"},"fileId":"77CiV0/GhGma3p3Yp1nmoE"},"_contentSize":{"__type__":"cc.Size","width":500,"height":256},"_trs":{"__type__":"TypedArray","ctor":"Float64Array","array":[1913.907,66.938,0,0,0,0,1,1,1,1]},"_groupIndex":2,"groupIndex":2},{"__type__":"cc.Node","_name":"woodspike","_parent":{"__id__":15},"_children":[{"__id__":57}],"_components":[{"__type__":"cc.Sprite","node":{"__id__":56},"_materials":[{"__uuid__":"ecpdLyjvZBwrvm+cedCcQy"}],"_spriteFrame":{"__uuid__":"10HMLQLKpDMo6VwsxUy0ZN"}},{"__type__":"cc.RigidBody","node":{"__id__":56},"_type":0,"_allowSleep":false,"enabledContactListener":true},{"__type__":"cc.PhysicsBoxCollider","node":{"__id__":56},"_size":{"__type__":"cc.Size","width":227,"height":187}},{"__type__":"1361dmY/GFDUryCEbVUptv1","node":{"__id__":56}}],"_prefab":{"__type__":"cc.PrefabInfo","root":{"__id__":1},"asset":{"__uuid__":"26n2CUMLRM+LLH0fkVRzAY"},"fileId":"01JuOvN9VJHLCh803rEaZ4"},"_contentSize":{"__type__":"cc.Size","width":227,"height":187},"_trs":{"__type__":"TypedArray","ctor":"Float64Array","array":[5024.461,131.545,0,0,0,0,1,1.5,1.5,1.5]},"_groupIndex":1,"groupIndex":1},{"__type__":"cc.Node","_name":"woodspike","_parent":{"__id__":56},"_components":[{"__type__":"cc.Sprite","node":{"__id__":57},"_materials":[{"__uuid__":"ecpdLyjvZBwrvm+cedCcQy"}],"_spriteFrame":{"__uuid__":"10HMLQLKpDMo6VwsxUy0ZN"}},{"__type__":"1361dmY/GFDUryCEbVUptv1","node":{"__id__":57}}],"_prefab":{"__type__":"cc.PrefabInfo","root":{"__id__":1},"asset":{"__uuid__":"26n2CUMLRM+LLH0fkVRzAY"},"fileId":"4eXzuoC71MuKEu1o+aRxT7"},"_contentSize":{"__type__":"cc.Size","width":227,"height":187},"_trs":{"__type__":"TypedArray","ctor":"Float64Array","array":[20,0,0,0,0,0,1,-1,1,1]},"_groupIndex":1,"groupIndex":1},{"__type__":"cc.Node","_name":"woodspike","_parent":{"__id__":15},"_children":[{"__id__":59}],"_components":[{"__type__":"cc.Sprite","node":{"__id__":58},"_materials":[{"__uuid__":"ecpdLyjvZBwrvm+cedCcQy"}],"_spriteFrame":{"__uuid__":"10HMLQLKpDMo6VwsxUy0ZN"}},{"__type__":"cc.RigidBody","node":{"__id__":58},"_type":0,"_allowSleep":false,"enabledContactListener":true},{"__type__":"cc.PhysicsBoxCollider","node":{"__id__":58},"_size":{"__type__":"cc.Size","width":227,"height":187}},{"__type__":"1361dmY/GFDUryCEbVUptv1","node":{"__id__":58}}],"_prefab":{"__type__":"cc.PrefabInfo","root":{"__id__":1},"asset":{"__uuid__":"26n2CUMLRM+LLH0fkVRzAY"},"fileId":"a1+hToXtNPd6k/GiBImb45"},"_contentSize":{"__type__":"cc.Size","width":227,"height":187},"_trs":{"__type__":"TypedArray","ctor":"Float64Array","array":[5340.461,131.545,0,0,0,0,1,1.5,1.5,1.5]},"_groupIndex":1,"groupIndex":1},{"__type__":"cc.Node","_name":"woodspike","_parent":{"__id__":58},"_components":[{"__type__":"cc.Sprite","node":{"__id__":59},"_materials":[{"__uuid__":"ecpdLyjvZBwrvm+cedCcQy"}],"_spriteFrame":{"__uuid__":"10HMLQLKpDMo6VwsxUy0ZN"}},{"__type__":"1361dmY/GFDUryCEbVUptv1","node":{"__id__":59}}],"_prefab":{"__type__":"cc.PrefabInfo","root":{"__id__":1},"asset":{"__uuid__":"26n2CUMLRM+LLH0fkVRzAY"},"fileId":"c6C87jqkVLOIZM8nT8dgXC"},"_contentSize":{"__type__":"cc.Size","width":227,"height":187},"_trs":{"__type__":"TypedArray","ctor":"Float64Array","array":[20,0,0,0,0,0,1,-1,1,1]},"_groupIndex":1,"groupIndex":1},{"__type__":"cc.Node","_name":"redballs","_parent":{"__id__":1},"_children":[{"__id__":61}],"_prefab":{"__type__":"cc.PrefabInfo","root":{"__id__":1},"asset":{"__uuid__":"26n2CUMLRM+LLH0fkVRzAY"},"fileId":"a5E0LWpqFLr7se7ajddHOO"},"_trs":{"__type__":"TypedArray","ctor":"Float64Array","array":[0,0,0,0,0,0,1,1,1,1]}},{"__type__":"cc.Node","_name":"redball","_parent":{"__id__":60},"_components":[{"__type__":"cc.Sprite","_name":"redball<Sprite>","node":{"__id__":61},"_materials":[{"__uuid__":"ecpdLyjvZBwrvm+cedCcQy"}],"_spriteFrame":{"__uuid__":"8amSVup6xJdK42n8GJawo0"},"_sizeMode":0}],"_prefab":{"__type__":"cc.PrefabInfo","root":{"__id__":1},"asset":{"__uuid__":"26n2CUMLRM+LLH0fkVRzAY"},"fileId":"eblJv+A/lE4bSZgYzyCFmp"},"_contentSize":{"__type__":"cc.Size","width":70,"height":70},"_trs":{"__type__":"TypedArray","ctor":"Float64Array","array":[500,366.769,0,0,0,0,1,1,1,1]},"_groupIndex":1,"groupIndex":1},{"__type__":"cc.Node","_name":"map","_parent":{"__id__":1},"_children":[{"__id__":63},{"__id__":64},{"__id__":65},{"__id__":66},{"__id__":67},{"__id__":68},{"__id__":69},{"__id__":70},{"__id__":71},{"__id__":72},{"__id__":73},{"__id__":74},{"__id__":75},{"__id__":76},{"__id__":77},{"__id__":78},{"__id__":79},{"__id__":80},{"__id__":81},{"__id__":82},{"__id__":83},{"__id__":84},{"__id__":85},{"__id__":86},{"__id__":87},{"__id__":88}],"_components":[{"__type__":"cc.Sprite","_name":"level-1-bg<Sprite>","node":{"__id__":62},"_enabled":false,"_materials":[{"__uuid__":"ecpdLyjvZBwrvm+cedCcQy"}],"_sizeMode":0},{"__type__":"cc.Widget","node":{"__id__":62},"_alignFlags":12,"_left":-260},{"__type__":"cc.RigidBody","node":{"__id__":62},"_type":0,"enabledContactListener":true},{"__type__":"3f7d7Fq0GJHmorMw7NXzmcC","node":{"__id__":62}},{"__type__":"cc.PhysicsPolygonCollider","node":{"__id__":62},"_offset":{"__type__":"cc.Vec2","x":108,"y":185},"points":[{"__type__":"cc.Vec2","x":-108,"y":-185},{"__type__":"cc.Vec2","x":1890.8,"y":-185.2},{"__type__":"cc.Vec2","x":1892,"y":74.8},{"__type__":"cc.Vec2","x":-107.1,"y":74.2}]},{"__type__":"cc.PhysicsPolygonCollider","node":{"__id__":62},"_offset":{"__type__":"cc.Vec2","x":2493,"y":199},"points":[{"__type__":"cc.Vec2","x":-209.2,"y":-198.99},{"__type__":"cc.Vec2","x":1291.7,"y":-198.4},{"__type__":"cc.Vec2","x":1291.7,"y":250.7},{"__type__":"cc.Vec2","x":793.1,"y":250.1},{"__type__":"cc.Vec2","x":791.85,"y":100.95},{"__type__":"cc.Vec2","x":-209.3,"y":100.9}]},{"__type__":"cc.PhysicsPolygonCollider","node":{"__id__":62},"_offset":{"__type__":"cc.Vec2","x":4222,"y":171},"points":[{"__type__":"cc.Vec2","x":-101.4,"y":-172.7},{"__type__":"cc.Vec2","x":2895.38,"y":-171.06},{"__type__":"cc.Vec2","x":2895.48,"y":129.16},{"__type__":"cc.Vec2","x":1395.44,"y":129.01},{"__type__":"cc.Vec2","x":1395.45,"y":28.91},{"__type__":"cc.Vec2","x":898.9,"y":29.02},{"__type__":"cc.Vec2","x":898.9,"y":129.03},{"__type__":"cc.Vec2","x":-99.9,"y":128.8}]},{"__type__":"cc.PhysicsPolygonCollider","node":{"__id__":62},"_offset":{"__type__":"cc.Vec2","x":8452,"y":153},"points":[{"__type__":"cc.Vec2","x":-507,"y":-150.4},{"__type__":"cc.Vec2","x":1497,"y":-146},{"__type__":"cc.Vec2","x":1498,"y":148},{"__type__":"cc.Vec2","x":-506.36,"y":149}]}],"_prefab":{"__type__":"cc.PrefabInfo","root":{"__id__":1},"asset":{"__uuid__":"26n2CUMLRM+LLH0fkVRzAY"},"fileId":"e1fBD8bPhPQ7TjfhC+D/jc"},"_contentSize":{"__type__":"cc.Size","width":6045,"height":260},"_anchorPoint":{"__type__":"cc.Vec2"},"_trs":{"__type__":"TypedArray","ctor":"Float64Array","array":[-260,0,0,0,0,0,1,1,1,1]},"_groupIndex":3,"groupIndex":3},{"__type__":"cc.Node","_name":"m1","_parent":{"__id__":62},"_components":[{"__type__":"cc.Sprite","_name":"m1<Sprite>","node":{"__id__":63},"_materials":[{"__uuid__":"ecpdLyjvZBwrvm+cedCcQy"}],"_spriteFrame":{"__uuid__":"51q8+fqytKHrQY/IIUURyc"},"_type":2,"_sizeMode":0}],"_prefab":{"__type__":"cc.PrefabInfo","root":{"__id__":1},"asset":{"__uuid__":"26n2CUMLRM+LLH0fkVRzAY"},"fileId":"56z/8aBfhPoL2fkqjqE8+n"},"_contentSize":{"__type__":"cc.Size","width":2000,"height":260},"_anchorPoint":{"__type__":"cc.Vec2"},"_trs":{"__type__":"TypedArray","ctor":"Float64Array","array":[0,0,0,0,0,0,1,1,1,1]},"_groupIndex":3,"groupIndex":3},{"__type__":"cc.Node","_name":"m2","_parent":{"__id__":62},"_components":[{"__type__":"cc.Sprite","_name":"m2<Sprite>","node":{"__id__":64},"_materials":[{"__uuid__":"ecpdLyjvZBwrvm+cedCcQy"}],"_spriteFrame":{"__uuid__":"51q8+fqytKHrQY/IIUURyc"},"_type":2,"_sizeMode":0}],"_prefab":{"__type__":"cc.PrefabInfo","root":{"__id__":1},"asset":{"__uuid__":"26n2CUMLRM+LLH0fkVRzAY"},"fileId":"cbkEL1KnNOVr4/+QLuAtOX"},"_contentSize":{"__type__":"cc.Size","width":1000,"height":300},"_anchorPoint":{"__type__":"cc.Vec2"},"_trs":{"__type__":"TypedArray","ctor":"Float64Array","array":[2283.814,0,0,0,0,0,1,1,1,1]},"_groupIndex":3,"groupIndex":3},{"__type__":"cc.Node","_name":"m3","_parent":{"__id__":62},"_components":[{"__type__":"cc.Sprite","_name":"m2<Sprite>","node":{"__id__":65},"_materials":[{"__uuid__":"ecpdLyjvZBwrvm+cedCcQy"}],"_spriteFrame":{"__uuid__":"51q8+fqytKHrQY/IIUURyc"},"_type":2,"_sizeMode":0}],"_prefab":{"__type__":"cc.PrefabInfo","root":{"__id__":1},"asset":{"__uuid__":"26n2CUMLRM+LLH0fkVRzAY"},"fileId":"19R5vggNRMEr8uaD8sh7Ft"},"_contentSize":{"__type__":"cc.Size","width":500,"height":450},"_anchorPoint":{"__type__":"cc.Vec2"},"_trs":{"__type__":"TypedArray","ctor":"Float64Array","array":[3284.718,0,0,0,0,0,1,1,1,1]},"_groupIndex":3,"groupIndex":3},{"__type__":"cc.Node","_name":"2","_parent":{"__id__":62},"_components":[{"__type__":"cc.Sprite","node":{"__id__":66},"_materials":[{"__uuid__":"ecpdLyjvZBwrvm+cedCcQy"}],"_spriteFrame":{"__uuid__":"fdFE5R4t5L+6SmLSJgQmLJ"},"_type":2,"_sizeMode":0}],"_prefab":{"__type__":"cc.PrefabInfo","root":{"__id__":1},"asset":{"__uuid__":"26n2CUMLRM+LLH0fkVRzAY"},"fileId":"a0QRJ+qUpIKZ2VbnKNhy/K"},"_contentSize":{"__type__":"cc.Size","width":350,"height":38},"_trs":{"__type__":"TypedArray","ctor":"Float64Array","array":[12.701,126.728,0,0,0,0.7071067811865475,0.7071067811865476,0.7,0.7,1]},"_eulerAngles":{"__type__":"cc.Vec3","z":90}},{"__type__":"cc.Node","_name":"2","_parent":{"__id__":62},"_components":[{"__type__":"cc.Sprite","node":{"__id__":67},"_materials":[{"__uuid__":"ecpdLyjvZBwrvm+cedCcQy"}],"_spriteFrame":{"__uuid__":"fdFE5R4t5L+6SmLSJgQmLJ"},"_type":2,"_sizeMode":0}],"_prefab":{"__type__":"cc.PrefabInfo","root":{"__id__":1},"asset":{"__uuid__":"26n2CUMLRM+LLH0fkVRzAY"},"fileId":"36OO+H3UFOS4+5IZZPFHVx"},"_contentSize":{"__type__":"cc.Size","width":2850,"height":38},"_trs":{"__type__":"TypedArray","ctor":"Float64Array","array":[1001.869,246.591,0,0,0,0,1,0.7,0.7,1]}},{"__type__":"cc.Node","_name":"1","_parent":{"__id__":62},"_components":[{"__type__":"cc.Sprite","node":{"__id__":68},"_materials":[{"__uuid__":"ecpdLyjvZBwrvm+cedCcQy"}],"_spriteFrame":{"__uuid__":"fdFE5R4t5L+6SmLSJgQmLJ"}}],"_prefab":{"__type__":"cc.PrefabInfo","root":{"__id__":1},"asset":{"__uuid__":"26n2CUMLRM+LLH0fkVRzAY"},"fileId":"e0gBxYJAxF+YAgsanwl/m6"},"_contentSize":{"__type__":"cc.Size","width":522,"height":44},"_trs":{"__type__":"TypedArray","ctor":"Float64Array","array":[182.242,10.829,0,0,0,0,1,0.7,0.7,1]}},{"__type__":"cc.Node","_name":"2","_parent":{"__id__":62},"_components":[{"__type__":"cc.Sprite","node":{"__id__":69},"_materials":[{"__uuid__":"ecpdLyjvZBwrvm+cedCcQy"}],"_spriteFrame":{"__uuid__":"fdFE5R4t5L+6SmLSJgQmLJ"},"_type":2,"_sizeMode":0}],"_prefab":{"__type__":"cc.PrefabInfo","root":{"__id__":1},"asset":{"__uuid__":"26n2CUMLRM+LLH0fkVRzAY"},"fileId":"b2n2yCk6BF+rLlC22RiUUe"},"_contentSize":{"__type__":"cc.Size","width":2700,"height":38},"_trs":{"__type__":"TypedArray","ctor":"Float64Array","array":[1042.161,10.565,0,0,0,0,1,0.7,0.7,1]}},{"__type__":"cc.Node","_name":"2","_parent":{"__id__":62},"_components":[{"__type__":"cc.Sprite","node":{"__id__":70},"_materials":[{"__uuid__":"ecpdLyjvZBwrvm+cedCcQy"}],"_spriteFrame":{"__uuid__":"fdFE5R4t5L+6SmLSJgQmLJ"},"_type":2,"_sizeMode":0}],"_prefab":{"__type__":"cc.PrefabInfo","root":{"__id__":1},"asset":{"__uuid__":"26n2CUMLRM+LLH0fkVRzAY"},"fileId":"a8J8+4DXxIHpSHs+V3E8ox"},"_contentSize":{"__type__":"cc.Size","width":360,"height":38},"_trs":{"__type__":"TypedArray","ctor":"Float64Array","array":[1987.149,123.336,0,0,0,0.7071067811865475,0.7071067811865476,0.7,0.7,1]},"_eulerAngles":{"__type__":"cc.Vec3","z":90}},{"__type__":"cc.Node","_name":"m2","_parent":{"__id__":62},"_components":[{"__type__":"cc.Sprite","_name":"m2<Sprite>","node":{"__id__":71},"_materials":[{"__uuid__":"ecpdLyjvZBwrvm+cedCcQy"}],"_spriteFrame":{"__uuid__":"51q8+fqytKHrQY/IIUURyc"},"_type":2,"_sizeMode":0}],"_prefab":{"__type__":"cc.PrefabInfo","root":{"__id__":1},"asset":{"__uuid__":"26n2CUMLRM+LLH0fkVRzAY"},"fileId":"25Qd/hjhBA/K560SP6lErH"},"_contentSize":{"__type__":"cc.Size","width":1000,"height":300},"_anchorPoint":{"__type__":"cc.Vec2"},"_trs":{"__type__":"TypedArray","ctor":"Float64Array","array":[4120.894,0,0,0,0,0,1,1,1,1]},"_groupIndex":3,"groupIndex":3},{"__type__":"cc.Node","_name":"m2","_parent":{"__id__":62},"_components":[{"__type__":"cc.Sprite","_name":"m2<Sprite>","node":{"__id__":72},"_materials":[{"__uuid__":"ecpdLyjvZBwrvm+cedCcQy"}],"_spriteFrame":{"__uuid__":"51q8+fqytKHrQY/IIUURyc"},"_type":2,"_sizeMode":0}],"_prefab":{"__type__":"cc.PrefabInfo","root":{"__id__":1},"asset":{"__uuid__":"26n2CUMLRM+LLH0fkVRzAY"},"fileId":"5eBM+0fqFIIKiQ1oQaojQO"},"_contentSize":{"__type__":"cc.Size","width":500,"height":200},"_anchorPoint":{"__type__":"cc.Vec2"},"_trs":{"__type__":"TypedArray","ctor":"Float64Array","array":[5116.817,0,0,0,0,0,1,1,1,1]},"_groupIndex":3,"groupIndex":3},{"__type__":"cc.Node","_name":"m2","_parent":{"__id__":62},"_components":[{"__type__":"cc.Sprite","_name":"m2<Sprite>","node":{"__id__":73},"_materials":[{"__uuid__":"ecpdLyjvZBwrvm+cedCcQy"}],"_spriteFrame":{"__uuid__":"51q8+fqytKHrQY/IIUURyc"},"_type":2,"_sizeMode":0}],"_prefab":{"__type__":"cc.PrefabInfo","root":{"__id__":1},"asset":{"__uuid__":"26n2CUMLRM+LLH0fkVRzAY"},"fileId":"cdUnFgFNVFy5Ug1PTZ+3R7"},"_contentSize":{"__type__":"cc.Size","width":1500,"height":300},"_anchorPoint":{"__type__":"cc.Vec2"},"_trs":{"__type__":"TypedArray","ctor":"Float64Array","array":[5617.449,0,0,0,0,0,1,1,1,1]},"_groupIndex":3,"groupIndex":3},{"__type__":"cc.Node","_name":"m2","_parent":{"__id__":62},"_components":[{"__type__":"cc.Sprite","_name":"m2<Sprite>","node":{"__id__":74},"_materials":[{"__uuid__":"ecpdLyjvZBwrvm+cedCcQy"}],"_spriteFrame":{"__uuid__":"51q8+fqytKHrQY/IIUURyc"},"_type":2,"_sizeMode":0}],"_prefab":{"__type__":"cc.PrefabInfo","root":{"__id__":1},"asset":{"__uuid__":"26n2CUMLRM+LLH0fkVRzAY"},"fileId":"c7EycL3otEJqq742oUIdIj"},"_contentSize":{"__type__":"cc.Size","width":2000,"height":300},"_anchorPoint":{"__type__":"cc.Vec2"},"_trs":{"__type__":"TypedArray","ctor":"Float64Array","array":[7947.568,0,0,0,0,0,1,1,1,1]},"_groupIndex":3,"groupIndex":3},{"__type__":"cc.Node","_name":"2","_parent":{"__id__":62},"_components":[{"__type__":"cc.Sprite","node":{"__id__":75},"_materials":[{"__uuid__":"ecpdLyjvZBwrvm+cedCcQy"}],"_spriteFrame":{"__uuid__":"fdFE5R4t5L+6SmLSJgQmLJ"},"_type":2,"_sizeMode":0}],"_prefab":{"__type__":"cc.PrefabInfo","root":{"__id__":1},"asset":{"__uuid__":"26n2CUMLRM+LLH0fkVRzAY"},"fileId":"914zE7Hq9MvqEw/8Oaua7L"},"_contentSize":{"__type__":"cc.Size","width":430,"height":38},"_trs":{"__type__":"TypedArray","ctor":"Float64Array","array":[2297.057,149.796,0,0,0,0.7071067811865475,0.7071067811865476,0.7,0.7,1]},"_eulerAngles":{"__type__":"cc.Vec3","z":90}},{"__type__":"cc.Node","_name":"2","_parent":{"__id__":62},"_components":[{"__type__":"cc.Sprite","node":{"__id__":76},"_materials":[{"__uuid__":"ecpdLyjvZBwrvm+cedCcQy"}],"_spriteFrame":{"__uuid__":"fdFE5R4t5L+6SmLSJgQmLJ"},"_type":2,"_sizeMode":0}],"_prefab":{"__type__":"cc.PrefabInfo","root":{"__id__":1},"asset":{"__uuid__":"26n2CUMLRM+LLH0fkVRzAY"},"fileId":"14SD4wgRhGyatXa2aUXsUQ"},"_contentSize":{"__type__":"cc.Size","width":1430,"height":38},"_anchorPoint":{"__type__":"cc.Vec2","y":0.5},"_trs":{"__type__":"TypedArray","ctor":"Float64Array","array":[2283.981,287.088,0,0,0,0,1,0.7,0.7,1]}},{"__type__":"cc.Node","_name":"2","_parent":{"__id__":62},"_components":[{"__type__":"cc.Sprite","node":{"__id__":77},"_materials":[{"__uuid__":"ecpdLyjvZBwrvm+cedCcQy"}],"_spriteFrame":{"__uuid__":"fdFE5R4t5L+6SmLSJgQmLJ"},"_type":2,"_sizeMode":0}],"_prefab":{"__type__":"cc.PrefabInfo","root":{"__id__":1},"asset":{"__uuid__":"26n2CUMLRM+LLH0fkVRzAY"},"fileId":"c34+C54vBPMJad1GmamS2n"},"_contentSize":{"__type__":"cc.Size","width":250,"height":38},"_anchorPoint":{"__type__":"cc.Vec2","y":0.5},"_trs":{"__type__":"TypedArray","ctor":"Float64Array","array":[3298.307,273.405,0,0,0,0.7071067811865475,0.7071067811865476,0.7,0.7,1]},"_eulerAngles":{"__type__":"cc.Vec3","z":90}},{"__type__":"cc.Node","_name":"2","_parent":{"__id__":62},"_components":[{"__type__":"cc.Sprite","node":{"__id__":78},"_materials":[{"__uuid__":"ecpdLyjvZBwrvm+cedCcQy"}],"_spriteFrame":{"__uuid__":"fdFE5R4t5L+6SmLSJgQmLJ"},"_type":2,"_sizeMode":0}],"_prefab":{"__type__":"cc.PrefabInfo","root":{"__id__":1},"asset":{"__uuid__":"26n2CUMLRM+LLH0fkVRzAY"},"fileId":"e8iEYFFzdBboEyy9ekMtdq"},"_contentSize":{"__type__":"cc.Size","width":715,"height":38},"_anchorPoint":{"__type__":"cc.Vec2","y":0.5},"_trs":{"__type__":"TypedArray","ctor":"Float64Array","array":[3284.696,436.996,0,0,0,0,1,0.7,0.7,1]}},{"__type__":"cc.Node","_name":"2","_parent":{"__id__":62},"_components":[{"__type__":"cc.Sprite","node":{"__id__":79},"_materials":[{"__uuid__":"ecpdLyjvZBwrvm+cedCcQy"}],"_spriteFrame":{"__uuid__":"fdFE5R4t5L+6SmLSJgQmLJ"},"_type":2,"_sizeMode":0}],"_prefab":{"__type__":"cc.PrefabInfo","root":{"__id__":1},"asset":{"__uuid__":"26n2CUMLRM+LLH0fkVRzAY"},"fileId":"1euqjybfJLSp5/yNht5p/+"},"_contentSize":{"__type__":"cc.Size","width":620,"height":38},"_anchorPoint":{"__type__":"cc.Vec2","y":0.5},"_trs":{"__type__":"TypedArray","ctor":"Float64Array","array":[3771.324,0.004,0,0,0,0.7071067811865475,0.7071067811865476,0.7,0.7,1]},"_eulerAngles":{"__type__":"cc.Vec3","z":90}},{"__type__":"cc.Node","_name":"2","_parent":{"__id__":62},"_components":[{"__type__":"cc.Sprite","node":{"__id__":80},"_materials":[{"__uuid__":"ecpdLyjvZBwrvm+cedCcQy"}],"_spriteFrame":{"__uuid__":"fdFE5R4t5L+6SmLSJgQmLJ"},"_type":2,"_sizeMode":0}],"_prefab":{"__type__":"cc.PrefabInfo","root":{"__id__":1},"asset":{"__uuid__":"26n2CUMLRM+LLH0fkVRzAY"},"fileId":"b9i2Gk8TtD5bY/V2eup5M/"},"_contentSize":{"__type__":"cc.Size","width":430,"height":38},"_anchorPoint":{"__type__":"cc.Vec2","y":0.5},"_trs":{"__type__":"TypedArray","ctor":"Float64Array","array":[4134.045,0.004,0,0,0,0.7071067811865475,0.7071067811865476,0.7,0.7,1]},"_eulerAngles":{"__type__":"cc.Vec3","z":90}},{"__type__":"cc.Node","_name":"2","_parent":{"__id__":62},"_components":[{"__type__":"cc.Sprite","node":{"__id__":81},"_materials":[{"__uuid__":"ecpdLyjvZBwrvm+cedCcQy"}],"_spriteFrame":{"__uuid__":"fdFE5R4t5L+6SmLSJgQmLJ"},"_type":2,"_sizeMode":0}],"_prefab":{"__type__":"cc.PrefabInfo","root":{"__id__":1},"asset":{"__uuid__":"26n2CUMLRM+LLH0fkVRzAY"},"fileId":"85zTFQyCdMg6N+bR7u3fJz"},"_contentSize":{"__type__":"cc.Size","width":1430,"height":38},"_anchorPoint":{"__type__":"cc.Vec2","y":0.5},"_trs":{"__type__":"TypedArray","ctor":"Float64Array","array":[4120.482,287.518,0,0,0,0,1,0.7,0.7,1]}},{"__type__":"cc.Node","_name":"2","_parent":{"__id__":62},"_components":[{"__type__":"cc.Sprite","node":{"__id__":82},"_materials":[{"__uuid__":"ecpdLyjvZBwrvm+cedCcQy"}],"_spriteFrame":{"__uuid__":"fdFE5R4t5L+6SmLSJgQmLJ"},"_type":2,"_sizeMode":0}],"_prefab":{"__type__":"cc.PrefabInfo","root":{"__id__":1},"asset":{"__uuid__":"26n2CUMLRM+LLH0fkVRzAY"},"fileId":"5fbD+pHpRA8o7QzccSI7Tl"},"_contentSize":{"__type__":"cc.Size","width":150,"height":38},"_anchorPoint":{"__type__":"cc.Vec2","y":0.5},"_trs":{"__type__":"TypedArray","ctor":"Float64Array","array":[5108.166,173.162,0,0,0,0.7071067811865475,0.7071067811865476,0.7,0.7,1]},"_eulerAngles":{"__type__":"cc.Vec3","z":90}},{"__type__":"cc.Node","_name":"2","_parent":{"__id__":62},"_components":[{"__type__":"cc.Sprite","node":{"__id__":83},"_materials":[{"__uuid__":"ecpdLyjvZBwrvm+cedCcQy"}],"_spriteFrame":{"__uuid__":"fdFE5R4t5L+6SmLSJgQmLJ"},"_type":2,"_sizeMode":0}],"_prefab":{"__type__":"cc.PrefabInfo","root":{"__id__":1},"asset":{"__uuid__":"26n2CUMLRM+LLH0fkVRzAY"},"fileId":"a5XPnJatNF+ZdDX/+E6Un3"},"_contentSize":{"__type__":"cc.Size","width":750,"height":38},"_anchorPoint":{"__type__":"cc.Vec2","y":0.5},"_trs":{"__type__":"TypedArray","ctor":"Float64Array","array":[5095.265,186.533,0,0,0,0,1,0.7,0.7,1]}},{"__type__":"cc.Node","_name":"2","_parent":{"__id__":62},"_components":[{"__type__":"cc.Sprite","node":{"__id__":84},"_materials":[{"__uuid__":"ecpdLyjvZBwrvm+cedCcQy"}],"_spriteFrame":{"__uuid__":"fdFE5R4t5L+6SmLSJgQmLJ"},"_type":2,"_sizeMode":0}],"_prefab":{"__type__":"cc.PrefabInfo","root":{"__id__":1},"asset":{"__uuid__":"26n2CUMLRM+LLH0fkVRzAY"},"fileId":"786o3yALdNO4hB1Qy5AU20"},"_contentSize":{"__type__":"cc.Size","width":180,"height":38},"_anchorPoint":{"__type__":"cc.Vec2","y":0.5},"_trs":{"__type__":"TypedArray","ctor":"Float64Array","array":[5630.623,173.162,0,0,0,0.7071067811865475,0.7071067811865476,0.7,0.7,1]},"_eulerAngles":{"__type__":"cc.Vec3","z":90}},{"__type__":"cc.Node","_name":"2","_parent":{"__id__":62},"_components":[{"__type__":"cc.Sprite","node":{"__id__":85},"_materials":[{"__uuid__":"ecpdLyjvZBwrvm+cedCcQy"}],"_spriteFrame":{"__uuid__":"fdFE5R4t5L+6SmLSJgQmLJ"},"_type":2,"_sizeMode":0}],"_prefab":{"__type__":"cc.PrefabInfo","root":{"__id__":1},"asset":{"__uuid__":"26n2CUMLRM+LLH0fkVRzAY"},"fileId":"182YXU5YFCMaIPUyyO+Ehx"},"_contentSize":{"__type__":"cc.Size","width":2140,"height":38},"_anchorPoint":{"__type__":"cc.Vec2","y":0.5},"_trs":{"__type__":"TypedArray","ctor":"Float64Array","array":[5617.917,286.599,0,0,0,0,1,0.7,0.7,1]}},{"__type__":"cc.Node","_name":"2","_parent":{"__id__":62},"_components":[{"__type__":"cc.Sprite","node":{"__id__":86},"_materials":[{"__uuid__":"ecpdLyjvZBwrvm+cedCcQy"}],"_spriteFrame":{"__uuid__":"fdFE5R4t5L+6SmLSJgQmLJ"},"_type":2,"_sizeMode":0}],"_prefab":{"__type__":"cc.PrefabInfo","root":{"__id__":1},"asset":{"__uuid__":"26n2CUMLRM+LLH0fkVRzAY"},"fileId":"6fi9OVyVpHPbV6fQvc1XT5"},"_contentSize":{"__type__":"cc.Size","width":430,"height":38},"_anchorPoint":{"__type__":"cc.Vec2","y":0.5},"_trs":{"__type__":"TypedArray","ctor":"Float64Array","array":[7104.013,0.165,0,0,0,0.7071067811865475,0.7071067811865476,0.7,0.7,1]},"_eulerAngles":{"__type__":"cc.Vec3","z":90}},{"__type__":"cc.Node","_name":"2","_parent":{"__id__":62},"_components":[{"__type__":"cc.Sprite","node":{"__id__":87},"_materials":[{"__uuid__":"ecpdLyjvZBwrvm+cedCcQy"}],"_spriteFrame":{"__uuid__":"fdFE5R4t5L+6SmLSJgQmLJ"},"_type":2,"_sizeMode":0}],"_prefab":{"__type__":"cc.PrefabInfo","root":{"__id__":1},"asset":{"__uuid__":"26n2CUMLRM+LLH0fkVRzAY"},"fileId":"54lDIzszRH5ZTEiOHW9hOi"},"_contentSize":{"__type__":"cc.Size","width":430,"height":38},"_anchorPoint":{"__type__":"cc.Vec2","y":0.5},"_trs":{"__type__":"TypedArray","ctor":"Float64Array","array":[7961.031,0.165,0,0,0,0.7071067811865475,0.7071067811865476,0.7,0.7,1]},"_eulerAngles":{"__type__":"cc.Vec3","z":90}},{"__type__":"cc.Node","_name":"2","_parent":{"__id__":62},"_components":[{"__type__":"cc.Sprite","node":{"__id__":88},"_materials":[{"__uuid__":"ecpdLyjvZBwrvm+cedCcQy"}],"_spriteFrame":{"__uuid__":"fdFE5R4t5L+6SmLSJgQmLJ"},"_type":2,"_sizeMode":0}],"_prefab":{"__type__":"cc.PrefabInfo","root":{"__id__":1},"asset":{"__uuid__":"26n2CUMLRM+LLH0fkVRzAY"},"fileId":"49SY85JTxMgZ9nzrsh8iyh"},"_contentSize":{"__type__":"cc.Size","width":2900,"height":38},"_anchorPoint":{"__type__":"cc.Vec2","y":0.5},"_trs":{"__type__":"TypedArray","ctor":"Float64Array","array":[7947.249,286.599,0,0,0,0,1,0.7,0.7,1]}},{"__type__":"cc.Node","_name":"points","_parent":{"__id__":1},"_children":[{"__type__":"cc.Node","_name":"p1","_parent":{"__id__":89},"_prefab":{"__type__":"cc.PrefabInfo","root":{"__id__":1},"asset":{"__uuid__":"26n2CUMLRM+LLH0fkVRzAY"},"fileId":"e0i6UzdsRFQ6KLsgWK/K3W"},"_trs":{"__type__":"TypedArray","ctor":"Float64Array","array":[640,420,0,0,0,0,1,1,1,1]}},{"__type__":"cc.Node","_name":"p1","_parent":{"__id__":89},"_prefab":{"__type__":"cc.PrefabInfo","root":{"__id__":1},"asset":{"__uuid__":"26n2CUMLRM+LLH0fkVRzAY"},"fileId":"479aS3nz9JYbZguVLAdhyP"},"_trs":{"__type__":"TypedArray","ctor":"Float64Array","array":[2981.064,420,0,0,0,0,1,1,1,1]}},{"__type__":"cc.Node","_name":"p1","_parent":{"__id__":89},"_prefab":{"__type__":"cc.PrefabInfo","root":{"__id__":1},"asset":{"__uuid__":"26n2CUMLRM+LLH0fkVRzAY"},"fileId":"d1UmpFZxRFrbU3W7cEcnuT"},"_trs":{"__type__":"TypedArray","ctor":"Float64Array","array":[2999.692,620,0,0,0,0,1,1,1,1]}},{"__type__":"cc.Node","_name":"p1","_parent":{"__id__":89},"_prefab":{"__type__":"cc.PrefabInfo","root":{"__id__":1},"asset":{"__uuid__":"26n2CUMLRM+LLH0fkVRzAY"},"fileId":"11vPNoOS9MQ5sJjnlfPhwa"},"_trs":{"__type__":"TypedArray","ctor":"Float64Array","array":[3651.77,420,0,0,0,0,1,1,1,1]}},{"__type__":"cc.Node","_name":"p1","_parent":{"__id__":89},"_prefab":{"__type__":"cc.PrefabInfo","root":{"__id__":1},"asset":{"__uuid__":"26n2CUMLRM+LLH0fkVRzAY"},"fileId":"6eUndfuqJJC6LJ+du/YDp/"},"_trs":{"__type__":"TypedArray","ctor":"Float64Array","array":[3750.807,420,0,0,0,0,1,1,1,1]}},{"__type__":"cc.Node","_name":"p1","_parent":{"__id__":89},"_prefab":{"__type__":"cc.PrefabInfo","root":{"__id__":1},"asset":{"__uuid__":"26n2CUMLRM+LLH0fkVRzAY"},"fileId":"3eCUFEKNhD9oGdcpXV4LKO"},"_trs":{"__type__":"TypedArray","ctor":"Float64Array","array":[4808.777,420,0,0,0,0,1,1,1,1]}},{"__type__":"cc.Node","_name":"p1","_parent":{"__id__":89},"_prefab":{"__type__":"cc.PrefabInfo","root":{"__id__":1},"asset":{"__uuid__":"26n2CUMLRM+LLH0fkVRzAY"},"fileId":"829Flau7lNXozU0XG6Qogn"},"_trs":{"__type__":"TypedArray","ctor":"Float64Array","array":[8503.399,420,0,0,0,0,1,1,1,1]}}],"_components":[{"__type__":"f6f92o9xoBI1aLPMvQN70M5","node":{"__id__":89}}],"_prefab":{"__type__":"cc.PrefabInfo","root":{"__id__":1},"asset":{"__uuid__":"26n2CUMLRM+LLH0fkVRzAY"},"fileId":"256yiDJZxI9ZQA80SEzO/Y"},"_trs":{"__type__":"TypedArray","ctor":"Float64Array","array":[0,0,0,0,0,0,1,1,1,1]}},{"__type__":"cc.Node","_name":"box_box","_parent":{"__id__":1},"_children":[{"__id__":91},{"__id__":92}],"_prefab":{"__type__":"cc.PrefabInfo","root":{"__id__":1},"asset":{"__uuid__":"26n2CUMLRM+LLH0fkVRzAY"},"fileId":"592JaC4Q9CrLMV9CjNVx5J"},"_trs":{"__type__":"TypedArray","ctor":"Float64Array","array":[-35.468,35.468,0,0,0,0,1,1,1,1]}},{"__type__":"cc.Node","_name":"dazzle","_parent":{"__id__":90},"_components":[{"__type__":"cc.Sprite","node":{"__id__":91},"_materials":[{"__uuid__":"ecpdLyjvZBwrvm+cedCcQy"}],"_spriteFrame":{"__uuid__":"7dtBpkOKJCOYRMql8o1GeZ"}},{"__type__":"843e4uJ/vROcKYcmAz/qlZ2","node":{"__id__":91}}],"_prefab":{"__type__":"cc.PrefabInfo","root":{"__id__":1},"asset":{"__uuid__":"26n2CUMLRM+LLH0fkVRzAY"},"fileId":"bfsSlCh+5K3bb3Ec3QCIHg"},"_contentSize":{"__type__":"cc.Size","width":754,"height":776},"_trs":{"__type__":"TypedArray","ctor":"Float64Array","array":[6375.485,337.549,0,0,0,0,1,0.3,0.3,0.3]}},{"__type__":"cc.Node","_name":"box","_parent":{"__id__":90},"_components":[{"__type__":"cc.Sprite","node":{"__id__":92},"_materials":[{"__uuid__":"ecpdLyjvZBwrvm+cedCcQy"}],"_spriteFrame":{"__uuid__":"a1xXzxgtpCIr4CwdhohL1H"},"_sizeMode":0},{"__type__":"cc.RigidBody","node":{"__id__":92},"_type":0},{"__type__":"cc.PhysicsBoxCollider","node":{"__id__":92},"_sensor":true,"_size":{"__type__":"cc.Size","width":355,"height":338}}],"_prefab":{"__type__":"cc.PrefabInfo","root":{"__id__":1},"asset":{"__uuid__":"26n2CUMLRM+LLH0fkVRzAY"},"fileId":"42kYAxub9J6rck6kWlLgEb"},"_contentSize":{"__type__":"cc.Size","width":355,"height":338},"_trs":{"__type__":"TypedArray","ctor":"Float64Array","array":[6375.485,337.549,0,0,0,0,1,0.3,0.3,0.3]},"_groupIndex":1,"groupIndex":1}],{"__type__":"cc.SpriteFrame","content":{"name":"fill map 1","texture":"60cRc1qedPIaOD/FOZqzlm","rect":[1407,3,512,512],"offset":[0,0],"originalSize":[512,512],"capInsets":[0,0,0,0]}},{"__type__":"cc.SpriteFrame","content":{"name":"coin_new","texture":"110b18844","rect":[3,622,64,64],"offset":[0,0],"originalSize":[64,64],"capInsets":[0,0,0,0]}},{"__type__":"cc.SpriteFrame","content":{"name":"图层 61","texture":"b2MScKwz9BT4kInk3E86Db","rect":[0,0,754,776],"offset":[0,0],"originalSize":[754,776],"capInsets":[0,0,0,0]}},{"__type__":"cc.SpriteFrame","content":{"name":"skin1_2","texture":"186d6527b","rect":[243,850,100,100],"offset":[0,0],"originalSize":[128,128],"capInsets":[0,0,0,0]}},{"__type__":"cc.SpriteFrame","content":{"name":"关卡指示牌-3","texture":"fbYisHukRK/6SWZSDpYXxb","rect":[71,108,302,322],"offset":[0,-5],"originalSize":[444,528],"capInsets":[0,0,0,0]}},{"__type__":"cc.SpriteFrame","content":{"name":"Branch_07","texture":"113252041","rect":[329,949,500,51],"offset":[0,1.5],"originalSize":[500,54],"capInsets":[0,0,0,0]}},{"__type__":"cc.SpriteFrame","content":{"name":"开宝箱","texture":"05dkSnzCFDJrxhCggIvceP","rect":[66,57,265,236],"offset":[-1.5,-8],"originalSize":[400,334],"capInsets":[0,0,0,0]}},{"__type__":"cc.SpriteFrame","content":{"name":"normal3","texture":"40e7mc9GtLcqq6i0M7DIwi","rect":[0,0,256,256],"offset":[0,0],"originalSize":[256,256],"capInsets":[0,0,0,0]}},{"__type__":"cc.SpriteFrame","content":{"name":"smoke1","texture":"baKp5FfjhBbIbSFV/OlgiN","rect":[1,2,62,60],"offset":[0,0],"originalSize":[64,64],"capInsets":[0,0,0,0]}},{"__type__":"cc.SpriteFrame","content":{"name":"Level_14w_04","texture":"15f20cb8d","rect":[158,3,943,19],"offset":[0,-0.5],"originalSize":[943,20],"rotated":1,"capInsets":[0,0,0,0]}},{"__type__":"cc.SpriteFrame","content":{"name":"关卡指示牌-2","texture":"ceRftKe3JCbYEQW9th2i14","rect":[71,108,302,322],"offset":[0,-5],"originalSize":[444,528],"capInsets":[0,0,0,0]}},{"__type__":"cc.SpriteFrame","content":{"name":"flag_0","texture":"1e1fca5a7","rect":[290,745,273,192],"offset":[0,0],"originalSize":[273,192],"rotated":1,"capInsets":[0,0,0,0]}},{"__type__":"cc.SpriteFrame","content":{"name":"Square_enemy","texture":"166c691fb","rect":[196,265,126,128],"offset":[0,0],"originalSize":[128,128],"capInsets":[0,0,0,0]}},{"__type__":"cc.SpriteFrame","content":{"name":"地皮-皮(1)","texture":"863YkRmSFNyb4H8L0NG8Iy","rect":[0,0,522,44],"offset":[0,0],"originalSize":[522,44],"capInsets":[0,0,0,0]}},{"__type__":"cc.SpriteFrame","content":{"name":"Triangle_02","texture":"110b18844","rect":[3,32,584,495],"offset":[0,0],"originalSize":[584,495],"rotated":1,"capInsets":[0,0,0,0]}}]