[{"__type__":"cc.SpriteFrame","content":{"name":"loading-animation_27","texture":"229M6RLblOwbAmVWCzYsY3","rect":[192,192,64,64],"offset":[0,0],"originalSize":[64,64],"capInsets":[0,0,0,0]}},{"__type__":"cc.SpriteFrame","content":{"name":"loading-animation_21","texture":"229M6RLblOwbAmVWCzYsY3","rect":[320,128,64,64],"offset":[0,0],"originalSize":[64,64],"capInsets":[0,0,0,0]}},{"__type__":"cc.SpriteFrame","content":{"name":"loading-animation_19","texture":"229M6RLblOwbAmVWCzYsY3","rect":[192,128,64,64],"offset":[0,0],"originalSize":[64,64],"capInsets":[0,0,0,0]}},{"__type__":"cc.SpriteFrame","content":{"name":"loading-animation_37","texture":"229M6RLblOwbAmVWCzYsY3","rect":[320,256,64,64],"offset":[0,0],"originalSize":[64,64],"capInsets":[0,0,0,0]}},{"__type__":"cc.SpriteFrame","content":{"name":"loading-animation_6","texture":"229M6RLblOwbAmVWCzYsY3","rect":[384,0,64,64],"offset":[0,0],"originalSize":[64,64],"capInsets":[0,0,0,0]}},{"__type__":"cc.SpriteFrame","content":{"name":"loading-animation_33","texture":"229M6RLblOwbAmVWCzYsY3","rect":[64,256,64,64],"offset":[0,0],"originalSize":[64,64],"capInsets":[0,0,0,0]}},{"__type__":"cc.SpriteFrame","content":{"name":"loading-animation_0","texture":"229M6RLblOwbAmVWCzYsY3","rect":[0,0,64,64],"offset":[0,0],"originalSize":[64,64],"capInsets":[0,0,0,0]}},{"__type__":"cc.SpriteFrame","content":{"name":"loading-animation_7","texture":"229M6RLblOwbAmVWCzYsY3","rect":[448,0,64,64],"offset":[0,0],"originalSize":[64,64],"capInsets":[0,0,0,0]}},{"__type__":"cc.SpriteFrame","content":{"name":"loading-animation_32","texture":"229M6RLblOwbAmVWCzYsY3","rect":[0,256,64,64],"offset":[0,0],"originalSize":[64,64],"capInsets":[0,0,0,0]}},{"__type__":"cc.SpriteFrame","content":{"name":"loading-animation_39","texture":"229M6RLblOwbAmVWCzYsY3","rect":[448,256,64,64],"offset":[0,0],"originalSize":[64,64],"capInsets":[0,0,0,0]}},{"__type__":"cc.SpriteFrame","content":{"name":"loading-animation_11","texture":"229M6RLblOwbAmVWCzYsY3","rect":[192,64,64,64],"offset":[0,0],"originalSize":[64,64],"capInsets":[0,0,0,0]}},{"__type__":"cc.SpriteFrame","content":{"name":"loading-animation_8","texture":"229M6RLblOwbAmVWCzYsY3","rect":[0,64,64,64],"offset":[0,0],"originalSize":[64,64],"capInsets":[0,0,0,0]}},{"__type__":"cc.SpriteFrame","content":{"name":"loading-animation_28","texture":"229M6RLblOwbAmVWCzYsY3","rect":[256,192,64,64],"offset":[0,0],"originalSize":[64,64],"capInsets":[0,0,0,0]}},{"__type__":"cc.SpriteFrame","content":{"name":"loading-animation_38","texture":"229M6RLblOwbAmVWCzYsY3","rect":[384,256,64,64],"offset":[0,0],"originalSize":[64,64],"capInsets":[0,0,0,0]}},{"__type__":"cc.SpriteFrame","content":{"name":"loading-animation_12","texture":"229M6RLblOwbAmVWCzYsY3","rect":[256,64,64,64],"offset":[0,0],"originalSize":[64,64],"capInsets":[0,0,0,0]}},{"__type__":"cc.SpriteFrame","content":{"name":"loading-animation_10","texture":"229M6RLblOwbAmVWCzYsY3","rect":[128,64,64,64],"offset":[0,0],"originalSize":[64,64],"capInsets":[0,0,0,0]}},{"__type__":"cc.SpriteFrame","content":{"name":"loading-animation_2","texture":"229M6RLblOwbAmVWCzYsY3","rect":[128,0,64,64],"offset":[0,0],"originalSize":[64,64],"capInsets":[0,0,0,0]}},{"__type__":"cc.AnimationClip","_name":"loading_anim","_duration":2,"sample":20,"wrapMode":2,"curveData":{"comps":{"cc.Sprite":{"spriteFrame":[{"frame":0,"value":{"__uuid__":"37ScPltCNJGo+PvojcU6ys"}},{"frame":0.05,"value":{"__uuid__":"34/J9oUpVMcISbs9NWPPRB"}},{"frame":0.1,"value":{"__uuid__":"f8j4gOihBFG427zvOfIK5f"}},{"frame":0.15,"value":{"__uuid__":"94jNY2hS5Li4cd6m827wCs"}},{"frame":0.2,"value":{"__uuid__":"baIg0FeYBIyL8V4cMmATs2"}},{"frame":0.25,"value":{"__uuid__":"d51SwVf/BAKIasuVov/S6W"}},{"frame":0.3,"value":{"__uuid__":"dbimhOlVJNHJ/yh/24+aiZ"}},{"frame":0.35,"value":{"__uuid__":"0aSouF7w9GlYfLZABcLgKj"}},{"frame":0.4,"value":{"__uuid__":"74lkYz37dFUYfa6ka0Bv/6"}},{"frame":0.45,"value":{"__uuid__":"f9Cr4I2TZDeKSqasDHnJgJ"}},{"frame":0.5,"value":{"__uuid__":"8dvSY0q2FFe46cVdsyOTnB"}},{"frame":0.55,"value":{"__uuid__":"54UoVgOXBBvoCHdZn0EgQt"}},{"frame":0.6,"value":{"__uuid__":"7eosOVqd1BkY1kheSg73Fl"}},{"frame":0.65,"value":{"__uuid__":"c5ovjcMGFJM58PpqL3k5uz"}},{"frame":0.7,"value":{"__uuid__":"fbGVdyD1lBUanhC7Br+aeA"}},{"frame":0.75,"value":{"__uuid__":"a891AZmWVH27sU1U5FneUp"}},{"frame":0.8,"value":{"__uuid__":"aassXqvUtApoHRGRjeP6Ya"}},{"frame":0.85,"value":{"__uuid__":"a1BpRVY0JEv5XSu56ZJNTe"}},{"frame":0.9,"value":{"__uuid__":"f9hyhN2AZN4L1Nt2Y41ilC"}},{"frame":0.95,"value":{"__uuid__":"08K8avPgBFwZSbEJY1SBDO"}},{"frame":1,"value":{"__uuid__":"e6eXhBvFpPKJ8e4F57ms9K"}},{"frame":1.05,"value":{"__uuid__":"02uzbQ6wxLZoJJiO2ydaYK"}},{"frame":1.1,"value":{"__uuid__":"e3vosHzZFCi4ovorF1vddJ"}},{"frame":1.15,"value":{"__uuid__":"e3T6tpLQ9D3qKhmQ20Jo6m"}},{"frame":1.2,"value":{"__uuid__":"b2hIEF9p5PSpJzDzl2JeBf"}},{"frame":1.25,"value":{"__uuid__":"f4PZcQqXhJ24bsNvQ7aqFC"}},{"frame":1.3,"value":{"__uuid__":"e9KgIjc81GG5lY049lkX/h"}},{"frame":1.35,"value":{"__uuid__":"02MKYWNQtMz6RvMLI5543I"}},{"frame":1.4,"value":{"__uuid__":"79SXt5XeJBzrO1q8ofgtHz"}},{"frame":1.45,"value":{"__uuid__":"d6GlbfhfBCn7DIoivqph6q"}},{"frame":1.5,"value":{"__uuid__":"a8VpJccTlPJolTcnnUaJnu"}},{"frame":1.55,"value":{"__uuid__":"e1he8MZ2xJlKh+Muhsb/t2"}},{"frame":1.6,"value":{"__uuid__":"37z1s7kpBAhZnkinwZ0be8"}},{"frame":1.65,"value":{"__uuid__":"253QqRbaBJ9KNwBmvB0/zu"}},{"frame":1.7,"value":{"__uuid__":"ac+68TSR9Ka4H04dyDvBdC"}},{"frame":1.75,"value":{"__uuid__":"b8Ok6zd4xOR4fr2klQ21xf"}},{"frame":1.8,"value":{"__uuid__":"f7LdxO0uJOt7MKRkA9HCmb"}},{"frame":1.85,"value":{"__uuid__":"08TXJ2ZudOY78O0fDQ42mL"}},{"frame":1.9,"value":{"__uuid__":"7c6GGSui9KJa0L+vwDORY4"}},{"frame":1.95,"value":{"__uuid__":"4dCBjiJE5MSpGwO8Cmi/mc"}}]}}}},{"__type__":"cc.SpriteFrame","content":{"name":"loading-animation_17","texture":"229M6RLblOwbAmVWCzYsY3","rect":[64,128,64,64],"offset":[0,0],"originalSize":[64,64],"capInsets":[0,0,0,0]}},{"__type__":"cc.SpriteFrame","content":{"name":"loading-animation_30","texture":"229M6RLblOwbAmVWCzYsY3","rect":[384,192,64,64],"offset":[0,0],"originalSize":[64,64],"capInsets":[0,0,0,0]}},{"__type__":"cc.SpriteFrame","content":{"name":"loading-animation_15","texture":"229M6RLblOwbAmVWCzYsY3","rect":[448,64,64,64],"offset":[0,0],"originalSize":[64,64],"capInsets":[0,0,0,0]}},{"__type__":"cc.SpriteFrame","content":{"name":"loading-animation_16","texture":"229M6RLblOwbAmVWCzYsY3","rect":[0,128,64,64],"offset":[0,0],"originalSize":[64,64],"capInsets":[0,0,0,0]}},{"__type__":"cc.SpriteFrame","content":{"name":"loading-animation_34","texture":"229M6RLblOwbAmVWCzYsY3","rect":[128,256,64,64],"offset":[0,0],"originalSize":[64,64],"capInsets":[0,0,0,0]}},{"__type__":"cc.SpriteFrame","content":{"name":"loading-animation_24","texture":"229M6RLblOwbAmVWCzYsY3","rect":[0,192,64,64],"offset":[0,0],"originalSize":[64,64],"capInsets":[0,0,0,0]}},{"__type__":"cc.SpriteFrame","content":{"name":"loading-animation_35","texture":"229M6RLblOwbAmVWCzYsY3","rect":[192,256,64,64],"offset":[0,0],"originalSize":[64,64],"capInsets":[0,0,0,0]}},{"__type__":"cc.SpriteFrame","content":{"name":"loading-animation_3","texture":"229M6RLblOwbAmVWCzYsY3","rect":[192,0,64,64],"offset":[0,0],"originalSize":[64,64],"capInsets":[0,0,0,0]}},{"__type__":"cc.SpriteFrame","content":{"name":"loading-animation_13","texture":"229M6RLblOwbAmVWCzYsY3","rect":[320,64,64,64],"offset":[0,0],"originalSize":[64,64],"capInsets":[0,0,0,0]}},{"__type__":"cc.SpriteFrame","content":{"name":"loading-animation_4","texture":"229M6RLblOwbAmVWCzYsY3","rect":[256,0,64,64],"offset":[0,0],"originalSize":[64,64],"capInsets":[0,0,0,0]}},{"__type__":"cc.SpriteFrame","content":{"name":"loading-animation_29","texture":"229M6RLblOwbAmVWCzYsY3","rect":[320,192,64,64],"offset":[0,0],"originalSize":[64,64],"capInsets":[0,0,0,0]}},{"__type__":"cc.SpriteFrame","content":{"name":"loading-animation_5","texture":"229M6RLblOwbAmVWCzYsY3","rect":[320,0,64,64],"offset":[0,0],"originalSize":[64,64],"capInsets":[0,0,0,0]}},{"__type__":"cc.SpriteFrame","content":{"name":"loading-animation_31","texture":"229M6RLblOwbAmVWCzYsY3","rect":[448,192,64,64],"offset":[0,0],"originalSize":[64,64],"capInsets":[0,0,0,0]}},{"__type__":"cc.SpriteFrame","content":{"name":"loading-animation_23","texture":"229M6RLblOwbAmVWCzYsY3","rect":[448,128,64,64],"offset":[0,0],"originalSize":[64,64],"capInsets":[0,0,0,0]}},{"__type__":"cc.SpriteFrame","content":{"name":"loading-animation_22","texture":"229M6RLblOwbAmVWCzYsY3","rect":[384,128,64,64],"offset":[0,0],"originalSize":[64,64],"capInsets":[0,0,0,0]}},{"__type__":"cc.SpriteFrame","content":{"name":"loading-animation_20","texture":"229M6RLblOwbAmVWCzYsY3","rect":[256,128,64,64],"offset":[0,0],"originalSize":[64,64],"capInsets":[0,0,0,0]}},{"__type__":"cc.SpriteFrame","content":{"name":"loading-animation_26","texture":"229M6RLblOwbAmVWCzYsY3","rect":[128,192,64,64],"offset":[0,0],"originalSize":[64,64],"capInsets":[0,0,0,0]}},{"__type__":"cc.SpriteFrame","content":{"name":"loading-animation_25","texture":"229M6RLblOwbAmVWCzYsY3","rect":[64,192,64,64],"offset":[0,0],"originalSize":[64,64],"capInsets":[0,0,0,0]}},{"__type__":"cc.SpriteFrame","content":{"name":"loading-animation_36","texture":"229M6RLblOwbAmVWCzYsY3","rect":[256,256,64,64],"offset":[0,0],"originalSize":[64,64],"capInsets":[0,0,0,0]}},{"__type__":"cc.SpriteFrame","content":{"name":"loading-animation_1","texture":"229M6RLblOwbAmVWCzYsY3","rect":[64,0,64,64],"offset":[0,0],"originalSize":[64,64],"capInsets":[0,0,0,0]}},{"__type__":"cc.SpriteFrame","content":{"name":"loading-animation_9","texture":"229M6RLblOwbAmVWCzYsY3","rect":[64,64,64,64],"offset":[0,0],"originalSize":[64,64],"capInsets":[0,0,0,0]}},{"__type__":"cc.SpriteFrame","content":{"name":"loading-animation_18","texture":"229M6RLblOwbAmVWCzYsY3","rect":[128,128,64,64],"offset":[0,0],"originalSize":[64,64],"capInsets":[0,0,0,0]}},{"__type__":"cc.SpriteFrame","content":{"name":"loading-animation_14","texture":"229M6RLblOwbAmVWCzYsY3","rect":[384,64,64,64],"offset":[0,0],"originalSize":[64,64],"capInsets":[0,0,0,0]}}]