[{"__type__":"cc.SpriteFrame","content":{"name":"Congtac2","texture":"110b18844","rect":[483,812,69,198],"offset":[0,0],"originalSize":[69,198],"capInsets":[0,0,0,0]}},{"__type__":"cc.SpriteFrame","content":{"name":"Platform_Spikes","texture":"110b18844","rect":[504,550,512,256],"offset":[0,0],"originalSize":[512,256],"capInsets":[0,0,0,0]}},{"__type__":"cc.SpriteFrame","content":{"name":"z","texture":"110b18844","rect":[3,3,1000,23],"offset":[0,0],"originalSize":[1000,23],"capInsets":[0,0,0,0]}},{"__type__":"cc.SpriteFrame","content":{"name":"bảnhang-01","texture":"110b18844","rect":[3,812,201,201],"offset":[0,0],"originalSize":[201,201],"capInsets":[0,0,0,0]}},{"__type__":"cc.SpriteFrame","content":{"name":"Pillar_Buttom","texture":"110b18844","rect":[504,32,512,512],"offset":[0,0],"originalSize":[512,512],"capInsets":[0,0,0,0]}},{"__type__":"cc.SpriteFrame","content":{"name":"Crate_Scifi","texture":"1d28d6ee5","rect":[3,705,256,256],"offset":[0,0],"originalSize":[256,256],"capInsets":[0,0,0,0]}},{"__type__":"cc.SpriteFrame","content":{"name":"Bienbaolv","texture":"113252041","rect":[640,3,300,300],"offset":[0,0],"originalSize":[300,300],"capInsets":[0,0,0,0]}},{"__type__":"cc.SpriteFrame","content":{"name":"图层 412","texture":"113252041","rect":[946,3,246,36],"offset":[0,0],"originalSize":[246,36],"rotated":1,"capInsets":[0,0,0,0]}},{"__type__":"cc.SpriteFrame","content":{"name":"Congtac1","texture":"110b18844","rect":[210,622,284,64],"offset":[0,0],"originalSize":[284,64],"capInsets":[0,0,0,0]}},{"__type__":"cc.SpriteFrame","content":{"name":"Factory_donbay2","texture":"113252041","rect":[3,827,292,193],"offset":[0,0],"originalSize":[292,193],"capInsets":[0,0,0,0]}},{"__type__":"cc.SpriteFrame","content":{"name":"Monving_Platform","texture":"113252041","rect":[335,815,512,128],"offset":[0,0],"originalSize":[512,128],"capInsets":[0,0,0,0]}},{"__type__":"cc.SpriteFrame","content":{"name":"nhon","texture":"1d28d6ee5","rect":[309,220,73,74],"offset":[0,0],"originalSize":[73,74],"rotated":1,"capInsets":[0,0,0,0]}},{"__type__":"cc.SpriteFrame","content":{"name":"提示框2","texture":"113252041","rect":[3,3,369,300],"offset":[0,0],"originalSize":[369,300],"capInsets":[0,0,0,0]}},{"__type__":"cc.SpriteFrame","content":{"name":"VISSE","texture":"1d28d6ee5","rect":[881,892,128,128],"offset":[0,0],"originalSize":[128,128],"capInsets":[0,0,0,0]}},{"__type__":"cc.SpriteFrame","content":{"name":"图层 2","texture":"113252041","rect":[988,3,252,21],"offset":[0,0],"originalSize":[252,21],"rotated":1,"capInsets":[0,0,0,0]}},{"__type__":"cc.SpriteFrame","content":{"name":"Factory_donbay1","texture":"110b18844","rect":[3,692,476,111],"offset":[0,0],"originalSize":[476,111],"capInsets":[0,0,0,0]}},{"__type__":"cc.SpriteAtlas","_name":"Component1_plist.plist","_spriteFrames":{"Bienbaolv":{"__uuid__":"49IsYC6zdLq4zW+H71Gv59"},"Congtac1":{"__uuid__":"60np0Y7lJEOry7qD7uLvWu"},"Congtac2":{"__uuid__":"06G2p68ClJM41AQbmCp9Za"},"Crate_Scifi":{"__uuid__":"447BqK/WVAca6p9xRNhsY6"},"Factory_donbay1":{"__uuid__":"acCilv1bFPpZgVeHMg4gSj"},"Factory_donbay2":{"__uuid__":"6b9tqtcz9Lx4JLwxRxdHk/"},"Monving_Platform":{"__uuid__":"76a0RIfttG2K7fn1W16Yx7"},"Pillar_Buttom":{"__uuid__":"399CfFZZxG+aVU8fv2HWbW"},"Platform_Spikes":{"__uuid__":"17CQOx37xJmrbUJEWwfM4v"},"VISSE":{"__uuid__":"aaEfKbovNNcZcyWrgEHiFA"},"VISSE01":{"__uuid__":"e3G85exO9NjKz5ezd762//"},"bảnhang-01":{"__uuid__":"35RuN7EsZKc6uAxE8EDc6v"},"item2":{"__uuid__":"c9x5iDi4lKPpbxkSAVXAnH"},"nhon":{"__uuid__":"98qrP+jy1P662Y3B8/B89m"},"z":{"__uuid__":"2dcXr5TntL85mSJPHsti5u"},"图层 2":{"__uuid__":"abiqYLnA1Avo/WBEekNOmy"},"图层 412":{"__uuid__":"50fr6Vc7lKkroi0qQ4JCfF"},"提示框2":{"__uuid__":"9dxivxaHBDp6XabembnhXR"}}},{"__type__":"cc.SpriteFrame","content":{"name":"item2","texture":"166c691fb","rect":[3,827,128,128],"offset":[0,0],"originalSize":[128,128],"capInsets":[0,0,0,0]}},{"__type__":"cc.SpriteFrame","content":{"name":"VISSE01","texture":"166c691fb","rect":[137,827,128,128],"offset":[0,0],"originalSize":[128,128],"capInsets":[0,0,0,0]}}]