[{"__type__":"cc.SpriteFrame","content":{"name":"skin1_2","texture":"186d6527b","rect":[243,850,100,100],"offset":[0,0],"originalSize":[128,128],"capInsets":[0,0,0,0]}},{"__type__":"cc.AnimationClip","_name":"face","_duration":0.7,"sample":30,"curveData":{"comps":{"cc.Sprite":{"spriteFrame":[{"frame":0,"value":{"__uuid__":"8amSVup6xJdK42n8GJawo0"}},{"frame":0.16666666666666666,"value":{"__uuid__":"b6E/Bx++1Pc7QTJiYy1OEs"}},{"frame":0.3333333333333333,"value":{"__uuid__":"8amSVup6xJdK42n8GJawo0"}},{"frame":0.5,"value":{"__uuid__":"b6E/Bx++1Pc7QTJiYy1OEs"}},{"frame":0.6666666666666666,"value":{"__uuid__":"8amSVup6xJdK42n8GJawo0"}}]}}}},{"__type__":"cc.SpriteFrame","content":{"name":"skin1_5","texture":"186d6527b","rect":[349,850,100,100],"offset":[0,0],"originalSize":[128,128],"capInsets":[0,0,0,0]}}]