[1,["187fzA1otEDqzF3kdArSu0@6c48a"],0,[["sp.SkeletonData",["_name","_atlasText","textureNames","_skeletonJson","textures"],-1,3]],[[0,0,1,2,3,4,5]],[[0,"chum_choe1","\r\nchum_choe1.png\r\nsize: 393, 269\r\nformat: RGBA8888\r\nfilter: Linear, Linear\r\nrepeat: none\r\n1\r\n  rotate: false\r\n  xy: 311, 59\r\n  size: 18, 18\r\n  orig: 20, 20\r\n  offset: 1, 1\r\n  index: -1\r\n10\r\n  rotate: true\r\n  xy: 183, 16\r\n  size: 251, 51\r\n  orig: 253, 53\r\n  offset: 1, 1\r\n  index: -1\r\n11\r\n  rotate: false\r\n  xy: 283, 18\r\n  size: 33, 39\r\n  orig: 35, 41\r\n  offset: 1, 1\r\n  index: -1\r\n12\r\n  rotate: false\r\n  xy: 318, 18\r\n  size: 33, 39\r\n  orig: 35, 41\r\n  offset: 1, 1\r\n  index: -1\r\n13\r\n  rotate: true\r\n  xy: 2, 2\r\n  size: 265, 179\r\n  orig: 267, 181\r\n  offset: 1, 1\r\n  index: -1\r\n14\r\n  rotate: true\r\n  xy: 236, 156\r\n  size: 111, 154\r\n  orig: 113, 156\r\n  offset: 1, 1\r\n  index: -1\r\n15\r\n  rotate: true\r\n  xy: 236, 7\r\n  size: 67, 45\r\n  orig: 69, 47\r\n  offset: 1, 1\r\n  index: -1\r\n2\r\n  rotate: false\r\n  xy: 311, 79\r\n  size: 19, 18\r\n  orig: 21, 20\r\n  offset: 1, 1\r\n  index: -1\r\n3\r\n  rotate: true\r\n  xy: 282, 99\r\n  size: 55, 48\r\n  orig: 57, 50\r\n  offset: 1, 1\r\n  index: -1\r\n4\r\n  rotate: false\r\n  xy: 332, 111\r\n  size: 51, 43\r\n  orig: 53, 45\r\n  offset: 1, 1\r\n  index: -1\r\n5\r\n  rotate: true\r\n  xy: 282, 76\r\n  size: 21, 27\r\n  orig: 23, 29\r\n  offset: 1, 1\r\n  index: -1\r\n6\r\n  rotate: false\r\n  xy: 332, 75\r\n  size: 41, 34\r\n  orig: 43, 36\r\n  offset: 1, 1\r\n  index: -1\r\n7\r\n  rotate: false\r\n  xy: 353, 37\r\n  size: 38, 36\r\n  orig: 40, 38\r\n  offset: 1, 1\r\n  index: -1\r\n8\r\n  rotate: false\r\n  xy: 353, 2\r\n  size: 38, 33\r\n  orig: 40, 35\r\n  offset: 1, 1\r\n  index: -1\r\n9\r\n  rotate: false\r\n  xy: 236, 76\r\n  size: 44, 78\r\n  orig: 46, 80\r\n  offset: 1, 1\r\n  index: -1\r\n",["chum_choe1.png"],{"skeleton":{"hash":"ktXJcFpd18k","spine":"3.8-from-4.0-from-4.1-from-4.2.38","x":-134.97,"y":-3.86,"width":267,"height":357.01,"images":"C:/Users/006/Desktop/222","audio":"../20Track 3/"},"bones":[{"name":"root"},{"name":"bone","parent":"root"},{"name":"13","parent":"bone","length":129.15,"rotation":90.47,"x":-4.23,"y":133.38},{"name":"10","parent":"13","length":37.89,"rotation":-90.47,"x":137.99,"y":-0.1},{"name":"9","parent":"13","length":62.58,"rotation":-1.42,"x":147.04,"y":1.22},{"name":"14","parent":"13","x":92.09,"y":-2.16},{"name":"4","parent":"14","x":-19.65,"y":-22.44},{"name":"1","parent":"4","x":-0.09,"y":-10.43},{"name":"3","parent":"14","x":-4.24,"y":33.76},{"name":"2","parent":"3","x":3.19,"y":6.93},{"name":"6","parent":"14","length":13.66,"rotation":164.79,"x":-30.8,"y":16.94},{"name":"5","parent":"6","length":15.09,"rotation":0.07,"x":16.05,"y":11.41},{"name":"8","parent":"13","length":20.4,"rotation":-118.32,"x":31.47,"y":-73.83},{"name":"7","parent":"13","length":23.37,"rotation":131.58,"x":25.91,"y":77.98}],"slots":[{"name":"17","bone":"bone","attachment":"15"},{"name":"16","bone":"bone","attachment":"14"},{"name":"18","bone":"bone","attachment":"11"},{"name":"19","bone":"bone","attachment":"12"},{"name":"13","bone":"13","attachment":"13"},{"name":"10","bone":"10","attachment":"10"},{"name":"9","bone":"9","attachment":"9"},{"name":"7","bone":"7","attachment":"7"},{"name":"8","bone":"8","attachment":"8"},{"name":"6","bone":"6","attachment":"6"},{"name":"5","bone":"5","attachment":"5"},{"name":"4","bone":"4","attachment":"4"},{"name":"3","bone":"3","attachment":"3"},{"name":"2","bone":"2","attachment":"2"},{"name":"1","bone":"1","attachment":"1"}],"skins":[{"name":"default","attachments":{"1":{"1":{"x":-0.87,"y":0.17,"rotation":-90.47,"width":20,"height":20}},"2":{"2":{"x":-0.95,"y":-0.03,"rotation":-90.47,"width":21,"height":20}},"3":{"3":{"x":-0.79,"y":2.92,"rotation":-90.47,"width":57,"height":50}},"4":{"4":{"x":-1.41,"y":-4.76,"rotation":-90.47,"width":53,"height":45}},"5":{"5":{"x":9.9,"y":-0.41,"rotation":104.68,"width":23,"height":29}},"6":{"6":{"x":12.43,"y":5.39,"rotation":104.74,"width":43,"height":36}},"7":{"7":{"x":17.02,"y":0.14,"rotation":137.95,"width":40,"height":38}},"8":{"8":{"x":16.69,"y":-2.28,"rotation":27.85,"width":40,"height":35}},"9":{"9":{"x":32.8,"y":-3.14,"rotation":-89.05,"width":46,"height":80}},"10":{"10":{"x":2.8,"y":-0.72,"width":253,"height":53}},"13":{"13":{"x":79.24,"y":-3.41,"rotation":-90.47,"width":267,"height":181}},"16":{"14":{"x":-0.47,"y":74.14,"width":113,"height":156}},"17":{"15":{"x":69.53,"y":64.64,"width":69,"height":47}},"18":{"11":{"x":21.53,"y":82.64,"width":35,"height":41}},"19":{"12":{"x":-18.47,"y":82.64,"width":35,"height":41}}}}],"events":{"1":{}},"animations":{"1_play":{"bones":{"1":{"translate":[{},{"time":0.1,"x":-0.25,"y":18.03},{"time":0.2667,"x":-9.52,"y":-3.06},{"time":0.6667},{"time":0.7667,"x":-0.25,"y":18.03},{"time":0.9333,"x":-9.52,"y":-3.06},{"time":1.3},{"time":1.4,"x":-0.25,"y":18.03},{"time":1.5667,"x":-9.52,"y":-3.06},{"time":1.9},{"time":2,"x":-0.25,"y":18.03},{"time":2.1667,"x":-9.52,"y":-3.06},{"time":2.5},{"time":2.6,"x":-0.25,"y":18.03},{"time":2.7667,"x":-9.52,"y":-3.06},{"time":3.2},{"time":3.3,"x":-0.25,"y":18.03},{"time":3.4667,"x":-9.52,"y":-3.06},{"time":3.8333},{"time":3.9333,"x":-0.25,"y":18.03},{"time":4.1,"x":-9.52,"y":-3.06},{"time":4.4},{"time":4.5,"x":-0.25,"y":18.03},{"time":4.6667,"x":-9.52,"y":-3.06},{"time":5.1333},{"time":5.2333,"x":-0.25,"y":18.03},{"time":5.4,"x":-9.52,"y":-3.06},{"time":5.7333},{"time":5.8333,"x":-0.25,"y":18.03},{"time":6,"x":-9.52,"y":-3.06},{"time":6.4},{"time":6.5,"x":-0.25,"y":18.03},{"time":6.6667,"x":-9.52,"y":-3.06},{"time":7},{"time":7.1,"x":-0.25,"y":18.03},{"time":7.2667,"x":-9.52,"y":-3.06},{"time":7.6},{"time":7.7,"x":-0.25,"y":18.03},{"time":7.8667,"x":-9.52,"y":-3.06},{"time":8.2667},{"time":8.3667,"x":-0.25,"y":18.03},{"time":8.5333,"x":-9.52,"y":-3.06},{"time":8.8667},{"time":8.9667,"x":-0.25,"y":18.03},{"time":9.1333,"x":-9.52,"y":-3.06},{"time":9.5},{"time":9.6,"x":-0.25,"y":18.03},{"time":9.7667,"x":-9.52,"y":-3.06},{"time":10.1}]},"2":{"translate":[{},{"time":0.1,"x":-7.65,"y":-15.41},{"time":0.2667,"x":-8.25,"y":7.17},{"time":0.6667},{"time":0.7667,"x":-7.65,"y":-15.41},{"time":0.9333,"x":-8.25,"y":7.17},{"time":1.3},{"time":1.4,"x":-7.65,"y":-15.41},{"time":1.5667,"x":-8.25,"y":7.17},{"time":1.9},{"time":2,"x":-7.65,"y":-15.41},{"time":2.1667,"x":-8.25,"y":7.17},{"time":2.5},{"time":2.6,"x":-7.65,"y":-15.41},{"time":2.7667,"x":-8.25,"y":7.17},{"time":3.2},{"time":3.3,"x":-7.65,"y":-15.41},{"time":3.4667,"x":-8.25,"y":7.17},{"time":3.8333},{"time":3.9333,"x":-7.65,"y":-15.41},{"time":4.1,"x":-8.25,"y":7.17},{"time":4.4},{"time":4.5,"x":-7.65,"y":-15.41},{"time":4.6667,"x":-8.25,"y":7.17},{"time":5.1333},{"time":5.2333,"x":-7.65,"y":-15.41},{"time":5.4,"x":-8.25,"y":7.17},{"time":5.7333},{"time":5.8333,"x":-7.65,"y":-15.41},{"time":6,"x":-8.25,"y":7.17},{"time":6.4},{"time":6.5,"x":-7.65,"y":-15.41},{"time":6.6667,"x":-8.25,"y":7.17},{"time":7},{"time":7.1,"x":-7.65,"y":-15.41},{"time":7.2667,"x":-8.25,"y":7.17},{"time":7.6},{"time":7.7,"x":-7.65,"y":-15.41},{"time":7.8667,"x":-8.25,"y":7.17},{"time":8.2667},{"time":8.3667,"x":-7.65,"y":-15.41},{"time":8.5333,"x":-8.25,"y":7.17},{"time":8.8667},{"time":8.9667,"x":-7.65,"y":-15.41},{"time":9.1333,"x":-8.25,"y":7.17},{"time":9.5},{"time":9.6,"x":-7.65,"y":-15.41},{"time":9.7667,"x":-8.25,"y":7.17},{"time":10.1}]},"7":{"rotate":[{},{"time":0.1,"angle":-21.04},{"time":0.2,"curve":"stepped"},{"time":0.6667},{"time":0.7667,"angle":-21.04},{"time":0.8667,"curve":"stepped"},{"time":1.3},{"time":1.4,"angle":-21.04},{"time":1.5,"curve":"stepped"},{"time":1.9},{"time":2,"angle":-21.04},{"time":2.1,"curve":"stepped"},{"time":2.5},{"time":2.6,"angle":-21.04},{"time":2.7,"curve":"stepped"},{"time":3.2},{"time":3.3,"angle":-21.04},{"time":3.4,"curve":"stepped"},{"time":3.8333},{"time":3.9333,"angle":-21.04},{"time":4.0333,"curve":"stepped"},{"time":4.4},{"time":4.5,"angle":-21.04},{"time":4.6,"curve":"stepped"},{"time":5.1333},{"time":5.2333,"angle":-21.04},{"time":5.3333,"curve":"stepped"},{"time":5.7333},{"time":5.8333,"angle":-21.04},{"time":5.9333,"curve":"stepped"},{"time":6.4},{"time":6.5,"angle":-21.04},{"time":6.6,"curve":"stepped"},{"time":7},{"time":7.1,"angle":-21.04},{"time":7.2,"curve":"stepped"},{"time":7.6},{"time":7.7,"angle":-21.04},{"time":7.8,"curve":"stepped"},{"time":8.2667},{"time":8.3667,"angle":-21.04},{"time":8.4667,"curve":"stepped"},{"time":8.8667},{"time":8.9667,"angle":-21.04},{"time":9.0667,"curve":"stepped"},{"time":9.5},{"time":9.6,"angle":-21.04},{"time":9.7}]},"8":{"rotate":[{},{"time":0.1,"angle":16.6},{"time":0.2,"curve":"stepped"},{"time":0.6667},{"time":0.7667,"angle":16.6},{"time":0.8667,"curve":"stepped"},{"time":1.3},{"time":1.4,"angle":16.6},{"time":1.5,"curve":"stepped"},{"time":1.9},{"time":2,"angle":16.6},{"time":2.1,"curve":"stepped"},{"time":2.5},{"time":2.6,"angle":16.6},{"time":2.7,"curve":"stepped"},{"time":3.2},{"time":3.3,"angle":16.6},{"time":3.4,"curve":"stepped"},{"time":3.8333},{"time":3.9333,"angle":16.6},{"time":4.0333,"curve":"stepped"},{"time":4.4},{"time":4.5,"angle":16.6},{"time":4.6,"curve":"stepped"},{"time":5.1333},{"time":5.2333,"angle":16.6},{"time":5.3333,"curve":"stepped"},{"time":5.7333},{"time":5.8333,"angle":16.6},{"time":5.9333,"curve":"stepped"},{"time":6.4},{"time":6.5,"angle":16.6},{"time":6.6,"curve":"stepped"},{"time":7},{"time":7.1,"angle":16.6},{"time":7.2,"curve":"stepped"},{"time":7.6},{"time":7.7,"angle":16.6},{"time":7.8,"curve":"stepped"},{"time":8.2667},{"time":8.3667,"angle":16.6},{"time":8.4667,"curve":"stepped"},{"time":8.8667},{"time":8.9667,"angle":16.6},{"time":9.0667,"curve":"stepped"},{"time":9.5},{"time":9.6,"angle":16.6},{"time":9.7}]},"10":{"rotate":[{},{"time":0.1,"angle":-11.99},{"time":0.2,"angle":3.71},{"time":0.3667,"angle":-3.66},{"time":0.4667,"angle":0.43},{"time":0.5667,"curve":"stepped"},{"time":0.7333},{"time":0.8333,"angle":-11.99},{"time":0.9333,"angle":3.71},{"time":1.0333,"angle":-3.66},{"time":1.1333,"angle":0.43},{"time":1.2333,"curve":"stepped"},{"time":1.3667},{"time":1.4667,"angle":-11.99},{"time":1.5667,"angle":3.71},{"time":1.6667,"angle":-3.66},{"time":1.7667,"angle":0.43},{"time":1.8667,"curve":"stepped"},{"time":1.9667},{"time":2.0667,"angle":-11.99},{"time":2.1667,"angle":3.71},{"time":2.2667,"angle":-3.66},{"time":2.3667,"angle":0.43},{"time":2.4667,"curve":"stepped"},{"time":2.5667},{"time":2.6667,"angle":-11.99},{"time":2.7667,"angle":3.71},{"time":2.8667,"angle":-3.66},{"time":2.9667,"angle":0.43},{"time":3.0667,"curve":"stepped"},{"time":3.2667},{"time":3.3667,"angle":-11.99},{"time":3.4667,"angle":3.71},{"time":3.5667,"angle":-3.66},{"time":3.6667,"angle":0.43},{"time":3.7667,"curve":"stepped"},{"time":3.9},{"time":4,"angle":-11.99},{"time":4.1,"angle":3.71},{"time":4.2,"angle":-3.66},{"time":4.3,"angle":0.43},{"time":4.4,"curve":"stepped"},{"time":4.4667},{"time":4.5667,"angle":-11.99},{"time":4.6667,"angle":3.71},{"time":4.7667,"angle":-3.66},{"time":4.8667,"angle":0.43},{"time":4.9667,"curve":"stepped"},{"time":5.2},{"time":5.3,"angle":-11.99},{"time":5.4,"angle":3.71},{"time":5.5,"angle":-3.66},{"time":5.6,"angle":0.43},{"time":5.7,"curve":"stepped"},{"time":5.8},{"time":5.9,"angle":-11.99},{"time":6,"angle":3.71},{"time":6.1,"angle":-3.66},{"time":6.2,"angle":0.43},{"time":6.3,"curve":"stepped"},{"time":6.4667},{"time":6.5667,"angle":-11.99},{"time":6.6667,"angle":3.71},{"time":6.7667,"angle":-3.66},{"time":6.8667,"angle":0.43},{"time":6.9667,"curve":"stepped"},{"time":7.0667},{"time":7.1667,"angle":-11.99},{"time":7.2667,"angle":3.71},{"time":7.3667,"angle":-3.66},{"time":7.4667,"angle":0.43},{"time":7.5667,"curve":"stepped"},{"time":7.6667},{"time":7.7667,"angle":-11.99},{"time":7.8667,"angle":3.71},{"time":7.9667,"angle":-3.66},{"time":8.0667,"angle":0.43},{"time":8.1667,"curve":"stepped"},{"time":8.3333},{"time":8.4333,"angle":-11.99},{"time":8.5333,"angle":3.71},{"time":8.6333,"angle":-3.66},{"time":8.7333,"angle":0.43},{"time":8.8333,"curve":"stepped"},{"time":8.9333},{"time":9.0333,"angle":-11.99},{"time":9.1333,"angle":3.71},{"time":9.2333,"angle":-3.66},{"time":9.3333,"angle":0.43},{"time":9.4333,"curve":"stepped"},{"time":9.5667},{"time":9.6667,"angle":-11.99},{"time":9.7667,"angle":3.71},{"time":9.8667,"angle":-3.66},{"time":9.9667,"angle":0.43},{"time":10.0667}]},"13":{"rotate":[{},{"time":0.1,"angle":-4.45},{"time":0.2,"curve":"stepped"},{"time":0.6667},{"time":0.7667,"angle":-4.45},{"time":0.8667,"curve":"stepped"},{"time":1.3},{"time":1.4,"angle":-4.45},{"time":1.5,"curve":"stepped"},{"time":1.9},{"time":2,"angle":-4.45},{"time":2.1,"curve":"stepped"},{"time":2.5},{"time":2.6,"angle":-4.45},{"time":2.7,"curve":"stepped"},{"time":3.2},{"time":3.3,"angle":-4.45},{"time":3.4,"curve":"stepped"},{"time":3.8333},{"time":3.9333,"angle":-4.45},{"time":4.0333,"curve":"stepped"},{"time":4.4},{"time":4.5,"angle":-4.45},{"time":4.6,"curve":"stepped"},{"time":5.1333},{"time":5.2333,"angle":-4.45},{"time":5.3333,"curve":"stepped"},{"time":5.7333},{"time":5.8333,"angle":-4.45},{"time":5.9333,"curve":"stepped"},{"time":6.4},{"time":6.5,"angle":-4.45},{"time":6.6,"curve":"stepped"},{"time":7},{"time":7.1,"angle":-4.45},{"time":7.2,"curve":"stepped"},{"time":7.6},{"time":7.7,"angle":-4.45},{"time":7.8,"curve":"stepped"},{"time":8.2667},{"time":8.3667,"angle":-4.45},{"time":8.4667,"curve":"stepped"},{"time":8.8667},{"time":8.9667,"angle":-4.45},{"time":9.0667,"curve":"stepped"},{"time":9.5},{"time":9.6,"angle":-4.45},{"time":9.7}],"translate":[{},{"time":0.1,"y":-11.9},{"time":0.2},{"time":0.2667,"y":-3.56},{"time":0.3333},{"time":0.4,"y":-3.56},{"time":0.4667},{"time":0.5333,"y":-3.56},{"time":0.6,"curve":"stepped"},{"time":0.6667},{"time":0.7667,"y":-11.9},{"time":0.8667},{"time":0.9333,"y":-3.56},{"time":1},{"time":1.0667,"y":-3.56},{"time":1.1333},{"time":1.2,"y":-3.56},{"time":1.3},{"time":1.4,"y":-11.9},{"time":1.5},{"time":1.5667,"y":-3.56},{"time":1.6333},{"time":1.7,"y":-3.56},{"time":1.7667},{"time":1.8333,"y":-3.56},{"time":1.9},{"time":2,"y":-11.9},{"time":2.1},{"time":2.1667,"y":-3.56},{"time":2.2333},{"time":2.3,"y":-3.56},{"time":2.3667},{"time":2.4333,"y":-3.56},{"time":2.5},{"time":2.6,"y":-11.9},{"time":2.7},{"time":2.7667,"y":-3.56},{"time":2.8333},{"time":2.9,"y":-3.56},{"time":2.9667},{"time":3.0333,"y":-3.56},{"time":3.1},{"time":3.1667,"y":-3.56},{"time":3.2},{"time":3.3,"y":-11.9},{"time":3.4},{"time":3.4667,"y":-3.56},{"time":3.5333},{"time":3.6,"y":-3.56},{"time":3.6667},{"time":3.7333,"y":-3.56},{"time":3.8333},{"time":3.9333,"y":-11.9},{"time":4.0333},{"time":4.1,"y":-3.56},{"time":4.1667},{"time":4.2333,"y":-3.56},{"time":4.4},{"time":4.5,"y":-11.9},{"time":4.6},{"time":4.6667,"y":-3.56},{"time":4.7333},{"time":4.8,"y":-3.56},{"time":4.8667},{"time":4.9333,"y":-3.56},{"time":5},{"time":5.0667,"y":-3.56},{"time":5.1333},{"time":5.2333,"y":-11.9},{"time":5.3333},{"time":5.4,"y":-3.56},{"time":5.4667},{"time":5.5333,"y":-3.56},{"time":5.6},{"time":5.6667,"y":-3.56},{"time":5.7333},{"time":5.8333,"y":-11.9},{"time":5.9333},{"time":6,"y":-3.56},{"time":6.0667},{"time":6.1333,"y":-3.56},{"time":6.2},{"time":6.2667,"y":-3.56},{"time":6.4},{"time":6.5,"y":-11.9},{"time":6.6},{"time":6.6667,"y":-3.56},{"time":6.7333},{"time":6.8,"y":-3.56},{"time":6.8667},{"time":6.9333,"y":-3.56},{"time":7},{"time":7.1,"y":-11.9},{"time":7.2},{"time":7.2667,"y":-3.56},{"time":7.3333},{"time":7.4,"y":-3.56},{"time":7.4667},{"time":7.5333,"y":-3.56},{"time":7.6},{"time":7.7,"y":-11.9},{"time":7.8},{"time":7.8667,"y":-3.56},{"time":7.9333},{"time":8,"y":-3.56},{"time":8.0667},{"time":8.1333,"y":-3.56},{"time":8.2667},{"time":8.3667,"y":-11.9},{"time":8.4667},{"time":8.5333,"y":-3.56},{"time":8.6},{"time":8.6667,"y":-3.56},{"time":8.7333},{"time":8.8,"y":-3.56},{"time":8.8667},{"time":8.9667,"y":-11.9},{"time":9.0667},{"time":9.1333,"y":-3.56},{"time":9.2},{"time":9.2667,"y":-3.56},{"time":9.3333},{"time":9.4,"y":-3.56},{"time":9.5},{"time":9.6,"y":-11.9},{"time":9.7},{"time":9.7667,"y":-3.56},{"time":9.8333},{"time":9.9,"y":-3.56},{"time":9.9667},{"time":10.0333,"y":-3.56},{"time":10.1}]}},"events":[{"name":"1"},{"time":0.6667,"name":"1"},{"time":1.3,"name":"1"},{"time":1.9,"name":"1"},{"time":2.5,"name":"1"},{"time":3.2,"name":"1"},{"time":3.8333,"name":"1"},{"time":4.4,"name":"1"},{"time":5.1333,"name":"1"},{"time":5.7333,"name":"1"},{"time":6.4,"name":"1"},{"time":7,"name":"1"},{"time":7.6,"name":"1"},{"time":8.2667,"name":"1"},{"time":8.8667,"name":"1"},{"time":9.5,"name":"1"}]},"2_idle":{"bones":{"7":{"scale":[{}]}}}}},[0]]],0,0,[0],[-1],[0]]
