[1,["c5kNbCyQZF+rJVWBwg16GK@6c48a"],0,[["sp.SkeletonData",["_name","_atlasText","textureNames","_skeletonJson","textures"],-1,3]],[[0,0,1,2,3,4,5]],[[0,"Sound_R_UFO","\r\nSound_R_UFO.png\r\nsize: 1510, 283\r\nformat: RGBA8888\r\nfilter: Linear, Linear\r\nrepeat: none\r\n1\r\n  rotate: false\r\n  xy: 580, 3\r\n  size: 188, 278\r\n  orig: 188, 278\r\n  offset: 0, 0\r\n  index: -1\r\n2\r\n  rotate: false\r\n  xy: 2, 2\r\n  size: 191, 279\r\n  orig: 191, 284\r\n  offset: 0, 5\r\n  index: -1\r\n3\r\n  rotate: false\r\n  xy: 388, 3\r\n  size: 190, 278\r\n  orig: 190, 278\r\n  offset: 0, 0\r\n  index: -1\r\n4\r\n  rotate: false\r\n  xy: 1328, 2\r\n  size: 180, 279\r\n  orig: 180, 279\r\n  offset: 0, 0\r\n  index: -1\r\n5\r\n  rotate: false\r\n  xy: 1145, 3\r\n  size: 181, 278\r\n  orig: 181, 278\r\n  offset: 0, 0\r\n  index: -1\r\n6\r\n  rotate: false\r\n  xy: 960, 2\r\n  size: 183, 279\r\n  orig: 183, 279\r\n  offset: 0, 0\r\n  index: -1\r\n7\r\n  rotate: false\r\n  xy: 195, 2\r\n  size: 191, 279\r\n  orig: 191, 279\r\n  offset: 0, 0\r\n  index: -1\r\n8\r\n  rotate: false\r\n  xy: 770, 3\r\n  size: 188, 278\r\n  orig: 188, 278\r\n  offset: 0, 0\r\n  index: -1\r\n",["Sound_R_UFO.png"],{"skeleton":{"hash":"yxmscZwzSJ0","spine":"3.8-from-4.0-from-4.1-from-4.2.37","x":-94.43,"y":-0.29,"width":181,"height":278,"images":"C:\\Users\\006\\Desktop\\111","audio":"./audio"},"bones":[{"name":"root"},{"name":"bone","parent":"root","x":1.05,"y":-50.67}],"slots":[{"name":"1","bone":"bone"},{"name":"2","bone":"bone"},{"name":"3","bone":"bone"},{"name":"4","bone":"bone"},{"name":"5","bone":"bone","attachment":"5"},{"name":"6","bone":"bone"},{"name":"7","bone":"bone"},{"name":"8","bone":"bone"}],"skins":[{"name":"default","attachments":{"1":{"1":{"x":-1.05,"y":189.02,"width":188,"height":278}},"2":{"2":{"x":1.46,"y":187.59,"width":191,"height":284}},"3":{"3":{"x":0.38,"y":189.74,"width":190,"height":278}},"4":{"4":{"x":12.91,"y":190.1,"width":180,"height":279}},"5":{"5":{"x":-4.98,"y":189.38,"width":181,"height":278}},"6":{"6":{"x":8.97,"y":190.1,"width":183,"height":279}},"7":{"7":{"x":0.38,"y":189.02,"width":191,"height":279}},"8":{"8":{"x":-1.05,"y":189.02,"width":188,"height":278}}}}],"animations":{"Sound_1":{"slots":{"1":{"attachment":[{"time":0.4667,"name":"1"},{"time":0.6333,"name":null},{"time":2.8667,"name":"1"},{"time":3.0333,"name":null}]},"2":{"attachment":[{"name":"2"},{"time":0.1667,"name":null},{"time":1.1333,"name":"2"},{"time":1.2667,"name":null},{"time":2.4,"name":"2"},{"time":2.5667,"name":null},{"time":3.5,"name":"2"},{"time":3.6667,"name":null},{"time":4.8,"name":"2"}]},"3":{"attachment":[{"time":0.6333,"name":"3"},{"time":0.8,"name":null},{"time":1.2667,"name":"3"},{"time":1.4333,"name":null},{"time":1.9,"name":"3"},{"time":2.0667,"name":null},{"time":3.0333,"name":"3"},{"time":3.2,"name":null},{"time":3.6667,"name":"3"},{"time":3.8333,"name":null},{"time":4.3,"name":"3"},{"time":4.4667,"name":null}]},"5":{"attachment":[{"name":null},{"time":0.1667,"name":"5"},{"time":0.3333,"name":null},{"time":1.4333,"name":"5"},{"time":1.6,"name":null},{"time":2.2333,"name":"5"},{"time":2.4,"name":null},{"time":2.5667,"name":"5"},{"time":2.7,"name":null},{"time":3.8333,"name":"5"},{"time":4,"name":null},{"time":4.6333,"name":"5"},{"time":4.8,"name":null}]},"6":{"attachment":[{"time":0.3333,"name":"6"},{"time":0.4667,"name":null},{"time":0.8,"name":"6"},{"time":0.9667,"name":null},{"time":1.6,"name":"6"},{"time":1.7667,"name":null},{"time":2.0667,"name":"6"},{"time":2.2333,"name":null},{"time":2.7,"name":"6"},{"time":2.8667,"name":null},{"time":3.2,"name":"6"},{"time":3.3667,"name":null},{"time":4,"name":"6"},{"time":4.1333,"name":null},{"time":4.4667,"name":"6"},{"time":4.6333,"name":null}]},"8":{"attachment":[{"time":0.9667,"name":"8"},{"time":1.1333,"name":null},{"time":1.7667,"name":"8"},{"time":1.9,"name":null},{"time":3.3667,"name":"8"},{"time":3.5,"name":null},{"time":4.1333,"name":"8"},{"time":4.3,"name":null}]}}},"Sound_2":{"slots":{"1":{"attachment":[{"time":0.4667,"name":"1"},{"time":0.6333,"name":null},{"time":2.8667,"name":"1"},{"time":3.0333,"name":null}]},"2":{"attachment":[{"name":"2"},{"time":0.1667,"name":null},{"time":1.1333,"name":"2"},{"time":1.2667,"name":null},{"time":2.4,"name":"2"},{"time":2.5667,"name":null},{"time":3.5,"name":"2"},{"time":3.6667,"name":null},{"time":4.8,"name":"2"}]},"3":{"attachment":[{"time":0.6333,"name":"3"},{"time":0.8,"name":null},{"time":1.2667,"name":"3"},{"time":1.4333,"name":null},{"time":1.9,"name":"3"},{"time":2.0667,"name":null},{"time":3.0333,"name":"3"},{"time":3.2,"name":null},{"time":3.6667,"name":"3"},{"time":3.8333,"name":null},{"time":4.3,"name":"3"},{"time":4.4667,"name":null}]},"5":{"attachment":[{"name":null},{"time":0.1667,"name":"5"},{"time":0.3333,"name":null},{"time":1.4333,"name":"5"},{"time":1.6,"name":null},{"time":2.2333,"name":"5"},{"time":2.4,"name":null},{"time":2.5667,"name":"5"},{"time":2.7,"name":null},{"time":3.8333,"name":"5"},{"time":4,"name":null},{"time":4.6333,"name":"5"},{"time":4.8,"name":null}]},"6":{"attachment":[{"time":0.3333,"name":"6"},{"time":0.4667,"name":null},{"time":0.8,"name":"6"},{"time":0.9667,"name":null},{"time":1.6,"name":"6"},{"time":1.7667,"name":null},{"time":2.0667,"name":"6"},{"time":2.2333,"name":null},{"time":2.7,"name":"6"},{"time":2.8667,"name":null},{"time":3.2,"name":"6"},{"time":3.3667,"name":null},{"time":4,"name":"6"},{"time":4.1333,"name":null},{"time":4.4667,"name":"6"},{"time":4.6333,"name":null}]},"8":{"attachment":[{"time":0.9667,"name":"8"},{"time":1.1333,"name":null},{"time":1.7667,"name":"8"},{"time":1.9,"name":null},{"time":3.3667,"name":"8"},{"time":3.5,"name":null},{"time":4.1333,"name":"8"},{"time":4.3,"name":null}]}}}}},[0]]],0,0,[0],[-1],[0]]
