[{"__type__":"cc.SpriteFrame","content":{"name":"图层 3 副本 2","texture":"3e1sS/11BGCJR+WEFNKiYi","rect":[66,2,108,108],"offset":[0,0],"originalSize":[108,108],"capInsets":[0,0,0,0]}},{"__type__":"cc.SpriteFrame","content":{"name":"logo","texture":"3e1sS/11BGCJR+WEFNKiYi","rect":[2,130,834,256],"offset":[0,0],"originalSize":[834,256],"capInsets":[0,0,0,0]}},{"__type__":"cc.SpriteFrame","content":{"name":"暂停","texture":"3e1sS/11BGCJR+WEFNKiYi","rect":[782,2,128,126],"offset":[0,0],"originalSize":[128,126],"capInsets":[0,0,0,0]}},{"__type__":"cc.SpriteFrame","content":{"name":"图层 4 副本","texture":"3e1sS/11BGCJR+WEFNKiYi","rect":[176,2,108,113],"offset":[0,0],"originalSize":[108,113],"rotated":1,"capInsets":[0,0,0,0]}},{"__type__":"cc.SpriteFrame","content":{"name":"图层 13","texture":"3e1sS/11BGCJR+WEFNKiYi","rect":[1084,419,978,812],"offset":[0,0],"originalSize":[978,812],"rotated":1,"capInsets":[0,0,0,0]}},{"__type__":"cc.SpriteFrame","content":{"name":"图层 14","texture":"3e1sS/11BGCJR+WEFNKiYi","rect":[2,388,448,1080],"offset":[0,0],"originalSize":[448,1080],"rotated":1,"capInsets":[0,0,0,0]}},{"__type__":"cc.SpriteFrame","content":{"name":"返回主页","texture":"3e1sS/11BGCJR+WEFNKiYi","rect":[530,2,120,119],"offset":[0,0],"originalSize":[120,119],"capInsets":[0,0,0,0]}},{"__type__":"cc.SpriteFrame","content":{"name":"图层 24","texture":"3e1sS/11BGCJR+WEFNKiYi","rect":[291,2,117,113],"offset":[0,0],"originalSize":[117,113],"capInsets":[0,0,0,0]}},{"__type__":"cc.SpriteFrame","content":{"name":"图层 21","texture":"3e1sS/11BGCJR+WEFNKiYi","rect":[1232,2,360,195],"offset":[0,0],"originalSize":[360,195],"capInsets":[0,0,0,0]}},{"__type__":"cc.SpriteFrame","content":{"name":"加号按钮","texture":"3e1sS/11BGCJR+WEFNKiYi","rect":[2,2,62,57],"offset":[0,0],"originalSize":[62,57],"capInsets":[0,0,0,0]}},{"__type__":"cc.SpriteFrame","content":{"name":"图层 32 拷贝 3","texture":"3e1sS/11BGCJR+WEFNKiYi","rect":[1072,2,158,156],"offset":[0,0],"originalSize":[158,156],"capInsets":[0,0,0,0]}},{"__type__":"cc.SpriteAtlas","_name":"home_plist.plist","_spriteFrames":{"logo":{"__uuid__":"03BJQxrndBToknhyFLwI2W"},"加号按钮":{"__uuid__":"981r2+RrBKmLsq47lY9/iA"},"图层 13":{"__uuid__":"29agTWDYVNApaM5hRMaBdA"},"图层 14":{"__uuid__":"2fP/l58sZOmpQJMM7PvG/o"},"图层 21":{"__uuid__":"94loRwb+VLbKfPAN74YqOn"},"图层 24":{"__uuid__":"8cL99tXL5MXKIF6hpYLJ1X"},"图层 26":{"__uuid__":"eeSSnSsFdK77rFewxs1mgB"},"图层 3 副本 2":{"__uuid__":"02sBkfvepF7oqrmXLcdIfM"},"图层 32 拷贝 3":{"__uuid__":"b1fVPxffFPbL810P3jpZ7y"},"图层 32 拷贝":{"__uuid__":"e4O8Ag3HhDQJgrKR3iMNXY"},"图层 4 副本":{"__uuid__":"27ON9EO+ZJKaKXpwuggYNE"},"暂停":{"__uuid__":"23eovgbFdMkLG4suFzeD/4"},"球球":{"__uuid__":"f6EYXS9KFGDYCxTUWO/tbG"},"购物车":{"__uuid__":"fdByr4Y1tJZ5cZod+1U6Pb"},"返回主页":{"__uuid__":"64Nsenni5Nv7ltGR9ME+a1"}}},{"__type__":"cc.SpriteFrame","content":{"name":"图层 32 拷贝","texture":"3e1sS/11BGCJR+WEFNKiYi","rect":[912,2,158,156],"offset":[0,0],"originalSize":[158,156],"capInsets":[0,0,0,0]}},{"__type__":"cc.SpriteFrame","content":{"name":"图层 26","texture":"3e1sS/11BGCJR+WEFNKiYi","rect":[410,2,118,117],"offset":[0,0],"originalSize":[118,117],"capInsets":[0,0,0,0]}},{"__type__":"cc.SpriteFrame","content":{"name":"球球","texture":"3e1sS/11BGCJR+WEFNKiYi","rect":[1594,2,415,415],"offset":[0,0],"originalSize":[415,415],"capInsets":[0,0,0,0]}},{"__type__":"cc.SpriteFrame","content":{"name":"购物车","texture":"3e1sS/11BGCJR+WEFNKiYi","rect":[652,2,128,126],"offset":[0,0],"originalSize":[128,126],"capInsets":[0,0,0,0]}}]