[1,["cc818+yNVFVJ4BRJTozCjh@6c48a"],0,[["sp.SkeletonData",["_name","_atlasText","textureNames","_skeletonJson","textures"],-1,3]],[[0,0,1,2,3,4,5]],[[0,"Sound_1_UFO","\r\nSound_1_UFO.png\r\nsize: 549, 767\r\nformat: RGBA8888\r\nfilter: Linear, Linear\r\nrepeat: none\r\n1\r\n  rotate: true\r\n  xy: 2, 386\r\n  size: 190, 272\r\n  orig: 190, 272\r\n  offset: 0, 0\r\n  index: -1\r\n2\r\n  rotate: true\r\n  xy: 276, 386\r\n  size: 190, 271\r\n  orig: 190, 271\r\n  offset: 0, 0\r\n  index: -1\r\n3\r\n  rotate: true\r\n  xy: 2, 194\r\n  size: 190, 272\r\n  orig: 190, 272\r\n  offset: 0, 0\r\n  index: -1\r\n4\r\n  rotate: true\r\n  xy: 2, 578\r\n  size: 187, 269\r\n  orig: 187, 269\r\n  offset: 0, 0\r\n  index: -1\r\n5\r\n  rotate: true\r\n  xy: 273, 578\r\n  size: 187, 269\r\n  orig: 187, 269\r\n  offset: 0, 0\r\n  index: -1\r\n6\r\n  rotate: true\r\n  xy: 276, 194\r\n  size: 190, 271\r\n  orig: 190, 271\r\n  offset: 0, 0\r\n  index: -1\r\n7\r\n  rotate: true\r\n  xy: 2, 2\r\n  size: 190, 272\r\n  orig: 190, 272\r\n  offset: 0, 0\r\n  index: -1\r\n8\r\n  rotate: true\r\n  xy: 276, 2\r\n  size: 190, 271\r\n  orig: 190, 271\r\n  offset: 0, 0\r\n  index: -1\r\n",["Sound_1_UFO.png"],{"skeleton":{"hash":"WWh/aHTOjjk","spine":"3.8-from-4.0-from-4.1-from-4.2.38","images":"C:\\Users\\006\\Desktop\\222","audio":"./audio"},"bones":[{"name":"root"},{"name":"bone","parent":"root","x":1.05,"y":-50.67}],"slots":[{"name":"1","bone":"bone"},{"name":"2","bone":"bone"},{"name":"3","bone":"bone"},{"name":"4","bone":"bone"},{"name":"5","bone":"bone","attachment":"5"},{"name":"6","bone":"bone"},{"name":"7","bone":"bone"},{"name":"8","bone":"bone"}],"skins":[{"name":"default","attachments":{"1":{"1":{"x":8.46,"y":181.91,"width":190,"height":272}},"2":{"2":{"x":5.21,"y":180.91,"width":190,"height":271}},"3":{"3":{"x":7.96,"y":181.41,"width":190,"height":272}},"4":{"4":{"x":13.47,"y":180.16,"width":187,"height":269}},"5":{"5":{"x":-1.05,"y":180.66,"width":187,"height":269}},"6":{"6":{"x":5.96,"y":181.16,"width":190,"height":271}},"7":{"7":{"x":8.16,"y":181.41,"width":190,"height":272}},"8":{"8":{"x":7.21,"y":181.66,"width":190,"height":271}}}}],"animations":{"Sound_1":{"slots":{"1":{"attachment":[{"time":0.3333,"name":"1"},{"time":0.5,"name":null},{"time":1.5,"name":"1"},{"time":1.6667,"name":null},{"time":2.6667,"name":"1"},{"time":2.8333,"name":null},{"time":3.8333,"name":"1"},{"time":4,"name":null}]},"2":{"attachment":[{"time":0.1667,"name":"2"},{"time":0.3333,"name":null}]},"3":{"attachment":[{"time":0.5,"name":"3"},{"time":0.6667,"name":null},{"time":1.1667,"name":"3"},{"time":1.3333,"name":null},{"time":1.6667,"name":"3"},{"time":1.8667,"name":null},{"time":2.3667,"name":"3"},{"time":2.5,"name":null},{"time":2.8333,"name":"3"},{"time":2.9667,"name":null},{"time":3.4667,"name":"3"},{"time":3.6667,"name":null},{"time":4,"name":"3"},{"time":4.2,"name":null},{"time":4.6667,"name":"3"},{"time":4.8,"name":null}]},"4":{"attachment":[{"time":0.6667,"name":"4"},{"time":0.8333,"name":null},{"time":1.8667,"name":"4"},{"time":2.0333,"name":null},{"time":2.9667,"name":"4"},{"time":3.1667,"name":null},{"time":4.2,"name":"4"},{"time":4.4667,"name":null}]},"5":{"attachment":[{"time":0.1667,"name":null},{"time":1.3333,"name":"5"},{"time":1.5,"name":null},{"time":2.5,"name":"5"},{"time":2.6667,"name":null},{"time":3.6667,"name":"5"},{"time":3.8333,"name":null},{"time":4.8,"name":"5"}]},"6":{"attachment":[{"time":1,"name":"6"},{"time":1.1667,"name":null},{"time":2.1667,"name":"6"},{"time":2.3667,"name":null},{"time":3.3333,"name":"6"},{"time":3.4667,"name":null},{"time":4.4667,"name":"6"},{"time":4.6667,"name":null}]},"8":{"attachment":[{"time":0.8333,"name":"8"},{"time":1,"name":null},{"time":2.0333,"name":"8"},{"time":2.1667,"name":null},{"time":3.1667,"name":"8"},{"time":3.3333,"name":null}]}}},"Sound_2":{"slots":{"1":{"attachment":[{"time":0.3333,"name":"1"},{"time":0.5,"name":null},{"time":1.5,"name":"1"},{"time":1.6667,"name":null},{"time":2.6667,"name":"1"},{"time":2.8333,"name":null},{"time":3.8333,"name":"1"},{"time":4,"name":null}]},"2":{"attachment":[{"time":0.1667,"name":"2"},{"time":0.3333,"name":null}]},"3":{"attachment":[{"time":0.5,"name":"3"},{"time":0.6667,"name":null},{"time":1.1667,"name":"3"},{"time":1.3333,"name":null},{"time":1.6667,"name":"3"},{"time":1.8667,"name":null},{"time":2.3667,"name":"3"},{"time":2.5,"name":null},{"time":2.8333,"name":"3"},{"time":2.9667,"name":null},{"time":3.4667,"name":"3"},{"time":3.6667,"name":null},{"time":4,"name":"3"},{"time":4.2,"name":null},{"time":4.6667,"name":"3"},{"time":4.8,"name":null}]},"4":{"attachment":[{"time":0.6667,"name":"4"},{"time":0.8333,"name":null},{"time":1.8667,"name":"4"},{"time":2.0333,"name":null},{"time":2.9667,"name":"4"},{"time":3.1667,"name":null},{"time":4.2,"name":"4"},{"time":4.4667,"name":null}]},"5":{"attachment":[{"time":0.1667,"name":null},{"time":1.3333,"name":"5"},{"time":1.5,"name":null},{"time":2.5,"name":"5"},{"time":2.6667,"name":null},{"time":3.6667,"name":"5"},{"time":3.8333,"name":null},{"time":4.8,"name":"5"}]},"6":{"attachment":[{"time":1,"name":"6"},{"time":1.1667,"name":null},{"time":2.1667,"name":"6"},{"time":2.3667,"name":null},{"time":3.3333,"name":"6"},{"time":3.4667,"name":null},{"time":4.4667,"name":"6"},{"time":4.6667,"name":null}]},"8":{"attachment":[{"time":0.8333,"name":"8"},{"time":1,"name":null},{"time":2.0333,"name":"8"},{"time":2.1667,"name":null},{"time":3.1667,"name":"8"},{"time":3.3333,"name":null}]}}}}},[0]]],0,0,[0],[-1],[0]]
