[1,["9c0c2Jx4xL6pMOhlXY5dGU@6c48a"],0,[["sp.SkeletonData",["_name","_atlasText","textureNames","_skeletonJson","textures"],-1,3]],[[0,0,1,2,3,4,5]],[[0,"Sound_R_Green","\r\nSound_R_Green.png\r\nsize: 940, 499\r\nformat: RGBA8888\r\nfilter: Linear, Linear\r\nrepeat: none\r\n0\r\n  rotate: true\r\n  xy: 2, 337\r\n  size: 160, 308\r\n  orig: 160, 308\r\n  offset: 0, 0\r\n  index: -1\r\n1\r\n  rotate: true\r\n  xy: 312, 336\r\n  size: 161, 316\r\n  orig: 161, 316\r\n  offset: 0, 0\r\n  index: -1\r\n2\r\n  rotate: true\r\n  xy: 2, 173\r\n  size: 161, 317\r\n  orig: 161, 317\r\n  offset: 0, 0\r\n  index: -1\r\n3\r\n  rotate: true\r\n  xy: 632, 2\r\n  size: 163, 301\r\n  orig: 163, 301\r\n  offset: 0, 0\r\n  index: -1\r\n4\r\n  rotate: true\r\n  xy: 630, 335\r\n  size: 162, 306\r\n  orig: 162, 306\r\n  offset: 0, 0\r\n  index: -1\r\n5\r\n  rotate: true\r\n  xy: 321, 172\r\n  size: 161, 318\r\n  orig: 161, 318\r\n  offset: 0, 0\r\n  index: -1\r\n6\r\n  rotate: true\r\n  xy: 2, 10\r\n  size: 161, 316\r\n  orig: 161, 316\r\n  offset: 0, 0\r\n  index: -1\r\n7\r\n  rotate: true\r\n  xy: 641, 167\r\n  size: 166, 297\r\n  orig: 166, 297\r\n  offset: 0, 0\r\n  index: -1\r\n8\r\n  rotate: true\r\n  xy: 320, 8\r\n  size: 162, 310\r\n  orig: 162, 310\r\n  offset: 0, 0\r\n  index: -1\r\n",["Sound_R_Green.png"],{"skeleton":{"hash":"DdpvM4CNB1M","spine":"3.8-from-4.0-from-4.1-from-4.2.37","x":-80,"y":-0.36,"width":160,"height":308,"images":"C:\\Users\\006\\Desktop\\111","audio":"./audio"},"bones":[{"name":"root"},{"name":"bone","parent":"root","x":-1.19,"y":-20.07}],"slots":[{"name":"0","bone":"bone","attachment":"0"},{"name":"1","bone":"bone"},{"name":"2","bone":"bone"},{"name":"3","bone":"bone"},{"name":"4","bone":"bone"},{"name":"5","bone":"bone"},{"name":"6","bone":"bone"},{"name":"7","bone":"bone"},{"name":"8","bone":"bone"}],"skins":[{"name":"default","attachments":{"0":{"0":{"x":1.19,"y":173.71,"width":160,"height":308}},"1":{"1":{"x":-1.79,"y":178.03,"width":161,"height":316}},"2":{"2":{"x":1.31,"y":177.96,"width":161,"height":317}},"3":{"3":{"x":6.49,"y":170.9,"width":163,"height":301}},"4":{"4":{"x":5.42,"y":173.27,"width":162,"height":306}},"5":{"5":{"x":1,"y":179.23,"width":161,"height":318}},"6":{"6":{"x":3.07,"y":177.96,"width":161,"height":316}},"7":{"7":{"x":7.51,"y":167.86,"width":166,"height":297}},"8":{"8":{"x":5.14,"y":174.79,"width":162,"height":310}}}}],"animations":{"Sound_1":{"slots":{"0":{"attachment":[{"name":null}]},"1":{"attachment":[{"name":"1"},{"time":0.1333,"name":null},{"time":0.6,"name":"1"},{"time":0.7333,"name":null},{"time":1.2,"name":"1"},{"time":1.3333,"name":null},{"time":1.8,"name":"1"},{"time":1.9333,"name":null}]},"2":{"attachment":[{"time":0.1333,"name":"2"},{"time":0.3,"name":null},{"time":0.7333,"name":"2"},{"time":0.9,"name":null},{"time":1.3333,"name":"2"},{"time":1.5,"name":null},{"time":1.9333,"name":"2"},{"time":2.1,"name":null}]},"3":{"attachment":[{"time":0.3,"name":"3"},{"time":0.4333,"name":null},{"time":0.9,"name":"3"},{"time":1.0333,"name":null},{"time":1.5,"name":"3"},{"time":1.6333,"name":null},{"time":2.1,"name":"3"},{"time":2.2333,"name":null}]},"4":{"attachment":[{"time":0.4333,"name":"4"},{"time":0.6,"name":null},{"time":1.0333,"name":"4"},{"time":1.2,"name":null},{"time":1.6333,"name":"4"},{"time":1.8,"name":null},{"time":2.2333,"name":"4"},{"time":2.4,"name":null}]},"5":{"attachment":[{"time":2.4,"name":"5"},{"time":2.5333,"name":null},{"time":3,"name":"5"},{"time":3.1333,"name":null},{"time":3.6,"name":"5"},{"time":3.7333,"name":null},{"time":4.2,"name":"5"},{"time":4.3333,"name":null},{"time":4.8,"name":"5"}]},"6":{"attachment":[{"time":2.5333,"name":"6"},{"time":2.7,"name":null},{"time":3.1333,"name":"6"},{"time":3.3,"name":null},{"time":3.7333,"name":"6"},{"time":3.9,"name":null},{"time":4.3333,"name":"6"},{"time":4.5,"name":null}]},"7":{"attachment":[{"time":2.7,"name":"7"},{"time":2.8333,"name":null},{"time":3.3,"name":"7"},{"time":3.4333,"name":null},{"time":3.9,"name":"7"},{"time":4.0333,"name":null},{"time":4.5,"name":"7"},{"time":4.6333,"name":null}]},"8":{"attachment":[{"time":2.8333,"name":"8"},{"time":3,"name":null},{"time":3.4333,"name":"8"},{"time":3.6,"name":null},{"time":4.0333,"name":"8"},{"time":4.2,"name":null},{"time":4.6333,"name":"8"},{"time":4.8,"name":null}]}}},"Sound_2":{"slots":{"0":{"attachment":[{"name":null}]},"1":{"attachment":[{"name":"1"},{"time":0.1333,"name":null},{"time":0.6,"name":"1"},{"time":0.7333,"name":null},{"time":1.2,"name":"1"},{"time":1.3333,"name":null},{"time":1.8,"name":"1"},{"time":1.9333,"name":null}]},"2":{"attachment":[{"time":0.1333,"name":"2"},{"time":0.3,"name":null},{"time":0.7333,"name":"2"},{"time":0.9,"name":null},{"time":1.3333,"name":"2"},{"time":1.5,"name":null},{"time":1.9333,"name":"2"},{"time":2.1,"name":null}]},"3":{"attachment":[{"time":0.3,"name":"3"},{"time":0.4333,"name":null},{"time":0.9,"name":"3"},{"time":1.0333,"name":null},{"time":1.5,"name":"3"},{"time":1.6333,"name":null},{"time":2.1,"name":"3"},{"time":2.2333,"name":null}]},"4":{"attachment":[{"time":0.4333,"name":"4"},{"time":0.6,"name":null},{"time":1.0333,"name":"4"},{"time":1.2,"name":null},{"time":1.6333,"name":"4"},{"time":1.8,"name":null},{"time":2.2333,"name":"4"},{"time":2.4,"name":null}]},"5":{"attachment":[{"time":2.4,"name":"5"},{"time":2.5333,"name":null},{"time":3,"name":"5"},{"time":3.1333,"name":null},{"time":3.6,"name":"5"},{"time":3.7333,"name":null},{"time":4.2,"name":"5"},{"time":4.3333,"name":null},{"time":4.8,"name":"5"}]},"6":{"attachment":[{"time":2.5333,"name":"6"},{"time":2.7,"name":null},{"time":3.1333,"name":"6"},{"time":3.3,"name":null},{"time":3.7333,"name":"6"},{"time":3.9,"name":null},{"time":4.3333,"name":"6"},{"time":4.5,"name":null}]},"7":{"attachment":[{"time":2.7,"name":"7"},{"time":2.8333,"name":null},{"time":3.3,"name":"7"},{"time":3.4333,"name":null},{"time":3.9,"name":"7"},{"time":4.0333,"name":null},{"time":4.5,"name":"7"},{"time":4.6333,"name":null}]},"8":{"attachment":[{"time":2.8333,"name":"8"},{"time":3,"name":null},{"time":3.4333,"name":"8"},{"time":3.6,"name":null},{"time":4.0333,"name":"8"},{"time":4.2,"name":null},{"time":4.6333,"name":"8"},{"time":4.8,"name":null}]}}}}},[0]]],0,0,[0],[-1],[0]]
