[1,["3f3rYgSTpI+L4VXXkxBttI@6c48a"],0,[["sp.SkeletonData",["_name","_atlasText","textureNames","_skeletonJson","textures"],-1,3]],[[0,0,1,2,3,4,5]],[[0,"meo_hat_be","\r\nmeo_hat_be.png\r\nsize: 596, 189\r\nformat: RGBA8888\r\nfilter: Linear, Linear\r\nrepeat: none\r\n1\r\n  rotate: false\r\n  xy: 363, 6\r\n  size: 33, 25\r\n  orig: 35, 27\r\n  offset: 1, 1\r\n  index: -1\r\n10\r\n  rotate: true\r\n  xy: 440, 44\r\n  size: 70, 59\r\n  orig: 72, 61\r\n  offset: 1, 1\r\n  index: -1\r\n11\r\n  rotate: true\r\n  xy: 440, 116\r\n  size: 71, 67\r\n  orig: 73, 69\r\n  offset: 1, 1\r\n  index: -1\r\n12\r\n  rotate: false\r\n  xy: 398, 4\r\n  size: 42, 35\r\n  orig: 44, 37\r\n  offset: 1, 1\r\n  index: -1\r\n13\r\n  rotate: true\r\n  xy: 566, 69\r\n  size: 22, 20\r\n  orig: 24, 22\r\n  offset: 1, 1\r\n  index: -1\r\n14\r\n  rotate: true\r\n  xy: 556, 120\r\n  size: 67, 38\r\n  orig: 69, 40\r\n  offset: 1, 1\r\n  index: -1\r\n15\r\n  rotate: false\r\n  xy: 442, 2\r\n  size: 42, 40\r\n  orig: 44, 42\r\n  offset: 1, 1\r\n  index: -1\r\n16\r\n  rotate: true\r\n  xy: 548, 7\r\n  size: 38, 32\r\n  orig: 40, 34\r\n  offset: 1, 1\r\n  index: -1\r\n17\r\n  rotate: true\r\n  xy: 511, 7\r\n  size: 38, 35\r\n  orig: 40, 37\r\n  offset: 1, 1\r\n  index: -1\r\n18\r\n  rotate: false\r\n  xy: 2, 8\r\n  size: 265, 179\r\n  orig: 267, 181\r\n  offset: 1, 1\r\n  index: -1\r\n19\r\n  rotate: false\r\n  xy: 269, 33\r\n  size: 111, 154\r\n  orig: 113, 156\r\n  offset: 1, 1\r\n  index: -1\r\n2\r\n  rotate: false\r\n  xy: 501, 47\r\n  size: 63, 67\r\n  orig: 65, 69\r\n  offset: 1, 1\r\n  index: -1\r\n20\r\n  rotate: true\r\n  xy: 509, 120\r\n  size: 67, 45\r\n  orig: 69, 47\r\n  offset: 1, 1\r\n  index: -1\r\n3\r\n  rotate: false\r\n  xy: 566, 93\r\n  size: 17, 25\r\n  orig: 19, 27\r\n  offset: 1, 1\r\n  index: -1\r\n4\r\n  rotate: false\r\n  xy: 269, 2\r\n  size: 92, 29\r\n  orig: 94, 31\r\n  offset: 1, 1\r\n  index: -1\r\n5\r\n  rotate: false\r\n  xy: 486, 3\r\n  size: 23, 39\r\n  orig: 25, 41\r\n  offset: 1, 1\r\n  index: -1\r\n6\r\n  rotate: true\r\n  xy: 382, 115\r\n  size: 72, 56\r\n  orig: 72, 56\r\n  offset: 0, 0\r\n  index: -1\r\n7\r\n  rotate: true\r\n  xy: 566, 50\r\n  size: 17, 14\r\n  orig: 19, 16\r\n  offset: 1, 1\r\n  index: -1\r\n9\r\n  rotate: true\r\n  xy: 566, 50\r\n  size: 17, 14\r\n  orig: 19, 16\r\n  offset: 1, 1\r\n  index: -1\r\n8\r\n  rotate: true\r\n  xy: 382, 41\r\n  size: 72, 56\r\n  orig: 72, 56\r\n  offset: 0, 0\r\n  index: -1\r\n",["meo_hat_be.png"],{"skeleton":{"hash":"HQeoAHIB9Ts","spine":"3.8-from-4.0-from-4.1-from-4.2.38","x":-136.85,"y":-7.7,"width":267,"height":308,"images":"C:/Users/006/Desktop/222","audio":"../20Track 3/"},"bones":[{"name":"root"},{"name":"bone","parent":"root"},{"name":"18","parent":"bone","length":122.14,"rotation":90,"x":-4.54,"y":130.23},{"name":"19","parent":"18","x":84.17,"y":-10.01},{"name":"10","parent":"19","x":-6.51,"y":-46.42},{"name":"8","parent":"10","length":14.61,"rotation":-18.32,"x":-13.01,"y":9.76},{"name":"11","parent":"19","x":-6.8,"y":49.08},{"name":"6","parent":"11","length":21.17,"rotation":17.65,"x":-16.14,"y":-9.67},{"name":"3","parent":"19","length":18.71,"rotation":-174.56,"x":-22.18,"y":-2.07},{"name":"4","parent":"3","length":20.12,"rotation":86.24,"x":26.52,"y":-0.91},{"name":"5","parent":"3","length":19.85,"rotation":-8.86,"x":21.68,"y":0.01},{"name":"15","parent":"bone","length":27.4,"rotation":38.23,"x":31.15,"y":111.27},{"name":"2","parent":"15","length":32.57,"rotation":93.11,"x":31.05,"y":-5.37},{"name":"12","parent":"bone","length":25.37,"rotation":-17.97,"x":-34.71,"y":90.4},{"name":"14","parent":"12","length":29.36,"rotation":16.06,"x":26.5,"y":-0.32},{"name":"13","parent":"14","length":12.72,"rotation":91.91,"x":37.85,"y":19.53},{"name":"16","parent":"18","length":22.35,"rotation":-120.26,"x":31.33,"y":-72.42},{"name":"17","parent":"18","length":24.48,"rotation":132.34,"x":26.9,"y":77.57},{"name":"9","parent":"10","x":-14.92,"y":-8.21},{"name":"7","parent":"11","x":-16.69,"y":4.94}],"slots":[{"name":"20","bone":"bone","attachment":"20"},{"name":"19","bone":"bone","attachment":"19"},{"name":"18","bone":"18","attachment":"18"},{"name":"17","bone":"17","attachment":"17"},{"name":"16","bone":"16","attachment":"16"},{"name":"15","bone":"15","attachment":"15"},{"name":"14","bone":"14","attachment":"14"},{"name":"13","bone":"13","attachment":"13"},{"name":"12","bone":"12","attachment":"12"},{"name":"11","bone":"11","attachment":"11"},{"name":"10","bone":"10","attachment":"10"},{"name":"9","bone":"9","attachment":"9"},{"name":"8","bone":"8","attachment":"8"},{"name":"7","bone":"7","attachment":"7"},{"name":"6","bone":"6","attachment":"6"},{"name":"5","bone":"5"},{"name":"4","bone":"4","attachment":"4"},{"name":"3","bone":"3","attachment":"3"},{"name":"2","bone":"2","attachment":"2"},{"name":"1","bone":"2","attachment":"1"}],"skins":[{"name":"default","attachments":{"1":{"1":{"x":4.2,"y":-2.08,"rotation":-131.35,"width":35,"height":27}},"2":{"2":{"x":21.05,"y":0.41,"rotation":-131.35,"width":65,"height":69}},"3":{"3":{"x":8.31,"y":-1.69,"rotation":84.56,"width":19,"height":27}},"4":{"4":{"x":-1.2,"y":-6.91,"rotation":-1.68,"width":94,"height":31}},"5":{"5":{"x":15.93,"y":-1.01,"rotation":93.42,"width":25,"height":41}},"6":{"6":{"type":"mesh","hull":19,"width":72,"height":56,"uvs":[0.7798,0.026,0.8706,0.08262,0.94834,0.16101,0.99128,0.2862,0.99145,0.47165,0.91416,0.66246,0.80955,0.80052,0.66589,0.90595,0.47619,0.98272,0.33365,0.99309,0.19959,0.9673,0.08258,0.88504,0.01363,0.74945,0.00684,0.56156,0.07864,0.37031,0.19344,0.19875,0.33962,0.08309,0.47603,0.02595,0.64212,0.00906,0.1219,0.40904,0.06867,0.54805,0.06036,0.69348,0.10028,0.80469,0.18678,0.87741,0.30322,0.92018,0.44128,0.90949,0.58766,0.84747,0.70743,0.78331,0.78394,0.71273,0.85547,0.61007,0.91369,0.48603,0.93365,0.35129,0.91535,0.2465,0.84882,0.15667,0.75733,0.10321,0.64588,0.0861,0.51946,0.09893,0.37474,0.16095,0.24167,0.26147],"triangles":[11,22,23,19,24,23,30,29,34,5,30,4,29,30,5,29,28,35,5,6,28,5,28,29,27,28,6,27,26,36,28,27,36,7,26,27,7,27,6,26,25,38,25,24,19,10,23,24,11,23,10,8,25,26,8,26,7,9,24,25,9,25,8,10,24,9,30,31,4,22,21,23,11,12,22,20,23,21,21,13,20,19,23,20,20,14,19,38,37,26,34,35,18,36,17,18,35,36,18,0,34,18,34,0,1,33,34,1,37,16,17,37,17,36,33,1,2,32,33,2,32,2,3,31,32,3,31,33,32,30,34,33,34,29,35,35,28,36,37,36,26,37,38,16,38,15,16,38,19,15,19,14,15,20,13,14,25,19,38,12,13,21,12,21,22,31,30,33,31,3,4],"vertices":[1,6,24.24,-20.91,1,2,6,21.07,-27.44,0.96286,7,19.86,-36.22,0.03714,1,6,17.61,-32.06,1,2,6,14.18,-32.38,0.83829,7,11.25,-35.22,0.16171,2,6,7.08,-31.73,0.38165,7,6.03,-30.02,0.61835,2,6,-4.76,-29.06,0.06286,7,-1.68,-21.32,0.93714,1,7,-6.77,-11.79,1,1,7,-9.26,-0.15,1,2,6,-32.77,-3.2,0.02286,7,-9.21,14.17,0.97714,2,6,-36.62,6.9,0.07714,7,-6.65,24.13,0.92286,2,6,-38.14,17.09,0.18649,7,-2.22,32.89,0.81351,2,6,-28.22,28.92,0.56286,7,12.67,37.7,0.43714,2,6,-18.08,34.51,0.80404,7,24.3,36.69,0.19596,2,6,-5.75,34.75,0.96,7,34.61,29.88,0.04,1,6,4.96,29.58,1,1,6,14.57,21.31,1,1,6,21.04,10.79,1,1,6,24.24,0.96,1,1,6,25.19,-10.99,1,1,6,2.79,26.46,1,2,6,-5,30.29,0.95429,7,32.62,25.83,0.04571,2,6,-14.27,31.15,0.80496,7,25.47,31.83,0.19504,2,6,-23.44,28.12,0.57021,7,16.03,34.33,0.42979,2,6,-30.11,20.67,0.3062,7,6.23,31.74,0.6938,2,6,-33.23,10.39,0.08286,7,-2.1,24.98,0.91714,2,6,-29.46,0.63,0.03143,7,-4.54,15.32,0.96857,1,7,-4.43,4.23,1,1,7,-3.62,-5.08,1,1,7,-1.52,-11.53,1,2,6,-3.17,-23.9,0.08857,7,2.39,-18.18,0.91143,2,6,4.43,-26.53,0.27501,7,6.85,-24.54,0.725,2,6,10.39,-28.18,0.53948,7,10.61,-29.62,0.46052,2,6,13.92,-28.52,0.8527,7,13.31,-32.43,0.1473,2,6,17.11,-25.61,0.91714,7,17.71,-32.36,0.08286,1,6,19.92,-19.29,1,1,6,20.87,-11.26,1,1,6,20.16,-2.16,1,1,6,16.68,8.26,1,1,6,11.05,17.84,1],"edges":[0,36,0,2,2,4,4,6,6,8,8,10,10,12,12,14,14,16,16,18,18,20,20,22,22,24,24,26,26,28,28,30,30,32,32,34,34,36,38,40,40,42,42,44,44,46,46,48,48,50,50,52,52,54,54,56,56,58,58,60,60,62,62,64,64,66,66,68,68,70,70,72,72,74,74,76,76,38]}},"7":{"7":{"x":0.38,"y":-0.2,"rotation":-90,"width":19,"height":16}},"8":{"8":{"type":"mesh","hull":27,"width":72,"height":56,"uvs":[0.58122,0.05423,0.67949,0.09196,0.76083,0.16507,0.84217,0.23818,0.91417,0.36792,0.98618,0.49767,0.9866,0.62485,0.98703,0.75204,0.87662,0.92301,0.78238,0.96095,0.68813,0.99889,0.56368,0.98261,0.43922,0.96633,0.32011,0.88805,0.20101,0.80976,0.12619,0.70553,0.05137,0.60129,0.02569,0.49675,0,0.39221,0.01007,0.30327,0.02013,0.21433,0.07843,0.13921,0.13673,0.06408,0.2254,0.03204,0.31407,0,0.39851,0.00824,0.48295,0.01649,0.06383,0.37023,0.09345,0.52532,0.22043,0.7321,0.34951,0.83549,0.48707,0.88718,0.63097,0.91983,0.80026,0.88718,0.91877,0.76203,0.93782,0.62054,0.91454,0.48722,0.82143,0.32942,0.69446,0.20154,0.60981,0.1444,0.48072,0.09815,0.32624,0.08182,0.18445,0.11991,0.09769,0.21242,0.15694,0.62871],"triangles":[33,32,37,9,32,33,11,32,10,10,32,9,12,31,11,11,31,32,13,30,12,12,30,31,13,14,30,14,29,30,30,29,40,31,30,39,14,15,29,15,44,29,40,29,44,15,16,44,16,28,44,41,44,28,16,17,28,17,27,28,37,32,31,9,33,8,17,18,27,18,19,27,42,28,27,8,33,34,43,42,27,20,21,43,42,43,21,8,34,7,33,35,34,36,33,37,31,38,37,38,31,39,30,40,39,41,40,44,7,35,6,7,34,35,35,33,36,35,5,6,35,36,5,37,4,36,5,36,4,37,3,4,38,2,37,37,2,3,39,1,38,38,1,2,40,0,39,39,0,1,42,23,41,42,22,23,41,25,40,40,26,0,40,25,26,23,24,41,41,24,25,42,21,22,42,41,28,43,19,20,27,19,43],"vertices":[1,4,24.36,-7.1,1,1,4,22.25,-14.18,1,1,4,18.16,-20.03,1,1,4,14.06,-25.89,1,1,4,6.8,-31.08,1,1,4,-0.47,-36.26,1,2,4,-7.59,-36.29,0.95143,5,31.42,-34.1,0.04857,2,4,-16.7,-36.51,0.90286,5,23.98,-39.38,0.09714,2,4,-34.95,-25.44,0.41282,5,2.45,-39.68,0.58718,2,4,-36.07,-17.51,0.26686,5,-2.87,-33.97,0.73314,2,4,-36.11,-10.06,0.18571,5,-7.02,-28.19,0.81429,2,4,-32.44,-1.37,0.10857,5,-8.97,-19.4,0.89143,1,5,-10.92,-10.61,1,1,5,-9.46,-1.09,1,1,5,-7.99,8.43,1,2,4,-7.22,25.41,0.04571,5,-4.14,15.38,0.95429,1,5,-0.3,22.33,1,2,4,6.71,29.06,0.22058,5,4.68,25.92,0.77942,2,4,13.15,29.11,0.32306,5,9.66,29.52,0.67694,2,4,17.82,26.97,0.70857,5,14.48,30.46,0.29143,2,4,21.75,26.04,0.89714,5,18.1,32.14,0.10286,2,4,23.7,23.05,0.95714,5,21.43,31.26,0.04286,1,4,25.64,21.52,1,2,4,25.68,18.33,0.98286,5,26.27,29.63,0.01714,2,4,27.4,12.13,0.96,5,31.32,25.64,0.04,2,4,26.94,6.05,0.96571,5,34.52,20.45,0.03429,1,4,26.48,-0.03,1,2,4,12.97,24.13,0.54868,5,12.27,25.54,0.45132,2,4,3.61,24.66,0.13714,5,4.7,20.79,0.86286,2,4,-10.79,19.07,0.03714,5,-3.42,8.47,0.96286,1,5,-6,-2.17,1,2,4,-25.4,2.51,0.06286,5,-5.63,-12.49,0.93714,2,4,-30.41,-7.3,0.14571,5,-4.11,-22.9,0.85429,2,4,-30.88,-20.68,0.36005,5,3.01,-33.78,0.63995,2,4,-18.45,-31.6,0.80857,5,19.58,-36.27,0.19143,2,4,-7.35,-32.78,0.92,5,29.55,-31.11,0.08,1,4,0.12,-31.1,1,2,4,8.95,-24.4,0.97714,5,37.83,-14.76,0.02286,2,4,16.11,-15.26,0.98571,5,38.26,-3.16,0.01429,1,4,19.31,-9.16,1,2,4,21.9,0.13,0.97143,5,33.92,12.7,0.02857,2,4,22.82,11.26,0.95714,5,28.13,22.24,0.04286,2,4,22.25,18.13,0.97429,5,23.31,26.98,0.02571,2,4,19.86,21.43,0.93714,5,19.26,27.64,0.06286,2,4,-3.59,21.87,0.11143,5,0.64,14.63,0.88857],"edges":[14,16,54,56,58,60,60,62,62,64,64,66,66,68,68,70,70,72,72,74,74,76,76,78,78,80,80,82,82,84,84,86,86,54,40,42,42,44,44,46,46,48,48,50,50,52,2,0,0,52,2,4,4,6,6,8,8,10,10,12,12,14,16,18,18,20,20,22,22,24,24,26,26,28,28,30,30,32,56,88,88,58,32,34,34,36,36,38,38,40]}},"9":{"9":{"x":0.32,"y":0.46,"rotation":-90,"width":19,"height":16}},"10":{"10":{"x":-3.1,"y":-1.25,"rotation":-90,"width":72,"height":61}},"11":{"11":{"x":-8.8,"y":-1.26,"rotation":-90,"width":73,"height":69}},"12":{"12":{"x":13.01,"y":-1.67,"rotation":17.97,"width":44,"height":37}},"13":{"13":{"x":7.11,"y":2.72,"rotation":-90,"width":24,"height":22}},"14":{"14":{"x":25.2,"y":2.21,"rotation":1.91,"width":69,"height":40}},"15":{"15":{"x":14.06,"y":1.69,"rotation":-38.23,"width":44,"height":42}},"16":{"16":{"x":16.13,"y":-1.31,"rotation":30.26,"width":40,"height":34}},"17":{"17":{"x":19.87,"y":-0.07,"rotation":137.66,"width":40,"height":37}},"18":{"18":{"x":79.57,"y":-1.19,"rotation":-90,"width":267,"height":181}},"19":{"19":{"x":-2.35,"y":70.3,"width":113,"height":156}},"20":{"20":{"x":67.65,"y":60.8,"width":69,"height":47}}}}],"events":{"1":{}},"animations":{"1_play":{"slots":{"4":{"attachment":[{"time":0.4333,"name":null},{"time":0.5333,"name":"4"},{"time":0.6,"name":null},{"time":1.0333,"name":"4"},{"time":1.1,"name":null},{"time":1.6333,"name":"4"},{"time":1.7,"name":null},{"time":1.8,"name":"4"},{"time":1.8667,"name":null},{"time":2.2667,"name":"4"},{"time":2.3667,"name":null},{"time":2.8667,"name":"4"},{"time":2.9333,"name":null},{"time":3.0667,"name":"4"},{"time":3.1333,"name":null},{"time":3.5333,"name":"4"},{"time":3.6333,"name":null},{"time":4.1667,"name":"4"},{"time":4.2333,"name":null},{"time":4.4,"name":"4"},{"time":4.5,"name":null},{"time":4.8333,"name":"4"},{"time":4.9333,"name":null},{"time":5.4333,"name":"4"},{"time":5.5333,"name":null},{"time":5.6333,"name":"4"},{"time":5.7667,"name":null},{"time":6.1,"name":"4"},{"time":6.2333,"name":null},{"time":6.6667,"name":"4"},{"time":6.7667,"name":null},{"time":6.8667,"name":"4"},{"time":6.9667,"name":null},{"time":7.3333,"name":"4"},{"time":7.4333,"name":null},{"time":7.9667,"name":"4"},{"time":8.0667,"name":null},{"time":8.1667,"name":"4"},{"time":8.3,"name":null},{"time":8.6333,"name":"4"},{"time":8.7667,"name":null},{"time":9.2,"name":"4"},{"time":9.3,"name":null},{"time":9.4,"name":"4"},{"time":9.5,"name":null},{"time":9.9,"name":"4"},{"time":10,"name":null}]},"5":{"attachment":[{"time":0.4333,"name":"5"},{"time":0.5333,"name":null},{"time":0.6,"name":"5"},{"time":1.0333,"name":null},{"time":1.1,"name":"5"},{"time":1.6333,"name":null},{"time":1.7,"name":"5"},{"time":1.8,"name":null},{"time":1.8667,"name":"5"},{"time":2.2667,"name":null},{"time":2.3667,"name":"5"},{"time":2.8667,"name":null},{"time":2.9333,"name":"5"},{"time":3.0667,"name":null},{"time":3.1333,"name":"5"},{"time":3.5333,"name":null},{"time":3.6333,"name":"5"},{"time":4.1667,"name":null},{"time":4.2333,"name":"5"},{"time":4.4,"name":null},{"time":4.5,"name":"5"},{"time":4.8333,"name":null},{"time":4.9333,"name":"5"},{"time":5.4333,"name":null},{"time":5.5333,"name":"5"},{"time":5.6333,"name":null},{"time":5.7667,"name":"5"},{"time":6.1,"name":null},{"time":6.2333,"name":"5"},{"time":6.6667,"name":null},{"time":6.7667,"name":"5"},{"time":6.8667,"name":null},{"time":6.9667,"name":"5"},{"time":7.3333,"name":null},{"time":7.4333,"name":"5"},{"time":7.9667,"name":null},{"time":8.0667,"name":"5"},{"time":8.1667,"name":null},{"time":8.3,"name":"5"},{"time":8.6333,"name":null},{"time":8.7667,"name":"5"},{"time":9.2,"name":null},{"time":9.3,"name":"5"},{"time":9.4,"name":null},{"time":9.5,"name":"5"},{"time":9.9,"name":null},{"time":10,"name":"5"}]}},"bones":{"4":{"scale":[{"time":0.5333},{"time":0.6,"x":0.311,"y":1.443},{"time":1.0333},{"time":1.1,"x":0.311,"y":1.443},{"time":1.6333,"curve":"stepped"},{"time":1.8},{"time":1.8667,"x":0.311,"y":1.443},{"time":2.2667},{"time":2.3667,"x":0.311,"y":1.443},{"time":2.8667},{"time":2.9333,"x":0.311,"y":1.443},{"time":3.0667},{"time":3.1333,"x":0.311,"y":1.443},{"time":3.5333},{"time":3.6333,"x":0.311,"y":1.443},{"time":4.1667,"curve":"stepped"},{"time":4.4},{"time":4.5,"x":0.311,"y":1.443},{"time":4.8333},{"time":4.9333,"x":0.311,"y":1.443},{"time":5.4333},{"time":5.5333,"x":0.311,"y":1.443},{"time":5.6333},{"time":5.7667,"x":0.311,"y":1.443},{"time":6.1},{"time":6.2333,"x":0.311,"y":1.443},{"time":6.6667},{"time":6.7667,"x":0.311,"y":1.443},{"time":6.8667},{"time":6.9667,"x":0.311,"y":1.443},{"time":7.3333},{"time":7.4333,"x":0.311,"y":1.443},{"time":7.9667},{"time":8.0667,"x":0.311,"y":1.443},{"time":8.1667},{"time":8.3,"x":0.311,"y":1.443},{"time":8.6333},{"time":8.7667,"x":0.311,"y":1.443},{"time":9.2},{"time":9.3,"x":0.311,"y":1.443},{"time":9.4},{"time":9.5,"x":0.311,"y":1.443},{"time":9.9},{"time":10,"x":0.311,"y":1.443}]},"5":{"scale":[{"x":0.741,"y":0.741}]},"6":{"translate":[{"x":13.47,"y":4.29}]},"8":{"translate":[{"x":14.27,"y":-4.73}]},"15":{"rotate":[{"time":0.3333},{"time":0.4,"angle":-9.91},{"time":0.4667,"curve":"stepped"},{"time":0.5333},{"time":0.6,"angle":-9.91},{"time":0.6667,"curve":"stepped"},{"time":1},{"time":1.0667,"angle":-9.91},{"time":1.1333,"curve":"stepped"},{"time":1.6},{"time":1.6667,"angle":-9.91},{"time":1.7333,"curve":"stepped"},{"time":1.8333},{"time":1.9,"angle":-9.91},{"time":1.9667,"curve":"stepped"},{"time":2.2667},{"time":2.3333,"angle":-9.91},{"time":2.4,"curve":"stepped"},{"time":2.8667},{"time":2.9333,"angle":-9.91},{"time":3,"curve":"stepped"},{"time":3.4667},{"time":3.5333,"angle":-9.91},{"time":3.6,"curve":"stepped"},{"time":4.1333},{"time":4.2,"angle":-9.91},{"time":4.2667,"curve":"stepped"},{"time":4.3333},{"time":4.4,"angle":-9.91},{"time":4.4667,"curve":"stepped"},{"time":4.8},{"time":4.8667,"angle":-9.91},{"time":4.9333,"curve":"stepped"},{"time":5.4},{"time":5.4667,"angle":-9.91},{"time":5.5333,"curve":"stepped"},{"time":5.6},{"time":5.6667,"angle":-9.91},{"time":5.7333,"curve":"stepped"},{"time":6.0667},{"time":6.1333,"angle":-9.91},{"time":6.2,"curve":"stepped"},{"time":6.6667},{"time":6.7333,"angle":-9.91},{"time":6.8,"curve":"stepped"},{"time":6.8667},{"time":6.9333,"angle":-9.91},{"time":7,"curve":"stepped"},{"time":7.3},{"time":7.3667,"angle":-9.91},{"time":7.4333,"curve":"stepped"},{"time":7.9333},{"time":8,"angle":-9.91},{"time":8.0667,"curve":"stepped"},{"time":8.1333},{"time":8.2,"angle":-9.91},{"time":8.2667,"curve":"stepped"},{"time":8.6},{"time":8.6667,"angle":-9.91},{"time":8.7333,"curve":"stepped"},{"time":9.1667},{"time":9.2333,"angle":-9.91},{"time":9.3,"curve":"stepped"},{"time":9.4},{"time":9.4667,"angle":-9.91},{"time":9.5333,"curve":"stepped"},{"time":9.8667},{"time":9.9333,"angle":-9.91},{"time":10}]},"16":{"rotate":[{"time":0.3333},{"time":0.4,"angle":25.72},{"time":0.5,"curve":"stepped"},{"time":0.5333},{"time":0.6,"angle":25.72},{"time":0.7,"curve":"stepped"},{"time":1},{"time":1.0667,"angle":25.72},{"time":1.1667,"curve":"stepped"},{"time":1.6},{"time":1.6667,"angle":25.72},{"time":1.7667,"curve":"stepped"},{"time":1.8333},{"time":1.9,"angle":25.72},{"time":2,"curve":"stepped"},{"time":2.2667},{"time":2.3333,"angle":25.72},{"time":2.4333,"curve":"stepped"},{"time":2.8667},{"time":2.9333,"angle":25.72},{"time":3.0333,"curve":"stepped"},{"time":3.0667},{"time":3.1333,"angle":25.72},{"time":3.2333,"curve":"stepped"},{"time":3.4667},{"time":3.5333,"angle":25.72},{"time":3.6333,"curve":"stepped"},{"time":4.1333},{"time":4.2,"angle":25.72},{"time":4.3,"curve":"stepped"},{"time":4.3333},{"time":4.4,"angle":25.72},{"time":4.5,"curve":"stepped"},{"time":4.8},{"time":4.8667,"angle":25.72},{"time":4.9667,"curve":"stepped"},{"time":5.4},{"time":5.4667,"angle":25.72},{"time":5.5667,"curve":"stepped"},{"time":5.6},{"time":5.6667,"angle":25.72},{"time":5.7667,"curve":"stepped"},{"time":6.0667},{"time":6.1333,"angle":25.72},{"time":6.2333,"curve":"stepped"},{"time":6.6667},{"time":6.7333,"angle":25.72},{"time":6.8333,"curve":"stepped"},{"time":6.8667},{"time":6.9333,"angle":25.72},{"time":7.0333,"curve":"stepped"},{"time":7.3},{"time":7.3667,"angle":25.72},{"time":7.4667,"curve":"stepped"},{"time":7.9333},{"time":8,"angle":25.72},{"time":8.1,"curve":"stepped"},{"time":8.1333},{"time":8.2,"angle":25.72},{"time":8.3,"curve":"stepped"},{"time":8.6},{"time":8.6667,"angle":25.72},{"time":8.7667,"curve":"stepped"},{"time":9.1667},{"time":9.2333,"angle":25.72},{"time":9.3333,"curve":"stepped"},{"time":9.4},{"time":9.4667,"angle":25.72},{"time":9.5667,"curve":"stepped"},{"time":9.8667},{"time":9.9333,"angle":25.72},{"time":10.0333}]},"17":{"rotate":[{"time":0.3333},{"time":0.4,"angle":-31.89},{"time":0.5,"curve":"stepped"},{"time":0.5333},{"time":0.6,"angle":-31.89},{"time":0.7,"curve":"stepped"},{"time":1},{"time":1.0667,"angle":-31.89},{"time":1.1667,"curve":"stepped"},{"time":1.6},{"time":1.6667,"angle":-31.89},{"time":1.7667,"curve":"stepped"},{"time":1.8333},{"time":1.9,"angle":-31.89},{"time":2,"curve":"stepped"},{"time":2.2667},{"time":2.3333,"angle":-31.89},{"time":2.4333,"curve":"stepped"},{"time":2.8667},{"time":2.9333,"angle":-31.89},{"time":3.0333,"curve":"stepped"},{"time":3.0667},{"time":3.1333,"angle":-31.89},{"time":3.2333,"curve":"stepped"},{"time":3.4667},{"time":3.5333,"angle":-31.89},{"time":3.6333,"curve":"stepped"},{"time":4.1333},{"time":4.2,"angle":-31.89},{"time":4.3,"curve":"stepped"},{"time":4.3333},{"time":4.4,"angle":-31.89},{"time":4.5,"curve":"stepped"},{"time":4.8},{"time":4.8667,"angle":-31.89},{"time":4.9667,"curve":"stepped"},{"time":5.4},{"time":5.4667,"angle":-31.89},{"time":5.5667,"curve":"stepped"},{"time":5.6},{"time":5.6667,"angle":-31.89},{"time":5.7667,"curve":"stepped"},{"time":6.0667},{"time":6.1333,"angle":-31.89},{"time":6.2333,"curve":"stepped"},{"time":6.6667},{"time":6.7333,"angle":-31.89},{"time":6.8333,"curve":"stepped"},{"time":6.8667},{"time":6.9333,"angle":-31.89},{"time":7.0333,"curve":"stepped"},{"time":7.3},{"time":7.3667,"angle":-31.89},{"time":7.4667,"curve":"stepped"},{"time":7.9333},{"time":8,"angle":-31.89},{"time":8.1,"curve":"stepped"},{"time":8.1333},{"time":8.2,"angle":-31.89},{"time":8.3,"curve":"stepped"},{"time":8.6},{"time":8.6667,"angle":-31.89},{"time":8.7667,"curve":"stepped"},{"time":9.1667},{"time":9.2333,"angle":-31.89},{"time":9.3333,"curve":"stepped"},{"time":9.4},{"time":9.4667,"angle":-31.89},{"time":9.5667,"curve":"stepped"},{"time":9.8667},{"time":9.9333,"angle":-31.89},{"time":10.0333}]},"18":{"translate":[{"time":0.3333},{"time":0.4,"y":-5.26},{"time":0.4667,"curve":"stepped"},{"time":0.5333},{"time":0.6,"y":-5.26},{"time":0.7,"curve":"stepped"},{"time":1},{"time":1.0667,"y":-5.26},{"time":1.1667,"curve":"stepped"},{"time":1.6},{"time":1.6667,"y":-5.26},{"time":1.7667,"curve":"stepped"},{"time":1.8},{"time":1.8667,"y":-5.26},{"time":1.9667,"curve":"stepped"},{"time":2.2667},{"time":2.3333,"y":-5.26},{"time":2.4333,"curve":"stepped"},{"time":2.8667},{"time":2.9333,"y":-5.26},{"time":3.0333,"curve":"stepped"},{"time":3.0667},{"time":3.1333,"y":-5.26},{"time":3.2333,"curve":"stepped"},{"time":3.4667},{"time":3.5333,"y":-5.26},{"time":3.6333,"curve":"stepped"},{"time":4.1333},{"time":4.2,"y":-5.26},{"time":4.3,"curve":"stepped"},{"time":4.3333},{"time":4.4,"y":-5.26},{"time":4.5,"curve":"stepped"},{"time":4.8},{"time":4.8667,"y":-5.26},{"time":4.9667,"curve":"stepped"},{"time":5.4},{"time":5.4667,"y":-5.26},{"time":5.5667,"curve":"stepped"},{"time":5.6},{"time":5.6667,"y":-5.26},{"time":5.7667,"curve":"stepped"},{"time":6.0667},{"time":6.1333,"y":-5.26},{"time":6.2333,"curve":"stepped"},{"time":6.6667},{"time":6.7333,"y":-5.26},{"time":6.8333,"curve":"stepped"},{"time":6.8667},{"time":6.9333,"y":-5.26},{"time":7.0333,"curve":"stepped"},{"time":7.3},{"time":7.3667,"y":-5.26},{"time":7.4667,"curve":"stepped"},{"time":7.9333},{"time":8,"y":-5.26},{"time":8.1,"curve":"stepped"},{"time":8.1333},{"time":8.2,"y":-5.26},{"time":8.3,"curve":"stepped"},{"time":8.6},{"time":8.6667,"y":-5.26},{"time":8.7667,"curve":"stepped"},{"time":9.1667},{"time":9.2333,"y":-5.26},{"time":9.3333,"curve":"stepped"},{"time":9.4},{"time":9.4667,"y":-5.26},{"time":9.5667,"curve":"stepped"},{"time":9.8667},{"time":9.9333,"y":-5.26},{"time":10.0333}]},"bone":{"translate":[{"time":10.1}]}},"events":[{"time":0.4,"name":"1"},{"time":0.5333,"name":"1"},{"time":1.0333,"name":"1"},{"time":1.6333,"name":"1"},{"time":1.8,"name":"1"},{"time":2.2667,"name":"1"},{"time":2.8667,"name":"1"},{"time":3.1,"name":"1"},{"time":3.5333,"name":"1"},{"time":4.2,"name":"1"},{"time":4.4,"name":"1"},{"time":4.8667,"name":"1"},{"time":5.4667,"name":"1"},{"time":5.6667,"name":"1"},{"time":6.1333,"name":"1"},{"time":6.6667,"name":"1"},{"time":6.8667,"name":"1"},{"time":7.3667,"name":"1"},{"time":8,"name":"1"},{"time":8.2,"name":"1"},{"time":8.6667,"name":"1"},{"time":9.2333,"name":"1"},{"time":9.4667,"name":"1"},{"time":9.9333,"name":"1"}]},"2_idle":{"bones":{"5":{"scale":[{"x":0.741,"y":0.741}]},"6":{"translate":[{"x":13.47,"y":4.29}]},"8":{"translate":[{"x":14.27,"y":-4.73}]}}}}},[0]]],0,0,[0],[-1],[0]]
