[{"__type__":"cc.SpriteFrame","content":{"name":"861","texture":"1e1fca5a7","rect":[3,393,83,614],"offset":[0,0],"originalSize":[83,614],"capInsets":[0,0,0,0]}},{"__type__":"cc.SpriteFrame","content":{"name":"1","texture":"175b632e3","rect":[827,819,149,38],"offset":[0,0],"originalSize":[149,38],"capInsets":[0,0,0,0]}},{"__type__":"cc.SpriteFrame","content":{"name":"3","texture":"175b632e3","rect":[917,321,149,38],"offset":[0,0],"originalSize":[149,38],"rotated":1,"capInsets":[0,0,0,0]}},{"__type__":"cc.SpriteFrame","content":{"name":"Crate_Scifi","texture":"1ad92557e","rect":[762,527,256,256],"offset":[0,0],"originalSize":[256,256],"capInsets":[0,0,0,0]}},{"__type__":"cc.SpriteFrame","content":{"name":"Bienbaolv","texture":"1ad92557e","rect":[150,521,300,300],"offset":[0,0],"originalSize":[300,300],"capInsets":[0,0,0,0]}},{"__type__":"cc.SpriteFrame","content":{"name":"coin_new","texture":"1ad92557e","rect":[762,789,64,64],"offset":[0,0],"originalSize":[64,64],"capInsets":[0,0,0,0]}},{"__type__":"cc.SpriteFrame","content":{"name":"Monving_Platform","texture":"175b632e3","rect":[3,783,512,128],"offset":[0,0],"originalSize":[512,128],"capInsets":[0,0,0,0]}},{"__type__":"cc.SpriteFrame","content":{"name":"2","texture":"175b632e3","rect":[961,321,148,38],"offset":[0,0],"originalSize":[148,38],"rotated":1,"capInsets":[0,0,0,0]}},{"__type__":"cc.SpriteFrame","content":{"name":"图层 61","texture":"b2MScKwz9BT4kInk3E86Db","rect":[0,0,754,776],"offset":[0,0],"originalSize":[754,776],"capInsets":[0,0,0,0]}},{"__type__":"cc.SpriteFrame","content":{"name":"宝箱","texture":"7dSXFgqK5GDrEvhcuoikN1","rect":[251,449,355,338],"offset":[0,0],"originalSize":[355,338],"rotated":1,"capInsets":[0,0,0,0]}},{"__type__":"cc.SpriteFrame","content":{"name":"skin1_2","texture":"1f08b2bb3","rect":[243,850,100,100],"offset":[0,0],"originalSize":[128,128],"capInsets":[0,0,0,0]}},{"__type__":"cc.SpriteFrame","content":{"name":"default_sprite_splash","texture":"02delMVqdBD70a/HSD99FK","rect":[0,0,2,2],"offset":[0,0],"originalSize":[2,2],"capInsets":[0,0,0,0]}},{"__type__":"cc.SpriteFrame","content":{"name":"fill 250","texture":"60cRc1qedPIaOD/FOZqzlm","rect":[607,1451,250,250],"offset":[0,0],"originalSize":[250,250],"capInsets":[0,0,0,0]}},{"__type__":"cc.SpriteFrame","content":{"name":"Round_Ennemy01","texture":"15af9cbc2","rect":[3,789,128,128],"offset":[0,0],"originalSize":[128,128],"capInsets":[0,0,0,0]}},{"__type__":"cc.SpriteFrame","content":{"name":"smoke1","texture":"baKp5FfjhBbIbSFV/OlgiN","rect":[1,2,62,60],"offset":[0,0],"originalSize":[64,64],"capInsets":[0,0,0,0]}},{"__type__":"cc.SpriteFrame","content":{"name":"item2","texture":"15af9cbc2","rect":[137,789,128,128],"offset":[0,0],"originalSize":[128,128],"capInsets":[0,0,0,0]}},[{"__type__":"cc.Prefab","_name":"Level-3","data":{"__id__":1}},{"__type__":"cc.Node","_name":"Level-3","_children":[{"__id__":2},{"__id__":4},{"__id__":19},{"__id__":54},{"__id__":55},{"__id__":103},{"__id__":104}],"_prefab":{"__type__":"cc.PrefabInfo","root":{"__id__":1},"asset":{"__uuid__":"ddwUstaAtNQ7jiAbyuAp3D"},"fileId":"03eSd9RkFHIbLM1dOj+4L6"},"_anchorPoint":{"__type__":"cc.Vec2"},"_trs":{"__type__":"TypedArray","ctor":"Float64Array","array":[0,0,0,0,0,0,1,1,1,1]}},{"__type__":"cc.Node","_name":"item2","_parent":{"__id__":1},"_children":[{"__id__":3},{"__type__":"cc.Node","_name":"ray_pt","_parent":{"__id__":2},"_prefab":{"__type__":"cc.PrefabInfo","root":{"__id__":1},"asset":{"__uuid__":"ddwUstaAtNQ7jiAbyuAp3D"},"fileId":"f00a9XLbhBuqPDwq3HjhN7"},"_trs":{"__type__":"TypedArray","ctor":"Float64Array","array":[0,-42.061,0,0,0,0,1,1,1,1]}}],"_components":[{"__type__":"cc.Sprite","node":{"__id__":2},"_materials":[{"__uuid__":"ecpdLyjvZBwrvm+cedCcQy"}],"_spriteFrame":{"__uuid__":"c9x5iDi4lKPpbxkSAVXAnH"},"_sizeMode":0},{"__type__":"1a215AzqfFOjZSFEIOeue3U","node":{"__id__":2}}],"_prefab":{"__type__":"cc.PrefabInfo","root":{"__id__":1},"asset":{"__uuid__":"ddwUstaAtNQ7jiAbyuAp3D"},"fileId":"b4LOYdMudLsZZbcMyPsyqT"},"_contentSize":{"__type__":"cc.Size","width":80,"height":80},"_trs":{"__type__":"TypedArray","ctor":"Float64Array","array":[1946.887,513.676,0,0,0,0,1,1,1,1]}},{"__type__":"cc.Node","_name":"red_ray","_parent":{"__id__":2},"_components":[{"__type__":"cc.Sprite","node":{"__id__":3},"_materials":[{"__uuid__":"ecpdLyjvZBwrvm+cedCcQy"}],"_spriteFrame":{"__uuid__":"a2MjXRFdtLlYQ5ouAFv/+R"},"_sizeMode":0}],"_prefab":{"__type__":"cc.PrefabInfo","root":{"__id__":1},"asset":{"__uuid__":"ddwUstaAtNQ7jiAbyuAp3D"},"fileId":"a9wAmK1b1Ig5wedoQuCY3q"},"_color":{"__type__":"cc.Color","r":255},"_contentSize":{"__type__":"cc.Size","width":10,"height":800},"_anchorPoint":{"__type__":"cc.Vec2","x":0.5,"y":1},"_trs":{"__type__":"TypedArray","ctor":"Float64Array","array":[0,-39.668,0,0,0,0,1,1,1,1]}},{"__type__":"cc.Node","_name":"indication","_parent":{"__id__":1},"_children":[{"__id__":5},{"__id__":6},{"__id__":7},{"__id__":9},{"__id__":11},{"__id__":13},{"__id__":15},{"__id__":16},{"__id__":17},{"__id__":18}],"_prefab":{"__type__":"cc.PrefabInfo","root":{"__id__":1},"asset":{"__uuid__":"ddwUstaAtNQ7jiAbyuAp3D"},"fileId":"11EessmbRFaKH4rFnxvHaK"},"_anchorPoint":{"__type__":"cc.Vec2"},"_trs":{"__type__":"TypedArray","ctor":"Float64Array","array":[0,0,0,0,0,0,1,1,1,1]},"_groupIndex":1,"groupIndex":1},{"__type__":"cc.Node","_name":"block","_parent":{"__id__":4},"_active":false,"_components":[{"__type__":"cc.RigidBody","node":{"__id__":5},"_type":0,"_linearDamping":2},{"__type__":"cc.PhysicsBoxCollider","node":{"__id__":5},"_density":1000,"_friction":0,"_offset":{"__type__":"cc.Vec2","x":50,"y":300},"_size":{"__type__":"cc.Size","width":100,"height":600}}],"_prefab":{"__type__":"cc.PrefabInfo","root":{"__id__":1},"asset":{"__uuid__":"ddwUstaAtNQ7jiAbyuAp3D"},"fileId":"827Yxo6j1M4r99PkIl48oX"},"_contentSize":{"__type__":"cc.Size","width":100,"height":600},"_anchorPoint":{"__type__":"cc.Vec2"},"_trs":{"__type__":"TypedArray","ctor":"Float64Array","array":[-74.324,132.936,0,0,0,0,1,1,1,1]},"_groupIndex":1,"groupIndex":1},{"__type__":"cc.Node","_name":"block","_parent":{"__id__":4},"_active":false,"_components":[{"__type__":"cc.RigidBody","node":{"__id__":6},"_type":0,"_linearDamping":2},{"__type__":"cc.PhysicsBoxCollider","node":{"__id__":6},"_density":1000,"_friction":0,"_offset":{"__type__":"cc.Vec2","x":50,"y":300},"_size":{"__type__":"cc.Size","width":100,"height":600}}],"_prefab":{"__type__":"cc.PrefabInfo","root":{"__id__":1},"asset":{"__uuid__":"ddwUstaAtNQ7jiAbyuAp3D"},"fileId":"38a1YSa1NBb4Jp/s/xM3NT"},"_contentSize":{"__type__":"cc.Size","width":100,"height":600},"_anchorPoint":{"__type__":"cc.Vec2"},"_trs":{"__type__":"TypedArray","ctor":"Float64Array","array":[11345.945,208.233,0,0,0,0,1,1,1,1]},"_groupIndex":1,"groupIndex":1},{"__type__":"cc.Node","_name":"end_ind","_parent":{"__id__":4},"_children":[{"__id__":8}],"_components":[{"__type__":"cc.Sprite","_name":"end_ind<Sprite>","node":{"__id__":7},"_materials":[{"__uuid__":"ecpdLyjvZBwrvm+cedCcQy"}],"_spriteFrame":{"__uuid__":"49IsYC6zdLq4zW+H71Gv59"},"_sizeMode":0},{"__type__":"cc.RigidBody","node":{"__id__":7},"_type":0},{"__type__":"cc.PhysicsBoxCollider","node":{"__id__":7},"_sensor":true,"_offset":{"__type__":"cc.Vec2","y":150},"_size":{"__type__":"cc.Size","width":20,"height":500}},{"__type__":"41579J+mQ9OGKIgDuSf0wr1","node":{"__id__":7}}],"_prefab":{"__type__":"cc.PrefabInfo","root":{"__id__":1},"asset":{"__uuid__":"ddwUstaAtNQ7jiAbyuAp3D"},"fileId":"8aQVO3ljFJyaR98RS6HbCm"},"_contentSize":{"__type__":"cc.Size","width":168,"height":143},"_trs":{"__type__":"TypedArray","ctor":"Float64Array","array":[11014.255,289.976,0,0,0,0,1,1,1,1]},"_groupIndex":1,"groupIndex":1},{"__type__":"cc.Node","_name":"over","_parent":{"__id__":7},"_components":[{"__type__":"cc.Label","_name":"over<Label>","node":{"__id__":8},"_materials":[{"__uuid__":"ecpdLyjvZBwrvm+cedCcQy"}],"_useOriginalSize":false,"_string":"关卡-1","_N$string":"关卡-1","_fontSize":30,"_N$file":{"__uuid__":"b5NGPI3wRL+6w0kWBDf59a"},"_isSystemFontUsed":false,"_N$horizontalAlign":1,"_N$verticalAlign":1}],"_prefab":{"__type__":"cc.PrefabInfo","root":{"__id__":1},"asset":{"__uuid__":"ddwUstaAtNQ7jiAbyuAp3D"},"fileId":"c1RHAy7NlOZo11QjrxII4p"},"_color":{"__type__":"cc.Color","r":90,"g":35,"b":35},"_contentSize":{"__type__":"cc.Size","width":66.56,"height":40},"_trs":{"__type__":"TypedArray","ctor":"Float64Array","array":[0,20,0,0,0,0,1,1,1,1]},"_groupIndex":1,"groupIndex":1},{"__type__":"cc.Node","_name":"flag_ind","_parent":{"__id__":4},"_children":[{"__id__":10}],"_components":[{"__type__":"cc.Sprite","_name":"flag_ind<Sprite>","node":{"__id__":9},"_materials":[{"__uuid__":"ecpdLyjvZBwrvm+cedCcQy"}],"_spriteFrame":{"__uuid__":"07zKmIceRAwZknsZDy1S/V"}},{"__type__":"cc.RigidBody","node":{"__id__":9},"_type":0,"enabledContactListener":true},{"__type__":"cc.PhysicsBoxCollider","node":{"__id__":9},"_sensor":true,"_size":{"__type__":"cc.Size","width":83,"height":614}},{"__type__":"6ad49RTzopHHLKa1XzEQETT","node":{"__id__":9}}],"_prefab":{"__type__":"cc.PrefabInfo","root":{"__id__":1},"asset":{"__uuid__":"ddwUstaAtNQ7jiAbyuAp3D"},"fileId":"dbIJgTjcpA+oZVHYR1SBcJ"},"_contentSize":{"__type__":"cc.Size","width":83,"height":614},"_trs":{"__type__":"TypedArray","ctor":"Float64Array","array":[5310.05,383.471,0,0,0,0,1,0.4,0.4,1]},"_groupIndex":1,"groupIndex":1},{"__type__":"cc.Node","_name":"flag","_parent":{"__id__":9},"_components":[{"__type__":"cc.Sprite","_name":"flag<Sprite>","node":{"__id__":10},"_materials":[{"__uuid__":"ecpdLyjvZBwrvm+cedCcQy"}],"_spriteFrame":{"__uuid__":"e33fRYcr9GP4j1b4ibM5Y8"}},{"__type__":"cc.Animation","node":{"__id__":10},"_defaultClip":{"__uuid__":"cbH2x9KCBJyaeYtYAInG18"},"_clips":[{"__uuid__":"cbH2x9KCBJyaeYtYAInG18"}],"playOnLoad":true}],"_prefab":{"__type__":"cc.PrefabInfo","root":{"__id__":1},"asset":{"__uuid__":"ddwUstaAtNQ7jiAbyuAp3D"},"fileId":"43WDO2m71OwpM3TZz6Qt/z"},"_contentSize":{"__type__":"cc.Size","width":273,"height":192},"_trs":{"__type__":"TypedArray","ctor":"Float64Array","array":[-130,-120,0,0,0,0,1,1,1,1]},"_groupIndex":1,"groupIndex":1},{"__type__":"cc.Node","_name":"flag_ind2","_parent":{"__id__":4},"_children":[{"__id__":12}],"_components":[{"__type__":"cc.Sprite","_name":"flag_ind<Sprite>","node":{"__id__":11},"_materials":[{"__uuid__":"ecpdLyjvZBwrvm+cedCcQy"}],"_spriteFrame":{"__uuid__":"07zKmIceRAwZknsZDy1S/V"}},{"__type__":"cc.RigidBody","node":{"__id__":11},"_type":0,"enabledContactListener":true},{"__type__":"cc.PhysicsBoxCollider","node":{"__id__":11},"_sensor":true,"_size":{"__type__":"cc.Size","width":83,"height":614}},{"__type__":"6ad49RTzopHHLKa1XzEQETT","node":{"__id__":11}}],"_prefab":{"__type__":"cc.PrefabInfo","root":{"__id__":1},"asset":{"__uuid__":"ddwUstaAtNQ7jiAbyuAp3D"},"fileId":"2bc+B7P0FPxIRFiZ/dWcrS"},"_contentSize":{"__type__":"cc.Size","width":83,"height":614},"_trs":{"__type__":"TypedArray","ctor":"Float64Array","array":[8591.263,538.406,0,0,0,0,1,0.4,0.4,1]},"_groupIndex":1,"groupIndex":1},{"__type__":"cc.Node","_name":"flag","_parent":{"__id__":11},"_components":[{"__type__":"cc.Sprite","_name":"flag<Sprite>","node":{"__id__":12},"_materials":[{"__uuid__":"ecpdLyjvZBwrvm+cedCcQy"}],"_spriteFrame":{"__uuid__":"e33fRYcr9GP4j1b4ibM5Y8"}},{"__type__":"cc.Animation","node":{"__id__":12},"_defaultClip":{"__uuid__":"cbH2x9KCBJyaeYtYAInG18"},"_clips":[{"__uuid__":"cbH2x9KCBJyaeYtYAInG18"}],"playOnLoad":true}],"_prefab":{"__type__":"cc.PrefabInfo","root":{"__id__":1},"asset":{"__uuid__":"ddwUstaAtNQ7jiAbyuAp3D"},"fileId":"8am7hCdrZDbZVrdH4mR8FV"},"_contentSize":{"__type__":"cc.Size","width":273,"height":192},"_trs":{"__type__":"TypedArray","ctor":"Float64Array","array":[-130,-120,0,0,0,0,1,1,1,1]},"_groupIndex":1,"groupIndex":1},{"__type__":"cc.Node","_name":"start_ind","_parent":{"__id__":4},"_children":[{"__id__":14}],"_components":[{"__type__":"cc.Sprite","_name":"start_ind<Sprite>","node":{"__id__":13},"_materials":[{"__uuid__":"ecpdLyjvZBwrvm+cedCcQy"}],"_spriteFrame":{"__uuid__":"49IsYC6zdLq4zW+H71Gv59"},"_sizeMode":0},{"__type__":"c5ddfZAPb5I4rCMDbSaJibP","node":{"__id__":13}}],"_prefab":{"__type__":"cc.PrefabInfo","root":{"__id__":1},"asset":{"__uuid__":"ddwUstaAtNQ7jiAbyuAp3D"},"fileId":"1a7J1bVw9NAJCT+PbyY3t9"},"_contentSize":{"__type__":"cc.Size","width":168,"height":143},"_trs":{"__type__":"TypedArray","ctor":"Float64Array","array":[480,205.468,0,0,0,0,1,1,1,1]},"_groupIndex":1,"groupIndex":1},{"__type__":"cc.Node","_name":"levelname","_parent":{"__id__":13},"_components":[{"__type__":"cc.Label","_name":"levelname<Label>","node":{"__id__":14},"_materials":[{"__uuid__":"ecpdLyjvZBwrvm+cedCcQy"}],"_useOriginalSize":false,"_string":"关卡-1","_N$string":"关卡-1","_fontSize":30,"_N$file":{"__uuid__":"b5NGPI3wRL+6w0kWBDf59a"},"_isSystemFontUsed":false,"_N$horizontalAlign":1,"_N$verticalAlign":1},{"__type__":"cc.Widget","node":{"__id__":14},"_alignFlags":16,"_left":45.66,"_right":45.66,"_originalWidth":76.68}],"_prefab":{"__type__":"cc.PrefabInfo","root":{"__id__":1},"asset":{"__uuid__":"ddwUstaAtNQ7jiAbyuAp3D"},"fileId":"48ws3hv7pPfpS5bNOHq3l3"},"_color":{"__type__":"cc.Color","r":155,"g":35,"b":35},"_contentSize":{"__type__":"cc.Size","width":66.56,"height":40},"_trs":{"__type__":"TypedArray","ctor":"Float64Array","array":[0,25,0,0,0,0,1,1,1,1]},"_groupIndex":1,"groupIndex":1},{"__type__":"cc.Node","_name":"Monving_Platform","_parent":{"__id__":4},"_components":[{"__type__":"cc.Sprite","node":{"__id__":15},"_materials":[{"__uuid__":"ecpdLyjvZBwrvm+cedCcQy"}],"_spriteFrame":{"__uuid__":"76a0RIfttG2K7fn1W16Yx7"},"_sizeMode":0},{"__type__":"cc.RigidBody","node":{"__id__":15},"_type":0},{"__type__":"cc.PhysicsBoxCollider","node":{"__id__":15},"_size":{"__type__":"cc.Size","width":330,"height":70}}],"_prefab":{"__type__":"cc.PrefabInfo","root":{"__id__":1},"asset":{"__uuid__":"ddwUstaAtNQ7jiAbyuAp3D"},"fileId":"91jAPBbg9M8bY+8gH9CX6N"},"_contentSize":{"__type__":"cc.Size","width":330,"height":70},"_trs":{"__type__":"TypedArray","ctor":"Float64Array","array":[2134.306,317.875,0,0,0,0,1,1,1,1]},"_groupIndex":8,"groupIndex":8},{"__type__":"cc.Node","_name":"Crate","_parent":{"__id__":4},"_components":[{"__type__":"cc.Sprite","_name":"Crate<Sprite>","node":{"__id__":16},"_materials":[{"__uuid__":"ecpdLyjvZBwrvm+cedCcQy"}],"_spriteFrame":{"__uuid__":"447BqK/WVAca6p9xRNhsY6"},"_sizeMode":0},{"__type__":"794b0kZN0JD6aPFHtzdch1c","node":{"__id__":16}},{"__type__":"cc.RigidBody","node":{"__id__":16}},{"__type__":"cc.PhysicsBoxCollider","node":{"__id__":16},"_density":2,"_friction":0.8}],"_prefab":{"__type__":"cc.PrefabInfo","root":{"__id__":1},"asset":{"__uuid__":"ddwUstaAtNQ7jiAbyuAp3D"},"fileId":"fb6Wt+lrxEKbWc6SWMCVrF"},"_contentSize":{"__type__":"cc.Size","width":100,"height":100},"_trs":{"__type__":"TypedArray","ctor":"Float64Array","array":[3472.466,202.981,0,0,0,0,1,1,1,1]},"_groupIndex":3,"groupIndex":3},{"__type__":"cc.Node","_name":"ray_fax","_parent":{"__id__":4},"_components":[{"__type__":"cc.RigidBody","node":{"__id__":17},"_type":0},{"__type__":"cc.PhysicsBoxCollider","node":{"__id__":17},"_size":{"__type__":"cc.Size","width":10,"height":10}}],"_prefab":{"__type__":"cc.PrefabInfo","root":{"__id__":1},"asset":{"__uuid__":"ddwUstaAtNQ7jiAbyuAp3D"},"fileId":"8a7lw+yS1GE7BPtwx1pKDl"},"_contentSize":{"__type__":"cc.Size","width":10,"height":10},"_trs":{"__type__":"TypedArray","ctor":"Float64Array","array":[1964.358,380,0,0,0,0,1,1,1,1]}},{"__type__":"cc.Node","_name":"ray_fax","_parent":{"__id__":4},"_components":[{"__type__":"cc.RigidBody","node":{"__id__":18},"_type":0},{"__type__":"cc.PhysicsBoxCollider","node":{"__id__":18},"_size":{"__type__":"cc.Size","width":10,"height":10}}],"_prefab":{"__type__":"cc.PrefabInfo","root":{"__id__":1},"asset":{"__uuid__":"ddwUstaAtNQ7jiAbyuAp3D"},"fileId":"e9ncIEd11OTqFZPxWEgEr9"},"_contentSize":{"__type__":"cc.Size","width":10,"height":10},"_trs":{"__type__":"TypedArray","ctor":"Float64Array","array":[2300.546,380,0,0,0,0,1,1,1,1]}},{"__type__":"cc.Node","_name":"heros","_parent":{"__id__":1},"_children":[{"__id__":20},{"__id__":21},{"__id__":22},{"__id__":24}],"_prefab":{"__type__":"cc.PrefabInfo","root":{"__id__":1},"asset":{"__uuid__":"ddwUstaAtNQ7jiAbyuAp3D"},"fileId":"02Ow0anKpNxqUzRH7nX7zf"},"_anchorPoint":{"__type__":"cc.Vec2"},"_trs":{"__type__":"TypedArray","ctor":"Float64Array","array":[0,0,0,0,0,0,1,1,1,1]},"_groupIndex":1,"groupIndex":1},{"__type__":"cc.Node","_name":"round_enemy_bomb","_parent":{"__id__":19},"_components":[{"__type__":"cc.Sprite","_name":"round_enemy_bomb<Sprite>","node":{"__id__":20},"_materials":[{"__uuid__":"ecpdLyjvZBwrvm+cedCcQy"}],"_spriteFrame":{"__uuid__":"b2dhMg3+ZNUZOZ1ZAU+zgL"},"_sizeMode":0},{"__type__":"cc.RigidBody","node":{"__id__":20},"_allowSleep":false,"_gravityScale":4,"_linearDamping":1,"_angularDamping":0.1,"enabledContactListener":true},{"__type__":"cc.PhysicsCircleCollider","node":{"__id__":20},"tag":3,"_density":2,"_friction":0.4,"_restitution":0.4,"_radius":45},{"__type__":"e14c478LIdDO4lEL1y1pOAL","node":{"__id__":20},"damageToGiveToPlayer":1,"forceToApply":30000,"jump_height":0,"distance_bomb":250,"bomb_timer":2,"bomb_effect":{"__uuid__":"9aRB9QCZlCbaWjBN0RAsO3"}},{"__type__":"acd38zgRtJBkoJjC48fiJKY","node":{"__id__":20},"bombeffect":{"__uuid__":"b0ysQ6zQtMiofcv9uOb2rp"}}],"_prefab":{"__type__":"cc.PrefabInfo","root":{"__id__":1},"asset":{"__uuid__":"ddwUstaAtNQ7jiAbyuAp3D"},"fileId":"ca5tPFKElOMYtSNSaP5Nqm"},"_contentSize":{"__type__":"cc.Size","width":90,"height":90},"_trs":{"__type__":"TypedArray","ctor":"Float64Array","array":[9644.359,356.782,0,0,0,0,1,1,1,1]},"_groupIndex":1,"groupIndex":1},{"__type__":"cc.Node","_name":"round_enemy","_parent":{"__id__":19},"_components":[{"__type__":"cc.Sprite","_name":"round_enemy<Sprite>","node":{"__id__":21},"_materials":[{"__uuid__":"ecpdLyjvZBwrvm+cedCcQy"}],"_spriteFrame":{"__uuid__":"b2dhMg3+ZNUZOZ1ZAU+zgL"},"_sizeMode":0},{"__type__":"cc.RigidBody","node":{"__id__":21},"_allowSleep":false,"_gravityScale":4,"_linearDamping":2,"_angularDamping":0.1,"enabledContactListener":true},{"__type__":"cc.PhysicsCircleCollider","node":{"__id__":21},"tag":3,"_density":2,"_friction":0.4,"_restitution":0.4,"_radius":45},{"__type__":"e14c478LIdDO4lEL1y1pOAL","node":{"__id__":21},"damageToGiveToPlayer":1,"forceToApply":20000,"jump_height":200,"max_move_speed":150},{"__type__":"acd38zgRtJBkoJjC48fiJKY","node":{"__id__":21},"bombeffect":{"__uuid__":"b0ysQ6zQtMiofcv9uOb2rp"}}],"_prefab":{"__type__":"cc.PrefabInfo","root":{"__id__":1},"asset":{"__uuid__":"ddwUstaAtNQ7jiAbyuAp3D"},"fileId":"f5HDljgyZIk5A6xcaPTOiQ"},"_contentSize":{"__type__":"cc.Size","width":90,"height":90},"_trs":{"__type__":"TypedArray","ctor":"Float64Array","array":[4403.554,69.893,0,0,0,0,1,1,1,1]},"_groupIndex":1,"groupIndex":1},{"__type__":"cc.Node","_name":"square_enemy","_parent":{"__id__":19},"_children":[{"__id__":23}],"_components":[{"__type__":"cc.Sprite","_name":"square_enemy<Sprite>","node":{"__id__":22},"_materials":[{"__uuid__":"ecpdLyjvZBwrvm+cedCcQy"}],"_spriteFrame":{"__uuid__":"e5cN6YwURLurU2fFTl79fW"},"_sizeMode":0},{"__type__":"cc.RigidBody","node":{"__id__":22},"_linearDamping":0.2,"enabledContactListener":true},{"__type__":"cc.PhysicsBoxCollider","node":{"__id__":22},"tag":3,"_friction":0.5,"_size":{"__type__":"cc.Size","width":95,"height":95}},{"__type__":"d0933z+TVtA7YrxtIlT8W9u","node":{"__id__":22},"point1":300,"point2":100,"damageToGiveToPlayer":1,"angular_velocity":180},{"__type__":"acd38zgRtJBkoJjC48fiJKY","node":{"__id__":22},"bombeffect":{"__uuid__":"b0ysQ6zQtMiofcv9uOb2rp"}}],"_prefab":{"__type__":"cc.PrefabInfo","root":{"__id__":1},"asset":{"__uuid__":"ddwUstaAtNQ7jiAbyuAp3D"},"fileId":"48dYNNmFZDUbUUsw5PiOAy"},"_contentSize":{"__type__":"cc.Size","width":95,"height":95},"_trs":{"__type__":"TypedArray","ctor":"Float64Array","array":[9041.126,322.087,0,0,0,0,1,1,1,1]},"_groupIndex":1,"groupIndex":1},{"__type__":"cc.Node","_name":"bombeffect","_parent":{"__id__":22},"_active":false,"_components":[{"__type__":"cc.ParticleSystem","_name":"bombeffect<ParticleSystem>","node":{"__id__":23},"_materials":[{"__uuid__":"ecpdLyjvZBwrvm+cedCcQy"}],"_custom":true,"_file":{"__uuid__":"fbVQCbYZJN7ZapAHG/T0Q8"},"_spriteFrame":{"__uuid__":"bctwiSIL5AU7KSd7s29KcV"},"autoRemoveOnFinish":true,"duration":0.1,"emissionRate":600,"lifeVar":1.5,"_startColor":{"__type__":"cc.Color","r":255,"g":255,"b":219,"a":219},"_startColorVar":{"__type__":"cc.Color","a":40},"_endColor":{"__type__":"cc.Color","r":255,"g":255,"b":209,"a":0},"_endColorVar":{"__type__":"cc.Color","a":0},"angle":0,"angleVar":360,"startSize":150,"startSizeVar":50,"endSize":250,"endSizeVar":70,"startSpinVar":40,"endSpinVar":90,"posVar":{"__type__":"cc.Vec2","x":100,"y":200},"_positionType":1,"positionType":1,"gravity":{"__type__":"cc.Vec2","y":50},"speed":100,"tangentialAccel":0}],"_prefab":{"__type__":"cc.PrefabInfo","root":{"__id__":1},"asset":{"__uuid__":"ddwUstaAtNQ7jiAbyuAp3D"},"fileId":"80rGXcjuhFA7HX4JGNe6gl"},"_trs":{"__type__":"TypedArray","ctor":"Float64Array","array":[0,0,0,0,0,0,1,1,1,1]},"_groupIndex":1,"groupIndex":1},{"__type__":"cc.Node","_name":"coins","_parent":{"__id__":19},"_children":[{"__id__":25},{"__id__":26},{"__id__":27},{"__id__":28},{"__id__":29},{"__id__":30},{"__id__":31},{"__id__":32},{"__id__":33},{"__id__":34},{"__id__":35},{"__id__":36},{"__id__":37},{"__id__":38},{"__id__":39},{"__id__":40},{"__id__":41},{"__id__":42},{"__id__":43},{"__id__":44},{"__id__":45},{"__id__":46},{"__id__":47},{"__id__":48},{"__id__":49},{"__id__":50},{"__id__":51},{"__id__":52},{"__id__":53}],"_prefab":{"__type__":"cc.PrefabInfo","root":{"__id__":1},"asset":{"__uuid__":"ddwUstaAtNQ7jiAbyuAp3D"},"fileId":"87IBvdAWlLyrp+Tw/5N6LW"},"_trs":{"__type__":"TypedArray","ctor":"Float64Array","array":[0,0,0,0,0,0,1,1,1,1]},"_groupIndex":1,"groupIndex":1},{"__type__":"cc.Node","_name":"coin","_parent":{"__id__":24},"_components":[{"__type__":"cc.Sprite","_name":"coin<Sprite>","node":{"__id__":25},"_materials":[{"__uuid__":"ecpdLyjvZBwrvm+cedCcQy"}],"_spriteFrame":{"__uuid__":"5fBaYM24ZPr4CKfNVUvrdH"},"_sizeMode":0},{"__type__":"cc.RigidBody","node":{"__id__":25},"_type":0,"_allowSleep":false,"enabledContactListener":true},{"__type__":"cc.PhysicsCircleCollider","node":{"__id__":25},"_sensor":true,"_restitution":0.2,"_radius":23},{"__type__":"069edsCLOBL15FM+XA6qGxf","node":{"__id__":25},"pickeffect":{"__uuid__":"2e0DSCaaJHNKIgvBUfLo/u"}}],"_prefab":{"__type__":"cc.PrefabInfo","root":{"__id__":1},"asset":{"__uuid__":"ddwUstaAtNQ7jiAbyuAp3D"},"fileId":"91O1mOMyhPTbf0Ls/sQoDA"},"_contentSize":{"__type__":"cc.Size","width":46,"height":46},"_trs":{"__type__":"TypedArray","ctor":"Float64Array","array":[2254.473,187,0,0,0,0,1,1,1,1]},"_groupIndex":1,"groupIndex":1},{"__type__":"cc.Node","_name":"coin copy","_parent":{"__id__":24},"_components":[{"__type__":"cc.Sprite","_name":"coin copy<Sprite>","node":{"__id__":26},"_materials":[{"__uuid__":"ecpdLyjvZBwrvm+cedCcQy"}],"_spriteFrame":{"__uuid__":"5fBaYM24ZPr4CKfNVUvrdH"},"_sizeMode":0},{"__type__":"cc.RigidBody","node":{"__id__":26},"_type":0,"_allowSleep":false,"enabledContactListener":true},{"__type__":"cc.PhysicsCircleCollider","node":{"__id__":26},"_sensor":true,"_restitution":0.2,"_radius":23},{"__type__":"069edsCLOBL15FM+XA6qGxf","node":{"__id__":26},"pickeffect":{"__uuid__":"2e0DSCaaJHNKIgvBUfLo/u"}}],"_prefab":{"__type__":"cc.PrefabInfo","root":{"__id__":1},"asset":{"__uuid__":"ddwUstaAtNQ7jiAbyuAp3D"},"fileId":"1dCx9v2XND2qdlmgHqT83j"},"_contentSize":{"__type__":"cc.Size","width":46,"height":46},"_trs":{"__type__":"TypedArray","ctor":"Float64Array","array":[2644.855,187,0,0,0,0,1,1,1,1]},"_groupIndex":1,"groupIndex":1},{"__type__":"cc.Node","_name":"coin copy","_parent":{"__id__":24},"_components":[{"__type__":"cc.Sprite","_name":"coin copy<Sprite>","node":{"__id__":27},"_materials":[{"__uuid__":"ecpdLyjvZBwrvm+cedCcQy"}],"_spriteFrame":{"__uuid__":"5fBaYM24ZPr4CKfNVUvrdH"},"_sizeMode":0},{"__type__":"cc.RigidBody","node":{"__id__":27},"_type":0,"_allowSleep":false,"enabledContactListener":true},{"__type__":"cc.PhysicsCircleCollider","node":{"__id__":27},"_sensor":true,"_restitution":0.2,"_radius":23},{"__type__":"069edsCLOBL15FM+XA6qGxf","node":{"__id__":27},"pickeffect":{"__uuid__":"2e0DSCaaJHNKIgvBUfLo/u"}}],"_prefab":{"__type__":"cc.PrefabInfo","root":{"__id__":1},"asset":{"__uuid__":"ddwUstaAtNQ7jiAbyuAp3D"},"fileId":"5bdwyg47BN4Ictu8L/dwFv"},"_contentSize":{"__type__":"cc.Size","width":46,"height":46},"_trs":{"__type__":"TypedArray","ctor":"Float64Array","array":[2443.525,187,0,0,0,0,1,1,1,1]},"_groupIndex":1,"groupIndex":1},{"__type__":"cc.Node","_name":"coin copy","_parent":{"__id__":24},"_components":[{"__type__":"cc.Sprite","_name":"coin copy<Sprite>","node":{"__id__":28},"_materials":[{"__uuid__":"ecpdLyjvZBwrvm+cedCcQy"}],"_spriteFrame":{"__uuid__":"5fBaYM24ZPr4CKfNVUvrdH"},"_sizeMode":0},{"__type__":"cc.RigidBody","node":{"__id__":28},"_type":0,"_allowSleep":false,"enabledContactListener":true},{"__type__":"cc.PhysicsCircleCollider","node":{"__id__":28},"_sensor":true,"_restitution":0.2,"_radius":23},{"__type__":"069edsCLOBL15FM+XA6qGxf","node":{"__id__":28},"pickeffect":{"__uuid__":"2e0DSCaaJHNKIgvBUfLo/u"}}],"_prefab":{"__type__":"cc.PrefabInfo","root":{"__id__":1},"asset":{"__uuid__":"ddwUstaAtNQ7jiAbyuAp3D"},"fileId":"879D6kBWFKW74NKaTHzIFh"},"_contentSize":{"__type__":"cc.Size","width":46,"height":46},"_trs":{"__type__":"TypedArray","ctor":"Float64Array","array":[2856.968,187,0,0,0,0,1,1,1,1]},"_groupIndex":1,"groupIndex":1},{"__type__":"cc.Node","_name":"coin copy","_parent":{"__id__":24},"_components":[{"__type__":"cc.Sprite","_name":"coin copy<Sprite>","node":{"__id__":29},"_materials":[{"__uuid__":"ecpdLyjvZBwrvm+cedCcQy"}],"_spriteFrame":{"__uuid__":"5fBaYM24ZPr4CKfNVUvrdH"},"_sizeMode":0},{"__type__":"cc.RigidBody","node":{"__id__":29},"_type":0,"_allowSleep":false,"enabledContactListener":true},{"__type__":"cc.PhysicsCircleCollider","node":{"__id__":29},"_sensor":true,"_restitution":0.2,"_radius":23},{"__type__":"069edsCLOBL15FM+XA6qGxf","node":{"__id__":29},"pickeffect":{"__uuid__":"2e0DSCaaJHNKIgvBUfLo/u"}}],"_prefab":{"__type__":"cc.PrefabInfo","root":{"__id__":1},"asset":{"__uuid__":"ddwUstaAtNQ7jiAbyuAp3D"},"fileId":"4baXY3oitIRIjjIjduPoAc"},"_contentSize":{"__type__":"cc.Size","width":46,"height":46},"_trs":{"__type__":"TypedArray","ctor":"Float64Array","array":[3413.176,187,0,0,0,0,1,1,1,1]},"_groupIndex":1,"groupIndex":1},{"__type__":"cc.Node","_name":"coin copy","_parent":{"__id__":24},"_components":[{"__type__":"cc.Sprite","_name":"coin copy<Sprite>","node":{"__id__":30},"_materials":[{"__uuid__":"ecpdLyjvZBwrvm+cedCcQy"}],"_spriteFrame":{"__uuid__":"5fBaYM24ZPr4CKfNVUvrdH"},"_sizeMode":0},{"__type__":"cc.RigidBody","node":{"__id__":30},"_type":0,"_allowSleep":false,"enabledContactListener":true},{"__type__":"cc.PhysicsCircleCollider","node":{"__id__":30},"_sensor":true,"_restitution":0.2,"_radius":23},{"__type__":"069edsCLOBL15FM+XA6qGxf","node":{"__id__":30},"pickeffect":{"__uuid__":"2e0DSCaaJHNKIgvBUfLo/u"}}],"_prefab":{"__type__":"cc.PrefabInfo","root":{"__id__":1},"asset":{"__uuid__":"ddwUstaAtNQ7jiAbyuAp3D"},"fileId":"64V3KYoEpNy6vhW6GBz3+D"},"_contentSize":{"__type__":"cc.Size","width":46,"height":46},"_trs":{"__type__":"TypedArray","ctor":"Float64Array","array":[4638.045,374.197,0,0,0,0,1,1,1,1]},"_groupIndex":1,"groupIndex":1},{"__type__":"cc.Node","_name":"coin copy","_parent":{"__id__":24},"_components":[{"__type__":"cc.Sprite","_name":"coin copy<Sprite>","node":{"__id__":31},"_materials":[{"__uuid__":"ecpdLyjvZBwrvm+cedCcQy"}],"_spriteFrame":{"__uuid__":"5fBaYM24ZPr4CKfNVUvrdH"},"_sizeMode":0},{"__type__":"cc.RigidBody","node":{"__id__":31},"_type":0,"_allowSleep":false,"enabledContactListener":true},{"__type__":"cc.PhysicsCircleCollider","node":{"__id__":31},"_sensor":true,"_restitution":0.2,"_radius":23},{"__type__":"069edsCLOBL15FM+XA6qGxf","node":{"__id__":31},"pickeffect":{"__uuid__":"2e0DSCaaJHNKIgvBUfLo/u"}}],"_prefab":{"__type__":"cc.PrefabInfo","root":{"__id__":1},"asset":{"__uuid__":"ddwUstaAtNQ7jiAbyuAp3D"},"fileId":"36pmA8FbtJhrBb3N+zig5d"},"_contentSize":{"__type__":"cc.Size","width":46,"height":46},"_trs":{"__type__":"TypedArray","ctor":"Float64Array","array":[5132.611,365.369,0,0,0,0,1,1,1,1]},"_groupIndex":1,"groupIndex":1},{"__type__":"cc.Node","_name":"coin copy","_parent":{"__id__":24},"_components":[{"__type__":"cc.Sprite","_name":"coin copy<Sprite>","node":{"__id__":32},"_materials":[{"__uuid__":"ecpdLyjvZBwrvm+cedCcQy"}],"_spriteFrame":{"__uuid__":"5fBaYM24ZPr4CKfNVUvrdH"},"_sizeMode":0},{"__type__":"cc.RigidBody","node":{"__id__":32},"_type":0,"_allowSleep":false,"enabledContactListener":true},{"__type__":"cc.PhysicsCircleCollider","node":{"__id__":32},"_sensor":true,"_restitution":0.2,"_radius":23},{"__type__":"069edsCLOBL15FM+XA6qGxf","node":{"__id__":32},"pickeffect":{"__uuid__":"2e0DSCaaJHNKIgvBUfLo/u"}}],"_prefab":{"__type__":"cc.PrefabInfo","root":{"__id__":1},"asset":{"__uuid__":"ddwUstaAtNQ7jiAbyuAp3D"},"fileId":"9b+H/f4hFKqoXJLd6JXSwz"},"_contentSize":{"__type__":"cc.Size","width":46,"height":46},"_trs":{"__type__":"TypedArray","ctor":"Float64Array","array":[5680,355,0,0,0,0,1,1,1,1]},"_groupIndex":1,"groupIndex":1},{"__type__":"cc.Node","_name":"coin copy","_parent":{"__id__":24},"_components":[{"__type__":"cc.Sprite","_name":"coin copy<Sprite>","node":{"__id__":33},"_materials":[{"__uuid__":"ecpdLyjvZBwrvm+cedCcQy"}],"_spriteFrame":{"__uuid__":"5fBaYM24ZPr4CKfNVUvrdH"},"_sizeMode":0},{"__type__":"cc.RigidBody","node":{"__id__":33},"_type":0,"_allowSleep":false,"enabledContactListener":true},{"__type__":"cc.PhysicsCircleCollider","node":{"__id__":33},"_sensor":true,"_restitution":0.2,"_radius":23},{"__type__":"069edsCLOBL15FM+XA6qGxf","node":{"__id__":33},"pickeffect":{"__uuid__":"2e0DSCaaJHNKIgvBUfLo/u"}}],"_prefab":{"__type__":"cc.PrefabInfo","root":{"__id__":1},"asset":{"__uuid__":"ddwUstaAtNQ7jiAbyuAp3D"},"fileId":"15Ut3Tvv1MeIdlwf4MSyF9"},"_contentSize":{"__type__":"cc.Size","width":46,"height":46},"_trs":{"__type__":"TypedArray","ctor":"Float64Array","array":[5790,355,0,0,0,0,1,1,1,1]},"_groupIndex":1,"groupIndex":1},{"__type__":"cc.Node","_name":"coin copy","_parent":{"__id__":24},"_components":[{"__type__":"cc.Sprite","_name":"coin copy<Sprite>","node":{"__id__":34},"_materials":[{"__uuid__":"ecpdLyjvZBwrvm+cedCcQy"}],"_spriteFrame":{"__uuid__":"5fBaYM24ZPr4CKfNVUvrdH"},"_sizeMode":0},{"__type__":"cc.RigidBody","node":{"__id__":34},"_type":0,"_allowSleep":false,"enabledContactListener":true},{"__type__":"cc.PhysicsCircleCollider","node":{"__id__":34},"_sensor":true,"_restitution":0.2,"_radius":23},{"__type__":"069edsCLOBL15FM+XA6qGxf","node":{"__id__":34},"pickeffect":{"__uuid__":"2e0DSCaaJHNKIgvBUfLo/u"}}],"_prefab":{"__type__":"cc.PrefabInfo","root":{"__id__":1},"asset":{"__uuid__":"ddwUstaAtNQ7jiAbyuAp3D"},"fileId":"74Fhr4eHBGQrgNV6a9SBcY"},"_contentSize":{"__type__":"cc.Size","width":46,"height":46},"_trs":{"__type__":"TypedArray","ctor":"Float64Array","array":[5900,355,0,0,0,0,1,1,1,1]},"_groupIndex":1,"groupIndex":1},{"__type__":"cc.Node","_name":"coin copy","_parent":{"__id__":24},"_components":[{"__type__":"cc.Sprite","_name":"coin copy<Sprite>","node":{"__id__":35},"_materials":[{"__uuid__":"ecpdLyjvZBwrvm+cedCcQy"}],"_spriteFrame":{"__uuid__":"5fBaYM24ZPr4CKfNVUvrdH"},"_sizeMode":0},{"__type__":"cc.RigidBody","node":{"__id__":35},"_type":0,"_allowSleep":false,"enabledContactListener":true},{"__type__":"cc.PhysicsCircleCollider","node":{"__id__":35},"_sensor":true,"_restitution":0.2,"_radius":23},{"__type__":"069edsCLOBL15FM+XA6qGxf","node":{"__id__":35},"pickeffect":{"__uuid__":"2e0DSCaaJHNKIgvBUfLo/u"}}],"_prefab":{"__type__":"cc.PrefabInfo","root":{"__id__":1},"asset":{"__uuid__":"ddwUstaAtNQ7jiAbyuAp3D"},"fileId":"38nRA9tLxDs4QzyUl2rCbj"},"_contentSize":{"__type__":"cc.Size","width":46,"height":46},"_trs":{"__type__":"TypedArray","ctor":"Float64Array","array":[6377.683,150,0,0,0,0,1,1,1,1]},"_groupIndex":1,"groupIndex":1},{"__type__":"cc.Node","_name":"coin copy","_parent":{"__id__":24},"_components":[{"__type__":"cc.Sprite","_name":"coin copy<Sprite>","node":{"__id__":36},"_materials":[{"__uuid__":"ecpdLyjvZBwrvm+cedCcQy"}],"_spriteFrame":{"__uuid__":"5fBaYM24ZPr4CKfNVUvrdH"},"_sizeMode":0},{"__type__":"cc.RigidBody","node":{"__id__":36},"_type":0,"_allowSleep":false,"enabledContactListener":true},{"__type__":"cc.PhysicsCircleCollider","node":{"__id__":36},"_sensor":true,"_restitution":0.2,"_radius":23},{"__type__":"069edsCLOBL15FM+XA6qGxf","node":{"__id__":36},"pickeffect":{"__uuid__":"2e0DSCaaJHNKIgvBUfLo/u"}}],"_prefab":{"__type__":"cc.PrefabInfo","root":{"__id__":1},"asset":{"__uuid__":"ddwUstaAtNQ7jiAbyuAp3D"},"fileId":"e5FnsQ9zJM05islVVcu0FX"},"_contentSize":{"__type__":"cc.Size","width":46,"height":46},"_trs":{"__type__":"TypedArray","ctor":"Float64Array","array":[6309.105,222,0,0,0,0,1,1,1,1]},"_groupIndex":1,"groupIndex":1},{"__type__":"cc.Node","_name":"coin copy","_parent":{"__id__":24},"_components":[{"__type__":"cc.Sprite","_name":"coin copy<Sprite>","node":{"__id__":37},"_materials":[{"__uuid__":"ecpdLyjvZBwrvm+cedCcQy"}],"_spriteFrame":{"__uuid__":"5fBaYM24ZPr4CKfNVUvrdH"},"_sizeMode":0},{"__type__":"cc.RigidBody","node":{"__id__":37},"_type":0,"_allowSleep":false,"enabledContactListener":true},{"__type__":"cc.PhysicsCircleCollider","node":{"__id__":37},"_sensor":true,"_restitution":0.2,"_radius":23},{"__type__":"069edsCLOBL15FM+XA6qGxf","node":{"__id__":37},"pickeffect":{"__uuid__":"2e0DSCaaJHNKIgvBUfLo/u"}}],"_prefab":{"__type__":"cc.PrefabInfo","root":{"__id__":1},"asset":{"__uuid__":"ddwUstaAtNQ7jiAbyuAp3D"},"fileId":"b1Pu8FTbdDt60a1TCfbEHn"},"_contentSize":{"__type__":"cc.Size","width":46,"height":46},"_trs":{"__type__":"TypedArray","ctor":"Float64Array","array":[7485.027,499.736,0,0,0,0,1,1,1,1]},"_groupIndex":1,"groupIndex":1},{"__type__":"cc.Node","_name":"coin copy","_parent":{"__id__":24},"_components":[{"__type__":"cc.Sprite","_name":"coin copy<Sprite>","node":{"__id__":38},"_materials":[{"__uuid__":"ecpdLyjvZBwrvm+cedCcQy"}],"_spriteFrame":{"__uuid__":"5fBaYM24ZPr4CKfNVUvrdH"},"_sizeMode":0},{"__type__":"cc.RigidBody","node":{"__id__":38},"_type":0,"_allowSleep":false,"enabledContactListener":true},{"__type__":"cc.PhysicsCircleCollider","node":{"__id__":38},"_sensor":true,"_restitution":0.2,"_radius":23},{"__type__":"069edsCLOBL15FM+XA6qGxf","node":{"__id__":38},"pickeffect":{"__uuid__":"2e0DSCaaJHNKIgvBUfLo/u"}}],"_prefab":{"__type__":"cc.PrefabInfo","root":{"__id__":1},"asset":{"__uuid__":"ddwUstaAtNQ7jiAbyuAp3D"},"fileId":"dac5QetE9CKbwP9ekvGUOY"},"_contentSize":{"__type__":"cc.Size","width":46,"height":46},"_trs":{"__type__":"TypedArray","ctor":"Float64Array","array":[6304.476,150,0,0,0,0,1,1,1,1]},"_groupIndex":1,"groupIndex":1},{"__type__":"cc.Node","_name":"coin copy","_parent":{"__id__":24},"_components":[{"__type__":"cc.Sprite","_name":"coin copy<Sprite>","node":{"__id__":39},"_materials":[{"__uuid__":"ecpdLyjvZBwrvm+cedCcQy"}],"_spriteFrame":{"__uuid__":"5fBaYM24ZPr4CKfNVUvrdH"},"_sizeMode":0},{"__type__":"cc.RigidBody","node":{"__id__":39},"_type":0,"_allowSleep":false,"enabledContactListener":true},{"__type__":"cc.PhysicsCircleCollider","node":{"__id__":39},"_sensor":true,"_restitution":0.2,"_radius":23},{"__type__":"069edsCLOBL15FM+XA6qGxf","node":{"__id__":39},"pickeffect":{"__uuid__":"2e0DSCaaJHNKIgvBUfLo/u"}}],"_prefab":{"__type__":"cc.PrefabInfo","root":{"__id__":1},"asset":{"__uuid__":"ddwUstaAtNQ7jiAbyuAp3D"},"fileId":"f35D6uHBNDRbFr0SKLVDEe"},"_contentSize":{"__type__":"cc.Size","width":46,"height":46},"_trs":{"__type__":"TypedArray","ctor":"Float64Array","array":[8730,340,0,0,0,0,1,1,1,1]},"_groupIndex":1,"groupIndex":1},{"__type__":"cc.Node","_name":"coin copy","_parent":{"__id__":24},"_components":[{"__type__":"cc.Sprite","_name":"coin copy<Sprite>","node":{"__id__":40},"_materials":[{"__uuid__":"ecpdLyjvZBwrvm+cedCcQy"}],"_spriteFrame":{"__uuid__":"5fBaYM24ZPr4CKfNVUvrdH"},"_sizeMode":0},{"__type__":"cc.RigidBody","node":{"__id__":40},"_type":0,"_allowSleep":false,"enabledContactListener":true},{"__type__":"cc.PhysicsCircleCollider","node":{"__id__":40},"_sensor":true,"_restitution":0.2,"_radius":23},{"__type__":"069edsCLOBL15FM+XA6qGxf","node":{"__id__":40},"pickeffect":{"__uuid__":"2e0DSCaaJHNKIgvBUfLo/u"}}],"_prefab":{"__type__":"cc.PrefabInfo","root":{"__id__":1},"asset":{"__uuid__":"ddwUstaAtNQ7jiAbyuAp3D"},"fileId":"1dFyzxbUxGjoZh4z54CTDW"},"_contentSize":{"__type__":"cc.Size","width":46,"height":46},"_trs":{"__type__":"TypedArray","ctor":"Float64Array","array":[8630,340,0,0,0,0,1,1,1,1]},"_groupIndex":1,"groupIndex":1},{"__type__":"cc.Node","_name":"coin copy","_parent":{"__id__":24},"_components":[{"__type__":"cc.Sprite","_name":"coin copy<Sprite>","node":{"__id__":41},"_materials":[{"__uuid__":"ecpdLyjvZBwrvm+cedCcQy"}],"_spriteFrame":{"__uuid__":"5fBaYM24ZPr4CKfNVUvrdH"},"_sizeMode":0},{"__type__":"cc.RigidBody","node":{"__id__":41},"_type":0,"_allowSleep":false,"enabledContactListener":true},{"__type__":"cc.PhysicsCircleCollider","node":{"__id__":41},"_sensor":true,"_restitution":0.2,"_radius":23},{"__type__":"069edsCLOBL15FM+XA6qGxf","node":{"__id__":41},"pickeffect":{"__uuid__":"2e0DSCaaJHNKIgvBUfLo/u"}}],"_prefab":{"__type__":"cc.PrefabInfo","root":{"__id__":1},"asset":{"__uuid__":"ddwUstaAtNQ7jiAbyuAp3D"},"fileId":"6btEQ1MJ5FdpcPCMX5xF9b"},"_contentSize":{"__type__":"cc.Size","width":46,"height":46},"_trs":{"__type__":"TypedArray","ctor":"Float64Array","array":[8530,340,0,0,0,0,1,1,1,1]},"_groupIndex":1,"groupIndex":1},{"__type__":"cc.Node","_name":"coin copy","_parent":{"__id__":24},"_components":[{"__type__":"cc.Sprite","_name":"coin copy<Sprite>","node":{"__id__":42},"_materials":[{"__uuid__":"ecpdLyjvZBwrvm+cedCcQy"}],"_spriteFrame":{"__uuid__":"5fBaYM24ZPr4CKfNVUvrdH"},"_sizeMode":0},{"__type__":"cc.RigidBody","node":{"__id__":42},"_type":0,"_allowSleep":false,"enabledContactListener":true},{"__type__":"cc.PhysicsCircleCollider","node":{"__id__":42},"_sensor":true,"_restitution":0.2,"_radius":23},{"__type__":"069edsCLOBL15FM+XA6qGxf","node":{"__id__":42},"pickeffect":{"__uuid__":"2e0DSCaaJHNKIgvBUfLo/u"}}],"_prefab":{"__type__":"cc.PrefabInfo","root":{"__id__":1},"asset":{"__uuid__":"ddwUstaAtNQ7jiAbyuAp3D"},"fileId":"8dvQyRFl5P4r4ws8HJDmsf"},"_contentSize":{"__type__":"cc.Size","width":46,"height":46},"_trs":{"__type__":"TypedArray","ctor":"Float64Array","array":[8430,340,0,0,0,0,1,1,1,1]},"_groupIndex":1,"groupIndex":1},{"__type__":"cc.Node","_name":"coin copy","_parent":{"__id__":24},"_components":[{"__type__":"cc.Sprite","_name":"coin copy<Sprite>","node":{"__id__":43},"_materials":[{"__uuid__":"ecpdLyjvZBwrvm+cedCcQy"}],"_spriteFrame":{"__uuid__":"5fBaYM24ZPr4CKfNVUvrdH"},"_sizeMode":0},{"__type__":"cc.RigidBody","node":{"__id__":43},"_type":0,"_allowSleep":false,"enabledContactListener":true},{"__type__":"cc.PhysicsCircleCollider","node":{"__id__":43},"_sensor":true,"_restitution":0.2,"_radius":23},{"__type__":"069edsCLOBL15FM+XA6qGxf","node":{"__id__":43},"pickeffect":{"__uuid__":"2e0DSCaaJHNKIgvBUfLo/u"}}],"_prefab":{"__type__":"cc.PrefabInfo","root":{"__id__":1},"asset":{"__uuid__":"ddwUstaAtNQ7jiAbyuAp3D"},"fileId":"a3dDAEtgRCULOVy6DLuOYW"},"_contentSize":{"__type__":"cc.Size","width":46,"height":46},"_trs":{"__type__":"TypedArray","ctor":"Float64Array","array":[9260,340,0,0,0,0,1,1,1,1]},"_groupIndex":1,"groupIndex":1},{"__type__":"cc.Node","_name":"coin copy","_parent":{"__id__":24},"_components":[{"__type__":"cc.Sprite","_name":"coin copy<Sprite>","node":{"__id__":44},"_materials":[{"__uuid__":"ecpdLyjvZBwrvm+cedCcQy"}],"_spriteFrame":{"__uuid__":"5fBaYM24ZPr4CKfNVUvrdH"},"_sizeMode":0},{"__type__":"cc.RigidBody","node":{"__id__":44},"_type":0,"_allowSleep":false,"enabledContactListener":true},{"__type__":"cc.PhysicsCircleCollider","node":{"__id__":44},"_sensor":true,"_restitution":0.2,"_radius":23},{"__type__":"069edsCLOBL15FM+XA6qGxf","node":{"__id__":44},"pickeffect":{"__uuid__":"2e0DSCaaJHNKIgvBUfLo/u"}}],"_prefab":{"__type__":"cc.PrefabInfo","root":{"__id__":1},"asset":{"__uuid__":"ddwUstaAtNQ7jiAbyuAp3D"},"fileId":"76nu9an7dCu7Sguv0JLQm5"},"_contentSize":{"__type__":"cc.Size","width":46,"height":46},"_trs":{"__type__":"TypedArray","ctor":"Float64Array","array":[9360.18,340,0,0,0,0,1,1,1,1]},"_groupIndex":1,"groupIndex":1},{"__type__":"cc.Node","_name":"coin copy","_parent":{"__id__":24},"_components":[{"__type__":"cc.Sprite","_name":"coin copy<Sprite>","node":{"__id__":45},"_materials":[{"__uuid__":"ecpdLyjvZBwrvm+cedCcQy"}],"_spriteFrame":{"__uuid__":"5fBaYM24ZPr4CKfNVUvrdH"},"_sizeMode":0},{"__type__":"cc.RigidBody","node":{"__id__":45},"_type":0,"_allowSleep":false,"enabledContactListener":true},{"__type__":"cc.PhysicsCircleCollider","node":{"__id__":45},"_sensor":true,"_restitution":0.2,"_radius":23},{"__type__":"069edsCLOBL15FM+XA6qGxf","node":{"__id__":45},"pickeffect":{"__uuid__":"2e0DSCaaJHNKIgvBUfLo/u"}}],"_prefab":{"__type__":"cc.PrefabInfo","root":{"__id__":1},"asset":{"__uuid__":"ddwUstaAtNQ7jiAbyuAp3D"},"fileId":"4eCyc9D91Gc5viPUQWYNnN"},"_contentSize":{"__type__":"cc.Size","width":46,"height":46},"_trs":{"__type__":"TypedArray","ctor":"Float64Array","array":[9460.18,340,0,0,0,0,1,1,1,1]},"_groupIndex":1,"groupIndex":1},{"__type__":"cc.Node","_name":"coin copy","_parent":{"__id__":24},"_components":[{"__type__":"cc.Sprite","_name":"coin copy<Sprite>","node":{"__id__":46},"_materials":[{"__uuid__":"ecpdLyjvZBwrvm+cedCcQy"}],"_spriteFrame":{"__uuid__":"5fBaYM24ZPr4CKfNVUvrdH"},"_sizeMode":0},{"__type__":"cc.RigidBody","node":{"__id__":46},"_type":0,"_allowSleep":false,"enabledContactListener":true},{"__type__":"cc.PhysicsCircleCollider","node":{"__id__":46},"_sensor":true,"_restitution":0.2,"_radius":23},{"__type__":"069edsCLOBL15FM+XA6qGxf","node":{"__id__":46},"pickeffect":{"__uuid__":"2e0DSCaaJHNKIgvBUfLo/u"}}],"_prefab":{"__type__":"cc.PrefabInfo","root":{"__id__":1},"asset":{"__uuid__":"ddwUstaAtNQ7jiAbyuAp3D"},"fileId":"a4OvgbACJMYoISoxrDNf5o"},"_contentSize":{"__type__":"cc.Size","width":46,"height":46},"_trs":{"__type__":"TypedArray","ctor":"Float64Array","array":[9997.086,313.068,0,0,0,0,1,1,1,1]},"_groupIndex":1,"groupIndex":1},{"__type__":"cc.Node","_name":"coin copy","_parent":{"__id__":24},"_components":[{"__type__":"cc.Sprite","_name":"coin copy<Sprite>","node":{"__id__":47},"_materials":[{"__uuid__":"ecpdLyjvZBwrvm+cedCcQy"}],"_spriteFrame":{"__uuid__":"5fBaYM24ZPr4CKfNVUvrdH"},"_sizeMode":0},{"__type__":"cc.RigidBody","node":{"__id__":47},"_type":0,"_allowSleep":false,"enabledContactListener":true},{"__type__":"cc.PhysicsCircleCollider","node":{"__id__":47},"_sensor":true,"_restitution":0.2,"_radius":23},{"__type__":"069edsCLOBL15FM+XA6qGxf","node":{"__id__":47},"pickeffect":{"__uuid__":"2e0DSCaaJHNKIgvBUfLo/u"}}],"_prefab":{"__type__":"cc.PrefabInfo","root":{"__id__":1},"asset":{"__uuid__":"ddwUstaAtNQ7jiAbyuAp3D"},"fileId":"b9bZCIC8ZPq6877kvHalsg"},"_contentSize":{"__type__":"cc.Size","width":46,"height":46},"_trs":{"__type__":"TypedArray","ctor":"Float64Array","array":[10215.68,398.449,0,0,0,0,1,1,1,1]},"_groupIndex":1,"groupIndex":1},{"__type__":"cc.Node","_name":"coin copy","_parent":{"__id__":24},"_components":[{"__type__":"cc.Sprite","_name":"coin copy<Sprite>","node":{"__id__":48},"_materials":[{"__uuid__":"ecpdLyjvZBwrvm+cedCcQy"}],"_spriteFrame":{"__uuid__":"5fBaYM24ZPr4CKfNVUvrdH"},"_sizeMode":0},{"__type__":"cc.RigidBody","node":{"__id__":48},"_type":0,"_allowSleep":false,"enabledContactListener":true},{"__type__":"cc.PhysicsCircleCollider","node":{"__id__":48},"_sensor":true,"_restitution":0.2,"_radius":23},{"__type__":"069edsCLOBL15FM+XA6qGxf","node":{"__id__":48},"pickeffect":{"__uuid__":"2e0DSCaaJHNKIgvBUfLo/u"}}],"_prefab":{"__type__":"cc.PrefabInfo","root":{"__id__":1},"asset":{"__uuid__":"ddwUstaAtNQ7jiAbyuAp3D"},"fileId":"71+RfvnG5FYaJugsnDg9m/"},"_contentSize":{"__type__":"cc.Size","width":46,"height":46},"_trs":{"__type__":"TypedArray","ctor":"Float64Array","array":[10366.195,398.449,0,0,0,0,1,1,1,1]},"_groupIndex":1,"groupIndex":1},{"__type__":"cc.Node","_name":"coin copy","_parent":{"__id__":24},"_components":[{"__type__":"cc.Sprite","_name":"coin copy<Sprite>","node":{"__id__":49},"_materials":[{"__uuid__":"ecpdLyjvZBwrvm+cedCcQy"}],"_spriteFrame":{"__uuid__":"5fBaYM24ZPr4CKfNVUvrdH"},"_sizeMode":0},{"__type__":"cc.RigidBody","node":{"__id__":49},"_type":0,"_allowSleep":false,"enabledContactListener":true},{"__type__":"cc.PhysicsCircleCollider","node":{"__id__":49},"_sensor":true,"_restitution":0.2,"_radius":23},{"__type__":"069edsCLOBL15FM+XA6qGxf","node":{"__id__":49},"pickeffect":{"__uuid__":"2e0DSCaaJHNKIgvBUfLo/u"}}],"_prefab":{"__type__":"cc.PrefabInfo","root":{"__id__":1},"asset":{"__uuid__":"ddwUstaAtNQ7jiAbyuAp3D"},"fileId":"43L96/B1JJs7aJsgYqriFa"},"_contentSize":{"__type__":"cc.Size","width":46,"height":46},"_trs":{"__type__":"TypedArray","ctor":"Float64Array","array":[10455.166,318.023,0,0,0,0,1,1,1,1]},"_groupIndex":1,"groupIndex":1},{"__type__":"cc.Node","_name":"coin copy","_parent":{"__id__":24},"_components":[{"__type__":"cc.Sprite","_name":"coin copy<Sprite>","node":{"__id__":50},"_materials":[{"__uuid__":"ecpdLyjvZBwrvm+cedCcQy"}],"_spriteFrame":{"__uuid__":"5fBaYM24ZPr4CKfNVUvrdH"},"_sizeMode":0},{"__type__":"cc.RigidBody","node":{"__id__":50},"_type":0,"_allowSleep":false,"enabledContactListener":true},{"__type__":"cc.PhysicsCircleCollider","node":{"__id__":50},"_sensor":true,"_restitution":0.2,"_radius":23},{"__type__":"069edsCLOBL15FM+XA6qGxf","node":{"__id__":50},"pickeffect":{"__uuid__":"2e0DSCaaJHNKIgvBUfLo/u"}}],"_prefab":{"__type__":"cc.PrefabInfo","root":{"__id__":1},"asset":{"__uuid__":"ddwUstaAtNQ7jiAbyuAp3D"},"fileId":"fcs3/L6MRNiYzle+blzTtH"},"_contentSize":{"__type__":"cc.Size","width":46,"height":46},"_trs":{"__type__":"TypedArray","ctor":"Float64Array","array":[10077.136,398.449,0,0,0,0,1,1,1,1]},"_groupIndex":1,"groupIndex":1},{"__type__":"cc.Node","_name":"coin copy","_parent":{"__id__":24},"_components":[{"__type__":"cc.Sprite","_name":"coin copy<Sprite>","node":{"__id__":51},"_materials":[{"__uuid__":"ecpdLyjvZBwrvm+cedCcQy"}],"_spriteFrame":{"__uuid__":"5fBaYM24ZPr4CKfNVUvrdH"},"_sizeMode":0},{"__type__":"cc.RigidBody","node":{"__id__":51},"_type":0,"_allowSleep":false,"enabledContactListener":true},{"__type__":"cc.PhysicsCircleCollider","node":{"__id__":51},"_sensor":true,"_restitution":0.2,"_radius":23},{"__type__":"069edsCLOBL15FM+XA6qGxf","node":{"__id__":51},"pickeffect":{"__uuid__":"2e0DSCaaJHNKIgvBUfLo/u"}}],"_prefab":{"__type__":"cc.PrefabInfo","root":{"__id__":1},"asset":{"__uuid__":"ddwUstaAtNQ7jiAbyuAp3D"},"fileId":"b4yrzG7lBKPZijP7foQxFg"},"_contentSize":{"__type__":"cc.Size","width":46,"height":46},"_trs":{"__type__":"TypedArray","ctor":"Float64Array","array":[9067.459,420.712,0,0,0,0,1,1,1,1]},"_groupIndex":1,"groupIndex":1},{"__type__":"cc.Node","_name":"coin copy","_parent":{"__id__":24},"_components":[{"__type__":"cc.Sprite","_name":"coin copy<Sprite>","node":{"__id__":52},"_materials":[{"__uuid__":"ecpdLyjvZBwrvm+cedCcQy"}],"_spriteFrame":{"__uuid__":"5fBaYM24ZPr4CKfNVUvrdH"},"_sizeMode":0},{"__type__":"cc.RigidBody","node":{"__id__":52},"_type":0,"_allowSleep":false,"enabledContactListener":true},{"__type__":"cc.PhysicsCircleCollider","node":{"__id__":52},"_sensor":true,"_restitution":0.2,"_radius":23},{"__type__":"069edsCLOBL15FM+XA6qGxf","node":{"__id__":52},"pickeffect":{"__uuid__":"2e0DSCaaJHNKIgvBUfLo/u"}}],"_prefab":{"__type__":"cc.PrefabInfo","root":{"__id__":1},"asset":{"__uuid__":"ddwUstaAtNQ7jiAbyuAp3D"},"fileId":"cfOP0GGClA9ot7gb3pwyqB"},"_contentSize":{"__type__":"cc.Size","width":46,"height":46},"_trs":{"__type__":"TypedArray","ctor":"Float64Array","array":[6379.648,222,0,0,0,0,1,1,1,1]},"_groupIndex":1,"groupIndex":1},{"__type__":"cc.Node","_name":"coin copy","_parent":{"__id__":24},"_components":[{"__type__":"cc.Sprite","_name":"coin copy<Sprite>","node":{"__id__":53},"_materials":[{"__uuid__":"ecpdLyjvZBwrvm+cedCcQy"}],"_spriteFrame":{"__uuid__":"5fBaYM24ZPr4CKfNVUvrdH"},"_sizeMode":0},{"__type__":"cc.RigidBody","node":{"__id__":53},"_type":0,"_allowSleep":false,"enabledContactListener":true},{"__type__":"cc.PhysicsCircleCollider","node":{"__id__":53},"_sensor":true,"_restitution":0.2,"_radius":23},{"__type__":"069edsCLOBL15FM+XA6qGxf","node":{"__id__":53},"pickeffect":{"__uuid__":"2e0DSCaaJHNKIgvBUfLo/u"}}],"_prefab":{"__type__":"cc.PrefabInfo","root":{"__id__":1},"asset":{"__uuid__":"ddwUstaAtNQ7jiAbyuAp3D"},"fileId":"adMcR5+9ZCd6Qlm/zUHgxa"},"_contentSize":{"__type__":"cc.Size","width":46,"height":46},"_trs":{"__type__":"TypedArray","ctor":"Float64Array","array":[7175.156,324.79,0,0,0,0,1,1,1,1]},"_groupIndex":1,"groupIndex":1},{"__type__":"cc.Node","_name":"redball","_parent":{"__id__":1},"_components":[{"__type__":"cc.Sprite","_name":"redball<Sprite>","node":{"__id__":54},"_materials":[{"__uuid__":"ecpdLyjvZBwrvm+cedCcQy"}],"_spriteFrame":{"__uuid__":"8amSVup6xJdK42n8GJawo0"},"_sizeMode":0}],"_prefab":{"__type__":"cc.PrefabInfo","root":{"__id__":1},"asset":{"__uuid__":"ddwUstaAtNQ7jiAbyuAp3D"},"fileId":"60brmQOG1H6L8X0RN1vE/R"},"_contentSize":{"__type__":"cc.Size","width":70,"height":70},"_trs":{"__type__":"TypedArray","ctor":"Float64Array","array":[300,500,0,0,0,0,1,1,1,1]},"_groupIndex":1,"groupIndex":1},{"__type__":"cc.Node","_name":"map","_parent":{"__id__":1},"_children":[{"__id__":56},{"__id__":57},{"__id__":58},{"__id__":59},{"__id__":60},{"__id__":61},{"__id__":62},{"__id__":63},{"__id__":64},{"__id__":65},{"__id__":66},{"__id__":67},{"__id__":68},{"__id__":69},{"__id__":70},{"__id__":71},{"__id__":72},{"__id__":73},{"__id__":74},{"__id__":75},{"__id__":76},{"__id__":77},{"__id__":78},{"__id__":79},{"__id__":80},{"__id__":81},{"__id__":82},{"__id__":83},{"__id__":84},{"__id__":85},{"__id__":86},{"__id__":87},{"__id__":88},{"__id__":89},{"__id__":90},{"__id__":91},{"__id__":92},{"__id__":93},{"__id__":94},{"__id__":95},{"__id__":96},{"__id__":97},{"__id__":98},{"__id__":99},{"__id__":100},{"__id__":101},{"__id__":102}],"_components":[{"__type__":"cc.Widget","node":{"__id__":55},"_alignFlags":12,"_left":-425.286},{"__type__":"cc.RigidBody","node":{"__id__":55},"_type":0,"enabledContactListener":true},{"__type__":"cc.PhysicsPolygonCollider","node":{"__id__":55},"_friction":0.5,"_offset":{"__type__":"cc.Vec2","x":280,"y":60},"points":[{"__type__":"cc.Vec2","x":-277.7,"y":-159.8},{"__type__":"cc.Vec2","x":3720,"y":-159.8},{"__type__":"cc.Vec2","x":3720.03,"y":-291.12},{"__type__":"cc.Vec2","x":4720,"y":-291.1},{"__type__":"cc.Vec2","x":4720.1,"y":-225.8},{"__type__":"cc.Vec2","x":9599,"y":-230},{"__type__":"cc.Vec2","x":9841,"y":-230},{"__type__":"cc.Vec2","x":10083,"y":-227},{"__type__":"cc.Vec2","x":10577,"y":-211},{"__type__":"cc.Vec2","x":10969,"y":-221},{"__type__":"cc.Vec2","x":11309,"y":-222},{"__type__":"cc.Vec2","x":11717,"y":-227},{"__type__":"cc.Vec2","x":11950.6,"y":-222.4},{"__type__":"cc.Vec2","x":11950,"y":177.4},{"__type__":"cc.Vec2","x":8951.81,"y":177.63},{"__type__":"cc.Vec2","x":8951,"y":376},{"__type__":"cc.Vec2","x":7451.9,"y":377.4},{"__type__":"cc.Vec2","x":7451.6,"y":179},{"__type__":"cc.Vec2","x":7206.2,"y":178.9},{"__type__":"cc.Vec2","x":7206,"y":26.25},{"__type__":"cc.Vec2","x":5711.1,"y":26.2},{"__type__":"cc.Vec2","x":5711.203,"y":229.685},{"__type__":"cc.Vec2","x":4711.22,"y":229.66},{"__type__":"cc.Vec2","x":4711.18,"y":-41.04},{"__type__":"cc.Vec2","x":3720.4,"y":-41.8},{"__type__":"cc.Vec2","x":3720.1,"y":90.4},{"__type__":"cc.Vec2","x":-280,"y":89.5}]},{"__type__":"3f7d7Fq0GJHmorMw7NXzmcC","node":{"__id__":55}}],"_prefab":{"__type__":"cc.PrefabInfo","root":{"__id__":1},"asset":{"__uuid__":"ddwUstaAtNQ7jiAbyuAp3D"},"fileId":"7dThRexsVJUbxjGNL/rugF"},"_contentSize":{"__type__":"cc.Size","width":12838,"height":540},"_anchorPoint":{"__type__":"cc.Vec2"},"_trs":{"__type__":"TypedArray","ctor":"Float64Array","array":[-425.286,0,0,0,0,0,1,1,1,1]},"_groupIndex":3,"groupIndex":3},{"__type__":"cc.Node","_name":"m1","_parent":{"__id__":55},"_components":[{"__type__":"cc.Sprite","_name":"m1<Sprite>","node":{"__id__":56},"_materials":[{"__uuid__":"ecpdLyjvZBwrvm+cedCcQy"}],"_spriteFrame":{"__uuid__":"acZOqs1FZMZZIp6IBnkhZP"},"_type":2,"_sizeMode":0}],"_prefab":{"__type__":"cc.PrefabInfo","root":{"__id__":1},"asset":{"__uuid__":"ddwUstaAtNQ7jiAbyuAp3D"},"fileId":"c2dLjr6uBEybNk9DtBiTrT"},"_contentSize":{"__type__":"cc.Size","width":4000,"height":250},"_anchorPoint":{"__type__":"cc.Vec2"},"_trs":{"__type__":"TypedArray","ctor":"Float64Array","array":[0,-99.733,0,0,0,0,1,1,1,1]},"_groupIndex":3,"groupIndex":3},{"__type__":"cc.Node","_name":"m2","_parent":{"__id__":55},"_components":[{"__type__":"cc.Sprite","_name":"m2<Sprite>","node":{"__id__":57},"_materials":[{"__uuid__":"ecpdLyjvZBwrvm+cedCcQy"}],"_spriteFrame":{"__uuid__":"acZOqs1FZMZZIp6IBnkhZP"},"_type":2,"_sizeMode":0},{"__type__":"cc.RigidBody","node":{"__id__":57},"_type":0},{"__type__":"cc.PhysicsBoxCollider","node":{"__id__":57},"_offset":{"__type__":"cc.Vec2","x":900,"y":300},"_size":{"__type__":"cc.Size","width":1800,"height":600}}],"_prefab":{"__type__":"cc.PrefabInfo","root":{"__id__":1},"asset":{"__uuid__":"ddwUstaAtNQ7jiAbyuAp3D"},"fileId":"76HyT+32ZGLKULnYqy0DUI"},"_contentSize":{"__type__":"cc.Size","width":1800,"height":600},"_anchorPoint":{"__type__":"cc.Vec2"},"_trs":{"__type__":"TypedArray","ctor":"Float64Array","array":[1704.408,528.196,0,0,0,0,1,1,1,1]},"_groupIndex":3,"groupIndex":3},{"__type__":"cc.Node","_name":"m4","_parent":{"__id__":55},"_components":[{"__type__":"cc.Sprite","_name":"m4<Sprite>","node":{"__id__":58},"_materials":[{"__uuid__":"ecpdLyjvZBwrvm+cedCcQy"}],"_spriteFrame":{"__uuid__":"acZOqs1FZMZZIp6IBnkhZP"},"_type":2,"_sizeMode":0}],"_prefab":{"__type__":"cc.PrefabInfo","root":{"__id__":1},"asset":{"__uuid__":"ddwUstaAtNQ7jiAbyuAp3D"},"fileId":"43iDJk97BOD68w9nel/99X"},"_contentSize":{"__type__":"cc.Size","width":1000,"height":410},"_anchorPoint":{"__type__":"cc.Vec2"},"_trs":{"__type__":"TypedArray","ctor":"Float64Array","array":[4991.207,-120.31,0,0,0,0,1,1,1,1]},"_groupIndex":3,"groupIndex":3},{"__type__":"cc.Node","_name":"m5","_parent":{"__id__":55},"_components":[{"__type__":"cc.Sprite","_name":"m5<Sprite>","node":{"__id__":59},"_materials":[{"__uuid__":"ecpdLyjvZBwrvm+cedCcQy"}],"_spriteFrame":{"__uuid__":"acZOqs1FZMZZIp6IBnkhZP"},"_type":2,"_sizeMode":0}],"_prefab":{"__type__":"cc.PrefabInfo","root":{"__id__":1},"asset":{"__uuid__":"ddwUstaAtNQ7jiAbyuAp3D"},"fileId":"a0qkDtNLdE9pLy2W3WpnUn"},"_contentSize":{"__type__":"cc.Size","width":1500,"height":250},"_anchorPoint":{"__type__":"cc.Vec2"},"_trs":{"__type__":"TypedArray","ctor":"Float64Array","array":[5991.005,-163.744,0,0,0,0,1,1,1,1]},"_groupIndex":3,"groupIndex":3},{"__type__":"cc.Node","_name":"m6","_parent":{"__id__":55},"_components":[{"__type__":"cc.Sprite","_name":"m6<Sprite>","node":{"__id__":60},"_materials":[{"__uuid__":"ecpdLyjvZBwrvm+cedCcQy"}],"_spriteFrame":{"__uuid__":"acZOqs1FZMZZIp6IBnkhZP"},"_type":2,"_sizeMode":0}],"_prefab":{"__type__":"cc.PrefabInfo","root":{"__id__":1},"asset":{"__uuid__":"ddwUstaAtNQ7jiAbyuAp3D"},"fileId":"38UfeqizNHEK4UG0KKsZDq"},"_contentSize":{"__type__":"cc.Size","width":250,"height":400},"_anchorPoint":{"__type__":"cc.Vec2"},"_trs":{"__type__":"TypedArray","ctor":"Float64Array","array":[7486.046,-161.015,0,0,0,0,1,1,1,1]},"_groupIndex":3,"groupIndex":3},{"__type__":"cc.Node","_name":"m7","_parent":{"__id__":55},"_components":[{"__type__":"cc.Sprite","_name":"m7<Sprite>","node":{"__id__":61},"_materials":[{"__uuid__":"ecpdLyjvZBwrvm+cedCcQy"}],"_spriteFrame":{"__uuid__":"acZOqs1FZMZZIp6IBnkhZP"},"_type":2,"_sizeMode":0}],"_prefab":{"__type__":"cc.PrefabInfo","root":{"__id__":1},"asset":{"__uuid__":"ddwUstaAtNQ7jiAbyuAp3D"},"fileId":"a7PIxJjwdIFoN0dXLBtquq"},"_contentSize":{"__type__":"cc.Size","width":1500,"height":600},"_anchorPoint":{"__type__":"cc.Vec2"},"_trs":{"__type__":"TypedArray","ctor":"Float64Array","array":[7731.833,-162.367,0,0,0,0,1,1,1,1]},"_groupIndex":3,"groupIndex":3},{"__type__":"cc.Node","_name":"m8","_parent":{"__id__":55},"_components":[{"__type__":"cc.Sprite","_name":"m7<Sprite>","node":{"__id__":62},"_materials":[{"__uuid__":"ecpdLyjvZBwrvm+cedCcQy"}],"_spriteFrame":{"__uuid__":"acZOqs1FZMZZIp6IBnkhZP"},"_type":2,"_sizeMode":0}],"_prefab":{"__type__":"cc.PrefabInfo","root":{"__id__":1},"asset":{"__uuid__":"ddwUstaAtNQ7jiAbyuAp3D"},"fileId":"bcSBdyYulJ8q+oJXZ/dQPI"},"_contentSize":{"__type__":"cc.Size","width":3000,"height":400},"_anchorPoint":{"__type__":"cc.Vec2"},"_trs":{"__type__":"TypedArray","ctor":"Float64Array","array":[9230.321,-162.367,0,0,0,0,1,1,1,1]},"_groupIndex":3,"groupIndex":3},{"__type__":"cc.Node","_name":"m3","_parent":{"__id__":55},"_components":[{"__type__":"cc.Sprite","_name":"m3<Sprite>","node":{"__id__":63},"_materials":[{"__uuid__":"ecpdLyjvZBwrvm+cedCcQy"}],"_spriteFrame":{"__uuid__":"acZOqs1FZMZZIp6IBnkhZP"},"_type":2,"_sizeMode":0}],"_prefab":{"__type__":"cc.PrefabInfo","root":{"__id__":1},"asset":{"__uuid__":"ddwUstaAtNQ7jiAbyuAp3D"},"fileId":"e2ooVs779PU6WMXWQArL4w"},"_contentSize":{"__type__":"cc.Size","width":5000,"height":250},"_anchorPoint":{"__type__":"cc.Vec2"},"_trs":{"__type__":"TypedArray","ctor":"Float64Array","array":[984.451,-231.083,0,0,0,0,1,1,1,1]},"_groupIndex":3,"groupIndex":3},{"__type__":"cc.Node","_name":"2","_parent":{"__id__":55},"_components":[{"__type__":"cc.Sprite","node":{"__id__":64},"_materials":[{"__uuid__":"ecpdLyjvZBwrvm+cedCcQy"}],"_spriteFrame":{"__uuid__":"7c7Ms9PnhExqeoCq8Qd1CJ"},"_type":2,"_sizeMode":0}],"_prefab":{"__type__":"cc.PrefabInfo","root":{"__id__":1},"asset":{"__uuid__":"ddwUstaAtNQ7jiAbyuAp3D"},"fileId":"2700sqlllLUqxVK8p04jsK"},"_contentSize":{"__type__":"cc.Size","width":320,"height":38},"_trs":{"__type__":"TypedArray","ctor":"Float64Array","array":[12.917,18.7,0,0,0,0.7071067811865475,0.7071067811865476,0.7,0.7,1]},"_eulerAngles":{"__type__":"cc.Vec3","z":90}},{"__type__":"cc.Node","_name":"1","_parent":{"__id__":55},"_components":[{"__type__":"cc.Sprite","node":{"__id__":65},"_materials":[{"__uuid__":"ecpdLyjvZBwrvm+cedCcQy"}],"_spriteFrame":{"__uuid__":"08EE574AJCybEkYL4ikr+e"}}],"_prefab":{"__type__":"cc.PrefabInfo","root":{"__id__":1},"asset":{"__uuid__":"ddwUstaAtNQ7jiAbyuAp3D"},"fileId":"dbeSPS5r9Kv5me/GGUruK+"},"_contentSize":{"__type__":"cc.Size","width":149,"height":38},"_trs":{"__type__":"TypedArray","ctor":"Float64Array","array":[51.173,137.138,0,0,0,0,1,0.7,0.7,1]}},{"__type__":"cc.Node","_name":"2","_parent":{"__id__":55},"_components":[{"__type__":"cc.Sprite","node":{"__id__":66},"_materials":[{"__uuid__":"ecpdLyjvZBwrvm+cedCcQy"}],"_spriteFrame":{"__uuid__":"7c7Ms9PnhExqeoCq8Qd1CJ"},"_type":2,"_sizeMode":0}],"_prefab":{"__type__":"cc.PrefabInfo","root":{"__id__":1},"asset":{"__uuid__":"ddwUstaAtNQ7jiAbyuAp3D"},"fileId":"96TMwieZxBxYmihyjXe9bQ"},"_contentSize":{"__type__":"cc.Size","width":180,"height":38},"_trs":{"__type__":"TypedArray","ctor":"Float64Array","array":[3986.914,77.608,0,0,0,0.7071067811865475,0.7071067811865476,0.7,-0.7,1]},"_eulerAngles":{"__type__":"cc.Vec3","z":90}},{"__type__":"cc.Node","_name":"2","_parent":{"__id__":55},"_components":[{"__type__":"cc.Sprite","node":{"__id__":67},"_materials":[{"__uuid__":"ecpdLyjvZBwrvm+cedCcQy"}],"_spriteFrame":{"__uuid__":"7c7Ms9PnhExqeoCq8Qd1CJ"},"_type":2,"_sizeMode":0}],"_prefab":{"__type__":"cc.PrefabInfo","root":{"__id__":1},"asset":{"__uuid__":"ddwUstaAtNQ7jiAbyuAp3D"},"fileId":"ec8eztPqhAa6HZw7iVDSTN"},"_contentSize":{"__type__":"cc.Size","width":5500,"height":38},"_trs":{"__type__":"TypedArray","ctor":"Float64Array","array":[2015.064,137.589,0,0,0,0,1,0.7,0.7,1]}},{"__type__":"cc.Node","_name":"3","_parent":{"__id__":55},"_components":[{"__type__":"cc.Sprite","node":{"__id__":68},"_materials":[{"__uuid__":"ecpdLyjvZBwrvm+cedCcQy"}],"_spriteFrame":{"__uuid__":"08zReD3OVE4pPID3tRZgQb"}}],"_prefab":{"__type__":"cc.PrefabInfo","root":{"__id__":1},"asset":{"__uuid__":"ddwUstaAtNQ7jiAbyuAp3D"},"fileId":"ebOIKc3dBFdr8+ML7Ynf2y"},"_contentSize":{"__type__":"cc.Size","width":149,"height":38},"_trs":{"__type__":"TypedArray","ctor":"Float64Array","array":[3948.939,137.806,0,0,0,0,1,0.7,0.7,1]}},{"__type__":"cc.Node","_name":"1","_parent":{"__id__":55},"_components":[{"__type__":"cc.Sprite","node":{"__id__":69},"_materials":[{"__uuid__":"ecpdLyjvZBwrvm+cedCcQy"}],"_spriteFrame":{"__uuid__":"08EE574AJCybEkYL4ikr+e"}}],"_prefab":{"__type__":"cc.PrefabInfo","root":{"__id__":1},"asset":{"__uuid__":"ddwUstaAtNQ7jiAbyuAp3D"},"fileId":"3fb/DmXoROKI+tS2F30fbP"},"_contentSize":{"__type__":"cc.Size","width":149,"height":38},"_trs":{"__type__":"TypedArray","ctor":"Float64Array","array":[51.173,-86.49,0,0,0,0,1,0.7,0.7,1]}},{"__type__":"cc.Node","_name":"2","_parent":{"__id__":55},"_components":[{"__type__":"cc.Sprite","node":{"__id__":70},"_materials":[{"__uuid__":"ecpdLyjvZBwrvm+cedCcQy"}],"_spriteFrame":{"__uuid__":"7c7Ms9PnhExqeoCq8Qd1CJ"},"_type":2,"_sizeMode":0}],"_prefab":{"__type__":"cc.PrefabInfo","root":{"__id__":1},"asset":{"__uuid__":"ddwUstaAtNQ7jiAbyuAp3D"},"fileId":"82eJ22GVhBHIXhdvS7Gfq9"},"_contentSize":{"__type__":"cc.Size","width":5500,"height":38},"_trs":{"__type__":"TypedArray","ctor":"Float64Array","array":[2015.064,-86.442,0,0,0,0,1,0.7,0.7,1]}},{"__type__":"cc.Node","_name":"3","_parent":{"__id__":55},"_components":[{"__type__":"cc.Sprite","node":{"__id__":71},"_materials":[{"__uuid__":"ecpdLyjvZBwrvm+cedCcQy"}],"_spriteFrame":{"__uuid__":"08zReD3OVE4pPID3tRZgQb"}}],"_prefab":{"__type__":"cc.PrefabInfo","root":{"__id__":1},"asset":{"__uuid__":"ddwUstaAtNQ7jiAbyuAp3D"},"fileId":"7altx85RJDhqgI6SCaN6Ps"},"_contentSize":{"__type__":"cc.Size","width":149,"height":38},"_trs":{"__type__":"TypedArray","ctor":"Float64Array","array":[3948.939,-86.768,0,0,0,0,1,0.7,0.7,1]}},{"__type__":"cc.Node","_name":"2","_parent":{"__id__":55},"_components":[{"__type__":"cc.Sprite","node":{"__id__":72},"_materials":[{"__uuid__":"ecpdLyjvZBwrvm+cedCcQy"}],"_spriteFrame":{"__uuid__":"7c7Ms9PnhExqeoCq8Qd1CJ"},"_type":2,"_sizeMode":0}],"_prefab":{"__type__":"cc.PrefabInfo","root":{"__id__":1},"asset":{"__uuid__":"ddwUstaAtNQ7jiAbyuAp3D"},"fileId":"044L2gJbpJG4jG5irViM9n"},"_contentSize":{"__type__":"cc.Size","width":1400,"height":38},"_trs":{"__type__":"TypedArray","ctor":"Float64Array","array":[4469.888,5.738,0,0,0,0,1,0.7,0.7,1]}},{"__type__":"cc.Node","_name":"3","_parent":{"__id__":55},"_components":[{"__type__":"cc.Sprite","node":{"__id__":73},"_materials":[{"__uuid__":"ecpdLyjvZBwrvm+cedCcQy"}],"_spriteFrame":{"__uuid__":"08zReD3OVE4pPID3tRZgQb"}}],"_prefab":{"__type__":"cc.PrefabInfo","root":{"__id__":1},"asset":{"__uuid__":"ddwUstaAtNQ7jiAbyuAp3D"},"fileId":"48rhTOw85BrrllmH6ThS+s"},"_contentSize":{"__type__":"cc.Size","width":149,"height":38},"_trs":{"__type__":"TypedArray","ctor":"Float64Array","array":[4030.261,5.929,0,0,0,0,1,-0.7,0.7,1]}},{"__type__":"cc.Node","_name":"3","_parent":{"__id__":55},"_components":[{"__type__":"cc.Sprite","node":{"__id__":74},"_materials":[{"__uuid__":"ecpdLyjvZBwrvm+cedCcQy"}],"_spriteFrame":{"__uuid__":"08zReD3OVE4pPID3tRZgQb"}}],"_prefab":{"__type__":"cc.PrefabInfo","root":{"__id__":1},"asset":{"__uuid__":"ddwUstaAtNQ7jiAbyuAp3D"},"fileId":"766+dXI4hKLLZPW775uuwq"},"_contentSize":{"__type__":"cc.Size","width":149,"height":38},"_trs":{"__type__":"TypedArray","ctor":"Float64Array","array":[4954.014,6.003,0,0,0,0,1,0.7,0.7,1]}},{"__type__":"cc.Node","_name":"2","_parent":{"__id__":55},"_components":[{"__type__":"cc.Sprite","node":{"__id__":75},"_materials":[{"__uuid__":"ecpdLyjvZBwrvm+cedCcQy"}],"_spriteFrame":{"__uuid__":"7c7Ms9PnhExqeoCq8Qd1CJ"},"_type":2,"_sizeMode":0}],"_prefab":{"__type__":"cc.PrefabInfo","root":{"__id__":1},"asset":{"__uuid__":"ddwUstaAtNQ7jiAbyuAp3D"},"fileId":"00Qviz14JJQr0Ric7M3hUg"},"_contentSize":{"__type__":"cc.Size","width":400,"height":38},"_trs":{"__type__":"TypedArray","ctor":"Float64Array","array":[5004.58,138.21,0,0,0,0.7071067811865475,0.7071067811865476,0.7,0.7,1]},"_eulerAngles":{"__type__":"cc.Vec3","z":90}},{"__type__":"cc.Node","_name":"2","_parent":{"__id__":55},"_components":[{"__type__":"cc.Sprite","node":{"__id__":76},"_materials":[{"__uuid__":"ecpdLyjvZBwrvm+cedCcQy"}],"_spriteFrame":{"__uuid__":"7c7Ms9PnhExqeoCq8Qd1CJ"},"_type":2,"_sizeMode":0}],"_prefab":{"__type__":"cc.PrefabInfo","root":{"__id__":1},"asset":{"__uuid__":"ddwUstaAtNQ7jiAbyuAp3D"},"fileId":"6bMFuvaGZK3LJ7BhIGRWqg"},"_contentSize":{"__type__":"cc.Size","width":280,"height":38},"_trs":{"__type__":"TypedArray","ctor":"Float64Array","array":[5977.701,181.648,0,0,0,0.7071067811865475,0.7071067811865476,0.7,-0.7,1]},"_eulerAngles":{"__type__":"cc.Vec3","z":90}},{"__type__":"cc.Node","_name":"3","_parent":{"__id__":55},"_components":[{"__type__":"cc.Sprite","node":{"__id__":77},"_materials":[{"__uuid__":"ecpdLyjvZBwrvm+cedCcQy"}],"_spriteFrame":{"__uuid__":"08zReD3OVE4pPID3tRZgQb"}}],"_prefab":{"__type__":"cc.PrefabInfo","root":{"__id__":1},"asset":{"__uuid__":"ddwUstaAtNQ7jiAbyuAp3D"},"fileId":"f1ImjqHUVBPquVwrU386uP"},"_contentSize":{"__type__":"cc.Size","width":149,"height":38},"_trs":{"__type__":"TypedArray","ctor":"Float64Array","array":[5041.88,276.597,0,0,0,0,1,-0.7,0.7,1]}},{"__type__":"cc.Node","_name":"2","_parent":{"__id__":55},"_components":[{"__type__":"cc.Sprite","node":{"__id__":78},"_materials":[{"__uuid__":"ecpdLyjvZBwrvm+cedCcQy"}],"_spriteFrame":{"__uuid__":"7c7Ms9PnhExqeoCq8Qd1CJ"},"_type":2,"_sizeMode":0}],"_prefab":{"__type__":"cc.PrefabInfo","root":{"__id__":1},"asset":{"__uuid__":"ddwUstaAtNQ7jiAbyuAp3D"},"fileId":"46eU3p7aRGg7DXUE9meEsQ"},"_contentSize":{"__type__":"cc.Size","width":1300,"height":38},"_trs":{"__type__":"TypedArray","ctor":"Float64Array","array":[5514.694,277.315,0,0,0,0,1,0.7,0.7,1]}},{"__type__":"cc.Node","_name":"2","_parent":{"__id__":55},"_components":[{"__type__":"cc.Sprite","node":{"__id__":79},"_materials":[{"__uuid__":"ecpdLyjvZBwrvm+cedCcQy"}],"_spriteFrame":{"__uuid__":"7c7Ms9PnhExqeoCq8Qd1CJ"},"_type":2,"_sizeMode":0}],"_prefab":{"__type__":"cc.PrefabInfo","root":{"__id__":1},"asset":{"__uuid__":"ddwUstaAtNQ7jiAbyuAp3D"},"fileId":"3eA929TKZLMJCDfsfcCmX3"},"_contentSize":{"__type__":"cc.Size","width":280,"height":38},"_trs":{"__type__":"TypedArray","ctor":"Float64Array","array":[9218.317,330.613,0,0,0,0.7071067811865475,0.7071067811865476,0.7,-0.7,1]},"_eulerAngles":{"__type__":"cc.Vec3","z":90}},{"__type__":"cc.Node","_name":"3","_parent":{"__id__":55},"_components":[{"__type__":"cc.Sprite","node":{"__id__":80},"_materials":[{"__uuid__":"ecpdLyjvZBwrvm+cedCcQy"}],"_spriteFrame":{"__uuid__":"08zReD3OVE4pPID3tRZgQb"}}],"_prefab":{"__type__":"cc.PrefabInfo","root":{"__id__":1},"asset":{"__uuid__":"ddwUstaAtNQ7jiAbyuAp3D"},"fileId":"f6mPMq0xNKgrzLlSl/D5PM"},"_contentSize":{"__type__":"cc.Size","width":149,"height":38},"_trs":{"__type__":"TypedArray","ctor":"Float64Array","array":[9182.52,424.469,0,0,0,0,1,0.7,0.7,1]}},{"__type__":"cc.Node","_name":"3","_parent":{"__id__":55},"_components":[{"__type__":"cc.Sprite","node":{"__id__":81},"_materials":[{"__uuid__":"ecpdLyjvZBwrvm+cedCcQy"}],"_spriteFrame":{"__uuid__":"08zReD3OVE4pPID3tRZgQb"}}],"_prefab":{"__type__":"cc.PrefabInfo","root":{"__id__":1},"asset":{"__uuid__":"ddwUstaAtNQ7jiAbyuAp3D"},"fileId":"01VsY4ZG9CRIYx565gca7B"},"_contentSize":{"__type__":"cc.Size","width":149,"height":38},"_trs":{"__type__":"TypedArray","ctor":"Float64Array","array":[5940.757,277.194,0,0,0,0,1,0.7,0.7,1]}},{"__type__":"cc.Node","_name":"2","_parent":{"__id__":55},"_components":[{"__type__":"cc.Sprite","node":{"__id__":82},"_materials":[{"__uuid__":"ecpdLyjvZBwrvm+cedCcQy"}],"_spriteFrame":{"__uuid__":"7c7Ms9PnhExqeoCq8Qd1CJ"},"_type":2,"_sizeMode":0}],"_prefab":{"__type__":"cc.PrefabInfo","root":{"__id__":1},"asset":{"__uuid__":"ddwUstaAtNQ7jiAbyuAp3D"},"fileId":"01PMFKa1hMo4GesVnCsBnh"},"_contentSize":{"__type__":"cc.Size","width":560,"height":38},"_trs":{"__type__":"TypedArray","ctor":"Float64Array","array":[12210.546,39.295,0,0,0,0.7071067811865475,0.7071067811865476,0.7,-0.7,1]},"_eulerAngles":{"__type__":"cc.Vec3","z":90}},{"__type__":"cc.Node","_name":"3","_parent":{"__id__":55},"_components":[{"__type__":"cc.Sprite","node":{"__id__":83},"_materials":[{"__uuid__":"ecpdLyjvZBwrvm+cedCcQy"}],"_spriteFrame":{"__uuid__":"08zReD3OVE4pPID3tRZgQb"}}],"_prefab":{"__type__":"cc.PrefabInfo","root":{"__id__":1},"asset":{"__uuid__":"ddwUstaAtNQ7jiAbyuAp3D"},"fileId":"edMD9/FdFBZ7aIaRwb1/51"},"_contentSize":{"__type__":"cc.Size","width":149,"height":38},"_trs":{"__type__":"TypedArray","ctor":"Float64Array","array":[6018.428,73.036,0,0,0,0,1,-0.7,0.7,1]}},{"__type__":"cc.Node","_name":"2","_parent":{"__id__":55},"_components":[{"__type__":"cc.Sprite","node":{"__id__":84},"_materials":[{"__uuid__":"ecpdLyjvZBwrvm+cedCcQy"}],"_spriteFrame":{"__uuid__":"7c7Ms9PnhExqeoCq8Qd1CJ"},"_type":2,"_sizeMode":0}],"_prefab":{"__type__":"cc.PrefabInfo","root":{"__id__":1},"asset":{"__uuid__":"ddwUstaAtNQ7jiAbyuAp3D"},"fileId":"52xazwe85GTLETjd3TcG/i"},"_contentSize":{"__type__":"cc.Size","width":2000,"height":38},"_trs":{"__type__":"TypedArray","ctor":"Float64Array","array":[6766.456,72.884,0,0,0,0,1,0.7,0.7,1]}},{"__type__":"cc.Node","_name":"3","_parent":{"__id__":55},"_components":[{"__type__":"cc.Sprite","node":{"__id__":85},"_materials":[{"__uuid__":"ecpdLyjvZBwrvm+cedCcQy"}],"_spriteFrame":{"__uuid__":"08zReD3OVE4pPID3tRZgQb"}}],"_prefab":{"__type__":"cc.PrefabInfo","root":{"__id__":1},"asset":{"__uuid__":"ddwUstaAtNQ7jiAbyuAp3D"},"fileId":"89GjDoGxFCCqUeGhTqH/fR"},"_contentSize":{"__type__":"cc.Size","width":149,"height":38},"_trs":{"__type__":"TypedArray","ctor":"Float64Array","array":[12180.534,224.128,0,0,0,0,1,0.7,0.7,1]}},{"__type__":"cc.Node","_name":"3","_parent":{"__id__":55},"_components":[{"__type__":"cc.Sprite","node":{"__id__":86},"_materials":[{"__uuid__":"ecpdLyjvZBwrvm+cedCcQy"}],"_spriteFrame":{"__uuid__":"08zReD3OVE4pPID3tRZgQb"}}],"_prefab":{"__type__":"cc.PrefabInfo","root":{"__id__":1},"asset":{"__uuid__":"ddwUstaAtNQ7jiAbyuAp3D"},"fileId":"absSppu91LNrHQzCVUBgpC"},"_contentSize":{"__type__":"cc.Size","width":149,"height":38},"_trs":{"__type__":"TypedArray","ctor":"Float64Array","array":[7445.971,73.243,0,0,0,0,1,0.7,0.7,1]}},{"__type__":"cc.Node","_name":"3","_parent":{"__id__":55},"_components":[{"__type__":"cc.Sprite","node":{"__id__":87},"_materials":[{"__uuid__":"ecpdLyjvZBwrvm+cedCcQy"}],"_spriteFrame":{"__uuid__":"08zReD3OVE4pPID3tRZgQb"}}],"_prefab":{"__type__":"cc.PrefabInfo","root":{"__id__":1},"asset":{"__uuid__":"ddwUstaAtNQ7jiAbyuAp3D"},"fileId":"eaVVWuPCFG+orBYc9tmPQr"},"_contentSize":{"__type__":"cc.Size","width":149,"height":38},"_trs":{"__type__":"TypedArray","ctor":"Float64Array","array":[7536.027,226.284,0,0,0,0,1,-0.7,0.7,1]}},{"__type__":"cc.Node","_name":"2","_parent":{"__id__":55},"_components":[{"__type__":"cc.Sprite","node":{"__id__":88},"_materials":[{"__uuid__":"ecpdLyjvZBwrvm+cedCcQy"}],"_spriteFrame":{"__uuid__":"7c7Ms9PnhExqeoCq8Qd1CJ"},"_type":2,"_sizeMode":0}],"_prefab":{"__type__":"cc.PrefabInfo","root":{"__id__":1},"asset":{"__uuid__":"ddwUstaAtNQ7jiAbyuAp3D"},"fileId":"3eIEic9wRF7IjdfnwBNuHb"},"_contentSize":{"__type__":"cc.Size","width":240,"height":38},"_trs":{"__type__":"TypedArray","ctor":"Float64Array","array":[7499.246,152.836,0,0,0,0.7071067811865475,0.7071067811865476,0.7,0.7,1]},"_eulerAngles":{"__type__":"cc.Vec3","z":90}},{"__type__":"cc.Node","_name":"2","_parent":{"__id__":55},"_components":[{"__type__":"cc.Sprite","node":{"__id__":89},"_materials":[{"__uuid__":"ecpdLyjvZBwrvm+cedCcQy"}],"_spriteFrame":{"__uuid__":"7c7Ms9PnhExqeoCq8Qd1CJ"},"_type":2,"_sizeMode":0}],"_prefab":{"__type__":"cc.PrefabInfo","root":{"__id__":1},"asset":{"__uuid__":"ddwUstaAtNQ7jiAbyuAp3D"},"fileId":"81S6iRSktJuITP0dkhZLCI"},"_contentSize":{"__type__":"cc.Size","width":320,"height":38},"_trs":{"__type__":"TypedArray","ctor":"Float64Array","array":[7745.165,326.369,0,0,0,0.7071067811865475,0.7071067811865476,0.7,0.7,1]},"_eulerAngles":{"__type__":"cc.Vec3","z":90}},{"__type__":"cc.Node","_name":"2","_parent":{"__id__":55},"_components":[{"__type__":"cc.Sprite","node":{"__id__":90},"_materials":[{"__uuid__":"ecpdLyjvZBwrvm+cedCcQy"}],"_spriteFrame":{"__uuid__":"7c7Ms9PnhExqeoCq8Qd1CJ"},"_type":2,"_sizeMode":0}],"_prefab":{"__type__":"cc.PrefabInfo","root":{"__id__":1},"asset":{"__uuid__":"ddwUstaAtNQ7jiAbyuAp3D"},"fileId":"95fxoRP3JOfLVhNDPM460c"},"_contentSize":{"__type__":"cc.Size","width":850,"height":38},"_trs":{"__type__":"TypedArray","ctor":"Float64Array","array":[3489.733,829.06,0,0,0,0.7071067811865475,0.7071067811865476,0.7,-0.7,1]},"_eulerAngles":{"__type__":"cc.Vec3","z":90}},{"__type__":"cc.Node","_name":"2","_parent":{"__id__":55},"_components":[{"__type__":"cc.Sprite","node":{"__id__":91},"_materials":[{"__uuid__":"ecpdLyjvZBwrvm+cedCcQy"}],"_spriteFrame":{"__uuid__":"7c7Ms9PnhExqeoCq8Qd1CJ"},"_type":2,"_sizeMode":0}],"_prefab":{"__type__":"cc.PrefabInfo","root":{"__id__":1},"asset":{"__uuid__":"ddwUstaAtNQ7jiAbyuAp3D"},"fileId":"carOc7Gi9Fm7/JqpsbVvel"},"_contentSize":{"__type__":"cc.Size","width":220,"height":38},"_trs":{"__type__":"TypedArray","ctor":"Float64Array","array":[7658.765,226.031,0,0,0,0,1,0.7,0.7,1]}},{"__type__":"cc.Node","_name":"3","_parent":{"__id__":55},"_components":[{"__type__":"cc.Sprite","node":{"__id__":92},"_materials":[{"__uuid__":"ecpdLyjvZBwrvm+cedCcQy"}],"_spriteFrame":{"__uuid__":"08zReD3OVE4pPID3tRZgQb"}}],"_prefab":{"__type__":"cc.PrefabInfo","root":{"__id__":1},"asset":{"__uuid__":"ddwUstaAtNQ7jiAbyuAp3D"},"fileId":"9f+mNTbmJGP7ueJlxpKPFX"},"_contentSize":{"__type__":"cc.Size","width":149,"height":38},"_trs":{"__type__":"TypedArray","ctor":"Float64Array","array":[7785.15,424.359,0,0,0,0,1,-0.7,0.7,1]}},{"__type__":"cc.Node","_name":"2","_parent":{"__id__":55},"_components":[{"__type__":"cc.Sprite","node":{"__id__":93},"_materials":[{"__uuid__":"ecpdLyjvZBwrvm+cedCcQy"}],"_spriteFrame":{"__uuid__":"7c7Ms9PnhExqeoCq8Qd1CJ"},"_type":2,"_sizeMode":0}],"_prefab":{"__type__":"cc.PrefabInfo","root":{"__id__":1},"asset":{"__uuid__":"ddwUstaAtNQ7jiAbyuAp3D"},"fileId":"a7KeKZV9lDD7ivuqVCxYxz"},"_contentSize":{"__type__":"cc.Size","width":2000,"height":38},"_trs":{"__type__":"TypedArray","ctor":"Float64Array","array":[8525.04,424.408,0,0,0,0,1,0.7,0.7,1]}},{"__type__":"cc.Node","_name":"3","_parent":{"__id__":55},"_components":[{"__type__":"cc.Sprite","node":{"__id__":94},"_materials":[{"__uuid__":"ecpdLyjvZBwrvm+cedCcQy"}],"_spriteFrame":{"__uuid__":"08zReD3OVE4pPID3tRZgQb"}}],"_prefab":{"__type__":"cc.PrefabInfo","root":{"__id__":1},"asset":{"__uuid__":"ddwUstaAtNQ7jiAbyuAp3D"},"fileId":"a6QJvJSUhEuosn0jeQ+aNU"},"_contentSize":{"__type__":"cc.Size","width":149,"height":38},"_trs":{"__type__":"TypedArray","ctor":"Float64Array","array":[9257.193,224.284,0,0,0,0,1,-0.7,0.7,1]}},{"__type__":"cc.Node","_name":"2","_parent":{"__id__":55},"_components":[{"__type__":"cc.Sprite","node":{"__id__":95},"_materials":[{"__uuid__":"ecpdLyjvZBwrvm+cedCcQy"}],"_spriteFrame":{"__uuid__":"7c7Ms9PnhExqeoCq8Qd1CJ"},"_type":2,"_sizeMode":0}],"_prefab":{"__type__":"cc.PrefabInfo","root":{"__id__":1},"asset":{"__uuid__":"ddwUstaAtNQ7jiAbyuAp3D"},"fileId":"33XUryTh1KYq8eMMSXQdtr"},"_contentSize":{"__type__":"cc.Size","width":850,"height":38},"_trs":{"__type__":"TypedArray","ctor":"Float64Array","array":[1717.779,828.047,0,0,0,0.7071067811865475,0.7071067811865476,0.7,0.7,1]},"_eulerAngles":{"__type__":"cc.Vec3","z":90}},{"__type__":"cc.Node","_name":"2","_parent":{"__id__":55},"_components":[{"__type__":"cc.Sprite","node":{"__id__":96},"_materials":[{"__uuid__":"ecpdLyjvZBwrvm+cedCcQy"}],"_spriteFrame":{"__uuid__":"7c7Ms9PnhExqeoCq8Qd1CJ"},"_type":2,"_sizeMode":0}],"_prefab":{"__type__":"cc.PrefabInfo","root":{"__id__":1},"asset":{"__uuid__":"ddwUstaAtNQ7jiAbyuAp3D"},"fileId":"76kZbNkd5DJoj2I+CwoQ+E"},"_contentSize":{"__type__":"cc.Size","width":4200,"height":38},"_trs":{"__type__":"TypedArray","ctor":"Float64Array","array":[10700.861,224.343,0,0,0,0,1,0.7,0.7,1]}},{"__type__":"cc.Node","_name":"2","_parent":{"__id__":55},"_components":[{"__type__":"cc.Sprite","node":{"__id__":97},"_materials":[{"__uuid__":"ecpdLyjvZBwrvm+cedCcQy"}],"_spriteFrame":{"__uuid__":"7c7Ms9PnhExqeoCq8Qd1CJ"},"_type":2,"_sizeMode":0}],"_prefab":{"__type__":"cc.PrefabInfo","root":{"__id__":1},"asset":{"__uuid__":"ddwUstaAtNQ7jiAbyuAp3D"},"fileId":"d8YTuia0BPUJ4XhKMQhSBT"},"_contentSize":{"__type__":"cc.Size","width":2500,"height":38},"_trs":{"__type__":"TypedArray","ctor":"Float64Array","array":[2591.961,1115.536,0,0,0,0,1,0.7,0.7,1]}},{"__type__":"cc.Node","_name":"1","_parent":{"__id__":55},"_components":[{"__type__":"cc.Sprite","node":{"__id__":98},"_materials":[{"__uuid__":"ecpdLyjvZBwrvm+cedCcQy"}],"_spriteFrame":{"__uuid__":"08EE574AJCybEkYL4ikr+e"}}],"_prefab":{"__type__":"cc.PrefabInfo","root":{"__id__":1},"asset":{"__uuid__":"ddwUstaAtNQ7jiAbyuAp3D"},"fileId":"88aqekmNxNU5Koh1yogP7x"},"_contentSize":{"__type__":"cc.Size","width":149,"height":38},"_trs":{"__type__":"TypedArray","ctor":"Float64Array","array":[1754.123,1115.692,0,0,0,0,1,0.7,0.7,1]}},{"__type__":"cc.Node","_name":"3","_parent":{"__id__":55},"_components":[{"__type__":"cc.Sprite","node":{"__id__":99},"_materials":[{"__uuid__":"ecpdLyjvZBwrvm+cedCcQy"}],"_spriteFrame":{"__uuid__":"08zReD3OVE4pPID3tRZgQb"}}],"_prefab":{"__type__":"cc.PrefabInfo","root":{"__id__":1},"asset":{"__uuid__":"ddwUstaAtNQ7jiAbyuAp3D"},"fileId":"4aN1NL9zpGDKEZ6oZO+DyY"},"_contentSize":{"__type__":"cc.Size","width":149,"height":38},"_trs":{"__type__":"TypedArray","ctor":"Float64Array","array":[3453.068,1114.745,0,0,0,0,1,0.7,0.7,1]}},{"__type__":"cc.Node","_name":"2","_parent":{"__id__":55},"_components":[{"__type__":"cc.Sprite","node":{"__id__":100},"_materials":[{"__uuid__":"ecpdLyjvZBwrvm+cedCcQy"}],"_spriteFrame":{"__uuid__":"7c7Ms9PnhExqeoCq8Qd1CJ"},"_type":2,"_sizeMode":0}],"_prefab":{"__type__":"cc.PrefabInfo","root":{"__id__":1},"asset":{"__uuid__":"ddwUstaAtNQ7jiAbyuAp3D"},"fileId":"78V2wCstlOvIaYTg7+6Z31"},"_contentSize":{"__type__":"cc.Size","width":2500,"height":38},"_trs":{"__type__":"TypedArray","ctor":"Float64Array","array":[2591.961,541.647,0,0,0,0,1,0.7,-0.7,1]}},{"__type__":"cc.Node","_name":"1","_parent":{"__id__":55},"_components":[{"__type__":"cc.Sprite","node":{"__id__":101},"_materials":[{"__uuid__":"ecpdLyjvZBwrvm+cedCcQy"}],"_spriteFrame":{"__uuid__":"08EE574AJCybEkYL4ikr+e"}}],"_prefab":{"__type__":"cc.PrefabInfo","root":{"__id__":1},"asset":{"__uuid__":"ddwUstaAtNQ7jiAbyuAp3D"},"fileId":"49CbnYhZRK4ISMfscCBQOD"},"_contentSize":{"__type__":"cc.Size","width":149,"height":38},"_trs":{"__type__":"TypedArray","ctor":"Float64Array","array":[1754.123,541.803,0,0,0,0,1,0.7,-0.7,1]}},{"__type__":"cc.Node","_name":"3","_parent":{"__id__":55},"_components":[{"__type__":"cc.Sprite","node":{"__id__":102},"_materials":[{"__uuid__":"ecpdLyjvZBwrvm+cedCcQy"}],"_spriteFrame":{"__uuid__":"08zReD3OVE4pPID3tRZgQb"}}],"_prefab":{"__type__":"cc.PrefabInfo","root":{"__id__":1},"asset":{"__uuid__":"ddwUstaAtNQ7jiAbyuAp3D"},"fileId":"5aPUuinLlKQqGSArC4QOCi"},"_contentSize":{"__type__":"cc.Size","width":149,"height":38},"_trs":{"__type__":"TypedArray","ctor":"Float64Array","array":[3453.068,540.856,0,0,0,0,1,0.7,-0.7,1]}},{"__type__":"cc.Node","_name":"points","_parent":{"__id__":1},"_children":[{"__type__":"cc.Node","_name":"p1","_parent":{"__id__":103},"_prefab":{"__type__":"cc.PrefabInfo","root":{"__id__":1},"asset":{"__uuid__":"ddwUstaAtNQ7jiAbyuAp3D"},"fileId":"3c7Lb+JblCYJWSbcXXAsyF"},"_trs":{"__type__":"TypedArray","ctor":"Float64Array","array":[480,320,0,0,0,0,1,1,1,1]}},{"__type__":"cc.Node","_name":"p1","_parent":{"__id__":103},"_prefab":{"__type__":"cc.PrefabInfo","root":{"__id__":1},"asset":{"__uuid__":"ddwUstaAtNQ7jiAbyuAp3D"},"fileId":"057Jymow1JnpZBO2jcyiIe"},"_trs":{"__type__":"TypedArray","ctor":"Float64Array","array":[3300.176,320,0,0,0,0,1,1,1,1]}},{"__type__":"cc.Node","_name":"p1","_parent":{"__id__":103},"_prefab":{"__type__":"cc.PrefabInfo","root":{"__id__":1},"asset":{"__uuid__":"ddwUstaAtNQ7jiAbyuAp3D"},"fileId":"a9lw625DhObINj2gYqZKfF"},"_trs":{"__type__":"TypedArray","ctor":"Float64Array","array":[3533.679,190,0,0,0,0,1,1,1,1]}},{"__type__":"cc.Node","_name":"p1","_parent":{"__id__":103},"_prefab":{"__type__":"cc.PrefabInfo","root":{"__id__":1},"asset":{"__uuid__":"ddwUstaAtNQ7jiAbyuAp3D"},"fileId":"69lS/8RSZDeJckSVZRr9t0"},"_trs":{"__type__":"TypedArray","ctor":"Float64Array","array":[4172.768,190,0,0,0,0,1,1,1,1]}},{"__type__":"cc.Node","_name":"p1 copy","_parent":{"__id__":103},"_prefab":{"__type__":"cc.PrefabInfo","root":{"__id__":1},"asset":{"__uuid__":"ddwUstaAtNQ7jiAbyuAp3D"},"fileId":"3dd0eyWLJFLZMhsA4VvMXF"},"_trs":{"__type__":"TypedArray","ctor":"Float64Array","array":[4587.467,450,0,0,0,0,1,1,1,1]}},{"__type__":"cc.Node","_name":"p1 copy","_parent":{"__id__":103},"_prefab":{"__type__":"cc.PrefabInfo","root":{"__id__":1},"asset":{"__uuid__":"ddwUstaAtNQ7jiAbyuAp3D"},"fileId":"15kuSNOvFJrr8nH4Jc/rui"},"_trs":{"__type__":"TypedArray","ctor":"Float64Array","array":[5077.722,450,0,0,0,0,1,1,1,1]}},{"__type__":"cc.Node","_name":"p1 copy","_parent":{"__id__":103},"_prefab":{"__type__":"cc.PrefabInfo","root":{"__id__":1},"asset":{"__uuid__":"ddwUstaAtNQ7jiAbyuAp3D"},"fileId":"8a1uF0XoNN2K6fAel8kigU"},"_trs":{"__type__":"TypedArray","ctor":"Float64Array","array":[5562.58,230,0,0,0,0,1,1,1,1]}},{"__type__":"cc.Node","_name":"p1 copy","_parent":{"__id__":103},"_prefab":{"__type__":"cc.PrefabInfo","root":{"__id__":1},"asset":{"__uuid__":"ddwUstaAtNQ7jiAbyuAp3D"},"fileId":"fd2pv3EVhEh4DfJok4b48o"},"_trs":{"__type__":"TypedArray","ctor":"Float64Array","array":[6018.399,230,0,0,0,0,1,1,1,1]}},{"__type__":"cc.Node","_name":"p1 copy","_parent":{"__id__":103},"_prefab":{"__type__":"cc.PrefabInfo","root":{"__id__":1},"asset":{"__uuid__":"ddwUstaAtNQ7jiAbyuAp3D"},"fileId":"14P+5v3LRA/6ZCL2hPzdM4"},"_trs":{"__type__":"TypedArray","ctor":"Float64Array","array":[6634.297,230,0,0,0,0,1,1,1,1]}},{"__type__":"cc.Node","_name":"p1 copy","_parent":{"__id__":103},"_prefab":{"__type__":"cc.PrefabInfo","root":{"__id__":1},"asset":{"__uuid__":"ddwUstaAtNQ7jiAbyuAp3D"},"fileId":"8bJzoH95VIi6iqcBiIWRCB"},"_trs":{"__type__":"TypedArray","ctor":"Float64Array","array":[7064.725,410,0,0,0,0,1,1,1,1]}},{"__type__":"cc.Node","_name":"p1 copy","_parent":{"__id__":103},"_prefab":{"__type__":"cc.PrefabInfo","root":{"__id__":1},"asset":{"__uuid__":"ddwUstaAtNQ7jiAbyuAp3D"},"fileId":"4crw1dQwtKga7M9HJor9gh"},"_trs":{"__type__":"TypedArray","ctor":"Float64Array","array":[7308.956,600,0,0,0,0,1,1,1,1]}},{"__type__":"cc.Node","_name":"p1 copy","_parent":{"__id__":103},"_prefab":{"__type__":"cc.PrefabInfo","root":{"__id__":1},"asset":{"__uuid__":"ddwUstaAtNQ7jiAbyuAp3D"},"fileId":"69XfV15d1APpmz2yriMDkb"},"_trs":{"__type__":"TypedArray","ctor":"Float64Array","array":[7836.316,600,0,0,0,0,1,1,1,1]}},{"__type__":"cc.Node","_name":"p1 copy","_parent":{"__id__":103},"_prefab":{"__type__":"cc.PrefabInfo","root":{"__id__":1},"asset":{"__uuid__":"ddwUstaAtNQ7jiAbyuAp3D"},"fileId":"e5hXNMcQpNxqyacOJhgNJL"},"_trs":{"__type__":"TypedArray","ctor":"Float64Array","array":[8354.737,600,0,0,0,0,1,1,1,1]}},{"__type__":"cc.Node","_name":"p1 copy","_parent":{"__id__":103},"_prefab":{"__type__":"cc.PrefabInfo","root":{"__id__":1},"asset":{"__uuid__":"ddwUstaAtNQ7jiAbyuAp3D"},"fileId":"ffycawy1lGqZ+uK2ZTgyzH"},"_trs":{"__type__":"TypedArray","ctor":"Float64Array","array":[8804.658,350,0,0,0,0,1,1,1,1]}},{"__type__":"cc.Node","_name":"p1 copy","_parent":{"__id__":103},"_prefab":{"__type__":"cc.PrefabInfo","root":{"__id__":1},"asset":{"__uuid__":"ddwUstaAtNQ7jiAbyuAp3D"},"fileId":"01DBixtG5ASoN4FRUx2xH9"},"_trs":{"__type__":"TypedArray","ctor":"Float64Array","array":[9194.54,350,0,0,0,0,1,1,1,1]}}],"_components":[{"__type__":"f6f92o9xoBI1aLPMvQN70M5","node":{"__id__":103}}],"_prefab":{"__type__":"cc.PrefabInfo","root":{"__id__":1},"asset":{"__uuid__":"ddwUstaAtNQ7jiAbyuAp3D"},"fileId":"4cDVp4IwtBNrNvys827W89"},"_anchorPoint":{"__type__":"cc.Vec2"},"_trs":{"__type__":"TypedArray","ctor":"Float64Array","array":[0,0,0,0,0,0,1,1,1,1]}},{"__type__":"cc.Node","_name":"box_box","_parent":{"__id__":1},"_children":[{"__id__":105},{"__id__":106}],"_prefab":{"__type__":"cc.PrefabInfo","root":{"__id__":1},"asset":{"__uuid__":"ddwUstaAtNQ7jiAbyuAp3D"},"fileId":"0ey8W8FEpIcrd9G5tcSumk"},"_trs":{"__type__":"TypedArray","ctor":"Float64Array","array":[0,0,0,0,0,0,1,1,1,1]}},{"__type__":"cc.Node","_name":"dazzle","_parent":{"__id__":104},"_components":[{"__type__":"cc.Sprite","node":{"__id__":105},"_materials":[{"__uuid__":"ecpdLyjvZBwrvm+cedCcQy"}],"_spriteFrame":{"__uuid__":"7dtBpkOKJCOYRMql8o1GeZ"}},{"__type__":"843e4uJ/vROcKYcmAz/qlZ2","node":{"__id__":105}}],"_prefab":{"__type__":"cc.PrefabInfo","root":{"__id__":1},"asset":{"__uuid__":"ddwUstaAtNQ7jiAbyuAp3D"},"fileId":"11wAJZZ+NB4b7Who31tw35"},"_contentSize":{"__type__":"cc.Size","width":754,"height":776},"_trs":{"__type__":"TypedArray","ctor":"Float64Array","array":[6674.318,150.312,0,0,0,0,1,0.3,0.3,0.3]}},{"__type__":"cc.Node","_name":"box","_parent":{"__id__":104},"_components":[{"__type__":"cc.Sprite","node":{"__id__":106},"_materials":[{"__uuid__":"ecpdLyjvZBwrvm+cedCcQy"}],"_spriteFrame":{"__uuid__":"823gTGBOpFeLMMhNRG59zv"}},{"__type__":"cc.RigidBody","node":{"__id__":106},"_type":0},{"__type__":"cc.PhysicsBoxCollider","node":{"__id__":106},"_size":{"__type__":"cc.Size","width":355,"height":338}}],"_prefab":{"__type__":"cc.PrefabInfo","root":{"__id__":1},"asset":{"__uuid__":"ddwUstaAtNQ7jiAbyuAp3D"},"fileId":"e4ZISkEr5F57tGWDgtsBFe"},"_contentSize":{"__type__":"cc.Size","width":355,"height":338},"_trs":{"__type__":"TypedArray","ctor":"Float64Array","array":[6674.318,150.312,0,0,0,0,1,0.3,0.3,0.3]},"_groupIndex":1,"groupIndex":1}],{"__type__":"cc.SpriteFrame","content":{"name":"flag_0","texture":"1e1fca5a7","rect":[290,745,273,192],"offset":[0,0],"originalSize":[273,192],"rotated":1,"capInsets":[0,0,0,0]}},{"__type__":"cc.SpriteFrame","content":{"name":"Square_enemy","texture":"15af9cbc2","rect":[271,795,126,128],"offset":[0,0],"originalSize":[128,128],"capInsets":[0,0,0,0]}}]