[{"__type__":"cc.SpriteFrame","content":{"name":"Sparks","texture":"e8j7yYMh9MC5E7MjAvG8nR","rect":[0,0,128,128],"offset":[0,0],"originalSize":[128,128],"capInsets":[0,0,0,0]}},{"__type__":"cc.SpriteFrame","content":{"name":"Turret_Bullet","texture":"175b632e3","rect":[939,863,32,20],"offset":[0,0],"originalSize":[32,32],"capInsets":[0,0,0,0]}},{"__type__":"cc.ParticleAsset","_name":"gunshoot","_native":".plist","spriteFrame":{"__uuid__":"82AajS0LNIx6y8nV/bfD1v"}},{"__type__":"cc.SpriteFrame","content":{"name":"star10","texture":"35yfj6b5JBYrI3EpLt+YDb","rect":[0,0,28,26],"offset":[0,0],"originalSize":[28,26],"capInsets":[0,0,0,0]}},[{"__type__":"cc.Prefab","_name":"shoot","data":{"__id__":1}},{"__type__":"cc.Node","_name":"shoot","_components":[{"__type__":"cc.ParticleSystem","_name":"shoot<ParticleSystem>","node":{"__id__":1},"_materials":[{"__uuid__":"ecpdLyjvZBwrvm+cedCcQy"}],"_custom":true,"_file":{"__uuid__":"67LMd4jYBLIZspWRVQuKpj"},"_spriteFrame":{"__uuid__":"50QYouVUJMeYRqsYXENQLI"},"_stopped":false,"autoRemoveOnFinish":true,"totalParticles":500,"duration":0.3,"emissionRate":500,"life":0.2,"lifeVar":0.5,"_startColor":{"__type__":"cc.Color","r":255},"_startColorVar":{"__type__":"cc.Color","a":0},"_endColor":{"__type__":"cc.Color","r":255},"_endColorVar":{"__type__":"cc.Color","a":0},"angle":0,"angleVar":45,"startSize":10,"endSize":15,"_positionType":1,"positionType":1,"speed":280,"tangentialAccel":0}],"_prefab":{"__type__":"cc.PrefabInfo","root":{"__id__":1},"asset":{"__uuid__":"acGsQMJDRJTrOPuIsTnZHr"},"fileId":"f01Ey/OJxMWa5+mgnLJNJv"},"_trs":{"__type__":"TypedArray","ctor":"Float64Array","array":[0,0,0,0,0,0,1,1,1,1]}}],[{"__type__":"cc.Prefab","_name":"Turret_Bullet","data":{"__id__":1}},{"__type__":"cc.Node","_name":"Turret_Bullet","_components":[{"__type__":"cc.Sprite","_name":"Turret_Bullet<Sprite>","node":{"__id__":1},"_materials":[{"__uuid__":"ecpdLyjvZBwrvm+cedCcQy"}],"_spriteFrame":{"__uuid__":"5f3JdPzAJOn411ernX4fvn"}},{"__type__":"cc.RigidBody","node":{"__id__":1},"_type":1,"_gravityScale":0,"enabledContactListener":true},{"__type__":"cc.PhysicsBoxCollider","node":{"__id__":1},"_size":{"__type__":"cc.Size","width":32,"height":20}},{"__type__":"24df7l/8ltLfKITc/pzdmAE","node":{"__id__":1},"shoot_effect":{"__uuid__":"acGsQMJDRJTrOPuIsTnZHr"}}],"_prefab":{"__type__":"cc.PrefabInfo","root":{"__id__":1},"asset":{"__uuid__":"c3qPdesaJP2ZDIMhO71/ON"},"fileId":"10QQRlKeRGm74o03nqiNOa"},"_contentSize":{"__type__":"cc.Size","width":32,"height":20},"_trs":{"__type__":"TypedArray","ctor":"Float64Array","array":[0,0,0,0,0,0,1,1,1,1]},"_groupIndex":1,"groupIndex":1}]]