[1,["25c8rgXKdBYIsteFyHEITI@6c48a"],0,[["sp.SkeletonData",["_name","_atlasText","textureNames","_skeletonJson","textures"],-1,3]],[[0,0,1,2,3,4,5]],[[0,"Sound_1_Pink","\r\nSound_1_Pink.png\r\nsize: 1378, 295\r\nformat: RGBA8888\r\nfilter: Linear, Linear\r\nrepeat: none\r\n1\r\n  rotate: false\r\n  xy: 2, 2\r\n  size: 170, 291\r\n  orig: 170, 291\r\n  offset: 0, 0\r\n  index: -1\r\n2\r\n  rotate: false\r\n  xy: 174, 2\r\n  size: 170, 291\r\n  orig: 170, 291\r\n  offset: 0, 0\r\n  index: -1\r\n3\r\n  rotate: false\r\n  xy: 346, 2\r\n  size: 170, 291\r\n  orig: 170, 291\r\n  offset: 0, 0\r\n  index: -1\r\n4\r\n  rotate: false\r\n  xy: 518, 2\r\n  size: 170, 291\r\n  orig: 170, 291\r\n  offset: 0, 0\r\n  index: -1\r\n5\r\n  rotate: false\r\n  xy: 690, 2\r\n  size: 170, 291\r\n  orig: 170, 291\r\n  offset: 0, 0\r\n  index: -1\r\n6\r\n  rotate: false\r\n  xy: 1034, 5\r\n  size: 170, 288\r\n  orig: 170, 288\r\n  offset: 0, 0\r\n  index: -1\r\n7\r\n  rotate: false\r\n  xy: 1206, 8\r\n  size: 170, 285\r\n  orig: 170, 285\r\n  offset: 0, 0\r\n  index: -1\r\n8\r\n  rotate: false\r\n  xy: 862, 2\r\n  size: 170, 291\r\n  orig: 170, 291\r\n  offset: 0, 0\r\n  index: -1\r\n",["Sound_1_Pink.png"],{"skeleton":{"hash":"/wRl0d1JNj0","spine":"3.8-from-4.0-from-4.1-from-4.2.38","images":"C:\\Users\\006\\Desktop\\222","audio":"./audio"},"bones":[{"name":"root"},{"name":"bone","parent":"root","x":-0.1,"y":-9.42}],"slots":[{"name":"1","bone":"root","attachment":"1"},{"name":"2","bone":"root"},{"name":"3","bone":"root"},{"name":"4","bone":"root"},{"name":"5","bone":"root"},{"name":"6","bone":"root"},{"name":"7","bone":"root"},{"name":"8","bone":"root"}],"skins":[{"name":"default","attachments":{"1":{"1":{"x":1.6,"y":144.79,"width":170,"height":291}},"2":{"2":{"x":1.14,"y":145.02,"width":170,"height":291}},"3":{"3":{"x":-0.23,"y":145.25,"width":170,"height":291}},"4":{"4":{"x":1.14,"y":145.02,"width":170,"height":291}},"5":{"5":{"x":1.37,"y":148.13,"width":170,"height":291}},"6":{"6":{"y":143.19,"width":170,"height":288}},"7":{"7":{"x":-1.37,"y":141.36,"width":170,"height":285}},"8":{"8":{"x":1.14,"y":145.57,"width":170,"height":291}}}}],"animations":{"Sound_1":{"slots":{"1":{"attachment":[{"time":0.0333,"name":null},{"time":2,"name":"1"},{"time":2.5,"name":null},{"time":4.4667,"name":"1"},{"time":4.8,"name":"1"}]},"5":{"attachment":[{"time":0.0333,"name":"5"},{"time":0.0667,"name":null},{"time":2.5,"name":"5"},{"time":2.5333,"name":null}]},"8":{"attachment":[{"time":0.0667,"name":"8"},{"time":2,"name":null},{"time":2.5333,"name":"8"},{"time":4.4667,"name":null}]}}},"Sound_2":{"slots":{"1":{"attachment":[{"time":0.0333,"name":null},{"time":2,"name":"1"},{"time":2.7,"name":null},{"time":4.8,"name":"1"}]},"3":{"attachment":[{"time":3.5333,"name":"3"},{"time":3.6,"name":null}]},"4":{"attachment":[{"time":2.7,"name":"4"},{"time":2.7667,"name":null}]},"5":{"attachment":[{"time":0.0333,"name":"5"},{"time":0.0667,"name":null}]},"6":{"attachment":[{"time":2.7667,"name":"6"},{"time":3.5333,"name":null}]},"7":{"attachment":[{"time":3.6,"name":"7"},{"time":4.8,"name":null}]},"8":{"attachment":[{"time":0.0667,"name":"8"},{"time":2,"name":null}]}}}}},[0]]],0,0,[0],[-1],[0]]
