[{"__type__":"cc.SpriteFrame","content":{"name":"LoadingCompleteAnimation_4","texture":"18ixADdPdHaa7yhsK1WoQ/","rect":[0,512,256,256],"offset":[0,0],"originalSize":[256,256],"capInsets":[0,0,0,0]}},{"__type__":"cc.SpriteFrame","content":{"name":"LoadingCompleteAnimation_7","texture":"18ixADdPdHaa7yhsK1WoQ/","rect":[256,768,256,256],"offset":[0,0],"originalSize":[256,256],"capInsets":[0,0,0,0]}},{"__type__":"cc.SpriteFrame","content":{"name":"LoadingCompleteAnimation_2","texture":"18ixADdPdHaa7yhsK1WoQ/","rect":[0,256,256,256],"offset":[0,0],"originalSize":[256,256],"capInsets":[0,0,0,0]}},{"__type__":"cc.SpriteFrame","content":{"name":"LoadingCompleteAnimation_1","texture":"18ixADdPdHaa7yhsK1WoQ/","rect":[256,0,256,256],"offset":[0,0],"originalSize":[256,256],"capInsets":[0,0,0,0]}},{"__type__":"cc.SpriteFrame","content":{"name":"LoadingCompleteAnimation_9","texture":"18ixADdPdHaa7yhsK1WoQ/","rect":[256,1024,256,256],"offset":[0,0],"originalSize":[256,256],"capInsets":[0,0,0,0]}},{"__type__":"cc.SpriteFrame","content":{"name":"LoadingCompleteAnimation_3","texture":"18ixADdPdHaa7yhsK1WoQ/","rect":[256,256,256,256],"offset":[0,0],"originalSize":[256,256],"capInsets":[0,0,0,0]}},{"__type__":"cc.SpriteFrame","content":{"name":"LoadingCompleteAnimation_0","texture":"18ixADdPdHaa7yhsK1WoQ/","rect":[0,0,256,256],"offset":[0,0],"originalSize":[256,256],"capInsets":[0,0,0,0]}},{"__type__":"cc.SpriteFrame","content":{"name":"LoadingCompleteAnimation_6","texture":"18ixADdPdHaa7yhsK1WoQ/","rect":[0,768,256,256],"offset":[0,0],"originalSize":[256,256],"capInsets":[0,0,0,0]}},{"__type__":"cc.AnimationClip","_name":"loading_complete","_duration":0.7333333333333333,"sample":15,"wrapMode":2,"curveData":{"comps":{"cc.Sprite":{"spriteFrame":[{"frame":0,"value":{"__uuid__":"a2OEwkDd5LBKsIUASbvu8D"}},{"frame":0.06666666666666667,"value":{"__uuid__":"4esioT+AxDq6HOo76+UZ61"}},{"frame":0.13333333333333333,"value":{"__uuid__":"35I4f6tHtC+LB/urp/mqru"}},{"frame":0.2,"value":{"__uuid__":"162/g2sSND7alMqQgK62Jo"}},{"frame":0.26666666666666666,"value":{"__uuid__":"46vwNlmzZHypR5OMH3t5EG"}},{"frame":0.3333333333333333,"value":{"__uuid__":"02X/NpuF9AapKyDT/8Rj8f"}},{"frame":0.4,"value":{"__uuid__":"e6L287JTZOgIQcYR6ySD4d"}},{"frame":0.4666666666666667,"value":{"__uuid__":"0casM2n3pPHa4jIZevXdkb"}},{"frame":0.5333333333333333,"value":{"__uuid__":"fbbkkLUNBJ2KFCzt7Jb2RI"}},{"frame":0.6,"value":{"__uuid__":"36W3L1vGlHWqCICSOQwC7w"}},{"frame":0.6666666666666666,"value":{"__uuid__":"f8UTB3v1ZArpadX0mJlsAq"}}]}}}},{"__type__":"cc.SpriteFrame","content":{"name":"LoadingCompleteAnimation_5","texture":"18ixADdPdHaa7yhsK1WoQ/","rect":[256,512,256,256],"offset":[0,0],"originalSize":[256,256],"capInsets":[0,0,0,0]}},{"__type__":"cc.SpriteFrame","content":{"name":"LoadingCompleteAnimation_10","texture":"18ixADdPdHaa7yhsK1WoQ/","rect":[0,1280,256,256],"offset":[0,0],"originalSize":[256,256],"capInsets":[0,0,0,0]}},{"__type__":"cc.SpriteFrame","content":{"name":"LoadingCompleteAnimation_8","texture":"18ixADdPdHaa7yhsK1WoQ/","rect":[0,1024,256,256],"offset":[0,0],"originalSize":[256,256],"capInsets":[0,0,0,0]}}]