[{"__type__":"cc.SpriteFrame","content":{"name":"Smoke_Puff","texture":"2cXjDCibJGqazbsCNeIFNJ","rect":[45,36,175,186],"offset":[4.5,-1],"originalSize":[256,256],"capInsets":[0,0,0,0]}},{"__type__":"cc.SpriteFrame","content":{"name":"Sparks","texture":"e8j7yYMh9MC5E7MjAvG8nR","rect":[0,0,128,128],"offset":[0,0],"originalSize":[128,128],"capInsets":[0,0,0,0]}},[{"__type__":"cc.Prefab","_name":"dead_effect","data":{"__id__":1}},{"__type__":"cc.Node","_name":"dead_effect","_children":[{"__id__":2},{"__id__":3},{"__id__":4}],"_prefab":{"__type__":"cc.PrefabInfo","root":{"__id__":1},"asset":{"__uuid__":"b83SG/oxpMbZ/bRF36oVqI"},"fileId":"43QQ3lcWdJ+ZjeXghjJQ8n"},"_trs":{"__type__":"TypedArray","ctor":"Float64Array","array":[0,0,0,0,0,0,1,1,1,1]}},{"__type__":"cc.Node","_name":"dead_smoke","_parent":{"__id__":1},"_components":[{"__type__":"cc.ParticleSystem","node":{"__id__":2},"_materials":[{"__uuid__":"ecpdLyjvZBwrvm+cedCcQy"}],"_dstBlendFactor":1,"_custom":true,"_file":{"__uuid__":"21S8w0TPFGyqMoSc+LDnzy"},"_spriteFrame":{"__uuid__":"2dJOkbohVJ+KEIgmiD8mC0"},"_stopped":false,"totalParticles":30,"duration":1,"emissionRate":999.999985098839,"life":0.5,"lifeVar":1,"_startColor":{"__type__":"cc.Color","r":155,"g":155,"b":155},"_startColorVar":{"__type__":"cc.Color"},"_endColor":{"__type__":"cc.Color","r":155,"g":155,"b":155,"a":214},"_endColorVar":{"__type__":"cc.Color"},"angle":360,"angleVar":360,"startSize":20,"startSizeVar":10,"endSize":80,"endSizeVar":10,"posVar":{"__type__":"cc.Vec2","x":30,"y":50},"_positionType":1,"positionType":1,"gravity":{"__type__":"cc.Vec2","y":10},"speed":50,"speedVar":10,"tangentialAccel":0}],"_prefab":{"__type__":"cc.PrefabInfo","root":{"__id__":1},"asset":{"__uuid__":"b83SG/oxpMbZ/bRF36oVqI"},"fileId":"933yT+w/RIfL5KAZKldsdJ"},"_trs":{"__type__":"TypedArray","ctor":"Float64Array","array":[0,0,0,0,0,0,1,1,1,1]}},{"__type__":"cc.Node","_name":"dead_sparks","_parent":{"__id__":1},"_components":[{"__type__":"cc.ParticleSystem","node":{"__id__":3},"_materials":[{"__uuid__":"ecpdLyjvZBwrvm+cedCcQy"}],"_custom":true,"_file":{"__uuid__":"94+eCgO8BIzZ6nvOzaPeyd"},"_spriteFrame":{"__uuid__":"50QYouVUJMeYRqsYXENQLI"},"totalParticles":30,"duration":0.4,"emissionRate":299.9,"lifeVar":1.5,"_startColor":{"__type__":"cc.Color","r":255},"_startColorVar":{"__type__":"cc.Color","a":0},"_endColor":{"__type__":"cc.Color","r":255,"a":0},"_endColorVar":{"__type__":"cc.Color","a":0},"angle":360,"angleVar":360,"startSize":5,"endSize":30,"_positionType":1,"positionType":1,"gravity":{"__type__":"cc.Vec2","y":-50},"speed":100,"speedVar":20,"tangentialAccel":0}],"_prefab":{"__type__":"cc.PrefabInfo","root":{"__id__":1},"asset":{"__uuid__":"b83SG/oxpMbZ/bRF36oVqI"},"fileId":"75xMbnjExANKmN5bH9pJxl"},"_trs":{"__type__":"TypedArray","ctor":"Float64Array","array":[0,30,0,0,0,0,1,1,1,1]}},{"__type__":"cc.Node","_name":"dead_sparks2","_parent":{"__id__":1},"_components":[{"__type__":"cc.ParticleSystem","node":{"__id__":4},"_materials":[{"__uuid__":"ecpdLyjvZBwrvm+cedCcQy"}],"_custom":true,"_file":{"__uuid__":"94+eCgO8BIzZ6nvOzaPeyd"},"_spriteFrame":{"__uuid__":"50QYouVUJMeYRqsYXENQLI"},"totalParticles":30,"duration":0.4,"emissionRate":299.9,"lifeVar":1.5,"_startColor":{"__type__":"cc.Color","r":255},"_startColorVar":{"__type__":"cc.Color","a":0},"_endColor":{"__type__":"cc.Color","r":255,"a":0},"_endColorVar":{"__type__":"cc.Color","a":0},"angle":360,"angleVar":360,"startSize":5,"endSize":30,"_positionType":1,"positionType":1,"gravity":{"__type__":"cc.Vec2","y":-50},"speed":100,"speedVar":20,"tangentialAccel":0}],"_prefab":{"__type__":"cc.PrefabInfo","root":{"__id__":1},"asset":{"__uuid__":"b83SG/oxpMbZ/bRF36oVqI"},"fileId":"e4H+py2mBBWaCl24YCUiWx"},"_trs":{"__type__":"TypedArray","ctor":"Float64Array","array":[0,0,0,0,0,0,1,1,1,1]}}],[{"__type__":"cc.Prefab","_name":"block","data":{"__id__":1}},{"__type__":"cc.Node","_name":"block","_components":[{"__type__":"cc.RigidBody","node":{"__id__":1},"_type":0},{"__type__":"cc.PhysicsBoxCollider","node":{"__id__":1},"_density":1000,"_friction":0,"_offset":{"__type__":"cc.Vec2","x":50,"y":300},"_size":{"__type__":"cc.Size","width":100,"height":600}}],"_prefab":{"__type__":"cc.PrefabInfo","root":{"__id__":1},"asset":{"__id__":0},"fileId":"a7zU2PRgBHaJROacdVRWvt"},"_contentSize":{"__type__":"cc.Size","width":100,"height":600},"_anchorPoint":{"__type__":"cc.Vec2"},"_trs":{"__type__":"TypedArray","ctor":"Float64Array","array":[-51.285,256.078,0,0,0,0,1,1,1,1]},"_groupIndex":1,"groupIndex":1}]]