[{"__type__":"cc.SpriteAtlas","_name":"2_skin_plist.plist","_spriteFrames":{"表情":{"__uuid__":"34MaSsugRJ9ak4bRbzd8Sk"},"表情1":{"__uuid__":"2farNezdRCrbL073D0ul+K"},"表情2":{"__uuid__":"375lOVTDNEwo4Iu7sMBRLW"},"表情3":{"__uuid__":"81hSQnMX9ChJJ5BYDZdKK1"},"表情4":{"__uuid__":"bdA3CldeJG6qwJ8ZeB+CFM"},"表情5":{"__uuid__":"d9dWQh/vBEjLYON9222Vur"}}},{"__type__":"cc.SpriteFrame","content":{"name":"表情1","texture":"38lYye8VFOZYhH5H9zcJG+","rect":[2,832,413,422],"offset":[0,0],"originalSize":[413,422],"rotated":1,"capInsets":[0,0,0,0]}},{"__type__":"cc.SpriteFrame","content":{"name":"表情","texture":"38lYye8VFOZYhH5H9zcJG+","rect":[426,832,413,422],"offset":[0,0],"originalSize":[413,422],"rotated":1,"capInsets":[0,0,0,0]}},{"__type__":"cc.SpriteFrame","content":{"name":"表情2","texture":"38lYye8VFOZYhH5H9zcJG+","rect":[426,417,413,422],"offset":[0,0],"originalSize":[413,422],"rotated":1,"capInsets":[0,0,0,0]}},{"__type__":"cc.SpriteFrame","content":{"name":"表情3","texture":"38lYye8VFOZYhH5H9zcJG+","rect":[2,417,413,422],"offset":[0,0],"originalSize":[413,422],"rotated":1,"capInsets":[0,0,0,0]}},{"__type__":"cc.SpriteFrame","content":{"name":"表情4","texture":"38lYye8VFOZYhH5H9zcJG+","rect":[426,2,413,422],"offset":[0,0],"originalSize":[413,422],"rotated":1,"capInsets":[0,0,0,0]}},{"__type__":"cc.SpriteFrame","content":{"name":"表情5","texture":"38lYye8VFOZYhH5H9zcJG+","rect":[2,2,413,422],"offset":[0,0],"originalSize":[413,422],"rotated":1,"capInsets":[0,0,0,0]}}]