[[{"__type__":"cc.Prefab","_name":"pickeffect","data":{"__id__":1}},{"__type__":"cc.Node","_name":"pickeffect","_components":[{"__type__":"cc.ParticleSystem","node":{"__id__":1},"_materials":[{"__uuid__":"ecpdLyjvZBwrvm+cedCcQy"}],"_custom":true,"_file":{"__uuid__":"94+eCgO8BIzZ6nvOzaPeyd"},"_spriteFrame":{"__uuid__":"82AajS0LNIx6y8nV/bfD1v"},"autoRemoveOnFinish":true,"totalParticles":200,"duration":0.2,"emissionRate":100,"lifeVar":1.5,"_startColor":{"__type__":"cc.Color","r":255,"g":211},"_startColorVar":{"__type__":"cc.Color","a":0},"_endColor":{"__type__":"cc.Color","r":255,"g":168,"a":0},"_endColorVar":{"__type__":"cc.Color","a":0},"angle":360,"angleVar":360,"startSize":5,"endSize":51.4,"_positionType":1,"positionType":1,"gravity":{"__type__":"cc.Vec2","y":-100},"tangentialAccel":0}],"_prefab":{"__type__":"cc.PrefabInfo","root":{"__id__":1},"asset":{"__id__":0},"fileId":"2eJJytZWFKGJpr4pn+98WR"},"_trs":{"__type__":"TypedArray","ctor":"Float64Array","array":[0,0,0,0,0,0,1,1,1,1]}}],{"__type__":"cc.SpriteFrame","content":{"name":"star10","texture":"35yfj6b5JBYrI3EpLt+YDb","rect":[0,0,28,26],"offset":[0,0],"originalSize":[28,26],"capInsets":[0,0,0,0]}}]