[{"__type__":"cc.SpriteFrame","content":{"name":"bubble1","texture":"3eBb+m/oRMSIzKlfB/sdmW","rect":[1,1,30,30],"offset":[0,0],"originalSize":[32,32],"capInsets":[0,0,0,0]}},{"__type__":"cc.SpriteFrame","content":{"name":"861","texture":"1e1fca5a7","rect":[3,393,83,614],"offset":[0,0],"originalSize":[83,614],"capInsets":[0,0,0,0]}},{"__type__":"cc.SpriteFrame","content":{"name":"water1401","texture":"45vQ2LoilCT7wEp2u2yWOh","rect":[0,0,1060,384],"offset":[0,0],"originalSize":[1060,384],"capInsets":[0,0,0,0]}},[{"__type__":"cc.Prefab","_name":"Level-4","data":{"__id__":1}},{"__type__":"cc.Node","_name":"Level-4","_children":[{"__id__":2},{"__id__":17},{"__id__":61},{"__id__":63},{"__id__":96},{"__id__":97}],"_prefab":{"__type__":"cc.PrefabInfo","root":{"__id__":1},"asset":{"__uuid__":"2ewB90H9JH1JSJSddOIvdl"},"fileId":"92YVT4lVZHDJoizQQZ+u0c"},"_anchorPoint":{"__type__":"cc.Vec2"},"_trs":{"__type__":"TypedArray","ctor":"Float64Array","array":[0,0,0,0,0,0,1,1,1,1]}},{"__type__":"cc.Node","_name":"indication","_parent":{"__id__":1},"_children":[{"__id__":3},{"__id__":5},{"__id__":6},{"__id__":7},{"__id__":9},{"__id__":11},{"__id__":13},{"__id__":15}],"_prefab":{"__type__":"cc.PrefabInfo","root":{"__id__":1},"asset":{"__uuid__":"2ewB90H9JH1JSJSddOIvdl"},"fileId":"92L3eud8VOqYiN240RbH7H"},"_anchorPoint":{"__type__":"cc.Vec2"},"_trs":{"__type__":"TypedArray","ctor":"Float64Array","array":[0,0,0,0,0,0,1,1,1,1]},"_groupIndex":1,"groupIndex":1},{"__type__":"cc.Node","_name":"start_ind","_parent":{"__id__":2},"_children":[{"__id__":4}],"_components":[{"__type__":"cc.Sprite","_name":"start_ind<Sprite>","node":{"__id__":3},"_materials":[{"__uuid__":"ecpdLyjvZBwrvm+cedCcQy"}],"_spriteFrame":{"__uuid__":"92RMQdt0ZAnrDBwLzz8BNO"},"_sizeMode":0},{"__type__":"c5ddfZAPb5I4rCMDbSaJibP","node":{"__id__":3}}],"_prefab":{"__type__":"cc.PrefabInfo","root":{"__id__":1},"asset":{"__uuid__":"2ewB90H9JH1JSJSddOIvdl"},"fileId":"e6HyhUeKhAg5n6MqX1FmuQ"},"_contentSize":{"__type__":"cc.Size","width":168,"height":143},"_trs":{"__type__":"TypedArray","ctor":"Float64Array","array":[480,303.483,0,0,0,0,1,1,1,1]},"_groupIndex":1,"groupIndex":1},{"__type__":"cc.Node","_name":"levelname","_parent":{"__id__":3},"_components":[{"__type__":"cc.Label","_name":"levelname<Label>","node":{"__id__":4},"_materials":[{"__uuid__":"ecpdLyjvZBwrvm+cedCcQy"}],"_useOriginalSize":false,"_string":"关卡-1","_N$string":"关卡-1","_fontSize":30,"_N$file":{"__uuid__":"b5NGPI3wRL+6w0kWBDf59a"},"_isSystemFontUsed":false,"_N$horizontalAlign":1,"_N$verticalAlign":1},{"__type__":"cc.Widget","node":{"__id__":4},"_alignFlags":16,"_left":45.66,"_right":45.66,"_originalWidth":76.68}],"_prefab":{"__type__":"cc.PrefabInfo","root":{"__id__":1},"asset":{"__uuid__":"2ewB90H9JH1JSJSddOIvdl"},"fileId":"480vPcgS1CR5nhFTH6m3jT"},"_color":{"__type__":"cc.Color","r":155,"g":35,"b":35},"_contentSize":{"__type__":"cc.Size","width":66.56,"height":40},"_trs":{"__type__":"TypedArray","ctor":"Float64Array","array":[0,25,0,0,0,0,1,1,1,1]},"_groupIndex":1,"groupIndex":1},{"__type__":"cc.Node","_name":"block","_parent":{"__id__":2},"_components":[{"__type__":"cc.RigidBody","node":{"__id__":5},"_type":0},{"__type__":"cc.PhysicsBoxCollider","node":{"__id__":5},"_density":1000,"_friction":0,"_offset":{"__type__":"cc.Vec2","x":50,"y":300},"_size":{"__type__":"cc.Size","width":100,"height":600}}],"_prefab":{"__type__":"cc.PrefabInfo","root":{"__id__":1},"asset":{"__uuid__":"2ewB90H9JH1JSJSddOIvdl"},"fileId":"a7zU2PRgBHaJROacdVRWvt"},"_contentSize":{"__type__":"cc.Size","width":100,"height":600},"_anchorPoint":{"__type__":"cc.Vec2"},"_trs":{"__type__":"TypedArray","ctor":"Float64Array","array":[-51.285,256.078,0,0,0,0,1,1,1,1]},"_groupIndex":1,"groupIndex":1},{"__type__":"cc.Node","_name":"block","_parent":{"__id__":2},"_components":[{"__type__":"cc.RigidBody","node":{"__id__":6},"_linearDamping":2},{"__type__":"cc.PhysicsBoxCollider","node":{"__id__":6},"_density":1000,"_friction":1000,"_offset":{"__type__":"cc.Vec2","x":50,"y":300},"_size":{"__type__":"cc.Size","width":100,"height":600}}],"_prefab":{"__type__":"cc.PrefabInfo","root":{"__id__":1},"asset":{"__uuid__":"2ewB90H9JH1JSJSddOIvdl"},"fileId":"b5vTwov7ZDC5Wxy0wCqEi4"},"_contentSize":{"__type__":"cc.Size","width":100,"height":600},"_anchorPoint":{"__type__":"cc.Vec2"},"_trs":{"__type__":"TypedArray","ctor":"Float64Array","array":[8689.013,251.171,0,0,0,0,1,1,1,1]},"_groupIndex":1,"groupIndex":1},{"__type__":"cc.Node","_name":"end_ind","_parent":{"__id__":2},"_children":[{"__id__":8}],"_components":[{"__type__":"cc.Sprite","_name":"end_ind<Sprite>","node":{"__id__":7},"_materials":[{"__uuid__":"ecpdLyjvZBwrvm+cedCcQy"}],"_spriteFrame":{"__uuid__":"c5Gv3cetxK1qqCYcHOIFZo"},"_sizeMode":0},{"__type__":"cc.RigidBody","node":{"__id__":7},"_type":0},{"__type__":"cc.PhysicsBoxCollider","node":{"__id__":7},"_sensor":true,"_offset":{"__type__":"cc.Vec2","y":420.5},"_size":{"__type__":"cc.Size","width":20,"height":1042}},{"__type__":"41579J+mQ9OGKIgDuSf0wr1","node":{"__id__":7}}],"_prefab":{"__type__":"cc.PrefabInfo","root":{"__id__":1},"asset":{"__uuid__":"2ewB90H9JH1JSJSddOIvdl"},"fileId":"17akKs79VFzp177J0nF8u+"},"_contentSize":{"__type__":"cc.Size","width":168,"height":143},"_trs":{"__type__":"TypedArray","ctor":"Float64Array","array":[8537.374,557.563,0,0,0,0,1,1,1,1]},"_groupIndex":1,"groupIndex":1},{"__type__":"cc.Node","_name":"over","_parent":{"__id__":7},"_components":[{"__type__":"cc.Label","_name":"over<Label>","node":{"__id__":8},"_materials":[{"__uuid__":"ecpdLyjvZBwrvm+cedCcQy"}],"_useOriginalSize":false,"_string":"关卡-2","_N$string":"关卡-2","_fontSize":30,"_N$file":{"__uuid__":"b5NGPI3wRL+6w0kWBDf59a"},"_isSystemFontUsed":false,"_N$horizontalAlign":1,"_N$verticalAlign":1}],"_prefab":{"__type__":"cc.PrefabInfo","root":{"__id__":1},"asset":{"__uuid__":"2ewB90H9JH1JSJSddOIvdl"},"fileId":"45+AJGuRFIOKuUrznyv2uC"},"_color":{"__type__":"cc.Color","r":90,"g":35,"b":35},"_contentSize":{"__type__":"cc.Size","width":70.31,"height":40},"_trs":{"__type__":"TypedArray","ctor":"Float64Array","array":[0,20,0,0,0,0,1,1,1,1]},"_groupIndex":1,"groupIndex":1},{"__type__":"cc.Node","_name":"flag_ind","_parent":{"__id__":2},"_children":[{"__id__":10}],"_components":[{"__type__":"cc.Sprite","_name":"flag_ind<Sprite>","node":{"__id__":9},"_materials":[{"__uuid__":"ecpdLyjvZBwrvm+cedCcQy"}],"_spriteFrame":{"__uuid__":"07zKmIceRAwZknsZDy1S/V"}},{"__type__":"cc.RigidBody","node":{"__id__":9},"_type":0,"enabledContactListener":true},{"__type__":"cc.PhysicsBoxCollider","node":{"__id__":9},"_sensor":true,"_size":{"__type__":"cc.Size","width":83,"height":614}},{"__type__":"6ad49RTzopHHLKa1XzEQETT","node":{"__id__":9}}],"_prefab":{"__type__":"cc.PrefabInfo","root":{"__id__":1},"asset":{"__uuid__":"2ewB90H9JH1JSJSddOIvdl"},"fileId":"edZnMekRRPO4FGFzSqE0UX"},"_contentSize":{"__type__":"cc.Size","width":83,"height":614},"_trs":{"__type__":"TypedArray","ctor":"Float64Array","array":[7014.086,406.084,0,0,0,0,1,0.4,0.4,0.4]},"_groupIndex":4,"groupIndex":4},{"__type__":"cc.Node","_name":"flag","_parent":{"__id__":9},"_components":[{"__type__":"cc.Sprite","_name":"flag<Sprite>","node":{"__id__":10},"_materials":[{"__uuid__":"ecpdLyjvZBwrvm+cedCcQy"}],"_spriteFrame":{"__uuid__":"e33fRYcr9GP4j1b4ibM5Y8"}},{"__type__":"cc.Animation","node":{"__id__":10},"_defaultClip":{"__uuid__":"cbH2x9KCBJyaeYtYAInG18"},"_clips":[{"__uuid__":"cbH2x9KCBJyaeYtYAInG18"}],"playOnLoad":true}],"_prefab":{"__type__":"cc.PrefabInfo","root":{"__id__":1},"asset":{"__uuid__":"2ewB90H9JH1JSJSddOIvdl"},"fileId":"dagGTyIYZG7r3mkKfOipRu"},"_contentSize":{"__type__":"cc.Size","width":273,"height":192},"_trs":{"__type__":"TypedArray","ctor":"Float64Array","array":[-130,-120,0,0,0,0,1,1,1,1]},"_groupIndex":4,"groupIndex":4},{"__type__":"cc.Node","_name":"flag_ind","_parent":{"__id__":2},"_children":[{"__id__":12}],"_components":[{"__type__":"cc.Sprite","_name":"flag_ind<Sprite>","node":{"__id__":11},"_materials":[{"__uuid__":"ecpdLyjvZBwrvm+cedCcQy"}],"_spriteFrame":{"__uuid__":"07zKmIceRAwZknsZDy1S/V"}},{"__type__":"cc.RigidBody","node":{"__id__":11},"_type":0,"enabledContactListener":true},{"__type__":"cc.PhysicsBoxCollider","node":{"__id__":11},"_sensor":true,"_size":{"__type__":"cc.Size","width":83,"height":614}},{"__type__":"6ad49RTzopHHLKa1XzEQETT","node":{"__id__":11}}],"_prefab":{"__type__":"cc.PrefabInfo","root":{"__id__":1},"asset":{"__uuid__":"2ewB90H9JH1JSJSddOIvdl"},"fileId":"55LjE9l+lCDJZ9FWYmCBsQ"},"_contentSize":{"__type__":"cc.Size","width":83,"height":614},"_trs":{"__type__":"TypedArray","ctor":"Float64Array","array":[4710.008,505.502,0,0,0,0,1,0.4,0.4,0.4]},"_groupIndex":4,"groupIndex":4},{"__type__":"cc.Node","_name":"flag","_parent":{"__id__":11},"_components":[{"__type__":"cc.Sprite","_name":"flag<Sprite>","node":{"__id__":12},"_materials":[{"__uuid__":"ecpdLyjvZBwrvm+cedCcQy"}],"_spriteFrame":{"__uuid__":"e33fRYcr9GP4j1b4ibM5Y8"}},{"__type__":"cc.Animation","node":{"__id__":12},"_defaultClip":{"__uuid__":"cbH2x9KCBJyaeYtYAInG18"},"_clips":[{"__uuid__":"cbH2x9KCBJyaeYtYAInG18"}],"playOnLoad":true}],"_prefab":{"__type__":"cc.PrefabInfo","root":{"__id__":1},"asset":{"__uuid__":"2ewB90H9JH1JSJSddOIvdl"},"fileId":"2br/Ttx/xLSqWg+QAwS/T9"},"_contentSize":{"__type__":"cc.Size","width":273,"height":192},"_trs":{"__type__":"TypedArray","ctor":"Float64Array","array":[-130,-120,0,0,0,0,1,1,1,1]},"_groupIndex":4,"groupIndex":4},{"__type__":"cc.Node","_name":"square_enemy","_parent":{"__id__":2},"_children":[{"__id__":14}],"_components":[{"__type__":"cc.Sprite","node":{"__id__":13},"_materials":[{"__uuid__":"ecpdLyjvZBwrvm+cedCcQy"}],"_spriteFrame":{"__uuid__":"e5cN6YwURLurU2fFTl79fW"},"_sizeMode":0},{"__type__":"cc.RigidBody","node":{"__id__":13},"_linearDamping":0.2,"enabledContactListener":true},{"__type__":"cc.PhysicsBoxCollider","node":{"__id__":13},"_friction":0.5,"_size":{"__type__":"cc.Size","width":95,"height":95}},{"__type__":"d0933z+TVtA7YrxtIlT8W9u","node":{"__id__":13},"point1":300,"point2":100,"damageToGiveToPlayer":1,"angular_velocity":150},{"__type__":"acd38zgRtJBkoJjC48fiJKY","node":{"__id__":13},"bombeffect":{"__uuid__":"b0ysQ6zQtMiofcv9uOb2rp"}}],"_prefab":{"__type__":"cc.PrefabInfo","root":{"__id__":1},"asset":{"__uuid__":"2ewB90H9JH1JSJSddOIvdl"},"fileId":"daNnlJICtGVo/8YzIeVVBB"},"_contentSize":{"__type__":"cc.Size","width":95,"height":95},"_trs":{"__type__":"TypedArray","ctor":"Float64Array","array":[5540.331,368.873,0,0,0,0,1,1,1,1]},"_groupIndex":3,"groupIndex":3},{"__type__":"cc.Node","_name":"bombeffect","_parent":{"__id__":13},"_active":false,"_components":[{"__type__":"cc.ParticleSystem","node":{"__id__":14},"_materials":[{"__uuid__":"ecpdLyjvZBwrvm+cedCcQy"}],"_custom":true,"_file":{"__uuid__":"fbVQCbYZJN7ZapAHG/T0Q8"},"_spriteFrame":{"__uuid__":"bctwiSIL5AU7KSd7s29KcV"},"autoRemoveOnFinish":true,"duration":0.1,"emissionRate":600,"lifeVar":1.5,"_startColor":{"__type__":"cc.Color","r":255,"g":255,"b":219,"a":219},"_startColorVar":{"__type__":"cc.Color","a":40},"_endColor":{"__type__":"cc.Color","r":255,"g":255,"b":209,"a":0},"_endColorVar":{"__type__":"cc.Color","a":0},"angle":0,"angleVar":360,"startSize":150,"startSizeVar":50,"endSize":250,"endSizeVar":70,"startSpinVar":40,"endSpinVar":90,"posVar":{"__type__":"cc.Vec2","x":100,"y":200},"_positionType":1,"positionType":1,"gravity":{"__type__":"cc.Vec2","y":50},"speed":100,"tangentialAccel":0}],"_prefab":{"__type__":"cc.PrefabInfo","root":{"__id__":1},"asset":{"__uuid__":"2ewB90H9JH1JSJSddOIvdl"},"fileId":"feLQ7aS0VFNI98x9/GhmfA"},"_trs":{"__type__":"TypedArray","ctor":"Float64Array","array":[0,0,0,0,0,0,1,1,1,1]}},{"__type__":"cc.Node","_name":"square_enemy","_parent":{"__id__":2},"_children":[{"__id__":16}],"_components":[{"__type__":"cc.Sprite","node":{"__id__":15},"_materials":[{"__uuid__":"ecpdLyjvZBwrvm+cedCcQy"}],"_spriteFrame":{"__uuid__":"e5cN6YwURLurU2fFTl79fW"},"_sizeMode":0},{"__type__":"cc.RigidBody","node":{"__id__":15},"_linearDamping":0.2,"enabledContactListener":true},{"__type__":"cc.PhysicsBoxCollider","node":{"__id__":15},"_friction":0.5,"_size":{"__type__":"cc.Size","width":95,"height":95}},{"__type__":"d0933z+TVtA7YrxtIlT8W9u","node":{"__id__":15},"point1":300,"point2":100,"damageToGiveToPlayer":1,"angular_velocity":150},{"__type__":"acd38zgRtJBkoJjC48fiJKY","node":{"__id__":15},"bombeffect":{"__uuid__":"b0ysQ6zQtMiofcv9uOb2rp"}}],"_prefab":{"__type__":"cc.PrefabInfo","root":{"__id__":1},"asset":{"__uuid__":"2ewB90H9JH1JSJSddOIvdl"},"fileId":"cf5kSTbWpNeo0Ex1H3i9ga"},"_contentSize":{"__type__":"cc.Size","width":95,"height":95},"_trs":{"__type__":"TypedArray","ctor":"Float64Array","array":[7965.786,214.596,0,0,0,0,1,1,1,1]},"_groupIndex":3,"groupIndex":3},{"__type__":"cc.Node","_name":"bombeffect","_parent":{"__id__":15},"_active":false,"_components":[{"__type__":"cc.ParticleSystem","node":{"__id__":16},"_materials":[{"__uuid__":"ecpdLyjvZBwrvm+cedCcQy"}],"_custom":true,"_file":{"__uuid__":"fbVQCbYZJN7ZapAHG/T0Q8"},"_spriteFrame":{"__uuid__":"bctwiSIL5AU7KSd7s29KcV"},"autoRemoveOnFinish":true,"duration":0.1,"emissionRate":600,"lifeVar":1.5,"_startColor":{"__type__":"cc.Color","r":255,"g":255,"b":219,"a":219},"_startColorVar":{"__type__":"cc.Color","a":40},"_endColor":{"__type__":"cc.Color","r":255,"g":255,"b":209,"a":0},"_endColorVar":{"__type__":"cc.Color","a":0},"angle":0,"angleVar":360,"startSize":150,"startSizeVar":50,"endSize":250,"endSizeVar":70,"startSpinVar":40,"endSpinVar":90,"posVar":{"__type__":"cc.Vec2","x":100,"y":200},"_positionType":1,"positionType":1,"gravity":{"__type__":"cc.Vec2","y":50},"speed":100,"tangentialAccel":0}],"_prefab":{"__type__":"cc.PrefabInfo","root":{"__id__":1},"asset":{"__uuid__":"2ewB90H9JH1JSJSddOIvdl"},"fileId":"7fPmXGq91Fcb0uQA7GWZ+P"},"_trs":{"__type__":"TypedArray","ctor":"Float64Array","array":[0,0,0,0,0,0,1,1,1,1]}},{"__type__":"cc.Node","_name":"heros","_parent":{"__id__":1},"_children":[{"__id__":18},{"__id__":41},{"__id__":42},{"__id__":55}],"_prefab":{"__type__":"cc.PrefabInfo","root":{"__id__":1},"asset":{"__uuid__":"2ewB90H9JH1JSJSddOIvdl"},"fileId":"5d0N06W1FFz7lhRywj0cY6"},"_anchorPoint":{"__type__":"cc.Vec2"},"_trs":{"__type__":"TypedArray","ctor":"Float64Array","array":[0,0,0,0,0,0,1,1,1,1]},"_groupIndex":1,"groupIndex":1},{"__type__":"cc.Node","_name":"coins","_parent":{"__id__":17},"_children":[{"__id__":19},{"__id__":20},{"__id__":21},{"__id__":22},{"__id__":23},{"__id__":24},{"__id__":25},{"__id__":26},{"__id__":27},{"__id__":28},{"__id__":29},{"__id__":30},{"__id__":31},{"__id__":32},{"__id__":33},{"__id__":34},{"__id__":35},{"__id__":36},{"__id__":37},{"__id__":38},{"__id__":39},{"__id__":40}],"_prefab":{"__type__":"cc.PrefabInfo","root":{"__id__":1},"asset":{"__uuid__":"2ewB90H9JH1JSJSddOIvdl"},"fileId":"8ccQ69ltRA/ZPaWDex0T6u"},"_anchorPoint":{"__type__":"cc.Vec2"},"_trs":{"__type__":"TypedArray","ctor":"Float64Array","array":[0,10,0,0,0,0,1,1,1,1]},"_groupIndex":1,"groupIndex":1},{"__type__":"cc.Node","_name":"coin","_parent":{"__id__":18},"_components":[{"__type__":"cc.Sprite","_name":"coin<Sprite>","node":{"__id__":19},"_materials":[{"__uuid__":"ecpdLyjvZBwrvm+cedCcQy"}],"_spriteFrame":{"__uuid__":"5fBaYM24ZPr4CKfNVUvrdH"},"_sizeMode":0},{"__type__":"cc.RigidBody","node":{"__id__":19},"_type":0,"_allowSleep":false,"enabledContactListener":true},{"__type__":"cc.PhysicsCircleCollider","node":{"__id__":19},"_sensor":true,"_restitution":0.2,"_radius":23},{"__type__":"069edsCLOBL15FM+XA6qGxf","node":{"__id__":19},"pickeffect":{"__uuid__":"2e0DSCaaJHNKIgvBUfLo/u"}}],"_prefab":{"__type__":"cc.PrefabInfo","root":{"__id__":1},"asset":{"__uuid__":"2ewB90H9JH1JSJSddOIvdl"},"fileId":"7bv5bHEy5JEI8I1rMMIgkj"},"_contentSize":{"__type__":"cc.Size","width":46,"height":46},"_trs":{"__type__":"TypedArray","ctor":"Float64Array","array":[5218.091,339.332,0,0,0,0,1,1,1,1]},"_groupIndex":1,"groupIndex":1},{"__type__":"cc.Node","_name":"coin2","_parent":{"__id__":18},"_components":[{"__type__":"cc.Sprite","_name":"coin2<Sprite>","node":{"__id__":20},"_materials":[{"__uuid__":"ecpdLyjvZBwrvm+cedCcQy"}],"_spriteFrame":{"__uuid__":"5fBaYM24ZPr4CKfNVUvrdH"},"_sizeMode":0},{"__type__":"cc.RigidBody","node":{"__id__":20},"_type":0,"_allowSleep":false,"enabledContactListener":true},{"__type__":"cc.PhysicsCircleCollider","node":{"__id__":20},"_sensor":true,"_restitution":0.2,"_radius":23},{"__type__":"069edsCLOBL15FM+XA6qGxf","node":{"__id__":20},"pickeffect":{"__uuid__":"2e0DSCaaJHNKIgvBUfLo/u"}}],"_prefab":{"__type__":"cc.PrefabInfo","root":{"__id__":1},"asset":{"__uuid__":"2ewB90H9JH1JSJSddOIvdl"},"fileId":"d6LqyV7QNHOaMK5pHP+nWL"},"_contentSize":{"__type__":"cc.Size","width":46,"height":46},"_trs":{"__type__":"TypedArray","ctor":"Float64Array","array":[2125.369,357.562,0,0,0,0,1,1,1,1]},"_groupIndex":1,"groupIndex":1},{"__type__":"cc.Node","_name":"coin3","_parent":{"__id__":18},"_components":[{"__type__":"cc.Sprite","_name":"coin3<Sprite>","node":{"__id__":21},"_materials":[{"__uuid__":"ecpdLyjvZBwrvm+cedCcQy"}],"_spriteFrame":{"__uuid__":"5fBaYM24ZPr4CKfNVUvrdH"},"_sizeMode":0},{"__type__":"cc.RigidBody","node":{"__id__":21},"_type":0,"_allowSleep":false,"enabledContactListener":true},{"__type__":"cc.PhysicsCircleCollider","node":{"__id__":21},"_sensor":true,"_restitution":0.2,"_radius":23},{"__type__":"069edsCLOBL15FM+XA6qGxf","node":{"__id__":21},"pickeffect":{"__uuid__":"2e0DSCaaJHNKIgvBUfLo/u"}}],"_prefab":{"__type__":"cc.PrefabInfo","root":{"__id__":1},"asset":{"__uuid__":"2ewB90H9JH1JSJSddOIvdl"},"fileId":"9crsXsvoJKeLf6MvHgtw9S"},"_contentSize":{"__type__":"cc.Size","width":46,"height":46},"_trs":{"__type__":"TypedArray","ctor":"Float64Array","array":[2124.752,300.744,0,0,0,0,1,1,1,1]},"_groupIndex":1,"groupIndex":1},{"__type__":"cc.Node","_name":"coin4","_parent":{"__id__":18},"_components":[{"__type__":"cc.Sprite","_name":"coin4<Sprite>","node":{"__id__":22},"_materials":[{"__uuid__":"ecpdLyjvZBwrvm+cedCcQy"}],"_spriteFrame":{"__uuid__":"5fBaYM24ZPr4CKfNVUvrdH"},"_sizeMode":0},{"__type__":"cc.RigidBody","node":{"__id__":22},"_type":0,"_allowSleep":false,"enabledContactListener":true},{"__type__":"cc.PhysicsCircleCollider","node":{"__id__":22},"_sensor":true,"_restitution":0.2,"_radius":23},{"__type__":"069edsCLOBL15FM+XA6qGxf","node":{"__id__":22},"pickeffect":{"__uuid__":"2e0DSCaaJHNKIgvBUfLo/u"}}],"_prefab":{"__type__":"cc.PrefabInfo","root":{"__id__":1},"asset":{"__uuid__":"2ewB90H9JH1JSJSddOIvdl"},"fileId":"9bBScgEftEw4P91NJbQDMa"},"_contentSize":{"__type__":"cc.Size","width":46,"height":46},"_trs":{"__type__":"TypedArray","ctor":"Float64Array","array":[2126.457,417.611,0,0,0,0,1,1,1,1]},"_groupIndex":1,"groupIndex":1},{"__type__":"cc.Node","_name":"coin5","_parent":{"__id__":18},"_components":[{"__type__":"cc.Sprite","_name":"coin5<Sprite>","node":{"__id__":23},"_materials":[{"__uuid__":"ecpdLyjvZBwrvm+cedCcQy"}],"_spriteFrame":{"__uuid__":"5fBaYM24ZPr4CKfNVUvrdH"},"_sizeMode":0},{"__type__":"cc.RigidBody","node":{"__id__":23},"_type":0,"_allowSleep":false,"enabledContactListener":true},{"__type__":"cc.PhysicsCircleCollider","node":{"__id__":23},"_sensor":true,"_restitution":0.2,"_radius":23},{"__type__":"069edsCLOBL15FM+XA6qGxf","node":{"__id__":23},"pickeffect":{"__uuid__":"2e0DSCaaJHNKIgvBUfLo/u"}}],"_prefab":{"__type__":"cc.PrefabInfo","root":{"__id__":1},"asset":{"__uuid__":"2ewB90H9JH1JSJSddOIvdl"},"fileId":"c9wHa/JDZEUKeWA3uzAxXP"},"_contentSize":{"__type__":"cc.Size","width":46,"height":46},"_trs":{"__type__":"TypedArray","ctor":"Float64Array","array":[3394.213,329.441,0,0,0,0,1,1,1,1]},"_groupIndex":1,"groupIndex":1},{"__type__":"cc.Node","_name":"coin5 copy","_parent":{"__id__":18},"_components":[{"__type__":"cc.Sprite","_name":"coin5 copy<Sprite>","node":{"__id__":24},"_materials":[{"__uuid__":"ecpdLyjvZBwrvm+cedCcQy"}],"_spriteFrame":{"__uuid__":"5fBaYM24ZPr4CKfNVUvrdH"},"_sizeMode":0},{"__type__":"cc.RigidBody","node":{"__id__":24},"_type":0,"_allowSleep":false,"enabledContactListener":true},{"__type__":"cc.PhysicsCircleCollider","node":{"__id__":24},"_sensor":true,"_restitution":0.2,"_radius":23},{"__type__":"069edsCLOBL15FM+XA6qGxf","node":{"__id__":24},"pickeffect":{"__uuid__":"2e0DSCaaJHNKIgvBUfLo/u"}}],"_prefab":{"__type__":"cc.PrefabInfo","root":{"__id__":1},"asset":{"__uuid__":"2ewB90H9JH1JSJSddOIvdl"},"fileId":"2b3InCCxVOa7WiujyeG55W"},"_contentSize":{"__type__":"cc.Size","width":46,"height":46},"_trs":{"__type__":"TypedArray","ctor":"Float64Array","array":[3268.994,325.494,0,0,0,0,1,1,1,1]},"_groupIndex":1,"groupIndex":1},{"__type__":"cc.Node","_name":"coin5 copy","_parent":{"__id__":18},"_components":[{"__type__":"cc.Sprite","_name":"coin5 copy<Sprite>","node":{"__id__":25},"_materials":[{"__uuid__":"ecpdLyjvZBwrvm+cedCcQy"}],"_spriteFrame":{"__uuid__":"5fBaYM24ZPr4CKfNVUvrdH"},"_sizeMode":0},{"__type__":"cc.RigidBody","node":{"__id__":25},"_type":0,"_allowSleep":false,"enabledContactListener":true},{"__type__":"cc.PhysicsCircleCollider","node":{"__id__":25},"_sensor":true,"_restitution":0.2,"_radius":23},{"__type__":"069edsCLOBL15FM+XA6qGxf","node":{"__id__":25},"pickeffect":{"__uuid__":"2e0DSCaaJHNKIgvBUfLo/u"}}],"_prefab":{"__type__":"cc.PrefabInfo","root":{"__id__":1},"asset":{"__uuid__":"2ewB90H9JH1JSJSddOIvdl"},"fileId":"00gEhPlwRM/qW6fQlFItt0"},"_contentSize":{"__type__":"cc.Size","width":46,"height":46},"_trs":{"__type__":"TypedArray","ctor":"Float64Array","array":[4341.987,516.792,0,0,0,0,1,1,1,1]},"_groupIndex":1,"groupIndex":1},{"__type__":"cc.Node","_name":"coin5 copy","_parent":{"__id__":18},"_components":[{"__type__":"cc.Sprite","_name":"coin5 copy<Sprite>","node":{"__id__":26},"_materials":[{"__uuid__":"ecpdLyjvZBwrvm+cedCcQy"}],"_spriteFrame":{"__uuid__":"5fBaYM24ZPr4CKfNVUvrdH"},"_sizeMode":0},{"__type__":"cc.RigidBody","node":{"__id__":26},"_type":0,"_allowSleep":false,"enabledContactListener":true},{"__type__":"cc.PhysicsCircleCollider","node":{"__id__":26},"_sensor":true,"_restitution":0.2,"_radius":23},{"__type__":"069edsCLOBL15FM+XA6qGxf","node":{"__id__":26},"pickeffect":{"__uuid__":"2e0DSCaaJHNKIgvBUfLo/u"}}],"_prefab":{"__type__":"cc.PrefabInfo","root":{"__id__":1},"asset":{"__uuid__":"2ewB90H9JH1JSJSddOIvdl"},"fileId":"33YKPU9nxAV57yP8O4jSnS"},"_contentSize":{"__type__":"cc.Size","width":46,"height":46},"_trs":{"__type__":"TypedArray","ctor":"Float64Array","array":[3148.471,325.965,0,0,0,0,1,1,1,1]},"_groupIndex":1,"groupIndex":1},{"__type__":"cc.Node","_name":"coin5 copy","_parent":{"__id__":18},"_components":[{"__type__":"cc.Sprite","_name":"coin5 copy<Sprite>","node":{"__id__":27},"_materials":[{"__uuid__":"ecpdLyjvZBwrvm+cedCcQy"}],"_spriteFrame":{"__uuid__":"5fBaYM24ZPr4CKfNVUvrdH"},"_sizeMode":0},{"__type__":"cc.RigidBody","node":{"__id__":27},"_type":0,"_allowSleep":false,"enabledContactListener":true},{"__type__":"cc.PhysicsCircleCollider","node":{"__id__":27},"_sensor":true,"_restitution":0.2,"_radius":23},{"__type__":"069edsCLOBL15FM+XA6qGxf","node":{"__id__":27},"pickeffect":{"__uuid__":"2e0DSCaaJHNKIgvBUfLo/u"}}],"_prefab":{"__type__":"cc.PrefabInfo","root":{"__id__":1},"asset":{"__uuid__":"2ewB90H9JH1JSJSddOIvdl"},"fileId":"12ZRaaN09Aa5tAeOUYGFsx"},"_contentSize":{"__type__":"cc.Size","width":46,"height":46},"_trs":{"__type__":"TypedArray","ctor":"Float64Array","array":[3885.947,381.347,0,0,0,0,1,1,1,1]},"_groupIndex":1,"groupIndex":1},{"__type__":"cc.Node","_name":"coin","_parent":{"__id__":18},"_components":[{"__type__":"cc.Sprite","_name":"coin<Sprite>","node":{"__id__":28},"_materials":[{"__uuid__":"ecpdLyjvZBwrvm+cedCcQy"}],"_spriteFrame":{"__uuid__":"5fBaYM24ZPr4CKfNVUvrdH"},"_sizeMode":0},{"__type__":"cc.RigidBody","node":{"__id__":28},"_type":0,"_allowSleep":false,"enabledContactListener":true},{"__type__":"cc.PhysicsCircleCollider","node":{"__id__":28},"_sensor":true,"_restitution":0.2,"_radius":23},{"__type__":"069edsCLOBL15FM+XA6qGxf","node":{"__id__":28},"pickeffect":{"__uuid__":"2e0DSCaaJHNKIgvBUfLo/u"}}],"_prefab":{"__type__":"cc.PrefabInfo","root":{"__id__":1},"asset":{"__uuid__":"2ewB90H9JH1JSJSddOIvdl"},"fileId":"9dOw8LmplPQ4aRKyWgJ3eW"},"_contentSize":{"__type__":"cc.Size","width":46,"height":46},"_trs":{"__type__":"TypedArray","ctor":"Float64Array","array":[5094.156,434.739,0,0,0,0,1,1,1,1]},"_groupIndex":1,"groupIndex":1},{"__type__":"cc.Node","_name":"coin","_parent":{"__id__":18},"_components":[{"__type__":"cc.Sprite","_name":"coin<Sprite>","node":{"__id__":29},"_materials":[{"__uuid__":"ecpdLyjvZBwrvm+cedCcQy"}],"_spriteFrame":{"__uuid__":"5fBaYM24ZPr4CKfNVUvrdH"},"_sizeMode":0},{"__type__":"cc.RigidBody","node":{"__id__":29},"_type":0,"_allowSleep":false,"enabledContactListener":true},{"__type__":"cc.PhysicsCircleCollider","node":{"__id__":29},"_sensor":true,"_restitution":0.2,"_radius":23},{"__type__":"069edsCLOBL15FM+XA6qGxf","node":{"__id__":29},"pickeffect":{"__uuid__":"2e0DSCaaJHNKIgvBUfLo/u"}}],"_prefab":{"__type__":"cc.PrefabInfo","root":{"__id__":1},"asset":{"__uuid__":"2ewB90H9JH1JSJSddOIvdl"},"fileId":"baoK3dbixHjJQnLGGkZPTs"},"_contentSize":{"__type__":"cc.Size","width":46,"height":46},"_trs":{"__type__":"TypedArray","ctor":"Float64Array","array":[1220,287.22,0,0,0,0,1,1,1,1]},"_groupIndex":1,"groupIndex":1},{"__type__":"cc.Node","_name":"coin","_parent":{"__id__":18},"_components":[{"__type__":"cc.Sprite","_name":"coin<Sprite>","node":{"__id__":30},"_materials":[{"__uuid__":"ecpdLyjvZBwrvm+cedCcQy"}],"_spriteFrame":{"__uuid__":"5fBaYM24ZPr4CKfNVUvrdH"},"_sizeMode":0},{"__type__":"cc.RigidBody","node":{"__id__":30},"_type":0,"_allowSleep":false,"enabledContactListener":true},{"__type__":"cc.PhysicsCircleCollider","node":{"__id__":30},"_sensor":true,"_restitution":0.2,"_radius":23},{"__type__":"069edsCLOBL15FM+XA6qGxf","node":{"__id__":30},"pickeffect":{"__uuid__":"2e0DSCaaJHNKIgvBUfLo/u"}}],"_prefab":{"__type__":"cc.PrefabInfo","root":{"__id__":1},"asset":{"__uuid__":"2ewB90H9JH1JSJSddOIvdl"},"fileId":"afsUPyBflI9rpgoWuFxr+1"},"_contentSize":{"__type__":"cc.Size","width":46,"height":46},"_trs":{"__type__":"TypedArray","ctor":"Float64Array","array":[1290,287.22,0,0,0,0,1,1,1,1]},"_groupIndex":1,"groupIndex":1},{"__type__":"cc.Node","_name":"coin","_parent":{"__id__":18},"_components":[{"__type__":"cc.Sprite","_name":"coin<Sprite>","node":{"__id__":31},"_materials":[{"__uuid__":"ecpdLyjvZBwrvm+cedCcQy"}],"_spriteFrame":{"__uuid__":"5fBaYM24ZPr4CKfNVUvrdH"},"_sizeMode":0},{"__type__":"cc.RigidBody","node":{"__id__":31},"_type":0,"_allowSleep":false,"enabledContactListener":true},{"__type__":"cc.PhysicsCircleCollider","node":{"__id__":31},"_sensor":true,"_restitution":0.2,"_radius":23},{"__type__":"069edsCLOBL15FM+XA6qGxf","node":{"__id__":31},"pickeffect":{"__uuid__":"2e0DSCaaJHNKIgvBUfLo/u"}}],"_prefab":{"__type__":"cc.PrefabInfo","root":{"__id__":1},"asset":{"__uuid__":"2ewB90H9JH1JSJSddOIvdl"},"fileId":"afM5X5FxJGRb1yLSM204iB"},"_contentSize":{"__type__":"cc.Size","width":46,"height":46},"_trs":{"__type__":"TypedArray","ctor":"Float64Array","array":[1360,287.22,0,0,0,0,1,1,1,1]},"_groupIndex":1,"groupIndex":1},{"__type__":"cc.Node","_name":"coin","_parent":{"__id__":18},"_components":[{"__type__":"cc.Sprite","_name":"coin<Sprite>","node":{"__id__":32},"_materials":[{"__uuid__":"ecpdLyjvZBwrvm+cedCcQy"}],"_spriteFrame":{"__uuid__":"5fBaYM24ZPr4CKfNVUvrdH"},"_sizeMode":0},{"__type__":"cc.RigidBody","node":{"__id__":32},"_type":0,"_allowSleep":false,"enabledContactListener":true},{"__type__":"cc.PhysicsCircleCollider","node":{"__id__":32},"_sensor":true,"_restitution":0.2,"_radius":23},{"__type__":"069edsCLOBL15FM+XA6qGxf","node":{"__id__":32},"pickeffect":{"__uuid__":"2e0DSCaaJHNKIgvBUfLo/u"}}],"_prefab":{"__type__":"cc.PrefabInfo","root":{"__id__":1},"asset":{"__uuid__":"2ewB90H9JH1JSJSddOIvdl"},"fileId":"35IxQ1JTJHKohZaIWXOJQr"},"_contentSize":{"__type__":"cc.Size","width":46,"height":46},"_trs":{"__type__":"TypedArray","ctor":"Float64Array","array":[1430,287.22,0,0,0,0,1,1,1,1]},"_groupIndex":1,"groupIndex":1},{"__type__":"cc.Node","_name":"coin","_parent":{"__id__":18},"_components":[{"__type__":"cc.Sprite","_name":"coin<Sprite>","node":{"__id__":33},"_materials":[{"__uuid__":"ecpdLyjvZBwrvm+cedCcQy"}],"_spriteFrame":{"__uuid__":"5fBaYM24ZPr4CKfNVUvrdH"},"_sizeMode":0},{"__type__":"cc.RigidBody","node":{"__id__":33},"_type":0,"_allowSleep":false,"enabledContactListener":true},{"__type__":"cc.PhysicsCircleCollider","node":{"__id__":33},"_sensor":true,"_restitution":0.2,"_radius":23},{"__type__":"069edsCLOBL15FM+XA6qGxf","node":{"__id__":33},"pickeffect":{"__uuid__":"2e0DSCaaJHNKIgvBUfLo/u"}}],"_prefab":{"__type__":"cc.PrefabInfo","root":{"__id__":1},"asset":{"__uuid__":"2ewB90H9JH1JSJSddOIvdl"},"fileId":"3cspzzS0pN0ZRhzwCUIGaV"},"_contentSize":{"__type__":"cc.Size","width":46,"height":46},"_trs":{"__type__":"TypedArray","ctor":"Float64Array","array":[1500,287.22,0,0,0,0,1,1,1,1]},"_groupIndex":1,"groupIndex":1},{"__type__":"cc.Node","_name":"coin","_parent":{"__id__":18},"_components":[{"__type__":"cc.Sprite","_name":"coin<Sprite>","node":{"__id__":34},"_materials":[{"__uuid__":"ecpdLyjvZBwrvm+cedCcQy"}],"_spriteFrame":{"__uuid__":"5fBaYM24ZPr4CKfNVUvrdH"},"_sizeMode":0},{"__type__":"cc.RigidBody","node":{"__id__":34},"_type":0,"_allowSleep":false,"enabledContactListener":true},{"__type__":"cc.PhysicsCircleCollider","node":{"__id__":34},"_sensor":true,"_restitution":0.2,"_radius":23},{"__type__":"069edsCLOBL15FM+XA6qGxf","node":{"__id__":34},"pickeffect":{"__uuid__":"2e0DSCaaJHNKIgvBUfLo/u"}}],"_prefab":{"__type__":"cc.PrefabInfo","root":{"__id__":1},"asset":{"__uuid__":"2ewB90H9JH1JSJSddOIvdl"},"fileId":"96RlA8siRMlbFG3wmkiJ8v"},"_contentSize":{"__type__":"cc.Size","width":46,"height":46},"_trs":{"__type__":"TypedArray","ctor":"Float64Array","array":[5334.224,340.397,0,0,0,0,1,1,1,1]},"_groupIndex":1,"groupIndex":1},{"__type__":"cc.Node","_name":"coin","_parent":{"__id__":18},"_components":[{"__type__":"cc.Sprite","_name":"coin<Sprite>","node":{"__id__":35},"_materials":[{"__uuid__":"ecpdLyjvZBwrvm+cedCcQy"}],"_spriteFrame":{"__uuid__":"5fBaYM24ZPr4CKfNVUvrdH"},"_sizeMode":0},{"__type__":"cc.RigidBody","node":{"__id__":35},"_type":0,"_allowSleep":false,"enabledContactListener":true},{"__type__":"cc.PhysicsCircleCollider","node":{"__id__":35},"_sensor":true,"_restitution":0.2,"_radius":23},{"__type__":"069edsCLOBL15FM+XA6qGxf","node":{"__id__":35},"pickeffect":{"__uuid__":"2e0DSCaaJHNKIgvBUfLo/u"}}],"_prefab":{"__type__":"cc.PrefabInfo","root":{"__id__":1},"asset":{"__uuid__":"2ewB90H9JH1JSJSddOIvdl"},"fileId":"23/MkwbDdH4LOq/BqSMEte"},"_contentSize":{"__type__":"cc.Size","width":46,"height":46},"_trs":{"__type__":"TypedArray","ctor":"Float64Array","array":[6219.474,387.863,0,0,0,0,1,1,1,1]},"_groupIndex":1,"groupIndex":1},{"__type__":"cc.Node","_name":"coin","_parent":{"__id__":18},"_components":[{"__type__":"cc.Sprite","_name":"coin<Sprite>","node":{"__id__":36},"_materials":[{"__uuid__":"ecpdLyjvZBwrvm+cedCcQy"}],"_spriteFrame":{"__uuid__":"5fBaYM24ZPr4CKfNVUvrdH"},"_sizeMode":0},{"__type__":"cc.RigidBody","node":{"__id__":36},"_type":0,"_allowSleep":false,"enabledContactListener":true},{"__type__":"cc.PhysicsCircleCollider","node":{"__id__":36},"_sensor":true,"_restitution":0.2,"_radius":23},{"__type__":"069edsCLOBL15FM+XA6qGxf","node":{"__id__":36},"pickeffect":{"__uuid__":"2e0DSCaaJHNKIgvBUfLo/u"}}],"_prefab":{"__type__":"cc.PrefabInfo","root":{"__id__":1},"asset":{"__uuid__":"2ewB90H9JH1JSJSddOIvdl"},"fileId":"8dSI5T+YtCbbNhGp+EB6fN"},"_contentSize":{"__type__":"cc.Size","width":46,"height":46},"_trs":{"__type__":"TypedArray","ctor":"Float64Array","array":[6295.42,387.863,0,0,0,0,1,1,1,1]},"_groupIndex":1,"groupIndex":1},{"__type__":"cc.Node","_name":"coin","_parent":{"__id__":18},"_components":[{"__type__":"cc.Sprite","_name":"coin<Sprite>","node":{"__id__":37},"_materials":[{"__uuid__":"ecpdLyjvZBwrvm+cedCcQy"}],"_spriteFrame":{"__uuid__":"5fBaYM24ZPr4CKfNVUvrdH"},"_sizeMode":0},{"__type__":"cc.RigidBody","node":{"__id__":37},"_type":0,"_allowSleep":false,"enabledContactListener":true},{"__type__":"cc.PhysicsCircleCollider","node":{"__id__":37},"_sensor":true,"_restitution":0.2,"_radius":23},{"__type__":"069edsCLOBL15FM+XA6qGxf","node":{"__id__":37},"pickeffect":{"__uuid__":"2e0DSCaaJHNKIgvBUfLo/u"}}],"_prefab":{"__type__":"cc.PrefabInfo","root":{"__id__":1},"asset":{"__uuid__":"2ewB90H9JH1JSJSddOIvdl"},"fileId":"390/ps8jxKTphGNoNJ98OT"},"_contentSize":{"__type__":"cc.Size","width":46,"height":46},"_trs":{"__type__":"TypedArray","ctor":"Float64Array","array":[6219.474,442.449,0,0,0,0,1,1,1,1]},"_groupIndex":1,"groupIndex":1},{"__type__":"cc.Node","_name":"coin","_parent":{"__id__":18},"_components":[{"__type__":"cc.Sprite","_name":"coin<Sprite>","node":{"__id__":38},"_materials":[{"__uuid__":"ecpdLyjvZBwrvm+cedCcQy"}],"_spriteFrame":{"__uuid__":"5fBaYM24ZPr4CKfNVUvrdH"},"_sizeMode":0},{"__type__":"cc.RigidBody","node":{"__id__":38},"_type":0,"_allowSleep":false,"enabledContactListener":true},{"__type__":"cc.PhysicsCircleCollider","node":{"__id__":38},"_sensor":true,"_restitution":0.2,"_radius":23},{"__type__":"069edsCLOBL15FM+XA6qGxf","node":{"__id__":38},"pickeffect":{"__uuid__":"2e0DSCaaJHNKIgvBUfLo/u"}}],"_prefab":{"__type__":"cc.PrefabInfo","root":{"__id__":1},"asset":{"__uuid__":"2ewB90H9JH1JSJSddOIvdl"},"fileId":"f7eWKg13VIV6R/iEz90X/p"},"_contentSize":{"__type__":"cc.Size","width":46,"height":46},"_trs":{"__type__":"TypedArray","ctor":"Float64Array","array":[6295.42,442.449,0,0,0,0,1,1,1,1]},"_groupIndex":1,"groupIndex":1},{"__type__":"cc.Node","_name":"coin","_parent":{"__id__":18},"_components":[{"__type__":"cc.Sprite","_name":"coin<Sprite>","node":{"__id__":39},"_materials":[{"__uuid__":"ecpdLyjvZBwrvm+cedCcQy"}],"_spriteFrame":{"__uuid__":"5fBaYM24ZPr4CKfNVUvrdH"},"_sizeMode":0},{"__type__":"cc.RigidBody","node":{"__id__":39},"_type":0,"_allowSleep":false,"enabledContactListener":true},{"__type__":"cc.PhysicsCircleCollider","node":{"__id__":39},"_sensor":true,"_restitution":0.2,"_radius":23},{"__type__":"069edsCLOBL15FM+XA6qGxf","node":{"__id__":39},"pickeffect":{"__uuid__":"2e0DSCaaJHNKIgvBUfLo/u"}}],"_prefab":{"__type__":"cc.PrefabInfo","root":{"__id__":1},"asset":{"__uuid__":"2ewB90H9JH1JSJSddOIvdl"},"fileId":"31d3Z/YEtIpoLDB67hf3HX"},"_contentSize":{"__type__":"cc.Size","width":46,"height":46},"_trs":{"__type__":"TypedArray","ctor":"Float64Array","array":[7763.599,442.449,0,0,0,0,1,1,1,1]},"_groupIndex":1,"groupIndex":1},{"__type__":"cc.Node","_name":"coin","_parent":{"__id__":18},"_components":[{"__type__":"cc.Sprite","_name":"coin<Sprite>","node":{"__id__":40},"_materials":[{"__uuid__":"ecpdLyjvZBwrvm+cedCcQy"}],"_spriteFrame":{"__uuid__":"5fBaYM24ZPr4CKfNVUvrdH"},"_sizeMode":0},{"__type__":"cc.RigidBody","node":{"__id__":40},"_type":0,"_allowSleep":false,"enabledContactListener":true},{"__type__":"cc.PhysicsCircleCollider","node":{"__id__":40},"_sensor":true,"_restitution":0.2,"_radius":23},{"__type__":"069edsCLOBL15FM+XA6qGxf","node":{"__id__":40},"pickeffect":{"__uuid__":"2e0DSCaaJHNKIgvBUfLo/u"}}],"_prefab":{"__type__":"cc.PrefabInfo","root":{"__id__":1},"asset":{"__uuid__":"2ewB90H9JH1JSJSddOIvdl"},"fileId":"f7vryXaFVFzr1c8YxEkQ++"},"_contentSize":{"__type__":"cc.Size","width":46,"height":46},"_trs":{"__type__":"TypedArray","ctor":"Float64Array","array":[7839.545,442.449,0,0,0,0,1,1,1,1]},"_groupIndex":1,"groupIndex":1},{"__type__":"cc.Node","_name":"Pillar_01","_parent":{"__id__":17},"_components":[{"__type__":"cc.Sprite","node":{"__id__":41},"_materials":[{"__uuid__":"ecpdLyjvZBwrvm+cedCcQy"}],"_spriteFrame":{"__uuid__":"32mmIyCJxF2ZNUzgxJPHcf"}},{"__type__":"cc.RigidBody","node":{"__id__":41},"_type":0},{"__type__":"cc.PhysicsBoxCollider","node":{"__id__":41},"_size":{"__type__":"cc.Size","width":132,"height":423}},{"__type__":"c207d2P62lM8qP19fZf9zh2","node":{"__id__":41}}],"_prefab":{"__type__":"cc.PrefabInfo","root":{"__id__":1},"asset":{"__uuid__":"2ewB90H9JH1JSJSddOIvdl"},"fileId":"e7bSKGBcBGO7o/nEDBZ1uC"},"_contentSize":{"__type__":"cc.Size","width":132,"height":423},"_trs":{"__type__":"TypedArray","ctor":"Float64Array","array":[2123.774,74.257,0,0,0,0,1,1,1,1]},"_groupIndex":3,"groupIndex":3},{"__type__":"cc.Node","_name":"water","_parent":{"__id__":17},"_children":[{"__id__":43},{"__id__":46},{"__id__":45},{"__id__":47},{"__id__":48},{"__id__":50},{"__id__":51},{"__id__":52},{"__id__":54}],"_prefab":{"__type__":"cc.PrefabInfo","root":{"__id__":1},"asset":{"__uuid__":"2ewB90H9JH1JSJSddOIvdl"},"fileId":"21jMZmmNJKcLrv187yZLNb"},"_trs":{"__type__":"TypedArray","ctor":"Float64Array","array":[0,0,0,0,0,0,1,1,1,1]}},{"__type__":"cc.Node","_name":"water_wave","_parent":{"__id__":42},"_components":[{"__type__":"cc.Animation","node":{"__id__":43},"_defaultClip":{"__uuid__":"e7Pq6jGgxO8aBeoB4a8Qlr"},"_clips":[{"__uuid__":"e7Pq6jGgxO8aBeoB4a8Qlr"}]},{"__type__":"cc.Sprite","node":{"__id__":43},"_materials":[{"__uuid__":"ecpdLyjvZBwrvm+cedCcQy"}],"_spriteFrame":{"__uuid__":"c3wTswCOlDlbssla3OaU0R"}},{"__type__":"cc.RigidBody","node":{"__id__":43},"_type":0,"enabledContactListener":true},{"__type__":"cc.PhysicsCircleCollider","node":{"__id__":43},"_sensor":true,"_radius":1000},{"__type__":"3bbb1SGj/9JnblxsAvaGhl6","node":{"__id__":43},"bubble_particle":{"__id__":44}}],"_prefab":{"__type__":"cc.PrefabInfo","root":{"__id__":1},"asset":{"__uuid__":"2ewB90H9JH1JSJSddOIvdl"},"fileId":"48neMPcClPEKDBWMgE0FzJ"},"_contentSize":{"__type__":"cc.Size","width":943,"height":19},"_trs":{"__type__":"TypedArray","ctor":"Float64Array","array":[2133.431,204.79,0,0,0,0,1,1,1,1]},"_groupIndex":2,"groupIndex":2},{"__type__":"cc.ParticleSystem","node":{"__id__":45},"_materials":[{"__uuid__":"ecpdLyjvZBwrvm+cedCcQy"}],"_dstBlendFactor":1,"_custom":true,"_file":{"__uuid__":"93SrmrwrVFgaLvA6HesiAd"},"_spriteFrame":{"__uuid__":"038oKT9rlDW5GqnT+aEE7K"},"totalParticles":80,"emissionRate":40,"lifeVar":0.5,"_startColor":{"__type__":"cc.Color","r":124,"g":255,"b":216,"a":0},"_startColorVar":{"__type__":"cc.Color","g":66,"b":73,"a":49},"_endColor":{"__type__":"cc.Color","r":193,"g":255,"b":255,"a":61},"_endColorVar":{"__type__":"cc.Color","g":79,"b":61,"a":54},"angleVar":40,"startSize":2,"startSizeVar":2,"endSize":15,"endSizeVar":5,"posVar":{"__type__":"cc.Vec2","x":400,"y":50},"_positionType":1,"positionType":1,"gravity":{"__type__":"cc.Vec2","y":20},"speed":20,"speedVar":10,"tangentialAccel":0},{"__type__":"cc.Node","_name":"water-bubble","_parent":{"__id__":42},"_components":[{"__id__":44}],"_prefab":{"__type__":"cc.PrefabInfo","root":{"__id__":1},"asset":{"__uuid__":"2ewB90H9JH1JSJSddOIvdl"},"fileId":"7c3cF/eopCI62f9rWeRbmo"},"_trs":{"__type__":"TypedArray","ctor":"Float64Array","array":[2114.97,-30.081,0,0,0,0,1,1,1,1]},"_groupIndex":2,"groupIndex":2},{"__type__":"cc.Node","_name":"water","_parent":{"__id__":42},"_components":[{"__type__":"cc.Sprite","node":{"__id__":46},"_materials":[{"__uuid__":"65aP0KEIpAk7/pjJNosxL5"}],"_spriteFrame":{"__uuid__":"0db9rXK7BAuJhYB4L7U0Kf"},"_sizeMode":0},{"__type__":"019bfUOFLZAC62vrujK9eUg","node":{"__id__":46},"normalmap":{"__uuid__":"abTirDIrROorOQNbbLQEOw"},"fallin_effect":{"__uuid__":"08QeMWPQtOsIi8UzSsTttc"}},{"__type__":"2f15ftGjExIyrnz9ttHdx3T","node":{"__id__":46},"density":2.5}],"_prefab":{"__type__":"cc.PrefabInfo","root":{"__id__":1},"asset":{"__uuid__":"2ewB90H9JH1JSJSddOIvdl"},"fileId":"71YvYMPAlNlZQAyd6+IO1V"},"_contentSize":{"__type__":"cc.Size","width":1000,"height":256},"_trs":{"__type__":"TypedArray","ctor":"Float64Array","array":[2150.967,68.919,0,0,0,0,1,1,1,1]},"_groupIndex":2,"groupIndex":2},{"__type__":"cc.Node","_name":"water","_parent":{"__id__":42},"_components":[{"__type__":"cc.Sprite","node":{"__id__":47},"_materials":[{"__uuid__":"65aP0KEIpAk7/pjJNosxL5"}],"_spriteFrame":{"__uuid__":"0db9rXK7BAuJhYB4L7U0Kf"},"_sizeMode":0},{"__type__":"019bfUOFLZAC62vrujK9eUg","node":{"__id__":47},"normalmap":{"__uuid__":"abTirDIrROorOQNbbLQEOw"},"fallin_effect":{"__uuid__":"08QeMWPQtOsIi8UzSsTttc"}},{"__type__":"2f15ftGjExIyrnz9ttHdx3T","node":{"__id__":47},"density":2.5}],"_prefab":{"__type__":"cc.PrefabInfo","root":{"__id__":1},"asset":{"__uuid__":"2ewB90H9JH1JSJSddOIvdl"},"fileId":"60wnb77gdA+KET+8gO9Tk/"},"_contentSize":{"__type__":"cc.Size","width":500,"height":256},"_trs":{"__type__":"TypedArray","ctor":"Float64Array","array":[3695.093,68.919,0,0,0,0,1,1,1,1]},"_groupIndex":2,"groupIndex":2},{"__type__":"cc.Node","_name":"water-bubble","_parent":{"__id__":42},"_active":false,"_components":[{"__id__":49}],"_prefab":{"__type__":"cc.PrefabInfo","root":{"__id__":1},"asset":{"__uuid__":"2ewB90H9JH1JSJSddOIvdl"},"fileId":"f5569tXGhM0rhgN36WDKyj"},"_trs":{"__type__":"TypedArray","ctor":"Float64Array","array":[3695.093,-30.081,0,0,0,0,1,1,1,1]},"_groupIndex":2,"groupIndex":2},{"__type__":"cc.ParticleSystem","node":{"__id__":48},"_materials":[{"__uuid__":"ecpdLyjvZBwrvm+cedCcQy"}],"_dstBlendFactor":1,"_custom":true,"_file":{"__uuid__":"93SrmrwrVFgaLvA6HesiAd"},"_spriteFrame":{"__uuid__":"038oKT9rlDW5GqnT+aEE7K"},"totalParticles":80,"emissionRate":40,"lifeVar":0.5,"_startColor":{"__type__":"cc.Color","r":124,"g":255,"b":216,"a":0},"_startColorVar":{"__type__":"cc.Color","g":66,"b":73,"a":49},"_endColor":{"__type__":"cc.Color","r":193,"g":255,"b":255,"a":61},"_endColorVar":{"__type__":"cc.Color","g":79,"b":61,"a":54},"angleVar":40,"startSize":2,"startSizeVar":2,"endSize":15,"endSizeVar":5,"posVar":{"__type__":"cc.Vec2","x":400,"y":50},"_positionType":1,"positionType":1,"gravity":{"__type__":"cc.Vec2","y":20},"speed":20,"speedVar":10,"tangentialAccel":0},{"__type__":"cc.Node","_name":"water_wave","_parent":{"__id__":42},"_components":[{"__type__":"cc.Animation","node":{"__id__":50},"_defaultClip":{"__uuid__":"e7Pq6jGgxO8aBeoB4a8Qlr"},"_clips":[{"__uuid__":"e7Pq6jGgxO8aBeoB4a8Qlr"}]},{"__type__":"cc.Sprite","node":{"__id__":50},"_materials":[{"__uuid__":"ecpdLyjvZBwrvm+cedCcQy"}],"_spriteFrame":{"__uuid__":"c3wTswCOlDlbssla3OaU0R"}},{"__type__":"cc.RigidBody","node":{"__id__":50},"_type":0,"enabledContactListener":true},{"__type__":"cc.PhysicsCircleCollider","node":{"__id__":50},"_sensor":true,"_radius":1000},{"__type__":"3bbb1SGj/9JnblxsAvaGhl6","node":{"__id__":50},"bubble_particle":{"__id__":49}}],"_prefab":{"__type__":"cc.PrefabInfo","root":{"__id__":1},"asset":{"__uuid__":"2ewB90H9JH1JSJSddOIvdl"},"fileId":"faxOvFOsxNAZ5WkaOEvYEW"},"_contentSize":{"__type__":"cc.Size","width":943,"height":19},"_trs":{"__type__":"TypedArray","ctor":"Float64Array","array":[3713.554,206.84,0,0,0,0,1,1,1,1]},"_groupIndex":2,"groupIndex":2},{"__type__":"cc.Node","_name":"water","_parent":{"__id__":42},"_components":[{"__type__":"cc.Sprite","node":{"__id__":51},"_materials":[{"__uuid__":"65aP0KEIpAk7/pjJNosxL5"}],"_spriteFrame":{"__uuid__":"0db9rXK7BAuJhYB4L7U0Kf"},"_sizeMode":0},{"__type__":"019bfUOFLZAC62vrujK9eUg","node":{"__id__":51},"normalmap":{"__uuid__":"abTirDIrROorOQNbbLQEOw"},"fallin_effect":{"__uuid__":"08QeMWPQtOsIi8UzSsTttc"}},{"__type__":"2f15ftGjExIyrnz9ttHdx3T","node":{"__id__":51},"density":2.5}],"_prefab":{"__type__":"cc.PrefabInfo","root":{"__id__":1},"asset":{"__uuid__":"2ewB90H9JH1JSJSddOIvdl"},"fileId":"9bMc1Sgc9Dq7vQr/vvIxu9"},"_contentSize":{"__type__":"cc.Size","width":1300,"height":256},"_trs":{"__type__":"TypedArray","ctor":"Float64Array","array":[6446.797,68.919,0,0,0,0,1,1,1,1]},"_groupIndex":2,"groupIndex":2},{"__type__":"cc.Node","_name":"water-bubble","_parent":{"__id__":42},"_active":false,"_components":[{"__id__":53}],"_prefab":{"__type__":"cc.PrefabInfo","root":{"__id__":1},"asset":{"__uuid__":"2ewB90H9JH1JSJSddOIvdl"},"fileId":"bbsd6NgnJFvIYAyubHBIET"},"_trs":{"__type__":"TypedArray","ctor":"Float64Array","array":[6446.797,-30.081,0,0,0,0,1,1,1,1]},"_groupIndex":2,"groupIndex":2},{"__type__":"cc.ParticleSystem","node":{"__id__":52},"_materials":[{"__uuid__":"ecpdLyjvZBwrvm+cedCcQy"}],"_dstBlendFactor":1,"_custom":true,"_file":{"__uuid__":"93SrmrwrVFgaLvA6HesiAd"},"_spriteFrame":{"__uuid__":"038oKT9rlDW5GqnT+aEE7K"},"totalParticles":80,"emissionRate":40,"lifeVar":0.5,"_startColor":{"__type__":"cc.Color","r":124,"g":255,"b":216,"a":0},"_startColorVar":{"__type__":"cc.Color","g":66,"b":73,"a":49},"_endColor":{"__type__":"cc.Color","r":193,"g":255,"b":255,"a":61},"_endColorVar":{"__type__":"cc.Color","g":79,"b":61,"a":54},"angleVar":40,"startSize":2,"startSizeVar":2,"endSize":15,"endSizeVar":5,"posVar":{"__type__":"cc.Vec2","x":400,"y":50},"_positionType":1,"positionType":1,"gravity":{"__type__":"cc.Vec2","y":20},"speed":20,"speedVar":10,"tangentialAccel":0},{"__type__":"cc.Node","_name":"water_wave","_parent":{"__id__":42},"_components":[{"__type__":"cc.Animation","node":{"__id__":54},"_defaultClip":{"__uuid__":"e7Pq6jGgxO8aBeoB4a8Qlr"},"_clips":[{"__uuid__":"e7Pq6jGgxO8aBeoB4a8Qlr"}]},{"__type__":"cc.Sprite","node":{"__id__":54},"_materials":[{"__uuid__":"ecpdLyjvZBwrvm+cedCcQy"}],"_spriteFrame":{"__uuid__":"c3wTswCOlDlbssla3OaU0R"}},{"__type__":"cc.RigidBody","node":{"__id__":54},"_type":0,"enabledContactListener":true},{"__type__":"cc.PhysicsCircleCollider","node":{"__id__":54},"_sensor":true,"_radius":1000},{"__type__":"3bbb1SGj/9JnblxsAvaGhl6","node":{"__id__":54},"bubble_particle":{"__id__":53}}],"_prefab":{"__type__":"cc.PrefabInfo","root":{"__id__":1},"asset":{"__uuid__":"2ewB90H9JH1JSJSddOIvdl"},"fileId":"99UEEKwUdL1Ir9bH4SOlzc"},"_contentSize":{"__type__":"cc.Size","width":943,"height":19},"_trs":{"__type__":"TypedArray","ctor":"Float64Array","array":[6465.258,206.88,0,0,0,0,1,1,1,1]},"_groupIndex":2,"groupIndex":2},{"__type__":"cc.Node","_name":"chainstar","_parent":{"__id__":17},"_children":[{"__id__":56},{"__id__":57},{"__id__":59}],"_prefab":{"__type__":"cc.PrefabInfo","root":{"__id__":1},"asset":{"__uuid__":"2ewB90H9JH1JSJSddOIvdl"},"fileId":"b0oiGTsnFFoI/aolwwPHmf"},"_trs":{"__type__":"TypedArray","ctor":"Float64Array","array":[7835.594,248.045,0,0,0,0,1,1,1,1]},"_groupIndex":1,"groupIndex":1},{"__type__":"cc.Node","_name":"Branch_02","_parent":{"__id__":55},"_active":false,"_components":[{"__type__":"cc.Sprite","node":{"__id__":56},"_materials":[{"__uuid__":"ecpdLyjvZBwrvm+cedCcQy"}],"_spriteFrame":{"__uuid__":"44nAxUkTNOoIW9zuWbC9DG"}},{"__type__":"cc.RigidBody","node":{"__id__":56},"_type":0}],"_prefab":{"__type__":"cc.PrefabInfo","root":{"__id__":1},"asset":{"__uuid__":"2ewB90H9JH1JSJSddOIvdl"},"fileId":"92FzlqSstG97Ic0Kxe+n32"},"_contentSize":{"__type__":"cc.Size","width":340,"height":21},"_trs":{"__type__":"TypedArray","ctor":"Float64Array","array":[507,104,0,0,0,1,6.123233995736766e-17,1,1,1]},"_eulerAngles":{"__type__":"cc.Vec3","z":180},"_groupIndex":1,"groupIndex":1},{"__type__":"cc.Node","_name":"Corde_02","_parent":{"__id__":55},"_components":[{"__type__":"cc.Sprite","node":{"__id__":57},"_materials":[{"__uuid__":"ecpdLyjvZBwrvm+cedCcQy"}],"_spriteFrame":{"__uuid__":"e13svjI+JDYYjIbP3e96AF"}},{"__id__":58},{"__type__":"cc.RevoluteJoint","node":{"__id__":57}}],"_prefab":{"__type__":"cc.PrefabInfo","root":{"__id__":1},"asset":{"__uuid__":"2ewB90H9JH1JSJSddOIvdl"},"fileId":"85a+TmyghCX6vx3yXwSu4S"},"_contentSize":{"__type__":"cc.Size","width":706,"height":226},"_trs":{"__type__":"TypedArray","ctor":"Float64Array","array":[-9.763,128.316,0,0,0,0,1,1,1,1]}},{"__type__":"cc.RigidBody","node":{"__id__":57},"_type":0},{"__type__":"cc.Node","_name":"Rotating_Stars","_parent":{"__id__":55},"_children":[{"__id__":60}],"_components":[{"__type__":"cc.RigidBody","node":{"__id__":59}},{"__type__":"cc.RevoluteJoint","node":{"__id__":59},"anchor":{"__type__":"cc.Vec2","x":-103.23,"y":-15.02},"connectedAnchor":{"__type__":"cc.Vec2","x":-25.8,"y":-8.7},"connectedBody":{"__id__":58},"_maxMotorTorque":150,"_enableMotor":true},{"__type__":"cc.PhysicsPolygonCollider","node":{"__id__":59},"points":[{"__type__":"cc.Vec2","x":-178.3,"y":-24.1},{"__type__":"cc.Vec2","x":-110.85,"y":-24.46},{"__type__":"cc.Vec2","x":-111.1,"y":-93.7},{"__type__":"cc.Vec2","x":-93.6,"y":-93.6},{"__type__":"cc.Vec2","x":-93.3,"y":-24.2},{"__type__":"cc.Vec2","x":-23.8,"y":-24.3},{"__type__":"cc.Vec2","x":-23.96,"y":-6.42},{"__type__":"cc.Vec2","x":-93.6,"y":-7},{"__type__":"cc.Vec2","x":-93.3,"y":62.5},{"__type__":"cc.Vec2","x":-111.5,"y":62.3},{"__type__":"cc.Vec2","x":-111.7,"y":-7.2},{"__type__":"cc.Vec2","x":-178.7,"y":-7.3}]}],"_prefab":{"__type__":"cc.PrefabInfo","root":{"__id__":1},"asset":{"__uuid__":"2ewB90H9JH1JSJSddOIvdl"},"fileId":"cfRjG6HItBXaRtXWYsSW4h"},"_trs":{"__type__":"TypedArray","ctor":"Float64Array","array":[67.684,134.545,0,0,0,0,1,1,1,1]},"_groupIndex":3,"groupIndex":3},{"__type__":"cc.Node","_name":"Rotating_Star","_parent":{"__id__":59},"_components":[{"__type__":"cc.Sprite","node":{"__id__":60},"_materials":[{"__uuid__":"ecpdLyjvZBwrvm+cedCcQy"}],"_spriteFrame":{"__uuid__":"85mZpT9NZGCqwEwAEpHdGp"}}],"_prefab":{"__type__":"cc.PrefabInfo","root":{"__id__":1},"asset":{"__uuid__":"2ewB90H9JH1JSJSddOIvdl"},"fileId":"7d+PCB2jpDb6+nBQwRcZpJ"},"_contentSize":{"__type__":"cc.Size","width":156,"height":156},"_trs":{"__type__":"TypedArray","ctor":"Float64Array","array":[-102.271,-15.731,0,0,0,0,1,1,1,1]}},{"__type__":"cc.Node","_name":"redballs","_parent":{"__id__":1},"_children":[{"__id__":62}],"_prefab":{"__type__":"cc.PrefabInfo","root":{"__id__":1},"asset":{"__uuid__":"2ewB90H9JH1JSJSddOIvdl"},"fileId":"abQaI/ASdOo7O36Q3QTUDp"},"_trs":{"__type__":"TypedArray","ctor":"Float64Array","array":[0,0,0,0,0,0,1,1,1,1]}},{"__type__":"cc.Node","_name":"redball","_parent":{"__id__":61},"_components":[{"__type__":"cc.Sprite","_name":"redball<Sprite>","node":{"__id__":62},"_materials":[{"__uuid__":"ecpdLyjvZBwrvm+cedCcQy"}],"_spriteFrame":{"__uuid__":"8amSVup6xJdK42n8GJawo0"},"_sizeMode":0}],"_prefab":{"__type__":"cc.PrefabInfo","root":{"__id__":1},"asset":{"__uuid__":"2ewB90H9JH1JSJSddOIvdl"},"fileId":"d3Q6K9EBtH7phR0HeicU7A"},"_contentSize":{"__type__":"cc.Size","width":70,"height":70},"_trs":{"__type__":"TypedArray","ctor":"Float64Array","array":[500,366.769,0,0,0,0,1,1,1,1]},"_groupIndex":1,"groupIndex":1},{"__type__":"cc.Node","_name":"map","_parent":{"__id__":1},"_children":[{"__id__":64},{"__id__":65},{"__id__":66},{"__id__":67},{"__id__":68},{"__id__":69},{"__id__":70},{"__id__":71},{"__id__":72},{"__id__":73},{"__id__":74},{"__id__":75},{"__id__":76},{"__id__":77},{"__id__":78},{"__id__":79},{"__id__":80},{"__id__":81},{"__id__":82},{"__id__":83},{"__id__":84},{"__id__":85},{"__id__":86},{"__id__":87},{"__id__":88},{"__id__":89},{"__id__":90},{"__id__":91},{"__id__":92},{"__id__":93},{"__id__":94},{"__id__":95}],"_components":[{"__type__":"cc.Sprite","_name":"level-1-bg<Sprite>","node":{"__id__":63},"_enabled":false,"_materials":[{"__uuid__":"ecpdLyjvZBwrvm+cedCcQy"}],"_sizeMode":0},{"__type__":"cc.Widget","node":{"__id__":63},"_alignFlags":12,"_left":-260},{"__type__":"cc.RigidBody","node":{"__id__":63},"_type":0,"enabledContactListener":true},{"__type__":"3f7d7Fq0GJHmorMw7NXzmcC","node":{"__id__":63}},{"__type__":"cc.PhysicsPolygonCollider","node":{"__id__":63},"_offset":{"__type__":"cc.Vec2","x":108,"y":185},"points":[{"__type__":"cc.Vec2","x":-108,"y":-185},{"__type__":"cc.Vec2","x":1890.8,"y":-185.2},{"__type__":"cc.Vec2","x":1892,"y":74.8},{"__type__":"cc.Vec2","x":-107.1,"y":74.2}]},{"__type__":"cc.PhysicsPolygonCollider","node":{"__id__":63},"_offset":{"__type__":"cc.Vec2","x":2493,"y":199},"points":[{"__type__":"cc.Vec2","x":357,"y":-196},{"__type__":"cc.Vec2","x":1355,"y":-199},{"__type__":"cc.Vec2","x":1356.02,"y":60.98},{"__type__":"cc.Vec2","x":983,"y":58},{"__type__":"cc.Vec2","x":801.5,"y":61.8},{"__type__":"cc.Vec2","x":356.3,"y":60.9}]},{"__type__":"cc.PhysicsPolygonCollider","node":{"__id__":63},"_offset":{"__type__":"cc.Vec2","x":4222,"y":171},"points":[{"__type__":"cc.Vec2","x":-101.4,"y":-172.7},{"__type__":"cc.Vec2","x":2096,"y":-172},{"__type__":"cc.Vec2","x":2095.32,"y":129.03},{"__type__":"cc.Vec2","x":1395.44,"y":129.01},{"__type__":"cc.Vec2","x":1095.87,"y":129.02},{"__type__":"cc.Vec2","x":1095.85,"y":229},{"__type__":"cc.Vec2","x":395.83,"y":228.98},{"__type__":"cc.Vec2","x":396,"y":129},{"__type__":"cc.Vec2","x":-99.9,"y":128.8}]},{"__type__":"cc.PhysicsPolygonCollider","node":{"__id__":63},"_offset":{"__type__":"cc.Vec2","x":8452,"y":153},"points":[{"__type__":"cc.Vec2","x":-1700.37,"y":-152.82},{"__type__":"cc.Vec2","x":880,"y":-153},{"__type__":"cc.Vec2","x":880.6,"y":346.3},{"__type__":"cc.Vec2","x":-120.8,"y":345.7},{"__type__":"cc.Vec2","x":-119.8,"y":-2.7},{"__type__":"cc.Vec2","x":-700.6,"y":-3.2},{"__type__":"cc.Vec2","x":-700.2,"y":147.3},{"__type__":"cc.Vec2","x":-1700.22,"y":146.92}]}],"_prefab":{"__type__":"cc.PrefabInfo","root":{"__id__":1},"asset":{"__uuid__":"2ewB90H9JH1JSJSddOIvdl"},"fileId":"e1fBD8bPhPQ7TjfhC+D/jc"},"_contentSize":{"__type__":"cc.Size","width":6045,"height":260},"_anchorPoint":{"__type__":"cc.Vec2"},"_trs":{"__type__":"TypedArray","ctor":"Float64Array","array":[-260,0,0,0,0,0,1,1,1,1]},"_groupIndex":3,"groupIndex":3},{"__type__":"cc.Node","_name":"m1","_parent":{"__id__":63},"_components":[{"__type__":"cc.Sprite","_name":"m1<Sprite>","node":{"__id__":64},"_materials":[{"__uuid__":"ecpdLyjvZBwrvm+cedCcQy"}],"_spriteFrame":{"__uuid__":"51q8+fqytKHrQY/IIUURyc"},"_type":2,"_sizeMode":0}],"_prefab":{"__type__":"cc.PrefabInfo","root":{"__id__":1},"asset":{"__uuid__":"2ewB90H9JH1JSJSddOIvdl"},"fileId":"56z/8aBfhPoL2fkqjqE8+n"},"_contentSize":{"__type__":"cc.Size","width":2000,"height":260},"_anchorPoint":{"__type__":"cc.Vec2"},"_trs":{"__type__":"TypedArray","ctor":"Float64Array","array":[0,0,0,0,0,0,1,1,1,1]},"_groupIndex":3,"groupIndex":3},{"__type__":"cc.Node","_name":"m2","_parent":{"__id__":63},"_components":[{"__type__":"cc.Sprite","_name":"m2<Sprite>","node":{"__id__":65},"_materials":[{"__uuid__":"ecpdLyjvZBwrvm+cedCcQy"}],"_spriteFrame":{"__uuid__":"51q8+fqytKHrQY/IIUURyc"},"_type":2,"_sizeMode":0}],"_prefab":{"__type__":"cc.PrefabInfo","root":{"__id__":1},"asset":{"__uuid__":"2ewB90H9JH1JSJSddOIvdl"},"fileId":"cbkEL1KnNOVr4/+QLuAtOX"},"_contentSize":{"__type__":"cc.Size","width":1000,"height":260},"_anchorPoint":{"__type__":"cc.Vec2"},"_trs":{"__type__":"TypedArray","ctor":"Float64Array","array":[2849.02,0,0,0,0,0,1,1,1,1]},"_groupIndex":3,"groupIndex":3},{"__type__":"cc.Node","_name":"2","_parent":{"__id__":63},"_components":[{"__type__":"cc.Sprite","node":{"__id__":66},"_materials":[{"__uuid__":"ecpdLyjvZBwrvm+cedCcQy"}],"_spriteFrame":{"__uuid__":"fdFE5R4t5L+6SmLSJgQmLJ"},"_type":2,"_sizeMode":0}],"_prefab":{"__type__":"cc.PrefabInfo","root":{"__id__":1},"asset":{"__uuid__":"2ewB90H9JH1JSJSddOIvdl"},"fileId":"a0QRJ+qUpIKZ2VbnKNhy/K"},"_contentSize":{"__type__":"cc.Size","width":350,"height":38},"_trs":{"__type__":"TypedArray","ctor":"Float64Array","array":[13.683,126.728,0,0,0,0.7071067811865475,0.7071067811865476,0.7,0.7,1]},"_eulerAngles":{"__type__":"cc.Vec3","z":90}},{"__type__":"cc.Node","_name":"1","_parent":{"__id__":63},"_components":[{"__type__":"cc.Sprite","node":{"__id__":67},"_materials":[{"__uuid__":"ecpdLyjvZBwrvm+cedCcQy"}],"_spriteFrame":{"__uuid__":"fdFE5R4t5L+6SmLSJgQmLJ"}}],"_prefab":{"__type__":"cc.PrefabInfo","root":{"__id__":1},"asset":{"__uuid__":"2ewB90H9JH1JSJSddOIvdl"},"fileId":"848n/Y+IFIfrP6hQrDqdVG"},"_contentSize":{"__type__":"cc.Size","width":522,"height":44},"_trs":{"__type__":"TypedArray","ctor":"Float64Array","array":[181.643,244.519,0,0,0,0,1,0.7,0.7,1]}},{"__type__":"cc.Node","_name":"2","_parent":{"__id__":63},"_components":[{"__type__":"cc.Sprite","node":{"__id__":68},"_materials":[{"__uuid__":"ecpdLyjvZBwrvm+cedCcQy"}],"_spriteFrame":{"__uuid__":"fdFE5R4t5L+6SmLSJgQmLJ"},"_type":2,"_sizeMode":0}],"_prefab":{"__type__":"cc.PrefabInfo","root":{"__id__":1},"asset":{"__uuid__":"2ewB90H9JH1JSJSddOIvdl"},"fileId":"36OO+H3UFOS4+5IZZPFHVx"},"_contentSize":{"__type__":"cc.Size","width":2800,"height":38},"_trs":{"__type__":"TypedArray","ctor":"Float64Array","array":[1017.456,246.591,0,0,0,0,1,0.7,0.7,1]}},{"__type__":"cc.Node","_name":"1","_parent":{"__id__":63},"_components":[{"__type__":"cc.Sprite","node":{"__id__":69},"_materials":[{"__uuid__":"ecpdLyjvZBwrvm+cedCcQy"}],"_spriteFrame":{"__uuid__":"fdFE5R4t5L+6SmLSJgQmLJ"}}],"_prefab":{"__type__":"cc.PrefabInfo","root":{"__id__":1},"asset":{"__uuid__":"2ewB90H9JH1JSJSddOIvdl"},"fileId":"e0gBxYJAxF+YAgsanwl/m6"},"_contentSize":{"__type__":"cc.Size","width":522,"height":44},"_trs":{"__type__":"TypedArray","ctor":"Float64Array","array":[182.421,10.829,0,0,0,0,1,0.7,0.7,1]}},{"__type__":"cc.Node","_name":"2","_parent":{"__id__":63},"_components":[{"__type__":"cc.Sprite","node":{"__id__":70},"_materials":[{"__uuid__":"ecpdLyjvZBwrvm+cedCcQy"}],"_spriteFrame":{"__uuid__":"fdFE5R4t5L+6SmLSJgQmLJ"},"_type":2,"_sizeMode":0}],"_prefab":{"__type__":"cc.PrefabInfo","root":{"__id__":1},"asset":{"__uuid__":"2ewB90H9JH1JSJSddOIvdl"},"fileId":"b2n2yCk6BF+rLlC22RiUUe"},"_contentSize":{"__type__":"cc.Size","width":2700,"height":38},"_trs":{"__type__":"TypedArray","ctor":"Float64Array","array":[1042.161,10.565,0,0,0,0,1,0.7,0.7,1]}},{"__type__":"cc.Node","_name":"m2","_parent":{"__id__":63},"_components":[{"__type__":"cc.Sprite","_name":"m2<Sprite>","node":{"__id__":71},"_materials":[{"__uuid__":"ecpdLyjvZBwrvm+cedCcQy"}],"_spriteFrame":{"__uuid__":"51q8+fqytKHrQY/IIUURyc"},"_type":2,"_sizeMode":0}],"_prefab":{"__type__":"cc.PrefabInfo","root":{"__id__":1},"asset":{"__uuid__":"2ewB90H9JH1JSJSddOIvdl"},"fileId":"25Qd/hjhBA/K560SP6lErH"},"_contentSize":{"__type__":"cc.Size","width":500,"height":300},"_anchorPoint":{"__type__":"cc.Vec2"},"_trs":{"__type__":"TypedArray","ctor":"Float64Array","array":[4120.894,0,0,0,0,0,1,1,1,1]},"_groupIndex":3,"groupIndex":3},{"__type__":"cc.Node","_name":"m2","_parent":{"__id__":63},"_components":[{"__type__":"cc.Sprite","_name":"m2<Sprite>","node":{"__id__":72},"_materials":[{"__uuid__":"ecpdLyjvZBwrvm+cedCcQy"}],"_spriteFrame":{"__uuid__":"51q8+fqytKHrQY/IIUURyc"},"_type":2,"_sizeMode":0}],"_prefab":{"__type__":"cc.PrefabInfo","root":{"__id__":1},"asset":{"__uuid__":"2ewB90H9JH1JSJSddOIvdl"},"fileId":"5eBM+0fqFIIKiQ1oQaojQO"},"_contentSize":{"__type__":"cc.Size","width":700,"height":400},"_anchorPoint":{"__type__":"cc.Vec2"},"_trs":{"__type__":"TypedArray","ctor":"Float64Array","array":[4617.877,0,0,0,0,0,1,1,1,1]},"_groupIndex":3,"groupIndex":3},{"__type__":"cc.Node","_name":"m2","_parent":{"__id__":63},"_components":[{"__type__":"cc.Sprite","_name":"m2<Sprite>","node":{"__id__":73},"_materials":[{"__uuid__":"ecpdLyjvZBwrvm+cedCcQy"}],"_spriteFrame":{"__uuid__":"51q8+fqytKHrQY/IIUURyc"},"_type":2,"_sizeMode":0}],"_prefab":{"__type__":"cc.PrefabInfo","root":{"__id__":1},"asset":{"__uuid__":"2ewB90H9JH1JSJSddOIvdl"},"fileId":"cdUnFgFNVFy5Ug1PTZ+3R7"},"_contentSize":{"__type__":"cc.Size","width":1000,"height":300},"_anchorPoint":{"__type__":"cc.Vec2"},"_trs":{"__type__":"TypedArray","ctor":"Float64Array","array":[5317.305,0,0,0,0,0,1,1,1,1]},"_groupIndex":3,"groupIndex":3},{"__type__":"cc.Node","_name":"m2","_parent":{"__id__":63},"_components":[{"__type__":"cc.Sprite","_name":"m2<Sprite>","node":{"__id__":74},"_materials":[{"__uuid__":"ecpdLyjvZBwrvm+cedCcQy"}],"_spriteFrame":{"__uuid__":"51q8+fqytKHrQY/IIUURyc"},"_type":2,"_sizeMode":0}],"_prefab":{"__type__":"cc.PrefabInfo","root":{"__id__":1},"asset":{"__uuid__":"2ewB90H9JH1JSJSddOIvdl"},"fileId":"c7EycL3otEJqq742oUIdIj"},"_contentSize":{"__type__":"cc.Size","width":1000,"height":300},"_anchorPoint":{"__type__":"cc.Vec2"},"_trs":{"__type__":"TypedArray","ctor":"Float64Array","array":[6751.501,0,0,0,0,0,1,1,1,1]},"_groupIndex":3,"groupIndex":3},{"__type__":"cc.Node","_name":"m2","_parent":{"__id__":63},"_components":[{"__type__":"cc.Sprite","_name":"m2<Sprite>","node":{"__id__":75},"_materials":[{"__uuid__":"ecpdLyjvZBwrvm+cedCcQy"}],"_spriteFrame":{"__uuid__":"51q8+fqytKHrQY/IIUURyc"},"_type":2,"_sizeMode":0}],"_prefab":{"__type__":"cc.PrefabInfo","root":{"__id__":1},"asset":{"__uuid__":"2ewB90H9JH1JSJSddOIvdl"},"fileId":"49o1qt0fZE0b/UWvKMwRHW"},"_contentSize":{"__type__":"cc.Size","width":1000,"height":500},"_anchorPoint":{"__type__":"cc.Vec2"},"_trs":{"__type__":"TypedArray","ctor":"Float64Array","array":[8331.903,0,0,0,0,0,1,1,1,1]},"_groupIndex":3,"groupIndex":3},{"__type__":"cc.Node","_name":"m2","_parent":{"__id__":63},"_components":[{"__type__":"cc.Sprite","_name":"m2<Sprite>","node":{"__id__":76},"_materials":[{"__uuid__":"ecpdLyjvZBwrvm+cedCcQy"}],"_spriteFrame":{"__uuid__":"51q8+fqytKHrQY/IIUURyc"},"_type":2,"_sizeMode":0}],"_prefab":{"__type__":"cc.PrefabInfo","root":{"__id__":1},"asset":{"__uuid__":"2ewB90H9JH1JSJSddOIvdl"},"fileId":"e73e9Pt3ZIhK061j7yFvoq"},"_contentSize":{"__type__":"cc.Size","width":1000,"height":150},"_anchorPoint":{"__type__":"cc.Vec2"},"_trs":{"__type__":"TypedArray","ctor":"Float64Array","array":[7491.496,0,0,0,0,0,1,1,1,1]},"_groupIndex":3,"groupIndex":3},{"__type__":"cc.Node","_name":"2","_parent":{"__id__":63},"_components":[{"__type__":"cc.Sprite","node":{"__id__":77},"_materials":[{"__uuid__":"ecpdLyjvZBwrvm+cedCcQy"}],"_spriteFrame":{"__uuid__":"fdFE5R4t5L+6SmLSJgQmLJ"},"_type":2,"_sizeMode":0}],"_prefab":{"__type__":"cc.PrefabInfo","root":{"__id__":1},"asset":{"__uuid__":"2ewB90H9JH1JSJSddOIvdl"},"fileId":"7f5Yu6v4ZI06cBfS5cEuq+"},"_contentSize":{"__type__":"cc.Size","width":370,"height":38},"_trs":{"__type__":"TypedArray","ctor":"Float64Array","array":[1986.712,129.896,0,0,0,0.7071067811865475,0.7071067811865476,0.7,0.7,1]},"_eulerAngles":{"__type__":"cc.Vec3","z":90}},{"__type__":"cc.Node","_name":"2","_parent":{"__id__":63},"_components":[{"__type__":"cc.Sprite","node":{"__id__":78},"_materials":[{"__uuid__":"ecpdLyjvZBwrvm+cedCcQy"}],"_spriteFrame":{"__uuid__":"fdFE5R4t5L+6SmLSJgQmLJ"},"_type":2,"_sizeMode":0}],"_prefab":{"__type__":"cc.PrefabInfo","root":{"__id__":1},"asset":{"__uuid__":"2ewB90H9JH1JSJSddOIvdl"},"fileId":"d56V6/UElLCq5wZ3AINBGM"},"_contentSize":{"__type__":"cc.Size","width":370,"height":38},"_anchorPoint":{"__type__":"cc.Vec2","y":0.5},"_trs":{"__type__":"TypedArray","ctor":"Float64Array","array":[2862.624,-0.251,0,0,0,0.7071067811865475,0.7071067811865476,0.7,0.7,1]},"_eulerAngles":{"__type__":"cc.Vec3","z":90}},{"__type__":"cc.Node","_name":"2","_parent":{"__id__":63},"_components":[{"__type__":"cc.Sprite","node":{"__id__":79},"_materials":[{"__uuid__":"ecpdLyjvZBwrvm+cedCcQy"}],"_spriteFrame":{"__uuid__":"fdFE5R4t5L+6SmLSJgQmLJ"},"_type":2,"_sizeMode":0}],"_prefab":{"__type__":"cc.PrefabInfo","root":{"__id__":1},"asset":{"__uuid__":"2ewB90H9JH1JSJSddOIvdl"},"fileId":"0eD96eMDtI17qwrpZV+9e1"},"_contentSize":{"__type__":"cc.Size","width":1430,"height":38},"_anchorPoint":{"__type__":"cc.Vec2","y":0.5},"_trs":{"__type__":"TypedArray","ctor":"Float64Array","array":[2848.99,246.383,0,0,0,0,1,0.7,0.7,1]}},{"__type__":"cc.Node","_name":"2","_parent":{"__id__":63},"_components":[{"__type__":"cc.Sprite","node":{"__id__":80},"_materials":[{"__uuid__":"ecpdLyjvZBwrvm+cedCcQy"}],"_spriteFrame":{"__uuid__":"fdFE5R4t5L+6SmLSJgQmLJ"},"_type":2,"_sizeMode":0}],"_prefab":{"__type__":"cc.PrefabInfo","root":{"__id__":1},"asset":{"__uuid__":"2ewB90H9JH1JSJSddOIvdl"},"fileId":"4fEBuMOmhHpLgRipI9Yyn2"},"_contentSize":{"__type__":"cc.Size","width":370,"height":38},"_anchorPoint":{"__type__":"cc.Vec2","y":0.5},"_trs":{"__type__":"TypedArray","ctor":"Float64Array","array":[3836.351,-0.251,0,0,0,0.7071067811865475,0.7071067811865476,0.7,0.7,1]},"_eulerAngles":{"__type__":"cc.Vec3","z":90}},{"__type__":"cc.Node","_name":"2","_parent":{"__id__":63},"_components":[{"__type__":"cc.Sprite","node":{"__id__":81},"_materials":[{"__uuid__":"ecpdLyjvZBwrvm+cedCcQy"}],"_spriteFrame":{"__uuid__":"fdFE5R4t5L+6SmLSJgQmLJ"},"_type":2,"_sizeMode":0}],"_prefab":{"__type__":"cc.PrefabInfo","root":{"__id__":1},"asset":{"__uuid__":"2ewB90H9JH1JSJSddOIvdl"},"fileId":"632HcR5XNCuIqY16G4/euE"},"_contentSize":{"__type__":"cc.Size","width":1430,"height":38},"_anchorPoint":{"__type__":"cc.Vec2","y":0.5},"_trs":{"__type__":"TypedArray","ctor":"Float64Array","array":[2848.99,13.093,0,0,0,0,1,0.7,0.7,1]}},{"__type__":"cc.Node","_name":"2","_parent":{"__id__":63},"_components":[{"__type__":"cc.Sprite","node":{"__id__":82},"_materials":[{"__uuid__":"ecpdLyjvZBwrvm+cedCcQy"}],"_spriteFrame":{"__uuid__":"fdFE5R4t5L+6SmLSJgQmLJ"},"_type":2,"_sizeMode":0}],"_prefab":{"__type__":"cc.PrefabInfo","root":{"__id__":1},"asset":{"__uuid__":"2ewB90H9JH1JSJSddOIvdl"},"fileId":"a56Pxfwg9He5N6xGrlpqdN"},"_contentSize":{"__type__":"cc.Size","width":430,"height":38},"_anchorPoint":{"__type__":"cc.Vec2","y":0.5},"_trs":{"__type__":"TypedArray","ctor":"Float64Array","array":[4134.26,-0.251,0,0,0,0.7071067811865475,0.7071067811865476,0.7,0.7,1]},"_eulerAngles":{"__type__":"cc.Vec3","z":90}},{"__type__":"cc.Node","_name":"2","_parent":{"__id__":63},"_components":[{"__type__":"cc.Sprite","node":{"__id__":83},"_materials":[{"__uuid__":"ecpdLyjvZBwrvm+cedCcQy"}],"_spriteFrame":{"__uuid__":"fdFE5R4t5L+6SmLSJgQmLJ"},"_type":2,"_sizeMode":0}],"_prefab":{"__type__":"cc.PrefabInfo","root":{"__id__":1},"asset":{"__uuid__":"2ewB90H9JH1JSJSddOIvdl"},"fileId":"266n7rKy9Ki5K56fB7tvu1"},"_contentSize":{"__type__":"cc.Size","width":710,"height":38},"_anchorPoint":{"__type__":"cc.Vec2","y":0.5},"_trs":{"__type__":"TypedArray","ctor":"Float64Array","array":[4121.263,287.234,0,0,0,0,1,0.7,0.7,1]}},{"__type__":"cc.Node","_name":"2","_parent":{"__id__":63},"_components":[{"__type__":"cc.Sprite","node":{"__id__":84},"_materials":[{"__uuid__":"ecpdLyjvZBwrvm+cedCcQy"}],"_spriteFrame":{"__uuid__":"fdFE5R4t5L+6SmLSJgQmLJ"},"_type":2,"_sizeMode":0}],"_prefab":{"__type__":"cc.PrefabInfo","root":{"__id__":1},"asset":{"__uuid__":"2ewB90H9JH1JSJSddOIvdl"},"fileId":"a1Mzmh5IpOcrbSccukrLeA"},"_contentSize":{"__type__":"cc.Size","width":180,"height":38},"_anchorPoint":{"__type__":"cc.Vec2","y":0.5},"_trs":{"__type__":"TypedArray","ctor":"Float64Array","array":[4631.152,273.782,0,0,0,0.7071067811865475,0.7071067811865476,0.7,0.7,1]},"_eulerAngles":{"__type__":"cc.Vec3","z":90}},{"__type__":"cc.Node","_name":"2","_parent":{"__id__":63},"_components":[{"__type__":"cc.Sprite","node":{"__id__":85},"_materials":[{"__uuid__":"ecpdLyjvZBwrvm+cedCcQy"}],"_spriteFrame":{"__uuid__":"fdFE5R4t5L+6SmLSJgQmLJ"},"_type":2,"_sizeMode":0}],"_prefab":{"__type__":"cc.PrefabInfo","root":{"__id__":1},"asset":{"__uuid__":"2ewB90H9JH1JSJSddOIvdl"},"fileId":"8eJs0Lsw1H54KimL/rhjN2"},"_contentSize":{"__type__":"cc.Size","width":1000,"height":38},"_anchorPoint":{"__type__":"cc.Vec2","y":0.5},"_trs":{"__type__":"TypedArray","ctor":"Float64Array","array":[4618,386.672,0,0,0,0,1,0.7,0.7,1]}},{"__type__":"cc.Node","_name":"2","_parent":{"__id__":63},"_components":[{"__type__":"cc.Sprite","node":{"__id__":86},"_materials":[{"__uuid__":"ecpdLyjvZBwrvm+cedCcQy"}],"_spriteFrame":{"__uuid__":"fdFE5R4t5L+6SmLSJgQmLJ"},"_type":2,"_sizeMode":0}],"_prefab":{"__type__":"cc.PrefabInfo","root":{"__id__":1},"asset":{"__uuid__":"2ewB90H9JH1JSJSddOIvdl"},"fileId":"34hhk6tzNBi7GM1dImZ3zo"},"_contentSize":{"__type__":"cc.Size","width":180,"height":38},"_anchorPoint":{"__type__":"cc.Vec2","y":0.5},"_trs":{"__type__":"TypedArray","ctor":"Float64Array","array":[5304.466,273.782,0,0,0,0.7071067811865475,0.7071067811865476,0.7,0.7,1]},"_eulerAngles":{"__type__":"cc.Vec3","z":90}},{"__type__":"cc.Node","_name":"2","_parent":{"__id__":63},"_components":[{"__type__":"cc.Sprite","node":{"__id__":87},"_materials":[{"__uuid__":"ecpdLyjvZBwrvm+cedCcQy"}],"_spriteFrame":{"__uuid__":"fdFE5R4t5L+6SmLSJgQmLJ"},"_type":2,"_sizeMode":0}],"_prefab":{"__type__":"cc.PrefabInfo","root":{"__id__":1},"asset":{"__uuid__":"2ewB90H9JH1JSJSddOIvdl"},"fileId":"dbI7YeA5tOqZQYLf7zIgSK"},"_contentSize":{"__type__":"cc.Size","width":1465,"height":38},"_anchorPoint":{"__type__":"cc.Vec2","y":0.5},"_trs":{"__type__":"TypedArray","ctor":"Float64Array","array":[5291.466,287.234,0,0,0,0,1,0.7,0.7,1]}},{"__type__":"cc.Node","_name":"2","_parent":{"__id__":63},"_components":[{"__type__":"cc.Sprite","node":{"__id__":88},"_materials":[{"__uuid__":"ecpdLyjvZBwrvm+cedCcQy"}],"_spriteFrame":{"__uuid__":"fdFE5R4t5L+6SmLSJgQmLJ"},"_type":2,"_sizeMode":0}],"_prefab":{"__type__":"cc.PrefabInfo","root":{"__id__":1},"asset":{"__uuid__":"2ewB90H9JH1JSJSddOIvdl"},"fileId":"47uz5W6aRFdq6+6CQsqZ2r"},"_contentSize":{"__type__":"cc.Size","width":400,"height":38},"_anchorPoint":{"__type__":"cc.Vec2","y":0.5},"_trs":{"__type__":"TypedArray","ctor":"Float64Array","array":[6303.618,-0.079,0,0,0,0.7071067811865475,0.7071067811865476,0.7,0.7,1]},"_eulerAngles":{"__type__":"cc.Vec3","z":90}},{"__type__":"cc.Node","_name":"2","_parent":{"__id__":63},"_components":[{"__type__":"cc.Sprite","node":{"__id__":89},"_materials":[{"__uuid__":"ecpdLyjvZBwrvm+cedCcQy"}],"_spriteFrame":{"__uuid__":"fdFE5R4t5L+6SmLSJgQmLJ"},"_type":2,"_sizeMode":0}],"_prefab":{"__type__":"cc.PrefabInfo","root":{"__id__":1},"asset":{"__uuid__":"2ewB90H9JH1JSJSddOIvdl"},"fileId":"fcBes1ZL9NzpUDa5FeNo0S"},"_contentSize":{"__type__":"cc.Size","width":430,"height":38},"_anchorPoint":{"__type__":"cc.Vec2","y":0.5},"_trs":{"__type__":"TypedArray","ctor":"Float64Array","array":[6765.112,-0.079,0,0,0,0.7071067811865475,0.7071067811865476,0.7,0.7,1]},"_eulerAngles":{"__type__":"cc.Vec3","z":90}},{"__type__":"cc.Node","_name":"2","_parent":{"__id__":63},"_components":[{"__type__":"cc.Sprite","node":{"__id__":90},"_materials":[{"__uuid__":"ecpdLyjvZBwrvm+cedCcQy"}],"_spriteFrame":{"__uuid__":"fdFE5R4t5L+6SmLSJgQmLJ"},"_type":2,"_sizeMode":0}],"_prefab":{"__type__":"cc.PrefabInfo","root":{"__id__":1},"asset":{"__uuid__":"2ewB90H9JH1JSJSddOIvdl"},"fileId":"439/XQTehHObiK+a/zepVo"},"_contentSize":{"__type__":"cc.Size","width":1430,"height":38},"_anchorPoint":{"__type__":"cc.Vec2","y":0.5},"_trs":{"__type__":"TypedArray","ctor":"Float64Array","array":[6751.31,287.234,0,0,0,0,1,0.7,0.7,1]}},{"__type__":"cc.Node","_name":"2","_parent":{"__id__":63},"_components":[{"__type__":"cc.Sprite","node":{"__id__":91},"_materials":[{"__uuid__":"ecpdLyjvZBwrvm+cedCcQy"}],"_spriteFrame":{"__uuid__":"fdFE5R4t5L+6SmLSJgQmLJ"},"_type":2,"_sizeMode":0}],"_prefab":{"__type__":"cc.PrefabInfo","root":{"__id__":1},"asset":{"__uuid__":"2ewB90H9JH1JSJSddOIvdl"},"fileId":"e6X1MVfpBH97Vu6YbOzKVE"},"_contentSize":{"__type__":"cc.Size","width":245,"height":38},"_anchorPoint":{"__type__":"cc.Vec2","y":0.5},"_trs":{"__type__":"TypedArray","ctor":"Float64Array","array":[7738.407,128.656,0,0,0,0.7071067811865475,0.7071067811865476,0.7,0.7,1]},"_eulerAngles":{"__type__":"cc.Vec3","z":90}},{"__type__":"cc.Node","_name":"2","_parent":{"__id__":63},"_components":[{"__type__":"cc.Sprite","node":{"__id__":92},"_materials":[{"__uuid__":"ecpdLyjvZBwrvm+cedCcQy"}],"_spriteFrame":{"__uuid__":"fdFE5R4t5L+6SmLSJgQmLJ"},"_type":2,"_sizeMode":0}],"_prefab":{"__type__":"cc.PrefabInfo","root":{"__id__":1},"asset":{"__uuid__":"2ewB90H9JH1JSJSddOIvdl"},"fileId":"3c5ClSzB1F8ZMHuGr9FLy1"},"_contentSize":{"__type__":"cc.Size","width":865,"height":38},"_anchorPoint":{"__type__":"cc.Vec2","y":0.5},"_trs":{"__type__":"TypedArray","ctor":"Float64Array","array":[7725.564,136.498,0,0,0,0,1,0.7,0.7,1]}},{"__type__":"cc.Node","_name":"2","_parent":{"__id__":63},"_components":[{"__type__":"cc.Sprite","node":{"__id__":93},"_materials":[{"__uuid__":"ecpdLyjvZBwrvm+cedCcQy"}],"_spriteFrame":{"__uuid__":"fdFE5R4t5L+6SmLSJgQmLJ"},"_type":2,"_sizeMode":0}],"_prefab":{"__type__":"cc.PrefabInfo","root":{"__id__":1},"asset":{"__uuid__":"2ewB90H9JH1JSJSddOIvdl"},"fileId":"0106iT03dIvrMl5sa4Yvfc"},"_contentSize":{"__type__":"cc.Size","width":537,"height":38},"_anchorPoint":{"__type__":"cc.Vec2","y":0.5},"_trs":{"__type__":"TypedArray","ctor":"Float64Array","array":[8344.831,123.731,0,0,0,0.7071067811865475,0.7071067811865476,0.7,0.7,1]},"_eulerAngles":{"__type__":"cc.Vec3","z":90}},{"__type__":"cc.Node","_name":"2","_parent":{"__id__":63},"_components":[{"__type__":"cc.Sprite","node":{"__id__":94},"_materials":[{"__uuid__":"ecpdLyjvZBwrvm+cedCcQy"}],"_spriteFrame":{"__uuid__":"fdFE5R4t5L+6SmLSJgQmLJ"},"_type":2,"_sizeMode":0}],"_prefab":{"__type__":"cc.PrefabInfo","root":{"__id__":1},"asset":{"__uuid__":"2ewB90H9JH1JSJSddOIvdl"},"fileId":"9cztLojPdLuIMWuhy/KRZP"},"_contentSize":{"__type__":"cc.Size","width":1430,"height":38},"_anchorPoint":{"__type__":"cc.Vec2","y":0.5},"_trs":{"__type__":"TypedArray","ctor":"Float64Array","array":[8331.875,486.897,0,0,0,0,1,0.7,0.7,1]}},{"__type__":"cc.Node","_name":"2","_parent":{"__id__":63},"_components":[{"__type__":"cc.Sprite","node":{"__id__":95},"_materials":[{"__uuid__":"ecpdLyjvZBwrvm+cedCcQy"}],"_spriteFrame":{"__uuid__":"fdFE5R4t5L+6SmLSJgQmLJ"},"_type":2,"_sizeMode":0}],"_prefab":{"__type__":"cc.PrefabInfo","root":{"__id__":1},"asset":{"__uuid__":"2ewB90H9JH1JSJSddOIvdl"},"fileId":"57CpClcsJAJLjkakbhT4cG"},"_contentSize":{"__type__":"cc.Size","width":700,"height":38},"_anchorPoint":{"__type__":"cc.Vec2","y":0.5},"_trs":{"__type__":"TypedArray","ctor":"Float64Array","array":[9318.221,-0.037,0,0,0,0.7071067811865475,0.7071067811865476,0.7,0.7,1]},"_eulerAngles":{"__type__":"cc.Vec3","z":90}},{"__type__":"cc.Node","_name":"points","_parent":{"__id__":1},"_children":[{"__type__":"cc.Node","_name":"p1","_parent":{"__id__":96},"_prefab":{"__type__":"cc.PrefabInfo","root":{"__id__":1},"asset":{"__uuid__":"2ewB90H9JH1JSJSddOIvdl"},"fileId":"e0i6UzdsRFQ6KLsgWK/K3W"},"_trs":{"__type__":"TypedArray","ctor":"Float64Array","array":[640,420,0,0,0,0,1,1,1,1]}},{"__type__":"cc.Node","_name":"p1","_parent":{"__id__":96},"_prefab":{"__type__":"cc.PrefabInfo","root":{"__id__":1},"asset":{"__uuid__":"2ewB90H9JH1JSJSddOIvdl"},"fileId":"479aS3nz9JYbZguVLAdhyP"},"_trs":{"__type__":"TypedArray","ctor":"Float64Array","array":[2981.064,420,0,0,0,0,1,1,1,1]}},{"__type__":"cc.Node","_name":"p1","_parent":{"__id__":96},"_prefab":{"__type__":"cc.PrefabInfo","root":{"__id__":1},"asset":{"__uuid__":"2ewB90H9JH1JSJSddOIvdl"},"fileId":"a860SXH1NNBa2uoZT4bd8Q"},"_trs":{"__type__":"TypedArray","ctor":"Float64Array","array":[7469.052,420,0,0,0,0,1,1,1,1]}},{"__type__":"cc.Node","_name":"p1","_parent":{"__id__":96},"_prefab":{"__type__":"cc.PrefabInfo","root":{"__id__":1},"asset":{"__uuid__":"2ewB90H9JH1JSJSddOIvdl"},"fileId":"a60gHqLMJGHLJUsxEhkIQ+"},"_trs":{"__type__":"TypedArray","ctor":"Float64Array","array":[7483.877,375.526,0,0,0,0,1,1,1,1]}},{"__type__":"cc.Node","_name":"p1","_parent":{"__id__":96},"_prefab":{"__type__":"cc.PrefabInfo","root":{"__id__":1},"asset":{"__uuid__":"2ewB90H9JH1JSJSddOIvdl"},"fileId":"1b2nwDCRVGDqtfu4D8Tez6"},"_trs":{"__type__":"TypedArray","ctor":"Float64Array","array":[8000.719,392.06,0,0,0,0,1,1,1,1]}},{"__type__":"cc.Node","_name":"p1","_parent":{"__id__":96},"_prefab":{"__type__":"cc.PrefabInfo","root":{"__id__":1},"asset":{"__uuid__":"2ewB90H9JH1JSJSddOIvdl"},"fileId":"e53UJ/vL9GqomusuNAA7wE"},"_trs":{"__type__":"TypedArray","ctor":"Float64Array","array":[8043.235,662.507,0,0,0,0,1,1,1,1]}}],"_components":[{"__type__":"f6f92o9xoBI1aLPMvQN70M5","node":{"__id__":96}}],"_prefab":{"__type__":"cc.PrefabInfo","root":{"__id__":1},"asset":{"__uuid__":"2ewB90H9JH1JSJSddOIvdl"},"fileId":"256yiDJZxI9ZQA80SEzO/Y"},"_trs":{"__type__":"TypedArray","ctor":"Float64Array","array":[0,0,0,0,0,0,1,1,1,1]}},{"__type__":"cc.Node","_name":"box_box","_parent":{"__id__":1},"_children":[{"__id__":98},{"__id__":99}],"_prefab":{"__type__":"cc.PrefabInfo","root":{"__id__":1},"asset":{"__uuid__":"2ewB90H9JH1JSJSddOIvdl"},"fileId":"618li85o5Ld5jIJdABKHCU"},"_trs":{"__type__":"TypedArray","ctor":"Float64Array","array":[-35.468,35.468,0,0,0,0,1,1,1,1]}},{"__type__":"cc.Node","_name":"dazzle","_parent":{"__id__":97},"_components":[{"__type__":"cc.Sprite","node":{"__id__":98},"_materials":[{"__uuid__":"ecpdLyjvZBwrvm+cedCcQy"}],"_spriteFrame":{"__uuid__":"7dtBpkOKJCOYRMql8o1GeZ"}},{"__type__":"843e4uJ/vROcKYcmAz/qlZ2","node":{"__id__":98}}],"_prefab":{"__type__":"cc.PrefabInfo","root":{"__id__":1},"asset":{"__uuid__":"2ewB90H9JH1JSJSddOIvdl"},"fileId":"669wWILBZAXKGd/aGfyHkv"},"_contentSize":{"__type__":"cc.Size","width":754,"height":776},"_trs":{"__type__":"TypedArray","ctor":"Float64Array","array":[3078.472,281.328,0,0,0,0,1,0.3,0.3,0.3]}},{"__type__":"cc.Node","_name":"box","_parent":{"__id__":97},"_components":[{"__type__":"cc.Sprite","node":{"__id__":99},"_materials":[{"__uuid__":"ecpdLyjvZBwrvm+cedCcQy"}],"_spriteFrame":{"__uuid__":"a1xXzxgtpCIr4CwdhohL1H"},"_sizeMode":0},{"__type__":"cc.RigidBody","node":{"__id__":99},"_type":0},{"__type__":"cc.PhysicsBoxCollider","node":{"__id__":99},"_sensor":true,"_size":{"__type__":"cc.Size","width":355,"height":338}}],"_prefab":{"__type__":"cc.PrefabInfo","root":{"__id__":1},"asset":{"__uuid__":"2ewB90H9JH1JSJSddOIvdl"},"fileId":"ceVyvYdmZOvaxheZqNoMXX"},"_contentSize":{"__type__":"cc.Size","width":355,"height":338},"_trs":{"__type__":"TypedArray","ctor":"Float64Array","array":[3078.472,281.328,0,0,0,0,1,0.3,0.3,0.3]},"_groupIndex":1,"groupIndex":1}],{"__type__":"cc.SpriteFrame","content":{"name":"Pillar_01","texture":"110b18844","rect":[584,812,132,423],"offset":[0,0.5],"originalSize":[132,424],"rotated":1,"capInsets":[0,0,0,0]}},{"__type__":"cc.SpriteFrame","content":{"name":"Branch_02","texture":"113252041","rect":[640,472,340,21],"offset":[0,-0.5],"originalSize":[340,22],"capInsets":[0,0,0,0]}},{"__type__":"cc.SpriteFrame","content":{"name":"fill map 1","texture":"60cRc1qedPIaOD/FOZqzlm","rect":[1407,3,512,512],"offset":[0,0],"originalSize":[512,512],"capInsets":[0,0,0,0]}},{"__type__":"cc.SpriteFrame","content":{"name":"coin_new","texture":"110b18844","rect":[3,622,64,64],"offset":[0,0],"originalSize":[64,64],"capInsets":[0,0,0,0]}},{"__type__":"cc.SpriteFrame","content":{"name":"图层 61","texture":"b2MScKwz9BT4kInk3E86Db","rect":[0,0,754,776],"offset":[0,0],"originalSize":[754,776],"capInsets":[0,0,0,0]}},{"__type__":"cc.SpriteFrame","content":{"name":"Rotating_Star","texture":"113252041","rect":[853,783,156,156],"offset":[0,0],"originalSize":[156,156],"capInsets":[0,0,0,0]}},{"__type__":"cc.SpriteFrame","content":{"name":"skin1_2","texture":"186d6527b","rect":[243,850,100,100],"offset":[0,0],"originalSize":[128,128],"capInsets":[0,0,0,0]}},{"__type__":"cc.SpriteFrame","content":{"name":"关卡指示牌-3","texture":"fbYisHukRK/6SWZSDpYXxb","rect":[71,108,302,322],"offset":[0,-5],"originalSize":[444,528],"capInsets":[0,0,0,0]}},{"__type__":"cc.SpriteFrame","content":{"name":"开宝箱","texture":"05dkSnzCFDJrxhCggIvceP","rect":[66,57,265,236],"offset":[-1.5,-8],"originalSize":[400,334],"capInsets":[0,0,0,0]}},{"__type__":"cc.SpriteFrame","content":{"name":"normal3","texture":"40e7mc9GtLcqq6i0M7DIwi","rect":[0,0,256,256],"offset":[0,0],"originalSize":[256,256],"capInsets":[0,0,0,0]}},{"__type__":"cc.SpriteFrame","content":{"name":"smoke1","texture":"baKp5FfjhBbIbSFV/OlgiN","rect":[1,2,62,60],"offset":[0,0],"originalSize":[64,64],"capInsets":[0,0,0,0]}},{"__type__":"cc.SpriteFrame","content":{"name":"Level_14w_04","texture":"15f20cb8d","rect":[158,3,943,19],"offset":[0,-0.5],"originalSize":[943,20],"rotated":1,"capInsets":[0,0,0,0]}},{"__type__":"cc.SpriteFrame","content":{"name":"关卡指示牌-2","texture":"ceRftKe3JCbYEQW9th2i14","rect":[71,108,302,322],"offset":[0,-5],"originalSize":[444,528],"capInsets":[0,0,0,0]}},{"__type__":"cc.SpriteFrame","content":{"name":"Corde_02","texture":"edNgiuRrxCWLoWmjKlRrjb","rect":[0,0,706,226],"offset":[0,0],"originalSize":[706,226],"capInsets":[0,0,0,0]}},{"__type__":"cc.SpriteFrame","content":{"name":"flag_0","texture":"1e1fca5a7","rect":[290,745,273,192],"offset":[0,0],"originalSize":[273,192],"rotated":1,"capInsets":[0,0,0,0]}},{"__type__":"cc.SpriteFrame","content":{"name":"Square_enemy","texture":"166c691fb","rect":[196,265,126,128],"offset":[0,0],"originalSize":[128,128],"capInsets":[0,0,0,0]}},{"__type__":"cc.SpriteFrame","content":{"name":"地皮-皮(1)","texture":"863YkRmSFNyb4H8L0NG8Iy","rect":[0,0,522,44],"offset":[0,0],"originalSize":[522,44],"capInsets":[0,0,0,0]}}]