[1,["9fbu/NzJBBxqET7PYBs1a7@6c48a"],0,[["sp.SkeletonData",["_name","_atlasText","textureNames","_skeletonJson","textures"],-1,3]],[[0,0,1,2,3,4,5]],[[0,"Sound_2_Purple","\r\nSound_2_Purple.png\r\nsize: 1044, 694\r\nformat: RGBA8888\r\nfilter: Linear, Linear\r\nrepeat: none\r\n1\r\n  rotate: true\r\n  xy: 2, 521\r\n  size: 171, 256\r\n  orig: 171, 267\r\n  offset: 0, 4\r\n  index: -1\r\n10\r\n  rotate: true\r\n  xy: 260, 521\r\n  size: 171, 264\r\n  orig: 171, 268\r\n  offset: 0, 4\r\n  index: -1\r\n11\r\n  rotate: true\r\n  xy: 526, 521\r\n  size: 171, 254\r\n  orig: 171, 267\r\n  offset: 0, 4\r\n  index: -1\r\n12\r\n  rotate: true\r\n  xy: 782, 521\r\n  size: 171, 260\r\n  orig: 171, 267\r\n  offset: 0, 4\r\n  index: -1\r\n13\r\n  rotate: true\r\n  xy: 2, 348\r\n  size: 171, 256\r\n  orig: 171, 267\r\n  offset: 0, 4\r\n  index: -1\r\n14\r\n  rotate: true\r\n  xy: 260, 348\r\n  size: 171, 259\r\n  orig: 171, 267\r\n  offset: 0, 4\r\n  index: -1\r\n15\r\n  rotate: true\r\n  xy: 521, 348\r\n  size: 171, 259\r\n  orig: 171, 267\r\n  offset: 0, 4\r\n  index: -1\r\n16\r\n  rotate: true\r\n  xy: 782, 348\r\n  size: 171, 254\r\n  orig: 171, 267\r\n  offset: 0, 4\r\n  index: -1\r\n2\r\n  rotate: true\r\n  xy: 2, 175\r\n  size: 171, 259\r\n  orig: 171, 267\r\n  offset: 0, 4\r\n  index: -1\r\n3\r\n  rotate: true\r\n  xy: 263, 175\r\n  size: 171, 256\r\n  orig: 171, 267\r\n  offset: 0, 4\r\n  index: -1\r\n4\r\n  rotate: true\r\n  xy: 521, 175\r\n  size: 171, 259\r\n  orig: 171, 267\r\n  offset: 0, 4\r\n  index: -1\r\n5\r\n  rotate: true\r\n  xy: 782, 175\r\n  size: 171, 260\r\n  orig: 171, 267\r\n  offset: 0, 4\r\n  index: -1\r\n6\r\n  rotate: true\r\n  xy: 2, 2\r\n  size: 171, 259\r\n  orig: 171, 267\r\n  offset: 0, 4\r\n  index: -1\r\n7\r\n  rotate: true\r\n  xy: 263, 2\r\n  size: 171, 256\r\n  orig: 171, 267\r\n  offset: 0, 4\r\n  index: -1\r\n8\r\n  rotate: true\r\n  xy: 521, 2\r\n  size: 171, 256\r\n  orig: 171, 267\r\n  offset: 0, 4\r\n  index: -1\r\n9\r\n  rotate: true\r\n  xy: 779, 2\r\n  size: 171, 254\r\n  orig: 171, 267\r\n  offset: 0, 4\r\n  index: -1\r\n",["Sound_2_Purple.png"],{"skeleton":{"hash":"AIg4BKbSezc","spine":"3.8-from-4.0-from-4.1-from-4.2.38","images":"C:\\Users\\006\\Desktop\\222","audio":"./audio"},"bones":[{"name":"root"}],"slots":[{"name":"7","bone":"root","attachment":"7"},{"name":"1","bone":"root"},{"name":"2","bone":"root"},{"name":"3","bone":"root"},{"name":"4","bone":"root"},{"name":"5","bone":"root"},{"name":"6","bone":"root"},{"name":"8","bone":"root"},{"name":"9","bone":"root"},{"name":"10","bone":"root"},{"name":"11","bone":"root"},{"name":"12","bone":"root"},{"name":"13","bone":"root"},{"name":"14","bone":"root"},{"name":"15","bone":"root"},{"name":"16","bone":"root"}],"skins":[{"name":"default","attachments":{"1":{"1":{"x":-7.52,"y":129.7,"width":171,"height":267}},"2":{"2":{"x":-7.7,"y":129.95,"width":171,"height":267}},"3":{"3":{"x":-7.54,"y":129.78,"width":171,"height":267}},"4":{"4":{"x":-7.31,"y":129.83,"width":171,"height":267}},"5":{"5":{"x":-7.65,"y":129.43,"width":171,"height":267}},"6":{"6":{"x":-7.54,"y":129.55,"width":171,"height":267}},"7":{"7":{"x":-7.21,"y":129.64,"width":171,"height":267}},"8":{"8":{"x":-7.2,"y":129.43,"width":171,"height":267}},"9":{"9":{"x":-10.66,"y":129.48,"width":171,"height":267}},"10":{"10":{"x":-7.54,"y":129.5,"width":171,"height":268}},"11":{"11":{"x":-10.53,"y":128.97,"width":171,"height":267}},"12":{"12":{"x":-7.42,"y":128.67,"width":171,"height":267}},"13":{"13":{"x":-7.56,"y":128.05,"width":171,"height":267}},"14":{"14":{"x":-7.6,"y":127.96,"width":171,"height":267}},"15":{"15":{"x":-5.72,"y":128.28,"width":171,"height":267}},"16":{"16":{"x":-7.77,"y":128.4,"width":171,"height":267}}}}],"animations":{"Sound_1":{"slots":{"2":{"attachment":[{"time":4,"name":"2"},{"time":4.1667,"name":null},{"time":4.3,"name":"2"},{"time":4.4667,"name":null}]},"3":{"attachment":[{"time":2.4,"name":"3"},{"time":2.5667,"name":null}]},"4":{"attachment":[{"time":4.6333,"name":"4"},{"time":4.8,"name":null}]},"5":{"attachment":[{"time":3.6667,"name":"5"},{"time":3.8333,"name":null}]},"7":{"attachment":[{"time":0.8,"name":null},{"time":0.9667,"name":"7"},{"time":1.6,"name":null},{"time":1.7667,"name":"7"},{"time":2.0667,"name":null},{"time":2.2333,"name":"7"},{"time":2.4,"name":null},{"time":4.8,"name":"7"}]},"8":{"attachment":[{"time":0.8,"name":"8"},{"time":0.9667,"name":null},{"time":1.6,"name":"8"},{"time":1.7667,"name":null},{"time":2.0667,"name":"8"},{"time":2.2333,"name":null}]},"9":{"attachment":[{"time":3.0333,"name":"9"},{"time":3.2,"name":null},{"time":3.3667,"name":"9"},{"time":3.5,"name":null},{"time":3.8333,"name":"9"},{"time":4,"name":null}]},"10":{"attachment":[{"time":3.5,"name":"10"},{"time":3.6667,"name":null}]},"12":{"attachment":[{"time":2.5667,"name":"12"},{"time":2.7333,"name":null}]},"14":{"attachment":[{"time":2.8667,"name":"14"},{"time":3.0333,"name":null}]},"15":{"attachment":[{"time":2.7333,"name":"15"},{"time":2.8667,"name":null},{"time":3.2,"name":"15"},{"time":3.3667,"name":null},{"time":4.1667,"name":"15"},{"time":4.3,"name":null}]},"16":{"attachment":[{"time":4.4667,"name":"16"},{"time":4.6333,"name":null}]}}},"Sound_2":{"slots":{"1":{"attachment":[{"time":0.9667,"name":"1"},{"time":1.6,"name":null}]},"2":{"attachment":[{"time":4,"name":"2"},{"time":4.1667,"name":null},{"time":4.3,"name":"2"},{"time":4.4667,"name":null}]},"3":{"attachment":[{"time":2.4,"name":"3"},{"time":2.5667,"name":null}]},"4":{"attachment":[{"time":4.6333,"name":"4"},{"time":4.8,"name":null}]},"5":{"attachment":[{"time":3.6667,"name":"5"},{"time":3.8333,"name":null}]},"7":{"attachment":[{"time":0.8,"name":null},{"time":1.7667,"name":"7"},{"time":2.0667,"name":null},{"time":2.2333,"name":"7"},{"time":2.4,"name":null},{"time":4.8,"name":"7"}]},"8":{"attachment":[{"time":0.8,"name":"8"},{"time":0.9667,"name":null},{"time":1.6,"name":"8"},{"time":1.7667,"name":null},{"time":2.0667,"name":"8"},{"time":2.2333,"name":null}]},"9":{"attachment":[{"time":3.0333,"name":"9"},{"time":3.2,"name":null},{"time":3.3667,"name":"9"},{"time":3.5,"name":null},{"time":3.8333,"name":"9"},{"time":4,"name":null}]},"10":{"attachment":[{"time":3.5,"name":"10"},{"time":3.6667,"name":null}]},"12":{"attachment":[{"time":2.5667,"name":"12"},{"time":2.7333,"name":null}]},"14":{"attachment":[{"time":2.8667,"name":"14"},{"time":3.0333,"name":null}]},"15":{"attachment":[{"time":2.7333,"name":"15"},{"time":2.8667,"name":null},{"time":3.2,"name":"15"},{"time":3.3667,"name":null},{"time":4.1667,"name":"15"},{"time":4.3,"name":null}]},"16":{"attachment":[{"time":4.4667,"name":"16"},{"time":4.6333,"name":null}]}}}}},[0]]],0,0,[0],[-1],[0]]
