[1,["9d5fZbbNhIPLiSMlWIqQv8@6c48a"],0,[["sp.SkeletonData",["_name","_atlasText","textureNames","_skeletonJson","textures"],-1,3]],[[0,0,1,2,3,4,5]],[[0,"Sound_1_Mint","\r\nSound_1_Mint.png\r\nsize: 1828, 304\r\nformat: RGBA8888\r\nfilter: Linear, Linear\r\nrepeat: none\r\n0\r\n  rotate: false\r\n  xy: 2, 2\r\n  size: 164, 300\r\n  orig: 164, 300\r\n  offset: 0, 0\r\n  index: -1\r\n1\r\n  rotate: false\r\n  xy: 1496, 3\r\n  size: 164, 299\r\n  orig: 164, 299\r\n  offset: 0, 0\r\n  index: -1\r\n10\r\n  rotate: false\r\n  xy: 168, 2\r\n  size: 164, 300\r\n  orig: 164, 300\r\n  offset: 0, 0\r\n  index: -1\r\n2\r\n  rotate: false\r\n  xy: 1662, 7\r\n  size: 164, 295\r\n  orig: 164, 295\r\n  offset: 0, 0\r\n  index: -1\r\n3\r\n  rotate: false\r\n  xy: 334, 2\r\n  size: 164, 300\r\n  orig: 164, 300\r\n  offset: 0, 0\r\n  index: -1\r\n4\r\n  rotate: false\r\n  xy: 500, 2\r\n  size: 164, 300\r\n  orig: 164, 300\r\n  offset: 0, 0\r\n  index: -1\r\n5\r\n  rotate: false\r\n  xy: 666, 2\r\n  size: 164, 300\r\n  orig: 164, 300\r\n  offset: 0, 0\r\n  index: -1\r\n6\r\n  rotate: false\r\n  xy: 832, 2\r\n  size: 164, 300\r\n  orig: 164, 300\r\n  offset: 0, 0\r\n  index: -1\r\n7\r\n  rotate: false\r\n  xy: 998, 2\r\n  size: 164, 300\r\n  orig: 164, 300\r\n  offset: 0, 0\r\n  index: -1\r\n8\r\n  rotate: false\r\n  xy: 1164, 2\r\n  size: 164, 300\r\n  orig: 164, 300\r\n  offset: 0, 0\r\n  index: -1\r\n9\r\n  rotate: false\r\n  xy: 1330, 2\r\n  size: 164, 300\r\n  orig: 164, 300\r\n  offset: 0, 0\r\n  index: -1\r\n",["Sound_1_Mint.png"],{"skeleton":{"hash":"vY8/e/kTcSk","spine":"3.8-from-4.0-from-4.1-from-4.2.38","x":-63.92,"y":-0.75,"width":164,"height":300,"images":"C:\\Users\\006\\Desktop\\222","audio":"./audio"},"bones":[{"name":"root"},{"name":"bone","parent":"root","x":-0.71,"y":-32.19}],"slots":[{"name":"0","bone":"bone","attachment":"0"},{"name":"1","bone":"bone"},{"name":"2","bone":"bone"},{"name":"3","bone":"bone"},{"name":"4","bone":"bone"},{"name":"5","bone":"bone"},{"name":"6","bone":"bone"},{"name":"7","bone":"bone"},{"name":"8","bone":"bone"},{"name":"9","bone":"bone"},{"name":"10","bone":"bone"}],"skins":[{"name":"default","attachments":{"0":{"0":{"x":18.79,"y":181.44,"width":164,"height":300}},"1":{"1":{"x":18.07,"y":180.71,"width":164,"height":299}},"2":{"2":{"x":17.34,"y":179.25,"width":164,"height":295}},"3":{"3":{"x":19.15,"y":182.35,"width":164,"height":300}},"4":{"4":{"x":19.52,"y":181.81,"width":164,"height":300}},"5":{"5":{"x":19.15,"y":182.07,"width":164,"height":300}},"6":{"6":{"x":19.15,"y":182.17,"width":164,"height":300}},"7":{"7":{"x":19.15,"y":182.52,"width":164,"height":300}},"8":{"8":{"x":18.79,"y":181.45,"width":164,"height":300}},"9":{"9":{"x":19.52,"y":182,"width":164,"height":300}},"10":{"10":{"x":19.52,"y":183.46,"width":164,"height":300}}}}],"animations":{"Sound_1":{"slots":{"0":{"attachment":[{"time":0.1333,"name":null},{"time":2.7667,"name":"0"},{"time":4.8,"name":"0"}]},"1":{"attachment":[{"time":0.1333,"name":"1"},{"time":0.3,"name":null}]},"2":{"attachment":[{"time":0.3,"name":"2"},{"time":0.4333,"name":null}]},"3":{"attachment":[{"time":2.6,"name":"3"},{"time":2.7667,"name":null}]},"4":{"attachment":[{"time":0.4333,"name":"4"},{"time":2.6,"name":null}]}}},"Sound_2":{"slots":{"0":{"attachment":[{"time":3.7333,"name":null}]},"5":{"attachment":[{"time":3.7333,"name":"5"},{"time":3.9333,"name":null}]},"6":{"attachment":[{"time":3.9333,"name":"6"},{"time":4.3,"name":null}]},"8":{"attachment":[{"time":4.3,"name":"8"},{"time":4.5,"name":null}]},"9":{"attachment":[{"time":4.5,"name":"9"},{"time":4.6667,"name":null}]},"10":{"attachment":[{"time":4.6667,"name":"10"},{"time":4.8,"name":"10"}]}}}}},[0]]],0,0,[0],[-1],[0]]
