[1,["b3qmJ0wBZHi7JNCb9tupqA@6c48a"],0,[["sp.SkeletonData",["_name","_atlasText","textureNames","_skeletonJson","textures"],-1,3]],[[0,0,1,2,3,4,5]],[[0,"Sound_S_Navi","\r\nSound_S_Navi.png\r\nsize: 788, 312\r\nformat: RGBA8888\r\nfilter: Linear, Linear\r\nrepeat: none\r\n1\r\n  rotate: true\r\n  xy: 2, 157\r\n  size: 153, 260\r\n  orig: 153, 260\r\n  offset: 0, 0\r\n  index: -1\r\n2\r\n  rotate: true\r\n  xy: 264, 157\r\n  size: 153, 257\r\n  orig: 153, 257\r\n  offset: 0, 0\r\n  index: -1\r\n3\r\n  rotate: true\r\n  xy: 523, 157\r\n  size: 153, 263\r\n  orig: 153, 263\r\n  offset: 0, 0\r\n  index: -1\r\n4\r\n  rotate: true\r\n  xy: 2, 2\r\n  size: 153, 258\r\n  orig: 153, 258\r\n  offset: 0, 0\r\n  index: -1\r\n5\r\n  rotate: true\r\n  xy: 262, 2\r\n  size: 153, 258\r\n  orig: 153, 258\r\n  offset: 0, 0\r\n  index: -1\r\n6\r\n  rotate: true\r\n  xy: 522, 2\r\n  size: 153, 261\r\n  orig: 153, 261\r\n  offset: 0, 0\r\n  index: -1\r\n",["Sound_S_Navi.png"],{"skeleton":{"hash":"hUWe9uSuISU","spine":"3.8-from-4.0-from-4.1-from-4.2.37","x":-72.86,"y":-0.7,"width":153,"height":257,"images":"C:\\Users\\006\\Desktop\\111","audio":"./audio"},"bones":[{"name":"root"},{"name":"bone","parent":"root","x":1.71,"y":-25.31}],"slots":[{"name":"1","bone":"bone"},{"name":"2","bone":"bone","attachment":"2"},{"name":"3","bone":"bone"},{"name":"4","bone":"bone"},{"name":"5","bone":"bone"},{"name":"6","bone":"bone"}],"skins":[{"name":"default","attachments":{"1":{"1":{"x":1.93,"y":154.45,"width":153,"height":260}},"2":{"2":{"x":1.93,"y":153.11,"width":153,"height":257}},"3":{"3":{"x":1.93,"y":156.12,"width":153,"height":263}},"4":{"4":{"x":1.93,"y":153.44,"width":153,"height":258}},"5":{"5":{"x":1.93,"y":154.11,"width":153,"height":258}},"6":{"6":{"x":1.93,"y":155.45,"width":153,"height":261}}}}],"animations":{"Sound_1":{"slots":{"2":{"attachment":[{"name":null},{"time":0.3,"name":"2"},{"time":0.5667,"name":null},{"time":2.1333,"name":"2"},{"time":2.3667,"name":null},{"time":4,"name":"2"},{"time":4.2333,"name":null},{"time":5.8667,"name":"2"},{"time":6.1,"name":null}]},"3":{"attachment":[{"time":1.1667,"name":"3"},{"time":1.4667,"name":null},{"time":2.8667,"name":"3"},{"time":3.1667,"name":null},{"time":4.7333,"name":"3"},{"time":5.0333,"name":null},{"time":6.6,"name":"3"},{"time":6.9,"name":null}]},"4":{"attachment":[{"time":0.5667,"name":"4"},{"time":0.8667,"name":null},{"time":2.3667,"name":"4"},{"time":2.6333,"name":null},{"time":4.2333,"name":"4"},{"time":4.5,"name":null},{"time":6.1,"name":"4"},{"time":6.3667,"name":null}]},"5":{"attachment":[{"name":"5"},{"time":0.3,"name":null},{"time":1.4667,"name":"5"},{"time":2.1333,"name":null},{"time":3.1667,"name":"5"},{"time":4,"name":null},{"time":5.0333,"name":"5"},{"time":5.8667,"name":null},{"time":6.9,"name":"5"}]},"6":{"attachment":[{"time":0.8667,"name":"6"},{"time":1.1667,"name":null},{"time":2.6333,"name":"6"},{"time":2.8667,"name":null},{"time":4.5,"name":"6"},{"time":4.7333,"name":null},{"time":6.3667,"name":"6"},{"time":6.6,"name":null}]}}},"Sound_2":{"slots":{"2":{"attachment":[{"name":null},{"time":0.3,"name":"2"},{"time":0.5667,"name":null},{"time":2.1333,"name":"2"},{"time":2.3667,"name":null},{"time":4,"name":"2"},{"time":4.2333,"name":null},{"time":5.8667,"name":"2"},{"time":6.1,"name":null}]},"3":{"attachment":[{"time":1.1667,"name":"3"},{"time":1.4667,"name":null},{"time":2.8667,"name":"3"},{"time":3.1667,"name":null},{"time":4.7333,"name":"3"},{"time":5.0333,"name":null},{"time":6.6,"name":"3"},{"time":6.9,"name":null}]},"4":{"attachment":[{"time":0.5667,"name":"4"},{"time":0.8667,"name":null},{"time":2.3667,"name":"4"},{"time":2.6333,"name":null},{"time":4.2333,"name":"4"},{"time":4.5,"name":null},{"time":6.1,"name":"4"},{"time":6.3667,"name":null}]},"5":{"attachment":[{"name":"5"},{"time":0.3,"name":null},{"time":1.4667,"name":"5"},{"time":2.1333,"name":null},{"time":3.1667,"name":"5"},{"time":4,"name":null},{"time":5.0333,"name":"5"},{"time":5.8667,"name":null},{"time":6.9,"name":"5"}]},"6":{"attachment":[{"time":0.8667,"name":"6"},{"time":1.1667,"name":null},{"time":2.6333,"name":"6"},{"time":2.8667,"name":null},{"time":4.5,"name":"6"},{"time":4.7333,"name":null},{"time":6.3667,"name":"6"},{"time":6.6,"name":null}]}}}}},[0]]],0,0,[0],[-1],[0]]
