[[{"__type__":"cc.Prefab","_name":"redball-7","data":{"__id__":1}},{"__type__":"cc.Node","_name":"redball","_components":[{"__type__":"cc.Sprite","_name":"redball<Sprite>","node":{"__id__":1},"_materials":[{"__uuid__":"ecpdLyjvZBwrvm+cedCcQy"}],"_spriteFrame":{"__uuid__":"a0EL6xACZITL7jwJk0MQL/"},"_sizeMode":0},{"__type__":"cc.RigidBody","node":{"__id__":1},"_allowSleep":false,"_gravityScale":4,"_linearDamping":2.5,"_angularDamping":0.2,"enabledContactListener":true},{"__type__":"cc.PhysicsCircleCollider","node":{"__id__":1},"tag":1,"_density":2,"_friction":0.3,"_offset":{"__type__":"cc.Vec2","x":0.2,"y":-1.5},"_radius":36},{"__type__":"dfa8blogb5HLonvKfid+4Lr","node":{"__id__":1},"dead_effect":{"__uuid__":"b83SG/oxpMbZ/bRF36oVqI"},"block":{"__uuid__":"d5PC5HPfFDCJHr0LiXcNBs"},"move_force":12600,"jump_force":1000},{"__type__":"cc.Animation","node":{"__id__":1},"_defaultClip":{"__uuid__":"9bqbs2bHZM3qGi9PVGPTiR"},"_clips":[{"__uuid__":"9bqbs2bHZM3qGi9PVGPTiR"}]}],"_prefab":{"__type__":"cc.PrefabInfo","root":{"__id__":1},"asset":{"__uuid__":"0clIZhLRRJ+I9vOrVe2SUE"},"fileId":"a8aHD+xuhO+KmsK9U2he6U"},"_contentSize":{"__type__":"cc.Size","width":80,"height":80},"_trs":{"__type__":"TypedArray","ctor":"Float64Array","array":[500,400,0,0,0,0,1,1,1,1]},"_groupIndex":1,"groupIndex":1}],{"__type__":"cc.SpriteFrame","content":{"name":"表情1","texture":"cddJpwGIlMLLUA3/JPJrjP","rect":[2,832,413,422],"offset":[0,0],"originalSize":[413,422],"rotated":1,"capInsets":[0,0,0,0]}},{"__type__":"cc.SpriteFrame","content":{"name":"表情3","texture":"cddJpwGIlMLLUA3/JPJrjP","rect":[2,417,413,422],"offset":[0,0],"originalSize":[413,422],"rotated":1,"capInsets":[0,0,0,0]}},{"__type__":"cc.SpriteFrame","content":{"name":"表情2","texture":"cddJpwGIlMLLUA3/JPJrjP","rect":[426,417,413,422],"offset":[0,0],"originalSize":[413,422],"rotated":1,"capInsets":[0,0,0,0]}},{"__type__":"cc.AnimationClip","_name":"face7","_duration":0.43333333333333335,"curveData":{"comps":{"cc.Sprite":{"spriteFrame":[{"frame":0,"value":{"__uuid__":"a0EL6xACZITL7jwJk0MQL/"}},{"frame":0.08333333333333333,"value":{"__uuid__":"47eV+clRVEF4izpL6PxoWu"}},{"frame":0.16666666666666666,"value":{"__uuid__":"63Ouk55bFMs6NfZk8T3Ova"}},{"frame":0.25,"value":{"__uuid__":"52M21j5GJAz624YjEgj6/i"}},{"frame":0.3333333333333333,"value":{"__uuid__":"63Ouk55bFMs6NfZk8T3Ova"}},{"frame":0.4166666666666667,"value":{"__uuid__":"52M21j5GJAz624YjEgj6/i"}}]}}}},{"__type__":"cc.SpriteFrame","content":{"name":"表情","texture":"cddJpwGIlMLLUA3/JPJrjP","rect":[426,832,413,422],"offset":[0,0],"originalSize":[413,422],"rotated":1,"capInsets":[0,0,0,0]}}]