[{"__type__":"cc.SpriteFrame","content":{"name":"coin_new","texture":"1ad92557e","rect":[762,789,64,64],"offset":[0,0],"originalSize":[64,64],"capInsets":[0,0,0,0]}},[{"__type__":"cc.Prefab","_name":"coin-ui","data":{"__id__":1}},{"__type__":"cc.Node","_name":"coin","_components":[{"__type__":"cc.Sprite","node":{"__id__":1},"_materials":[{"__uuid__":"ecpdLyjvZBwrvm+cedCcQy"}],"_spriteFrame":{"__uuid__":"5fBaYM24ZPr4CKfNVUvrdH"},"_sizeMode":0}],"_prefab":{"__type__":"cc.PrefabInfo","root":{"__id__":1},"asset":{"__uuid__":"d3PHYQfW5KOL5+lB22YaPr"},"fileId":"favJmiT+dHhrbalOy3eIxe"},"_contentSize":{"__type__":"cc.Size","width":46,"height":46},"_trs":{"__type__":"TypedArray","ctor":"Float64Array","array":[0,0,0,0,0,0,1,1,1,1]},"_groupIndex":4,"groupIndex":4}]]