[1,["c5YD8OwRtGo5s5cnKKVWyk@6c48a"],0,[["sp.SkeletonData",["_name","_atlasText","textureNames","_skeletonJson","textures"],-1,3]],[[0,0,1,2,3,4,5]],[[0,"sao","\r\nsao.png\r\nsize: 617, 183\r\nformat: RGBA8888\r\nfilter: Linear, Linear\r\nrepeat: none\r\n10\r\n  rotate: false\r\n  xy: 512, 38\r\n  size: 33, 39\r\n  orig: 35, 41\r\n  offset: 1, 1\r\n  index: -1\r\n11\r\n  rotate: false\r\n  xy: 2, 2\r\n  size: 265, 179\r\n  orig: 267, 181\r\n  offset: 1, 1\r\n  index: -1\r\n12\r\n  rotate: false\r\n  xy: 269, 122\r\n  size: 346, 59\r\n  orig: 348, 61\r\n  offset: 1, 1\r\n  index: -1\r\n13\r\n  rotate: true\r\n  xy: 269, 9\r\n  size: 111, 154\r\n  orig: 113, 156\r\n  offset: 1, 1\r\n  index: -1\r\n14\r\n  rotate: true\r\n  xy: 558, 53\r\n  size: 67, 45\r\n  orig: 69, 47\r\n  offset: 1, 1\r\n  index: -1\r\n15\r\n  rotate: false\r\n  xy: 465, 57\r\n  size: 45, 20\r\n  orig: 45, 20\r\n  offset: 0, 0\r\n  index: -1\r\n4\r\n  rotate: true\r\n  xy: 425, 2\r\n  size: 38, 32\r\n  orig: 40, 34\r\n  offset: 1, 1\r\n  index: -1\r\n5\r\n  rotate: false\r\n  xy: 425, 42\r\n  size: 38, 35\r\n  orig: 40, 37\r\n  offset: 1, 1\r\n  index: -1\r\n6\r\n  rotate: false\r\n  xy: 547, 21\r\n  size: 30, 30\r\n  orig: 32, 32\r\n  offset: 1, 1\r\n  index: -1\r\n7\r\n  rotate: true\r\n  xy: 500, 19\r\n  size: 17, 23\r\n  orig: 20, 26\r\n  offset: 1, 2\r\n  index: -1\r\n8\r\n  rotate: false\r\n  xy: 425, 79\r\n  size: 131, 41\r\n  orig: 133, 43\r\n  offset: 1, 1\r\n  index: -1\r\n9\r\n  rotate: false\r\n  xy: 465, 16\r\n  size: 33, 39\r\n  orig: 35, 41\r\n  offset: 1, 1\r\n  index: -1\r\n",["sao.png"],{"skeleton":{"hash":"vzIHXVneA9A","spine":"3.8-from-4.0-from-4.1-from-4.2.38","x":-182.45,"y":-6.99,"width":348,"height":307,"images":"C:/Users/006/Desktop/222","audio":"../20Track 3/"},"bones":[{"name":"root"},{"name":"bone","parent":"root"},{"name":"11","parent":"bone","length":133.9,"rotation":90.93,"x":-2.67,"y":125.84},{"name":"12","parent":"11","length":38.28,"rotation":-88.98,"x":67.81,"y":-0.67},{"name":"8","parent":"11","x":77.63,"y":3.2},{"name":"7","parent":"8","length":16.45,"rotation":-157.09,"x":-20.85,"y":-12.26},{"name":"6","parent":"7","length":16.18,"rotation":87.73,"x":31.06,"y":-4.16},{"name":"4","parent":"11","length":31.54,"rotation":-124.62,"x":35.78,"y":-73.81},{"name":"5","parent":"11","length":26.4,"rotation":127.61,"x":31.23,"y":76.75}],"slots":[{"name":"14","bone":"bone","attachment":"14"},{"name":"13","bone":"bone","attachment":"13"},{"name":"12","bone":"12","attachment":"12"},{"name":"11","bone":"11","attachment":"11"},{"name":"10","bone":"bone","attachment":"10"},{"name":"9","bone":"bone","attachment":"9"},{"name":"8","bone":"8","attachment":"8"},{"name":"7","bone":"7","attachment":"7"},{"name":"6","bone":"6","attachment":"6"},{"name":"5","bone":"5","attachment":"5"},{"name":"4","bone":"4","attachment":"4"},{"name":"15","bone":"7"}],"skins":[{"name":"default","attachments":{"4":{"4":{"x":16.8,"y":-1.79,"rotation":33.69,"width":40,"height":34}},"5":{"5":{"x":19.04,"y":0.57,"rotation":141.46,"width":40,"height":37}},"6":{"6":{"x":9.9,"y":-0.32,"rotation":-21.57,"width":32,"height":32}},"7":{"7":{"x":7.53,"y":-2.15,"rotation":66.16,"width":20,"height":26}},"8":{"8":{"x":-11.85,"y":3.02,"rotation":-90.93,"width":133,"height":43}},"9":{"9":{"x":22.04,"y":79.51,"width":35,"height":41}},"10":{"10":{"x":-17.96,"y":79.51,"width":35,"height":41}},"11":{"11":{"x":83.63,"y":-3.07,"rotation":-90.93,"width":267,"height":181}},"12":{"12":{"x":-5.32,"y":1.04,"rotation":-1.95,"width":348,"height":61}},"13":{"13":{"x":0.04,"y":71.01,"width":113,"height":156}},"14":{"14":{"x":70.04,"y":61.51,"width":69,"height":47}},"15":{"15":{"x":25.18,"y":-0.98,"rotation":66.16,"width":45,"height":20}}}}],"events":{"1":{}},"animations":{"1_play":{"slots":{"6":{"attachment":[{"name":null},{"time":0.0667,"name":"6"},{"time":0.2333,"name":null},{"time":0.3,"name":"6"},{"time":0.9333,"name":null},{"time":1,"name":"6"},{"time":1.0667,"name":null},{"time":1.1667,"name":"6"},{"time":1.2333,"name":null},{"time":1.3333,"name":"6"},{"time":1.5667,"name":null},{"time":1.6333,"name":"6"},{"time":1.8667,"name":null},{"time":1.9333,"name":"6"},{"time":2.5333,"name":null},{"time":2.6,"name":"6"},{"time":2.7333,"name":null},{"time":2.8,"name":"6"},{"time":3.5,"name":null},{"time":3.5667,"name":"6"},{"time":3.6333,"name":null},{"time":3.7,"name":"6"},{"time":3.7667,"name":null},{"time":3.8333,"name":"6"},{"time":4.0667,"name":null},{"time":4.1333,"name":"6"},{"time":4.4,"name":null},{"time":4.4667,"name":"6"},{"time":5.0667,"name":null},{"time":5.1333,"name":"6"},{"time":5.2667,"name":null},{"time":5.3333,"name":"6"},{"time":6,"name":null},{"time":6.0667,"name":"6"},{"time":6.1667,"name":null},{"time":6.2333,"name":"6"},{"time":6.3,"name":null},{"time":6.3667,"name":"6"},{"time":6.6,"name":null},{"time":6.6667,"name":"6"},{"time":6.9333,"name":null},{"time":7,"name":"6"},{"time":7.5667,"name":null},{"time":7.6333,"name":"6"},{"time":7.8,"name":null},{"time":7.8667,"name":"6"},{"time":8.1667,"name":null},{"time":8.2667,"name":"6"},{"time":8.4,"name":null},{"time":8.5,"name":"6"},{"time":8.8333,"name":null},{"time":8.9333,"name":"6"},{"time":9.1,"name":null},{"time":9.2,"name":"6"},{"time":9.4333,"name":null},{"time":9.5333,"name":"6"},{"time":9.6667,"name":null},{"time":9.7667,"name":"6"},{"time":9.8333,"name":null},{"time":9.9333,"name":"6"}]},"15":{"attachment":[{"name":"15"},{"time":0.0667,"name":null},{"time":0.2333,"name":"15"},{"time":0.3,"name":null},{"time":0.9333,"name":"15"},{"time":1,"name":null},{"time":1.0667,"name":"15"},{"time":1.1667,"name":null},{"time":1.2333,"name":"15"},{"time":1.3333,"name":null},{"time":1.5667,"name":"15"},{"time":1.6333,"name":null},{"time":1.8667,"name":"15"},{"time":1.9333,"name":null},{"time":2.5333,"name":"15"},{"time":2.6,"name":null},{"time":2.7333,"name":"15"},{"time":2.8,"name":null},{"time":3.5,"name":"15"},{"time":3.5667,"name":null},{"time":3.6333,"name":"15"},{"time":3.7,"name":null},{"time":3.7667,"name":"15"},{"time":3.8333,"name":null},{"time":4.0667,"name":"15"},{"time":4.1333,"name":null},{"time":4.4,"name":"15"},{"time":4.4667,"name":null},{"time":5.0667,"name":"15"},{"time":5.1333,"name":null},{"time":5.2667,"name":"15"},{"time":5.3333,"name":null},{"time":6,"name":"15"},{"time":6.0667,"name":null},{"time":6.1667,"name":"15"},{"time":6.2333,"name":null},{"time":6.3,"name":"15"},{"time":6.3667,"name":null},{"time":6.6,"name":"15"},{"time":6.6667,"name":null},{"time":6.9333,"name":"15"},{"time":7,"name":null},{"time":7.5667,"name":"15"},{"time":7.6333,"name":null},{"time":7.8,"name":"15"},{"time":7.8667,"name":null},{"time":8.1667,"name":"15"},{"time":8.2667,"name":null},{"time":8.4,"name":"15"},{"time":8.5,"name":null},{"time":8.8333,"name":"15"},{"time":8.9333,"name":null},{"time":9.1,"name":"15"},{"time":9.2,"name":null},{"time":9.4333,"name":"15"},{"time":9.5333,"name":null},{"time":9.6667,"name":"15"},{"time":9.7667,"name":null},{"time":9.8333,"name":"15"},{"time":9.9333,"name":null}]}},"bones":{"6":{"rotate":[{"time":0.5},{"time":0.6,"angle":3.7},{"time":0.6667,"angle":-2.6},{"time":0.7667,"angle":3.7},{"time":0.8667,"angle":-2.6},{"time":0.9333,"curve":"stepped"},{"time":1.9333},{"time":2.0333,"angle":3.7},{"time":2.1,"angle":-2.6},{"time":2.2,"angle":3.7},{"time":2.3,"angle":-2.6},{"time":2.3667,"curve":"stepped"},{"time":2.8},{"time":2.9,"angle":3.7},{"time":2.9667,"angle":-2.6},{"time":3.0667,"angle":3.7},{"time":3.1667,"angle":-2.6},{"time":3.2333,"curve":"stepped"},{"time":4.4667},{"time":4.5667,"angle":3.7},{"time":4.6333,"angle":-2.6},{"time":4.7333,"angle":3.7},{"time":4.8333,"angle":-2.6},{"time":4.9}],"translate":[{"time":0.3},{"time":0.5,"x":-2.2,"y":5.01,"curve":"stepped"},{"time":0.9333,"x":-2.2,"y":5.01},{"time":1,"curve":"stepped"},{"time":1.9333},{"time":2.0333,"x":-2.2,"y":5.01,"curve":"stepped"},{"time":2.4667,"x":-2.2,"y":5.01},{"time":2.5333,"curve":"stepped"},{"time":2.8},{"time":2.9,"x":-2.2,"y":5.01,"curve":"stepped"},{"time":3.4333,"x":-2.2,"y":5.01},{"time":3.5,"curve":"stepped"},{"time":4.4667},{"time":4.5667,"x":-2.2,"y":5.01,"curve":"stepped"},{"time":5,"x":-2.2,"y":5.01},{"time":5.0667}]},"11":{"rotate":[{"time":0.3667},{"time":0.5,"angle":2.52},{"time":0.6667,"angle":-0.93},{"time":0.8333,"angle":2.52},{"time":1,"angle":-0.93,"curve":"stepped"},{"time":1.8667,"angle":-0.93},{"time":1.9333,"angle":-6.2},{"time":2,"angle":1.56},{"time":2.5,"angle":6.8},{"time":2.6,"angle":-1.7},{"time":2.7333,"angle":6.52},{"time":2.8,"angle":-0.32},{"time":2.9,"angle":4.85},{"time":3.5,"angle":8.25},{"time":3.5667,"angle":-0.98},{"time":3.6333,"angle":4.49},{"time":3.7,"angle":-0.65},{"time":3.7667,"angle":5.13},{"time":3.8333,"angle":-2.18},{"time":4.0667,"angle":7.21},{"time":4.1333,"angle":-0.43},{"time":4.4,"angle":6.94},{"time":4.4667,"angle":-0.94},{"time":4.6333,"angle":5.33},{"time":5.0667,"angle":9.77},{"time":5.1333,"angle":0.78},{"time":5.2667,"angle":7.51},{"time":5.3333,"angle":-1.15},{"time":5.5,"angle":5.74},{"time":5.9667,"angle":9.42},{"time":6.0667,"angle":-0.11},{"time":6.1667,"angle":7.48},{"time":6.2333,"angle":0.22},{"time":6.3,"angle":5.18},{"time":6.3667,"angle":-0.78},{"time":6.6,"angle":6.32},{"time":6.6667},{"time":6.9,"angle":7.22},{"time":7,"angle":-1.86},{"time":7.1667,"angle":5.5},{"time":7.5333,"angle":9.02},{"time":7.6333,"angle":-0.52},{"time":7.8,"angle":8.18},{"time":7.8667,"angle":0.07},{"time":8,"angle":5.51},{"time":8.2,"angle":8.51},{"time":8.2667,"angle":1.9},{"time":8.4333,"angle":8.16},{"time":8.5,"angle":-1.04},{"time":8.8333,"angle":5.54},{"time":8.9333,"angle":-1.98},{"time":9.1,"angle":4.5},{"time":9.2,"angle":-4.28},{"time":9.4333,"angle":3.86},{"time":9.5333,"angle":-1.53},{"time":9.7,"angle":4.52},{"time":9.7667,"angle":-1.62},{"time":9.8667,"angle":3.95},{"time":9.9333,"angle":-4.87},{"time":10.1}],"translate":[{"y":-9.26},{"time":0.1,"curve":"stepped"},{"time":0.2333},{"time":0.3,"y":-9.84},{"time":0.3667,"curve":"stepped"},{"time":0.9333},{"time":1,"y":-9.84},{"time":1.0667,"curve":"stepped"},{"time":1.1},{"time":1.1667,"y":-9.84},{"time":1.2333,"curve":"stepped"},{"time":1.2667},{"time":1.3333,"y":-9.84},{"time":1.4,"curve":"stepped"},{"time":1.5667},{"time":1.6333,"y":-9.84},{"time":1.7,"curve":"stepped"},{"time":1.8667},{"time":1.9333,"y":-9.84},{"time":2,"curve":"stepped"},{"time":2.5333},{"time":2.6,"y":-9.84},{"time":2.6667,"curve":"stepped"},{"time":2.7333},{"time":2.8,"y":-9.84},{"time":2.8667,"curve":"stepped"},{"time":3.5},{"time":3.5667,"y":-9.84},{"time":3.6333,"curve":"stepped"},{"time":3.7667},{"time":3.8333,"y":-9.84},{"time":3.9,"curve":"stepped"},{"time":4.0667},{"time":4.1333,"y":-9.84},{"time":4.2,"curve":"stepped"},{"time":4.4},{"time":4.4667,"y":-9.84},{"time":4.5333,"curve":"stepped"},{"time":5.0667},{"time":5.1333,"y":-9.84},{"time":5.2,"curve":"stepped"},{"time":5.2667},{"time":5.3333,"y":-9.84},{"time":5.4,"curve":"stepped"},{"time":6},{"time":6.0667,"y":-9.84},{"time":6.1333,"curve":"stepped"},{"time":6.3},{"time":6.3667,"y":-9.84},{"time":6.4333,"curve":"stepped"},{"time":6.6},{"time":6.6667,"y":-9.84},{"time":6.7333,"curve":"stepped"},{"time":6.9333},{"time":7,"y":-9.84},{"time":7.0667,"curve":"stepped"},{"time":7.5667},{"time":7.6333,"y":-9.84},{"time":7.7,"curve":"stepped"},{"time":7.8},{"time":7.8667,"y":-9.84},{"time":7.9333,"curve":"stepped"},{"time":8.2},{"time":8.2667,"y":-9.84},{"time":8.3333,"curve":"stepped"},{"time":8.4333},{"time":8.5,"y":-9.84},{"time":8.5667,"curve":"stepped"},{"time":8.8667},{"time":8.9333,"y":-9.84},{"time":9,"curve":"stepped"},{"time":9.1333},{"time":9.2,"y":-9.84},{"time":9.2667,"curve":"stepped"},{"time":9.4667},{"time":9.5333,"y":-9.84},{"time":9.6,"curve":"stepped"},{"time":9.7},{"time":9.7667,"y":-9.84},{"time":9.8333,"curve":"stepped"},{"time":9.8667},{"time":9.9333,"y":-9.84},{"time":10}]}},"events":[{"name":"1"},{"time":0.3,"name":"1"},{"time":1,"name":"1"},{"time":1.1667,"name":"1"},{"time":1.3333,"name":"1"},{"time":1.6333,"name":"1"},{"time":1.9333,"name":"1"},{"time":2.6,"name":"1"},{"time":2.8,"name":"1"},{"time":3.5667,"name":"1"},{"time":3.7,"name":"1"},{"time":3.8333,"name":"1"},{"time":4.1333,"name":"1"},{"time":4.4667,"name":"1"},{"time":5.1333,"name":"1"},{"time":5.3333,"name":"1"},{"time":6.0667,"name":"1"},{"time":6.2333,"name":"1"},{"time":6.3667,"name":"1"},{"time":6.6667,"name":"1"},{"time":7,"name":"1"},{"time":7.6333,"name":"1"},{"time":7.8667,"name":"1"},{"time":8.2667,"name":"1"},{"time":8.5,"name":"1"},{"time":8.9333,"name":"1"},{"time":9.2,"name":"1"},{"time":9.5333,"name":"1"},{"time":9.7667,"name":"1"},{"time":9.9333,"name":"1"}]},"2_idle":{"bones":{"5":{"scale":[{}]}}}}},[0]]],0,0,[0],[-1],[0]]
