[1,["5fBzF0LxhJlZ4kFAkdFlEM@6c48a"],0,[["sp.SkeletonData",["_name","_atlasText","textureNames","_skeletonJson","textures"],-1,3]],[[0,0,1,2,3,4,5]],[[0,"Sound_S_Grey","\r\nSound_S_Grey.png\r\nsize: 1777, 242\r\nformat: RGBA8888\r\nfilter: Linear, Linear\r\nrepeat: none\r\n1\r\n  rotate: false\r\n  xy: 1602, 2\r\n  size: 173, 238\r\n  orig: 173, 238\r\n  offset: 0, 0\r\n  index: -1\r\n2\r\n  rotate: false\r\n  xy: 1210, 7\r\n  size: 194, 233\r\n  orig: 194, 233\r\n  offset: 0, 0\r\n  index: -1\r\n3\r\n  rotate: false\r\n  xy: 426, 6\r\n  size: 194, 234\r\n  orig: 194, 234\r\n  offset: 0, 0\r\n  index: -1\r\n4\r\n  rotate: false\r\n  xy: 622, 6\r\n  size: 194, 234\r\n  orig: 194, 234\r\n  offset: 0, 0\r\n  index: -1\r\n5\r\n  rotate: false\r\n  xy: 818, 6\r\n  size: 194, 234\r\n  orig: 194, 234\r\n  offset: 0, 0\r\n  index: -1\r\n6\r\n  rotate: false\r\n  xy: 214, 7\r\n  size: 210, 233\r\n  orig: 210, 233\r\n  offset: 0, 0\r\n  index: -1\r\n7\r\n  rotate: false\r\n  xy: 2, 6\r\n  size: 210, 234\r\n  orig: 210, 234\r\n  offset: 0, 0\r\n  index: -1\r\n8\r\n  rotate: false\r\n  xy: 1406, 7\r\n  size: 194, 233\r\n  orig: 194, 233\r\n  offset: 0, 0\r\n  index: -1\r\n9\r\n  rotate: false\r\n  xy: 1014, 6\r\n  size: 194, 234\r\n  orig: 194, 234\r\n  offset: 0, 0\r\n  index: -1\r\n",["Sound_S_Grey.png"],{"skeleton":{"hash":"enUR39Rwqv0","spine":"3.8-from-4.0-from-4.1-from-4.2.37","x":-93.76,"y":0.39,"width":194,"height":233,"images":"C:\\Users\\006\\Desktop\\111","audio":"./audio"},"bones":[{"name":"root"},{"name":"bone","parent":"root","x":0.07,"y":-16.47}],"slots":[{"name":"1","bone":"bone"},{"name":"2","bone":"bone","attachment":"2"},{"name":"3","bone":"bone"},{"name":"4","bone":"bone"},{"name":"5","bone":"bone"},{"name":"6","bone":"bone"},{"name":"7","bone":"bone"},{"name":"8","bone":"bone"},{"name":"9","bone":"bone"}],"skins":[{"name":"default","attachments":{"1":{"1":{"x":1.18,"y":137.31,"width":173,"height":238}},"2":{"2":{"x":3.17,"y":133.36,"width":194,"height":233}},"3":{"3":{"x":1.11,"y":134.05,"width":194,"height":234}},"4":{"4":{"x":4.62,"y":134.3,"width":194,"height":234}},"5":{"5":{"x":2.2,"y":134.8,"width":194,"height":234}},"6":{"6":{"x":7.41,"y":133.55,"width":210,"height":233}},"7":{"7":{"x":3.54,"y":134.05,"width":210,"height":234}},"8":{"8":{"x":0.48,"y":133.3,"width":194,"height":233}},"9":{"9":{"x":2.2,"y":134.05,"width":194,"height":234}}}}],"animations":{"Sound_1":{"slots":{"2":{"attachment":[{"time":0.0667,"name":null},{"time":0.1333,"name":"2"},{"time":0.2,"name":null},{"time":0.2667,"name":"2"},{"time":0.3333,"name":null},{"time":0.4,"name":"2"},{"time":0.4667,"name":null},{"time":0.5333,"name":"2"},{"time":0.6,"name":null},{"time":0.6667,"name":"2"},{"time":0.7333,"name":null},{"time":0.8,"name":"2"},{"time":0.8667,"name":null},{"time":0.9333,"name":"2"},{"time":1,"name":null},{"time":1.0667,"name":"2"},{"time":1.1333,"name":null},{"time":1.2,"name":"2"},{"time":1.3,"name":null},{"time":1.3667,"name":"2"},{"time":1.4333,"name":null},{"time":1.5,"name":"2"},{"time":1.5667,"name":null},{"time":1.6333,"name":"2"},{"time":1.7,"name":null},{"time":1.7667,"name":"2"},{"time":1.8333,"name":null},{"time":1.9,"name":"2"},{"time":1.9667,"name":null},{"time":2.0333,"name":"2"},{"time":2.1,"name":null},{"time":2.1667,"name":"2"},{"time":2.2333,"name":null},{"time":2.3,"name":"2"},{"time":2.3667,"name":null},{"time":2.4333,"name":"2"},{"time":2.5,"name":null},{"time":2.5667,"name":"2"},{"time":2.6333,"name":null},{"time":2.7,"name":"2"},{"time":2.7667,"name":null},{"time":2.8333,"name":"2"},{"time":2.9,"name":null},{"time":2.9667,"name":"2"},{"time":3.0333,"name":null},{"time":3.1,"name":"2"},{"time":3.1667,"name":null},{"time":3.2333,"name":"2"},{"time":3.3,"name":null},{"time":3.3667,"name":"2"},{"time":3.4333,"name":null}]},"3":{"attachment":[{"time":0.0667,"name":"3"},{"time":0.1333,"name":null},{"time":0.2,"name":"3"},{"time":0.2667,"name":null},{"time":0.3333,"name":"3"},{"time":0.4,"name":null},{"time":0.4667,"name":"3"},{"time":0.5333,"name":null},{"time":0.6,"name":"3"},{"time":0.6667,"name":null},{"time":0.7333,"name":"3"},{"time":0.8,"name":null},{"time":0.8667,"name":"3"},{"time":0.9333,"name":null},{"time":1,"name":"3"},{"time":1.0667,"name":null},{"time":1.1333,"name":"3"},{"time":1.2,"name":null},{"time":1.3,"name":"3"},{"time":1.3667,"name":null},{"time":1.4333,"name":"3"},{"time":1.5,"name":null},{"time":1.5667,"name":"3"},{"time":1.6333,"name":null},{"time":1.7,"name":"3"},{"time":1.7667,"name":null},{"time":1.8333,"name":"3"},{"time":1.9,"name":null},{"time":1.9667,"name":"3"},{"time":2.0333,"name":null},{"time":2.1,"name":"3"},{"time":2.1667,"name":null},{"time":2.2333,"name":"3"},{"time":2.3,"name":null},{"time":2.3667,"name":"3"},{"time":2.4333,"name":null},{"time":2.5,"name":"3"},{"time":2.5667,"name":null},{"time":2.6333,"name":"3"},{"time":2.7,"name":null},{"time":2.7667,"name":"3"},{"time":2.8333,"name":null},{"time":2.9,"name":"3"},{"time":2.9667,"name":null},{"time":3.0333,"name":"3"},{"time":3.1,"name":null},{"time":3.1667,"name":"3"},{"time":3.2333,"name":null},{"time":3.3,"name":"3"},{"time":3.3667,"name":null},{"time":3.4333,"name":"3"},{"time":3.5,"name":null}]},"4":{"attachment":[{"time":3.5,"name":"4"},{"time":3.5667,"name":null},{"time":3.6333,"name":"4"},{"time":3.7333,"name":null},{"time":3.8,"name":"4"},{"time":3.8667,"name":null},{"time":3.9333,"name":"4"},{"time":4,"name":null},{"time":4.0667,"name":"4"},{"time":4.1333,"name":null},{"time":4.2,"name":"4"},{"time":4.2667,"name":null},{"time":4.3333,"name":"4"},{"time":4.4,"name":null},{"time":4.4667,"name":"4"},{"time":4.5333,"name":null},{"time":4.6,"name":"4"},{"time":4.6667,"name":null},{"time":4.7333,"name":"4"},{"time":4.8,"name":null},{"time":4.8667,"name":"4"},{"time":4.9333,"name":null},{"time":5,"name":"4"},{"time":5.0667,"name":null},{"time":5.1333,"name":"4"},{"time":5.2,"name":null},{"time":5.2667,"name":"4"},{"time":5.3333,"name":null},{"time":5.4,"name":"4"},{"time":5.4667,"name":null},{"time":5.5333,"name":"4"},{"time":5.6,"name":null},{"time":5.6667,"name":"4"},{"time":5.7333,"name":null},{"time":5.8,"name":"4"},{"time":5.8667,"name":null},{"time":5.9333,"name":"4"},{"time":6,"name":null},{"time":6.0667,"name":"4"},{"time":6.1333,"name":null},{"time":6.2333,"name":"4"},{"time":6.3,"name":null},{"time":6.3667,"name":"4"},{"time":6.4333,"name":null},{"time":6.5,"name":"4"},{"time":6.5667,"name":null},{"time":6.6333,"name":"4"},{"time":6.7,"name":null},{"time":6.7667,"name":"4"},{"time":6.8333,"name":null},{"time":6.9,"name":"4"}]},"5":{"attachment":[{"time":3.5667,"name":"5"},{"time":3.6333,"name":null},{"time":3.7333,"name":"5"},{"time":3.8,"name":null},{"time":3.8667,"name":"5"},{"time":3.9333,"name":null},{"time":4,"name":"5"},{"time":4.0667,"name":null},{"time":4.1333,"name":"5"},{"time":4.2,"name":null},{"time":4.2667,"name":"5"},{"time":4.3333,"name":null},{"time":4.4,"name":"5"},{"time":4.4667,"name":null},{"time":4.5333,"name":"5"},{"time":4.6,"name":null},{"time":4.6667,"name":"5"},{"time":4.7333,"name":null},{"time":4.8,"name":"5"},{"time":4.8667,"name":null},{"time":4.9333,"name":"5"},{"time":5,"name":null},{"time":5.0667,"name":"5"},{"time":5.1333,"name":null},{"time":5.2,"name":"5"},{"time":5.2667,"name":null},{"time":5.3333,"name":"5"},{"time":5.4,"name":null},{"time":5.4667,"name":"5"},{"time":5.5333,"name":null},{"time":5.6,"name":"5"},{"time":5.6667,"name":null},{"time":5.7333,"name":"5"},{"time":5.8,"name":null},{"time":5.8667,"name":"5"},{"time":5.9333,"name":null},{"time":6,"name":"5"},{"time":6.0667,"name":null},{"time":6.1333,"name":"5"},{"time":6.2333,"name":null},{"time":6.3,"name":"5"},{"time":6.3667,"name":null},{"time":6.4333,"name":"5"},{"time":6.5,"name":null},{"time":6.5667,"name":"5"},{"time":6.6333,"name":null},{"time":6.7,"name":"5"},{"time":6.7667,"name":null},{"time":6.8333,"name":"5"},{"time":6.9,"name":null}]}}},"Sound_2":{"slots":{"2":{"attachment":[{"name":null}]},"6":{"attachment":[{"name":"6"},{"time":0.0667,"name":null},{"time":0.1333,"name":"6"},{"time":0.2,"name":null},{"time":0.2667,"name":"6"},{"time":0.3333,"name":null},{"time":0.4,"name":"6"},{"time":0.4667,"name":null},{"time":0.5333,"name":"6"},{"time":0.6,"name":null},{"time":0.6667,"name":"6"},{"time":0.7333,"name":null},{"time":0.8,"name":"6"},{"time":0.8667,"name":null},{"time":0.9333,"name":"6"},{"time":1,"name":null},{"time":1.0667,"name":"6"},{"time":1.1333,"name":null},{"time":1.2,"name":"6"},{"time":1.2667,"name":null},{"time":1.3667,"name":"6"},{"time":1.4333,"name":null},{"time":1.5,"name":"6"},{"time":1.5667,"name":null},{"time":1.6333,"name":"6"},{"time":1.7,"name":null},{"time":1.7667,"name":"6"},{"time":1.8333,"name":null},{"time":1.9,"name":"6"},{"time":1.9667,"name":null},{"time":2.0333,"name":"6"},{"time":2.1,"name":null},{"time":2.1667,"name":"6"},{"time":2.2333,"name":null},{"time":2.3,"name":"6"},{"time":2.3667,"name":null},{"time":2.4333,"name":"6"},{"time":2.5,"name":null},{"time":2.5667,"name":"6"},{"time":2.6333,"name":null},{"time":2.7,"name":"6"},{"time":2.7667,"name":null},{"time":2.8333,"name":"6"},{"time":2.9,"name":null},{"time":2.9667,"name":"6"},{"time":3.0333,"name":null},{"time":3.1,"name":"6"},{"time":3.1667,"name":null},{"time":3.2333,"name":"6"},{"time":3.3,"name":null},{"time":3.3667,"name":"6"},{"time":3.4333,"name":null}]},"7":{"attachment":[{"time":0.0667,"name":"7"},{"time":0.1333,"name":null},{"time":0.2,"name":"7"},{"time":0.2667,"name":null},{"time":0.3333,"name":"7"},{"time":0.4,"name":null},{"time":0.4667,"name":"7"},{"time":0.5333,"name":null},{"time":0.6,"name":"7"},{"time":0.6667,"name":null},{"time":0.7333,"name":"7"},{"time":0.8,"name":null},{"time":0.8667,"name":"7"},{"time":0.9333,"name":null},{"time":1,"name":"7"},{"time":1.0667,"name":null},{"time":1.1333,"name":"7"},{"time":1.2,"name":null},{"time":1.2667,"name":"7"},{"time":1.3667,"name":null},{"time":1.4333,"name":"7"},{"time":1.5,"name":null},{"time":1.5667,"name":"7"},{"time":1.6333,"name":null},{"time":1.7,"name":"7"},{"time":1.7667,"name":null},{"time":1.8333,"name":"7"},{"time":1.9,"name":null},{"time":1.9667,"name":"7"},{"time":2.0333,"name":null},{"time":2.1,"name":"7"},{"time":2.1667,"name":null},{"time":2.2333,"name":"7"},{"time":2.3,"name":null},{"time":2.3667,"name":"7"},{"time":2.4333,"name":null},{"time":2.5,"name":"7"},{"time":2.5667,"name":null},{"time":2.6333,"name":"7"},{"time":2.7,"name":null},{"time":2.7667,"name":"7"},{"time":2.8333,"name":null},{"time":2.9,"name":"7"},{"time":2.9667,"name":null},{"time":3.0333,"name":"7"},{"time":3.1,"name":null},{"time":3.1667,"name":"7"},{"time":3.2333,"name":null},{"time":3.3,"name":"7"},{"time":3.3667,"name":null},{"time":3.4333,"name":"7"},{"time":3.5,"name":null}]},"8":{"attachment":[{"time":3.5,"name":"8"},{"time":3.5667,"name":null},{"time":3.6333,"name":"8"},{"time":3.7,"name":null},{"time":3.7667,"name":"8"},{"time":3.8333,"name":null},{"time":3.9,"name":"8"},{"time":4,"name":null},{"time":4.0667,"name":"8"},{"time":4.1333,"name":null},{"time":4.2,"name":"8"},{"time":4.2667,"name":null},{"time":4.3333,"name":"8"},{"time":4.4,"name":null},{"time":4.4667,"name":"8"},{"time":4.5333,"name":null},{"time":4.6,"name":"8"},{"time":4.6667,"name":null},{"time":4.7333,"name":"8"},{"time":4.8,"name":null},{"time":4.8667,"name":"8"},{"time":4.9333,"name":null},{"time":5,"name":"8"},{"time":5.0667,"name":null},{"time":5.1333,"name":"8"},{"time":5.2,"name":null},{"time":5.2667,"name":"8"},{"time":5.3333,"name":null},{"time":5.4,"name":"8"},{"time":5.4667,"name":null},{"time":5.5333,"name":"8"},{"time":5.6,"name":null},{"time":5.6667,"name":"8"},{"time":5.7333,"name":null},{"time":5.8,"name":"8"},{"time":5.8667,"name":null},{"time":5.9333,"name":"8"},{"time":6,"name":null},{"time":6.0667,"name":"8"},{"time":6.1333,"name":null},{"time":6.2,"name":"8"},{"time":6.2667,"name":null},{"time":6.3333,"name":"8"},{"time":6.4,"name":null},{"time":6.4667,"name":"8"},{"time":6.5333,"name":null},{"time":6.6,"name":"8"},{"time":6.7,"name":null},{"time":6.7667,"name":"8"},{"time":6.8333,"name":null},{"time":6.9,"name":"8"}]},"9":{"attachment":[{"time":3.5667,"name":"9"},{"time":3.6333,"name":null},{"time":3.7,"name":"9"},{"time":3.7667,"name":null},{"time":3.8333,"name":"9"},{"time":3.9,"name":null},{"time":4,"name":"9"},{"time":4.0667,"name":null},{"time":4.1333,"name":"9"},{"time":4.2,"name":null},{"time":4.2667,"name":"9"},{"time":4.3333,"name":null},{"time":4.4,"name":"9"},{"time":4.4667,"name":null},{"time":4.5333,"name":"9"},{"time":4.6,"name":null},{"time":4.6667,"name":"9"},{"time":4.7333,"name":null},{"time":4.8,"name":"9"},{"time":4.8667,"name":null},{"time":4.9333,"name":"9"},{"time":5,"name":null},{"time":5.0667,"name":"9"},{"time":5.1333,"name":null},{"time":5.2,"name":"9"},{"time":5.2667,"name":null},{"time":5.3333,"name":"9"},{"time":5.4,"name":null},{"time":5.4667,"name":"9"},{"time":5.5333,"name":null},{"time":5.6,"name":"9"},{"time":5.6667,"name":null},{"time":5.7333,"name":"9"},{"time":5.8,"name":null},{"time":5.8667,"name":"9"},{"time":5.9333,"name":null},{"time":6,"name":"9"},{"time":6.0667,"name":null},{"time":6.1333,"name":"9"},{"time":6.2,"name":null},{"time":6.2667,"name":"9"},{"time":6.3333,"name":null},{"time":6.4,"name":"9"},{"time":6.4667,"name":null},{"time":6.5333,"name":"9"},{"time":6.6,"name":null},{"time":6.7,"name":"9"},{"time":6.7667,"name":null},{"time":6.8333,"name":"9"},{"time":6.9,"name":null}]}},"bones":{"root":{"translate":[{"time":3.1667,"x":0.45}]}}}}},[0]]],0,0,[0],[-1],[0]]
