[1,["303gVPX81HtqiX70oKRV7W@6c48a"],0,[["sp.SkeletonData",["_name","_atlasText","textureNames","_skeletonJson","textures"],-1,3]],[[0,0,1,2,3,4,5]],[[0,"Sound_S_Orange","\r\nSound_S_Orange.png\r\nsize: 946, 267\r\nformat: RGBA8888\r\nfilter: Linear, Linear\r\nrepeat: none\r\n1\r\n  rotate: false\r\n  xy: 378, 5\r\n  size: 186, 260\r\n  orig: 186, 260\r\n  offset: 0, 0\r\n  index: -1\r\n2\r\n  rotate: false\r\n  xy: 566, 10\r\n  size: 189, 255\r\n  orig: 189, 255\r\n  offset: 0, 0\r\n  index: -1\r\n3\r\n  rotate: false\r\n  xy: 757, 10\r\n  size: 187, 255\r\n  orig: 187, 255\r\n  offset: 0, 0\r\n  index: -1\r\n4\r\n  rotate: false\r\n  xy: 2, 2\r\n  size: 186, 263\r\n  orig: 186, 263\r\n  offset: 0, 0\r\n  index: -1\r\n5\r\n  rotate: false\r\n  xy: 190, 2\r\n  size: 186, 263\r\n  orig: 186, 263\r\n  offset: 0, 0\r\n  index: -1\r\n",["Sound_S_Orange.png"],{"skeleton":{"hash":"dihsEVPIGeg","spine":"3.8-from-4.0-from-4.1-from-4.2.37","x":-93,"y":0.13,"width":186,"height":260,"images":"C:\\Users\\006\\Desktop\\111","audio":"./audio"},"bones":[{"name":"root"},{"name":"bone","parent":"root","x":1.31,"y":-16.89}],"slots":[{"name":"1","bone":"bone","attachment":"1"},{"name":"2","bone":"bone"},{"name":"3","bone":"bone"},{"name":"4","bone":"bone"},{"name":"5","bone":"bone"}],"skins":[{"name":"default","attachments":{"1":{"1":{"x":-1.31,"y":147.02,"width":186,"height":260}},"2":{"2":{"x":8.27,"y":144.63,"width":189,"height":255}},"3":{"3":{"x":2.35,"y":144.49,"width":187,"height":255}},"4":{"4":{"x":-2.77,"y":148.54,"width":186,"height":263}},"5":{"5":{"x":-2.89,"y":148.81,"width":186,"height":263}}}}],"animations":{"Sound_1":{"slots":{"1":{"attachment":[{"time":0.1333,"name":null},{"time":0.6667,"name":"1"},{"time":0.8333,"name":null},{"time":1.2333,"name":"1"},{"time":1.3333,"name":null},{"time":1.7333,"name":"1"},{"time":1.8667,"name":null},{"time":2.4,"name":"1"},{"time":2.5667,"name":null},{"time":2.9667,"name":"1"},{"time":3.0667,"name":null},{"time":3.4667,"name":"1"},{"time":3.6,"name":null},{"time":4.1,"name":"1"},{"time":4.2667,"name":null},{"time":4.6667,"name":"1"},{"time":4.7667,"name":null},{"time":5.1667,"name":"1"},{"time":5.3,"name":null},{"time":5.8333,"name":"1"},{"time":6,"name":null},{"time":6.4,"name":"1"},{"time":6.5,"name":null},{"time":6.9,"name":"1"}]},"2":{"attachment":[{"time":0.2667,"name":"2"},{"time":0.4,"name":null},{"time":0.9333,"name":"2"},{"time":1.0333,"name":null},{"time":1.4333,"name":"2"},{"time":1.5333,"name":null},{"time":2,"name":"2"},{"time":2.1333,"name":null},{"time":2.6667,"name":"2"},{"time":2.7667,"name":null},{"time":3.1667,"name":"2"},{"time":3.2667,"name":null},{"time":3.7333,"name":"2"},{"time":3.8333,"name":null},{"time":4.3667,"name":"2"},{"time":4.4667,"name":null},{"time":4.8667,"name":"2"},{"time":4.9667,"name":null},{"time":5.4333,"name":"2"},{"time":5.5667,"name":null},{"time":6.1,"name":"2"},{"time":6.2,"name":null},{"time":6.6,"name":"2"},{"time":6.7,"name":null}]},"3":{"attachment":[{"time":0.1333,"name":"3"},{"time":0.2667,"name":null},{"time":0.8333,"name":"3"},{"time":0.9333,"name":null},{"time":1.3333,"name":"3"},{"time":1.4333,"name":null},{"time":1.8667,"name":"3"},{"time":2,"name":null},{"time":2.5667,"name":"3"},{"time":2.6667,"name":null},{"time":3.0667,"name":"3"},{"time":3.1667,"name":null},{"time":3.6,"name":"3"},{"time":3.7333,"name":null},{"time":4.2667,"name":"3"},{"time":4.3667,"name":null},{"time":4.7667,"name":"3"},{"time":4.8667,"name":null},{"time":5.3,"name":"3"},{"time":5.4333,"name":null},{"time":6,"name":"3"},{"time":6.1,"name":null},{"time":6.5,"name":"3"},{"time":6.6,"name":null}]},"4":{"attachment":[{"time":0.4,"name":"4"},{"time":0.5333,"name":null},{"time":1.0333,"name":"4"},{"time":1.1333,"name":null},{"time":1.5333,"name":"4"},{"time":1.6333,"name":null},{"time":2.1333,"name":"4"},{"time":2.2667,"name":null},{"time":2.7667,"name":"4"},{"time":2.8667,"name":null},{"time":3.2667,"name":"4"},{"time":3.3667,"name":null},{"time":3.8333,"name":"4"},{"time":3.9667,"name":null},{"time":4.4667,"name":"4"},{"time":4.5667,"name":null},{"time":4.9667,"name":"4"},{"time":5.0667,"name":null},{"time":5.5667,"name":"4"},{"time":5.7,"name":null},{"time":6.2,"name":"4"},{"time":6.3,"name":null},{"time":6.7,"name":"4"},{"time":6.8,"name":null}]},"5":{"attachment":[{"time":0.5333,"name":"5"},{"time":0.6667,"name":null},{"time":1.1333,"name":"5"},{"time":1.2333,"name":null},{"time":1.6333,"name":"5"},{"time":1.7333,"name":null},{"time":2.2667,"name":"5"},{"time":2.4,"name":null},{"time":2.8667,"name":"5"},{"time":2.9667,"name":null},{"time":3.3667,"name":"5"},{"time":3.4667,"name":null},{"time":3.9667,"name":"5"},{"time":4.1,"name":null},{"time":4.5667,"name":"5"},{"time":4.6667,"name":null},{"time":5.0667,"name":"5"},{"time":5.1667,"name":null},{"time":5.7,"name":"5"},{"time":5.8333,"name":null},{"time":6.3,"name":"5"},{"time":6.4,"name":null},{"time":6.8,"name":"5"},{"time":6.9,"name":null}]}}},"Sound_2":{"slots":{"1":{"attachment":[{"time":0.1333,"name":null},{"time":0.6667,"name":"1"},{"time":0.8333,"name":null},{"time":1.2333,"name":"1"},{"time":1.3333,"name":null},{"time":1.7333,"name":"1"},{"time":1.8667,"name":null},{"time":2.4,"name":"1"},{"time":2.5667,"name":null},{"time":2.9667,"name":"1"},{"time":3.0667,"name":null},{"time":3.4667,"name":"1"},{"time":3.6,"name":null},{"time":4.1,"name":"1"},{"time":4.2667,"name":null},{"time":4.6667,"name":"1"},{"time":4.7667,"name":null},{"time":5.1667,"name":"1"},{"time":5.3,"name":null},{"time":5.8333,"name":"1"},{"time":6,"name":null},{"time":6.4,"name":"1"},{"time":6.5,"name":null},{"time":6.9,"name":"1"}]},"2":{"attachment":[{"time":0.2667,"name":"2"},{"time":0.4,"name":null},{"time":0.9333,"name":"2"},{"time":1.0333,"name":null},{"time":1.4333,"name":"2"},{"time":1.5333,"name":null},{"time":2,"name":"2"},{"time":2.1333,"name":null},{"time":2.6667,"name":"2"},{"time":2.7667,"name":null},{"time":3.1667,"name":"2"},{"time":3.2667,"name":null},{"time":3.7333,"name":"2"},{"time":3.8333,"name":null},{"time":4.3667,"name":"2"},{"time":4.4667,"name":null},{"time":4.8667,"name":"2"},{"time":4.9667,"name":null},{"time":5.4333,"name":"2"},{"time":5.5667,"name":null},{"time":6.1,"name":"2"},{"time":6.2,"name":null},{"time":6.6,"name":"2"},{"time":6.7,"name":null}]},"3":{"attachment":[{"time":0.1333,"name":"3"},{"time":0.2667,"name":null},{"time":0.8333,"name":"3"},{"time":0.9333,"name":null},{"time":1.3333,"name":"3"},{"time":1.4333,"name":null},{"time":1.8667,"name":"3"},{"time":2,"name":null},{"time":2.5667,"name":"3"},{"time":2.6667,"name":null},{"time":3.0667,"name":"3"},{"time":3.1667,"name":null},{"time":3.6,"name":"3"},{"time":3.7333,"name":null},{"time":4.2667,"name":"3"},{"time":4.3667,"name":null},{"time":4.7667,"name":"3"},{"time":4.8667,"name":null},{"time":5.3,"name":"3"},{"time":5.4333,"name":null},{"time":6,"name":"3"},{"time":6.1,"name":null},{"time":6.5,"name":"3"},{"time":6.6,"name":null}]},"4":{"attachment":[{"time":0.4,"name":"4"},{"time":0.5333,"name":null},{"time":1.0333,"name":"4"},{"time":1.1333,"name":null},{"time":1.5333,"name":"4"},{"time":1.6333,"name":null},{"time":2.1333,"name":"4"},{"time":2.2667,"name":null},{"time":2.7667,"name":"4"},{"time":2.8667,"name":null},{"time":3.2667,"name":"4"},{"time":3.3667,"name":null},{"time":3.8333,"name":"4"},{"time":3.9667,"name":null},{"time":4.4667,"name":"4"},{"time":4.5667,"name":null},{"time":4.9667,"name":"4"},{"time":5.0667,"name":null},{"time":5.5667,"name":"4"},{"time":5.7,"name":null},{"time":6.2,"name":"4"},{"time":6.3,"name":null},{"time":6.7,"name":"4"},{"time":6.8,"name":null}]},"5":{"attachment":[{"time":0.5333,"name":"5"},{"time":0.6667,"name":null},{"time":1.1333,"name":"5"},{"time":1.2333,"name":null},{"time":1.6333,"name":"5"},{"time":1.7333,"name":null},{"time":2.2667,"name":"5"},{"time":2.4,"name":null},{"time":2.8667,"name":"5"},{"time":2.9667,"name":null},{"time":3.3667,"name":"5"},{"time":3.4667,"name":null},{"time":3.9667,"name":"5"},{"time":4.1,"name":null},{"time":4.5667,"name":"5"},{"time":4.6667,"name":null},{"time":5.0667,"name":"5"},{"time":5.1667,"name":null},{"time":5.7,"name":"5"},{"time":5.8333,"name":null},{"time":6.3,"name":"5"},{"time":6.4,"name":null},{"time":6.8,"name":"5"},{"time":6.9,"name":null}]}}}}},[0]]],0,0,[0],[-1],[0]]
