[1,["1cd75c6eb@6c48a"],["_textureSource"],["cc.SpriteFrame"],0,[[[{"name":"icon_char_13_melody_on","rect":{"x":3,"y":3,"width":153,"height":153},"offset":{"x":0,"y":0},"originalSize":{"width":153,"height":153},"rotated":false,"capInsets":[0,0,0,0],"packable":true}],[0],0,[0],[0],[0]],[[{"name":"icon_char_6_cowbell_on","rect":{"x":3,"y":162,"width":153,"height":153},"offset":{"x":0,"y":0},"originalSize":{"width":153,"height":153},"rotated":false,"capInsets":[0,0,0,0],"packable":true}],[0],0,[0],[0],[0]],[[{"name":"icon_char_12_boink_on","rect":{"x":3,"y":321,"width":153,"height":153},"offset":{"x":0,"y":0},"originalSize":{"width":153,"height":153},"rotated":false,"capInsets":[0,0,0,0],"packable":true}],[0],0,[0],[0],[0]],[[{"name":"icon_char_18_futurekick_off","rect":{"x":3,"y":480,"width":153,"height":153},"offset":{"x":0,"y":0},"originalSize":{"width":153,"height":153},"rotated":false,"capInsets":[0,0,0,0],"packable":true}],[0],0,[0],[0],[0]],[[{"name":"icon_char_9_retrokick_off","rect":{"x":3,"y":639,"width":153,"height":153},"offset":{"x":0,"y":0},"originalSize":{"width":153,"height":153},"rotated":false,"capInsets":[0,0,0,0],"packable":true}],[0],0,[0],[0],[0]],[[{"name":"icon_char_17_pulse_on","rect":{"x":3,"y":798,"width":153,"height":153},"offset":{"x":0,"y":0},"originalSize":{"width":153,"height":153},"rotated":false,"capInsets":[0,0,0,0],"packable":true}],[0],0,[0],[0],[0]],[[{"name":"icon_char_6_cowbell_off","rect":{"x":162,"y":3,"width":153,"height":153},"offset":{"x":0,"y":0},"originalSize":{"width":153,"height":153},"rotated":false,"capInsets":[0,0,0,0],"packable":true}],[0],0,[0],[0],[0]],[[{"name":"icon_char_7_scifi_off","rect":{"x":321,"y":3,"width":153,"height":153},"offset":{"x":0,"y":0},"originalSize":{"width":153,"height":153},"rotated":false,"capInsets":[0,0,0,0],"packable":true}],[0],0,[0],[0],[0]],[[{"name":"icon_char_3_ride_off","rect":{"x":480,"y":3,"width":153,"height":153},"offset":{"x":0,"y":0},"originalSize":{"width":153,"height":153},"rotated":false,"capInsets":[0,0,0,0],"packable":true}],[0],0,[0],[0],[0]],[[{"name":"icon_char_7_scifi_on","rect":{"x":639,"y":3,"width":153,"height":153},"offset":{"x":0,"y":0},"originalSize":{"width":153,"height":153},"rotated":false,"capInsets":[0,0,0,0],"packable":true}],[0],0,[0],[0],[0]],[[{"name":"icon_char_15_glass_on","rect":{"x":798,"y":3,"width":153,"height":153},"offset":{"x":0,"y":0},"originalSize":{"width":153,"height":153},"rotated":false,"capInsets":[0,0,0,0],"packable":true}],[0],0,[0],[0],[0]],[[{"name":"icon_char_12_boink_off","rect":{"x":162,"y":162,"width":153,"height":153},"offset":{"x":0,"y":0},"originalSize":{"width":153,"height":153},"rotated":false,"capInsets":[0,0,0,0],"packable":true}],[0],0,[0],[0],[0]],[[{"name":"icon_char_11_trumpet_on","rect":{"x":162,"y":321,"width":153,"height":153},"offset":{"x":0,"y":0},"originalSize":{"width":153,"height":153},"rotated":false,"capInsets":[0,0,0,0],"packable":true}],[0],0,[0],[0],[0]],[[{"name":"icon_char_1_kick_off","rect":{"x":162,"y":480,"width":153,"height":153},"offset":{"x":0,"y":0},"originalSize":{"width":153,"height":153},"rotated":false,"capInsets":[0,0,0,0],"packable":true}],[0],0,[0],[0],[0]],[[{"name":"icon_char_5_shake_off","rect":{"x":162,"y":639,"width":153,"height":153},"offset":{"x":0,"y":0},"originalSize":{"width":153,"height":153},"rotated":false,"capInsets":[0,0,0,0],"packable":true}],[0],0,[0],[0],[0]],[[{"name":"icon_char_16_laser_on","rect":{"x":162,"y":798,"width":153,"height":153},"offset":{"x":0,"y":0},"originalSize":{"width":153,"height":153},"rotated":false,"capInsets":[0,0,0,0],"packable":true}],[0],0,[0],[0],[0]],[[{"name":"icon_char_2_snare_off","rect":{"x":321,"y":162,"width":153,"height":153},"offset":{"x":0,"y":0},"originalSize":{"width":153,"height":153},"rotated":false,"capInsets":[0,0,0,0],"packable":true}],[0],0,[0],[0],[0]],[[{"name":"icon_char_20_rimshot_off","rect":{"x":480,"y":162,"width":153,"height":153},"offset":{"x":0,"y":0},"originalSize":{"width":153,"height":153},"rotated":false,"capInsets":[0,0,0,0],"packable":true}],[0],0,[0],[0],[0]],[[{"name":"icon_char_8_elecbass_off","rect":{"x":639,"y":162,"width":153,"height":153},"offset":{"x":0,"y":0},"originalSize":{"width":153,"height":153},"rotated":false,"capInsets":[0,0,0,0],"packable":true}],[0],0,[0],[0],[0]],[[{"name":"icon_char_17_pulse_off","rect":{"x":798,"y":162,"width":153,"height":153},"offset":{"x":0,"y":0},"originalSize":{"width":153,"height":153},"rotated":false,"capInsets":[0,0,0,0],"packable":true}],[0],0,[0],[0],[0]],[[{"name":"icon_char_9_retrokick_on","rect":{"x":321,"y":321,"width":153,"height":153},"offset":{"x":0,"y":0},"originalSize":{"width":153,"height":153},"rotated":false,"capInsets":[0,0,0,0],"packable":true}],[0],0,[0],[0],[0]],[[{"name":"icon_char_10_clock_on","rect":{"x":321,"y":480,"width":153,"height":153},"offset":{"x":0,"y":0},"originalSize":{"width":153,"height":153},"rotated":false,"capInsets":[0,0,0,0],"packable":true}],[0],0,[0],[0],[0]],[[{"name":"icon_char_13_melody_off","rect":{"x":321,"y":639,"width":153,"height":153},"offset":{"x":0,"y":0},"originalSize":{"width":153,"height":153},"rotated":false,"capInsets":[0,0,0,0],"packable":true}],[0],0,[0],[0],[0]],[[{"name":"icon_char_3_ride_on","rect":{"x":321,"y":798,"width":153,"height":153},"offset":{"x":0,"y":0},"originalSize":{"width":153,"height":153},"rotated":false,"capInsets":[0,0,0,0],"packable":true}],[0],0,[0],[0],[0]],[[{"name":"icon_char_2_snare_on","rect":{"x":480,"y":321,"width":153,"height":153},"offset":{"x":0,"y":0},"originalSize":{"width":153,"height":153},"rotated":false,"capInsets":[0,0,0,0],"packable":true}],[0],0,[0],[0],[0]],[[{"name":"icon_char_1_kick_on","rect":{"x":639,"y":321,"width":153,"height":153},"offset":{"x":0,"y":0},"originalSize":{"width":153,"height":153},"rotated":false,"capInsets":[0,0,0,0],"packable":true}],[0],0,[0],[0],[0]],[[{"name":"icon_char_14_bot_off","rect":{"x":798,"y":321,"width":153,"height":153},"offset":{"x":0,"y":0},"originalSize":{"width":153,"height":153},"rotated":false,"capInsets":[0,0,0,0],"packable":true}],[0],0,[0],[0],[0]],[[{"name":"icon_char_4_tambo_on","rect":{"x":480,"y":480,"width":153,"height":153},"offset":{"x":0,"y":0},"originalSize":{"width":153,"height":153},"rotated":false,"capInsets":[0,0,0,0],"packable":true}],[0],0,[0],[0],[0]],[[{"name":"icon_char_8_elecbass_on","rect":{"x":480,"y":639,"width":153,"height":153},"offset":{"x":0,"y":0},"originalSize":{"width":153,"height":153},"rotated":false,"capInsets":[0,0,0,0],"packable":true}],[0],0,[0],[0],[0]],[[{"name":"icon_char_5_shake_on","rect":{"x":480,"y":798,"width":153,"height":153},"offset":{"x":0,"y":0},"originalSize":{"width":153,"height":153},"rotated":false,"capInsets":[0,0,0,0],"packable":true}],[0],0,[0],[0],[0]],[[{"name":"icon_char_4_tambo_off","rect":{"x":639,"y":480,"width":153,"height":153},"offset":{"x":0,"y":0},"originalSize":{"width":153,"height":153},"rotated":false,"capInsets":[0,0,0,0],"packable":true}],[0],0,[0],[0],[0]],[[{"name":"icon_char_19_crash_on","rect":{"x":798,"y":480,"width":153,"height":153},"offset":{"x":0,"y":0},"originalSize":{"width":153,"height":153},"rotated":false,"capInsets":[0,0,0,0],"packable":true}],[0],0,[0],[0],[0]],[[{"name":"icon_char_20_rimshot_on","rect":{"x":639,"y":639,"width":153,"height":153},"offset":{"x":0,"y":0},"originalSize":{"width":153,"height":153},"rotated":false,"capInsets":[0,0,0,0],"packable":true}],[0],0,[0],[0],[0]],[[{"name":"icon_char_11_trumpet_off","rect":{"x":639,"y":798,"width":153,"height":153},"offset":{"x":0,"y":0},"originalSize":{"width":153,"height":153},"rotated":false,"capInsets":[0,0,0,0],"packable":true}],[0],0,[0],[0],[0]],[[{"name":"icon_char_14_bot_on","rect":{"x":798,"y":639,"width":153,"height":153},"offset":{"x":0,"y":0},"originalSize":{"width":153,"height":153},"rotated":false,"capInsets":[0,0,0,0],"packable":true}],[0],0,[0],[0],[0]],[[{"name":"icon_char_18_futurekick_on","rect":{"x":798,"y":798,"width":153,"height":153},"offset":{"x":0,"y":0},"originalSize":{"width":153,"height":153},"rotated":false,"capInsets":[0,0,0,0],"packable":true}],[0],0,[0],[0],[0]]]]
