[{"__type__":"cc.SpriteFrame","content":{"name":"表情1","texture":"53ogz7YdtF3YOozY0eRWxQ","rect":[2,832,413,422],"offset":[0,0],"originalSize":[413,422],"rotated":1,"capInsets":[0,0,0,0]}},{"__type__":"cc.SpriteFrame","content":{"name":"表情4","texture":"53ogz7YdtF3YOozY0eRWxQ","rect":[426,2,413,422],"offset":[0,0],"originalSize":[413,422],"rotated":1,"capInsets":[0,0,0,0]}},{"__type__":"cc.SpriteFrame","content":{"name":"表情5","texture":"53ogz7YdtF3YOozY0eRWxQ","rect":[2,2,413,422],"offset":[0,0],"originalSize":[413,422],"rotated":1,"capInsets":[0,0,0,0]}},{"__type__":"cc.SpriteFrame","content":{"name":"表情","texture":"53ogz7YdtF3YOozY0eRWxQ","rect":[426,832,413,422],"offset":[0,0],"originalSize":[413,422],"rotated":1,"capInsets":[0,0,0,0]}},{"__type__":"cc.SpriteAtlas","_name":"10_skin_plist.plist","_spriteFrames":{"表情":{"__uuid__":"beAS253qpGA4X6uK7zy6yK"},"表情1":{"__uuid__":"3flvViG0lKvK36q4uG0277"},"表情2":{"__uuid__":"f0YBqsct9Pbb/8YmkrAeXL"},"表情3":{"__uuid__":"d6u10kqK9PUobyMlbBi5T/"},"表情4":{"__uuid__":"53OivqFsZEC6FEmGfKyIJ/"},"表情5":{"__uuid__":"55e6LKWPBGH6cvoypLbQiC"}}},{"__type__":"cc.SpriteFrame","content":{"name":"表情3","texture":"53ogz7YdtF3YOozY0eRWxQ","rect":[2,417,413,422],"offset":[0,0],"originalSize":[413,422],"rotated":1,"capInsets":[0,0,0,0]}},{"__type__":"cc.SpriteFrame","content":{"name":"表情2","texture":"53ogz7YdtF3YOozY0eRWxQ","rect":[426,417,413,422],"offset":[0,0],"originalSize":[413,422],"rotated":1,"capInsets":[0,0,0,0]}}]