[1,["2drBt3S4lMJrOG/T7eeiCy@6c48a"],0,[["sp.SkeletonData",["_name","_atlasText","textureNames","_skeletonJson","textures"],-1,3]],[[0,0,1,2,3,4,5]],[[0,"trong_to","\r\ntrong_to.png\r\nsize: 518, 272\r\nformat: RGBA8888\r\nfilter: Linear, Linear\r\nrepeat: none\r\nmeo_idle_raup\r\n  rotate: false\r\n  xy: 420, 67\r\n  size: 38, 31\r\n  orig: 40, 33\r\n  offset: 1, 1\r\n  index: -1\r\nmeo_idle_raut\r\n  rotate: false\r\n  xy: 420, 34\r\n  size: 38, 31\r\n  orig: 40, 33\r\n  offset: 1, 1\r\n  index: -1\r\ntrong/duitrong\r\n  rotate: false\r\n  xy: 473, 14\r\n  size: 39, 112\r\n  orig: 39, 112\r\n  offset: 0, 0\r\n  index: -1\r\ntrong/meo_trong_dau\r\n  rotate: true\r\n  xy: 2, 5\r\n  size: 265, 179\r\n  orig: 265, 179\r\n  offset: 0, 0\r\n  index: -1\r\ntrong/meo_trong_dau2\r\n  rotate: true\r\n  xy: 183, 76\r\n  size: 194, 177\r\n  orig: 194, 177\r\n  offset: 0, 0\r\n  index: -1\r\ntrong/meo_trong_duoi\r\n  rotate: true\r\n  xy: 283, 7\r\n  size: 67, 45\r\n  orig: 67, 45\r\n  offset: 0, 0\r\n  index: -1\r\ntrong/meo_trong_mat\r\n  rotate: false\r\n  xy: 330, 10\r\n  size: 88, 64\r\n  orig: 88, 64\r\n  offset: 0, 0\r\n  index: -1\r\ntrong/meo_trong_tayp\r\n  rotate: false\r\n  xy: 417, 100\r\n  size: 54, 57\r\n  orig: 54, 57\r\n  offset: 0, 0\r\n  index: -1\r\ntrong/meo_trong_tayt\r\n  rotate: false\r\n  xy: 362, 98\r\n  size: 53, 59\r\n  orig: 53, 59\r\n  offset: 0, 0\r\n  index: -1\r\ntrong/meo_trong_than\r\n  rotate: true\r\n  xy: 362, 159\r\n  size: 111, 154\r\n  orig: 111, 154\r\n  offset: 0, 0\r\n  index: -1\r\ntrong/mieng\r\n  rotate: false\r\n  xy: 473, 128\r\n  size: 40, 29\r\n  orig: 40, 29\r\n  offset: 0, 0\r\n  index: -1\r\ntrong/mieng_to\r\n  rotate: false\r\n  xy: 183, 2\r\n  size: 98, 72\r\n  orig: 98, 72\r\n  offset: 0, 0\r\n  index: -1\r\ntrong/mui\r\n  rotate: true\r\n  xy: 362, 84\r\n  size: 12, 24\r\n  orig: 12, 24\r\n  offset: 0, 0\r\n  index: -1\r\n",["trong_to.png"],{"skeleton":{"hash":"Yx7Ih1gN2Eo","spine":"3.8-from-4.0-from-4.1-from-4.2.38","x":-136.82,"y":-19.18,"width":265,"height":321.04,"images":"C:/Users/006/Desktop/222","audio":"../20Track 3/"},"bones":[{"name":"root"},{"name":"bone","parent":"root","icon":"arrows"},{"name":"bone2","parent":"bone","length":117,"rotation":90,"x":-3.46,"y":4.02},{"name":"bone2b2","parent":"bone2","length":116.41,"rotation":0.52,"x":142.79,"y":3.1},{"name":"bone2b3","parent":"bone2","length":39.19,"rotation":-173.69,"x":108.44,"y":26.91},{"name":"bone2b4","parent":"bone2","length":38.13,"rotation":175.51,"x":110.6,"y":-25.5},{"name":"bone2b6","parent":"bone2b2","x":65.94,"y":1.06},{"name":"bone2b5","parent":"bone2b6","x":-26.39,"y":-0.02},{"name":"bone2b7","parent":"bone2b6","rotation":-90,"x":-41.77,"y":-0.32,"icon":"arrowUp"},{"name":"bone2b8","parent":"bone2b6","rotation":-90,"x":-8.93,"icon":"suiteHearts"},{"name":"meo_idle_raup2","parent":"bone2b6","length":21.05,"rotation":-127.93,"x":-48.74,"y":-73.84},{"name":"meo_idle_raut2","parent":"bone2b6","length":23.51,"rotation":126.83,"x":-52.77,"y":77.69},{"name":"duitrong","parent":"bone2b4","length":75.1,"rotation":-10.52,"x":44.85,"y":-3.25},{"name":"mieng","parent":"bone2b5","length":17.35,"rotation":176.25,"x":-18.56,"y":2.29}],"slots":[{"name":"meo_idle_duoi","bone":"bone2","attachment":"trong/meo_trong_duoi"},{"name":"meo_idle_than","bone":"bone2","attachment":"trong/meo_trong_than"},{"name":"meo_idle_dau","bone":"bone2b2","attachment":"trong/meo_trong_dau"},{"name":"meo_trong_dau2","bone":"bone2b2","attachment":"trong/meo_trong_dau2"},{"name":"meo_idle_raut2","bone":"meo_idle_raut2","attachment":"meo_idle_raut2"},{"name":"meo_idle_raup2","bone":"meo_idle_raup2","attachment":"meo_idle_raup2"},{"name":"meo_idle_bc10","bone":"bone2b8","attachment":"trong/meo_trong_mat"},{"name":"meo_idle_mieng","bone":"bone2b5"},{"name":"duitrong","bone":"duitrong","attachment":"trong/duitrong"},{"name":"meo_idle_tayt1","bone":"bone2b3","attachment":"trong/meo_trong_tayt"},{"name":"meo_idle_tayp1","bone":"bone2b4","attachment":"trong/meo_trong_tayp"},{"name":"meo_trong_tayt","bone":"bone2b3"},{"name":"mieng","bone":"mieng","attachment":"trong/mieng"},{"name":"mieng_to","bone":"root"},{"name":"mui","bone":"bone2b5","attachment":"trong/mui"}],"skins":[{"name":"default","attachments":{"duitrong":{"trong/duitrong":{"x":33.3,"y":-3.53,"rotation":-82.64,"width":39,"height":112}},"meo_idle_bc10":{"trong/meo_trong_mat":{"x":-0.61,"y":-7.41,"rotation":-0.52,"width":88,"height":64}},"meo_idle_dau":{"trong/meo_trong_dau":{"x":65.52,"y":-2.83,"rotation":-90.52,"width":265,"height":179}},"meo_idle_duoi":{"trong/meo_trong_duoi":{"x":60.56,"y":-69.11,"rotation":-90,"width":67,"height":45}},"meo_idle_raup2":{"meo_idle_raup2":{"path":"meo_idle_raup","x":17.38,"y":1.09,"rotation":37.41,"width":40,"height":33}},"meo_idle_raut2":{"meo_idle_raut2":{"path":"meo_idle_raut","x":16.61,"y":0.26,"rotation":142.65,"width":40,"height":33}},"meo_idle_tayp1":{"trong/meo_trong_tayp":{"x":27.4,"y":-1.32,"rotation":-39.95,"width":54,"height":57}},"meo_idle_tayt1":{"trong/meo_trong_tayt":{"x":24.6,"y":-2.47,"rotation":135.1,"width":53,"height":59}},"meo_idle_than":{"trong/meo_trong_than":{"x":69.25,"y":0.04,"rotation":-90,"width":111,"height":154}},"meo_trong_dau2":{"trong/meo_trong_dau2":{"x":45.87,"y":-0.65,"rotation":-90.52,"width":194,"height":177}},"mieng":{"trong/mieng":{"x":13.16,"y":3.46,"rotation":93.22,"width":40,"height":29},"trong/mieng_to":{"x":34.61,"y":15.64,"rotation":93.22,"width":98,"height":72}},"mui":{"trong/mui":{"x":-8.38,"y":-0.19,"rotation":-90.52,"width":12,"height":24}}}},{"name":"meo_trong_to"}],"events":{"1":{}},"animations":{"1_play":{"bones":{"bone2b6":{"translate":[{"x":16.85,"y":39.18}]},"bone2b5":{"translate":[{"x":-8.25,"y":0.07}]},"meo_idle_raut2":{"translate":[{"x":-18.75,"y":-39.16}]},"meo_idle_raup2":{"translate":[{"x":-18.04,"y":38.86}]},"bone2b4":{"rotate":[{"angle":127.6},{"time":0.0667,"angle":141.66},{"time":0.1667,"angle":127.6,"curve":"stepped"},{"time":0.8667,"angle":127.6},{"time":0.9667,"angle":141.66},{"time":1.0667,"angle":127.6,"curve":"stepped"},{"time":1.5333,"angle":127.6},{"time":1.6333,"angle":141.66},{"time":1.7333,"angle":127.6,"curve":"stepped"},{"time":2.4333,"angle":127.6},{"time":2.5333,"angle":141.66},{"time":2.6333,"angle":127.6,"curve":"stepped"},{"time":3.4,"angle":127.6},{"time":3.5,"angle":141.66},{"time":3.5667,"angle":127.6,"curve":"stepped"},{"time":3.6,"angle":127.6},{"time":3.6667,"angle":141.66},{"time":3.7667,"angle":127.6,"curve":"stepped"},{"time":4.0333,"angle":127.6},{"time":4.1333,"angle":141.66},{"time":4.2333,"angle":127.6,"curve":"stepped"},{"time":4.9667,"angle":127.6},{"time":5.0667,"angle":141.66},{"time":5.1667,"angle":127.6,"curve":"stepped"},{"time":5.9,"angle":127.6},{"time":6,"angle":141.66},{"time":6.1,"angle":127.6,"curve":"stepped"},{"time":6.5667,"angle":127.6},{"time":6.6667,"angle":141.66},{"time":6.7667,"angle":127.6,"curve":"stepped"},{"time":7.5,"angle":127.6},{"time":7.6,"angle":141.66},{"time":7.7,"angle":127.6,"curve":"stepped"},{"time":7.9333,"angle":127.6},{"time":8.0333,"angle":141.66},{"time":8.1333,"angle":127.6,"curve":"stepped"},{"time":8.4,"angle":127.6},{"time":8.5,"angle":141.66},{"time":8.6,"angle":127.6,"curve":"stepped"},{"time":8.6333,"angle":127.6},{"time":8.7333,"angle":141.66},{"time":8.8333,"angle":127.6,"curve":"stepped"},{"time":9.1,"angle":127.6},{"time":9.2,"angle":141.66},{"time":9.3,"angle":127.6,"curve":"stepped"},{"time":10,"angle":127.6},{"time":10.1,"angle":141.66}],"translate":[{"x":-20.73,"y":-2.7}]},"duitrong":{"rotate":[{"angle":39.37},{"time":0.0667,"angle":57.85},{"time":0.1667,"angle":39.37,"curve":"stepped"},{"time":0.8667,"angle":39.37},{"time":0.9667,"angle":57.85},{"time":1.0667,"angle":39.37,"curve":"stepped"},{"time":1.5333,"angle":39.37},{"time":1.6333,"angle":57.85},{"time":1.7333,"angle":39.37,"curve":"stepped"},{"time":2.4333,"angle":39.37},{"time":2.5333,"angle":57.85},{"time":2.6333,"angle":39.37,"curve":"stepped"},{"time":3.4,"angle":39.37},{"time":3.5,"angle":57.85},{"time":3.5667,"angle":39.37,"curve":"stepped"},{"time":3.6,"angle":39.37},{"time":3.6667,"angle":57.85},{"time":3.7667,"angle":39.37,"curve":"stepped"},{"time":4.0333,"angle":39.37},{"time":4.1333,"angle":57.85},{"time":4.2333,"angle":39.37,"curve":"stepped"},{"time":4.9667,"angle":39.37},{"time":5.0667,"angle":57.85},{"time":5.1667,"angle":39.37,"curve":"stepped"},{"time":5.9,"angle":39.37},{"time":6,"angle":57.85},{"time":6.1,"angle":39.37,"curve":"stepped"},{"time":6.5667,"angle":39.37},{"time":6.6667,"angle":57.85},{"time":6.7667,"angle":39.37,"curve":"stepped"},{"time":7.5,"angle":39.37},{"time":7.6,"angle":57.85},{"time":7.7,"angle":39.37,"curve":"stepped"},{"time":7.9333,"angle":39.37},{"time":8.0333,"angle":57.85},{"time":8.1333,"angle":39.37,"curve":"stepped"},{"time":8.4,"angle":39.37},{"time":8.5,"angle":57.85},{"time":8.6,"angle":39.37,"curve":"stepped"},{"time":8.6333,"angle":39.37},{"time":8.7333,"angle":57.85},{"time":8.8333,"angle":39.37,"curve":"stepped"},{"time":9.1,"angle":39.37},{"time":9.2,"angle":57.85},{"time":9.3,"angle":39.37,"curve":"stepped"},{"time":10,"angle":39.37},{"time":10.1,"angle":57.85}],"translate":[{"x":-5.71,"y":-2.56}]},"bone2b3":{"rotate":[{"angle":-55.73}],"translate":[{"x":-10,"y":8.46}]},"bone2b2":{"translate":[{},{"time":0.0667,"y":6.77},{"time":0.1333},{"time":0.2,"y":2.26},{"time":0.2667,"curve":"stepped"},{"time":0.9667},{"time":1.0333,"y":6.77},{"time":1.1},{"time":1.1667,"y":2.26},{"time":1.2333,"curve":"stepped"},{"time":1.6333},{"time":1.7,"y":6.77},{"time":1.7667},{"time":1.8333,"y":2.26},{"time":1.9,"curve":"stepped"},{"time":2.5333},{"time":2.6,"y":6.77},{"time":2.6667},{"time":2.7333,"y":2.26},{"time":2.8,"curve":"stepped"},{"time":3.5},{"time":3.5333,"y":6.77},{"time":3.6},{"time":3.6667,"y":6.77},{"time":3.7333,"curve":"stepped"},{"time":4.1333},{"time":4.2,"y":6.77},{"time":4.2667},{"time":4.3333,"y":2.26},{"time":4.4,"curve":"stepped"},{"time":5.0667},{"time":5.1333,"y":6.77},{"time":5.2},{"time":5.2667,"y":2.26},{"time":5.3333,"curve":"stepped"},{"time":6},{"time":6.0667,"y":6.77},{"time":6.1333},{"time":6.2,"y":2.26},{"time":6.2667,"curve":"stepped"},{"time":6.6667},{"time":6.7333,"y":6.77},{"time":6.8},{"time":6.8667,"y":2.26},{"time":6.9333,"curve":"stepped"},{"time":7.6},{"time":7.6667,"y":6.77},{"time":7.7333},{"time":7.8,"y":2.26},{"time":7.8667,"curve":"stepped"},{"time":8.0333},{"time":8.1,"y":6.77},{"time":8.1667},{"time":8.2333,"y":2.26},{"time":8.3,"curve":"stepped"},{"time":8.5},{"time":8.5667,"y":6.77},{"time":8.6333,"curve":"stepped"},{"time":8.7333},{"time":8.8,"y":6.77},{"time":8.8667},{"time":8.9333,"y":2.26},{"time":9,"curve":"stepped"},{"time":9.2},{"time":9.2667,"y":6.77},{"time":9.3333},{"time":9.4,"y":2.26},{"time":9.4667}],"scale":[{},{"time":0.0667,"y":1.088},{"time":0.1333,"curve":"stepped"},{"time":0.9667},{"time":1.0333,"y":1.088},{"time":1.1,"curve":"stepped"},{"time":1.6333},{"time":1.7,"y":1.088},{"time":1.7667,"curve":"stepped"},{"time":2.5333},{"time":2.6,"y":1.088},{"time":2.6667,"curve":"stepped"},{"time":3.4667},{"time":3.5,"y":1.088},{"time":3.5667,"curve":"stepped"},{"time":4.1333},{"time":4.2,"y":1.088},{"time":4.2667,"curve":"stepped"},{"time":5.0667},{"time":5.1333,"y":1.088},{"time":5.2,"curve":"stepped"},{"time":6},{"time":6.0667,"y":1.088},{"time":6.1333,"curve":"stepped"},{"time":6.6667},{"time":6.7333,"y":1.088},{"time":6.8,"curve":"stepped"},{"time":7.6},{"time":7.6667,"y":1.088},{"time":7.7333,"curve":"stepped"},{"time":8.0333},{"time":8.1,"y":1.088},{"time":8.1667,"curve":"stepped"},{"time":8.5},{"time":8.5667,"y":1.088},{"time":8.6333,"curve":"stepped"},{"time":8.7333},{"time":8.8,"y":1.088},{"time":8.8667,"curve":"stepped"},{"time":9.2},{"time":9.2667,"y":1.088},{"time":9.3333}]},"root":{"rotate":[{"time":7.5667,"angle":-0.95}]}},"drawOrder":[{"offsets":[{"slot":"meo_idle_tayt1","offset":-7}]}],"events":[{"name":"1"},{"time":0.9667,"name":"1"},{"time":1.6333,"name":"1"},{"time":2.5333,"name":"1"},{"time":3.5,"name":"1"},{"time":3.6667,"name":"1"},{"time":4.1333,"name":"1"},{"time":5.0667,"name":"1"},{"time":6,"name":"1"},{"time":6.6667,"name":"1"},{"time":7.6,"name":"1"},{"time":8.0333,"name":"1"},{"time":8.5,"name":"1"},{"time":8.7333,"name":"1"},{"time":9.2,"name":"1"}]},"2_idle":{"bones":{"bone2b4":{"rotate":[{"angle":127.6}],"translate":[{"x":-20.73,"y":-2.7}]},"duitrong":{"rotate":[{"angle":39.37}],"translate":[{"x":-5.71,"y":-2.56}]},"bone2b3":{"rotate":[{"angle":-55.73}],"translate":[{"x":-10,"y":8.46}]},"meo_idle_raup2":{"translate":[{"x":-18.04,"y":38.86}]},"meo_idle_raut2":{"translate":[{"x":-18.75,"y":-39.16}]},"bone2b5":{"translate":[{"x":-8.25,"y":0.07}]},"bone2b6":{"translate":[{"x":16.85,"y":39.18}]}},"drawOrder":[{"offsets":[{"slot":"meo_idle_tayt1","offset":-7}]}],"events":[{"name":"1"}]}}},[0]]],0,0,[0],[-1],[0]]
