[{"__type__":"cc.SpriteFrame","content":{"name":"Vien","texture":"60cRc1qedPIaOD/FOZqzlm","rect":[3,1451,600,512],"offset":[0,0],"originalSize":[600,512],"capInsets":[298,0,303,0]}},{"__type__":"cc.SpriteFrame","content":{"name":"fill 250","texture":"60cRc1qedPIaOD/FOZqzlm","rect":[607,1451,250,250],"offset":[0,0],"originalSize":[250,250],"capInsets":[0,0,0,0]}},{"__type__":"cc.SpriteFrame","content":{"name":"4-02","texture":"60cRc1qedPIaOD/FOZqzlm","rect":[3,3,1280,720],"offset":[0,0],"originalSize":[1280,720],"capInsets":[0,0,0,0]}},{"__type__":"cc.SpriteAtlas","_name":"bg_plist.plist","_spriteFrames":{"2-02":{"__uuid__":"da6986e/1HwrxH8KTkYwtj"},"3-02":{"__uuid__":"e9YwCJ5j9Grrtj/93qiCXP"},"4-02":{"__uuid__":"b3q8DMYQBJ7aK5EIJVslHO"},"Vien":{"__uuid__":"81nFU09p1AeYkvXHZveP7Y"},"fill 250":{"__uuid__":"acZOqs1FZMZZIp6IBnkhZP"}}},{"__type__":"cc.SpriteFrame","content":{"name":"2-02","texture":"60cRc1qedPIaOD/FOZqzlm","rect":[3,727,1280,720],"offset":[0,0],"originalSize":[1280,720],"capInsets":[0,0,0,0]}},{"__type__":"cc.SpriteFrame","content":{"name":"3-02","texture":"60cRc1qedPIaOD/FOZqzlm","rect":[1287,3,1280,720],"offset":[0,0],"originalSize":[1280,720],"rotated":1,"capInsets":[0,0,0,0]}}]