[{"__type__":"cc.SpriteFrame","content":{"name":"表情4","texture":"d2DqoTbE5EbJBnzAmloGVR","rect":[426,2,413,422],"offset":[0,0],"originalSize":[413,422],"rotated":1,"capInsets":[0,0,0,0]}},{"__type__":"cc.SpriteFrame","content":{"name":"表情","texture":"d2DqoTbE5EbJBnzAmloGVR","rect":[426,832,413,422],"offset":[0,0],"originalSize":[413,422],"rotated":1,"capInsets":[0,0,0,0]}},{"__type__":"cc.SpriteAtlas","_name":"4_skin_plist.plist","_spriteFrames":{"表情":{"__uuid__":"6fcPeFGi5FErpJT4GARZLU"},"表情1":{"__uuid__":"88sjZHN6JMmaXmLb+4gomU"},"表情2":{"__uuid__":"a8GjYO+itIH5oRM6g+oLVm"},"表情3":{"__uuid__":"b2eZS5ogVHFb/tmbo5A5sc"},"表情4":{"__uuid__":"4cs78JKlpNKolVfRxpKXXP"},"表情5":{"__uuid__":"95Xar8PjhNY60m/UZlbEb0"}}},{"__type__":"cc.SpriteFrame","content":{"name":"表情1","texture":"d2DqoTbE5EbJBnzAmloGVR","rect":[2,832,413,422],"offset":[0,0],"originalSize":[413,422],"rotated":1,"capInsets":[0,0,0,0]}},{"__type__":"cc.SpriteFrame","content":{"name":"表情5","texture":"d2DqoTbE5EbJBnzAmloGVR","rect":[2,2,413,422],"offset":[0,0],"originalSize":[413,422],"rotated":1,"capInsets":[0,0,0,0]}},{"__type__":"cc.SpriteFrame","content":{"name":"表情2","texture":"d2DqoTbE5EbJBnzAmloGVR","rect":[426,417,413,422],"offset":[0,0],"originalSize":[413,422],"rotated":1,"capInsets":[0,0,0,0]}},{"__type__":"cc.SpriteFrame","content":{"name":"表情3","texture":"d2DqoTbE5EbJBnzAmloGVR","rect":[2,417,413,422],"offset":[0,0],"originalSize":[413,422],"rotated":1,"capInsets":[0,0,0,0]}}]