[[{"__type__":"cc.Prefab","_name":"fallin-water","data":{"__id__":1}},{"__type__":"cc.Node","_name":"fallin-water","_components":[{"__type__":"cc.ParticleSystem","node":{"__id__":1},"_materials":[{"__uuid__":"ecpdLyjvZBwrvm+cedCcQy"}],"_dstBlendFactor":1,"_custom":true,"_file":{"__uuid__":"20sssHJN9ODKK9nY9o0tL5"},"_spriteFrame":{"__uuid__":"349uF7Q5xHjasAZ04FqcRR"},"_stopped":false,"autoRemoveOnFinish":true,"totalParticles":3,"duration":1,"emissionRate":5,"life":0.5,"lifeVar":0.2,"_startColor":{"__type__":"cc.Color","r":255,"g":255,"b":255,"a":128},"_startColorVar":{"__type__":"cc.Color","a":49},"_endColor":{"__type__":"cc.Color","r":255,"g":255,"b":255,"a":0},"_endColorVar":{"__type__":"cc.Color","a":0},"angle":0,"angleVar":180,"startSize":120,"startSizeVar":20,"endSize":300,"endSizeVar":50,"posVar":{"__type__":"cc.Vec2","x":10,"y":20},"_positionType":1,"positionType":1,"speed":10,"speedVar":10,"tangentialAccel":0}],"_prefab":{"__type__":"cc.PrefabInfo","root":{"__id__":1},"asset":{"__uuid__":"08QeMWPQtOsIi8UzSsTttc"},"fileId":"3cB28I3hxIqbzj4+I2dHxf"},"_trs":{"__type__":"TypedArray","ctor":"Float64Array","array":[0,0,0,0,0,0,1,1,1,1]}}],{"__type__":"cc.ParticleAsset","_name":"blowSpray","_native":".plist","spriteFrame":{"__uuid__":"349uF7Q5xHjasAZ04FqcRR"}},{"__type__":"cc.SpriteFrame","content":{"name":"spray","texture":"83Dr09F/5Cw5vaccd6otVI","rect":[0,0,128,71],"offset":[0,28.5],"originalSize":[128,128],"capInsets":[0,0,0,0]}}]