[1,["7f+0bG4tNJ0IcZlL6RX/RE@6c48a"],0,[["sp.SkeletonData",["_name","_atlasText","textureNames","_skeletonJson","textures"],-1,3]],[[0,0,1,2,3,4,5]],[[0,"Sound_H_Blue","\r\nSound_H_Blue.png\r\nsize: 805, 632\r\nformat: RGBA8888\r\nfilter: Linear, Linear\r\nrepeat: none\r\n1\r\n  rotate: true\r\n  xy: 2, 423\r\n  size: 207, 267\r\n  orig: 207, 267\r\n  offset: 0, 0\r\n  index: -1\r\n2\r\n  rotate: true\r\n  xy: 271, 423\r\n  size: 207, 270\r\n  orig: 207, 276\r\n  offset: 0, 6\r\n  index: -1\r\n3\r\n  rotate: true\r\n  xy: 543, 423\r\n  size: 207, 260\r\n  orig: 207, 267\r\n  offset: 0, 6\r\n  index: -1\r\n4\r\n  rotate: true\r\n  xy: 530, 2\r\n  size: 210, 263\r\n  orig: 210, 268\r\n  offset: 0, 5\r\n  index: -1\r\n5\r\n  rotate: true\r\n  xy: 2, 214\r\n  size: 207, 262\r\n  orig: 207, 267\r\n  offset: 0, 5\r\n  index: -1\r\n6\r\n  rotate: true\r\n  xy: 266, 214\r\n  size: 207, 265\r\n  orig: 207, 270\r\n  offset: 0, 5\r\n  index: -1\r\n7\r\n  rotate: true\r\n  xy: 533, 214\r\n  size: 207, 268\r\n  orig: 207, 274\r\n  offset: 0, 6\r\n  index: -1\r\n8\r\n  rotate: true\r\n  xy: 2, 5\r\n  size: 207, 262\r\n  orig: 207, 268\r\n  offset: 0, 6\r\n  index: -1\r\n9\r\n  rotate: true\r\n  xy: 266, 4\r\n  size: 208, 262\r\n  orig: 208, 268\r\n  offset: 0, 6\r\n  index: -1\r\n",["Sound_H_Blue.png"],{"skeleton":{"hash":"+cl/VA6SOyg","spine":"3.8-from-4.0-from-4.1-from-4.2.37","x":-96,"y":-6.23,"width":207,"height":276,"images":"C:\\Users\\006\\Desktop\\111","audio":"./audio"},"bones":[{"name":"root"}],"slots":[{"name":"1","bone":"root"},{"name":"2","bone":"root","attachment":"2"},{"name":"3","bone":"root"},{"name":"4","bone":"root"},{"name":"5","bone":"root"},{"name":"6","bone":"root"},{"name":"7","bone":"root"},{"name":"8","bone":"root"},{"name":"9","bone":"root"}],"skins":[{"name":"default","attachments":{"1":{"1":{"x":9.64,"y":127.49,"width":207,"height":267}},"2":{"2":{"x":7.5,"y":131.77,"width":207,"height":276}},"3":{"3":{"x":7.5,"y":127.49,"width":207,"height":267}},"4":{"4":{"x":1.9,"y":128.03,"width":210,"height":268}},"5":{"5":{"x":7.5,"y":127.49,"width":207,"height":267}},"6":{"6":{"x":7.5,"y":129.1,"width":207,"height":270}},"7":{"7":{"x":7.5,"y":131.23,"width":207,"height":274}},"8":{"8":{"x":5.63,"y":128.3,"width":207,"height":268}},"9":{"9":{"x":12.04,"y":128.3,"width":208,"height":268}}}}],"animations":{"Sound_1":{"slots":{"1":{"attachment":[{"name":"1"},{"time":0.1333,"name":null},{"time":2.7667,"name":"1"},{"time":3.6,"name":null},{"time":6.2,"name":"1"}]},"2":{"attachment":[{"name":null},{"time":1.8,"name":"2"},{"time":1.9333,"name":null},{"time":5.2333,"name":"2"},{"time":5.4,"name":null}]},"3":{"attachment":[{"time":0.1333,"name":"3"},{"time":0.2667,"name":null},{"time":3.6,"name":"3"},{"time":3.7333,"name":null}]},"4":{"attachment":[{"time":0.9667,"name":"4"},{"time":1.1,"name":null},{"time":4.4333,"name":"4"},{"time":4.5667,"name":null}]},"5":{"attachment":[{"time":0.2667,"name":"5"},{"time":0.9667,"name":null},{"time":3.7333,"name":"5"},{"time":4.4333,"name":null}]},"7":{"attachment":[{"time":1.9333,"name":"7"},{"time":2.6333,"name":null},{"time":5.4,"name":"7"},{"time":6.0667,"name":null}]},"8":{"attachment":[{"time":1.1,"name":"8"},{"time":1.8,"name":null},{"time":4.5667,"name":"8"},{"time":5.2333,"name":null}]},"9":{"attachment":[{"time":2.6333,"name":"9"},{"time":2.7667,"name":null},{"time":6.0667,"name":"9"},{"time":6.2,"name":null},{"time":6.9,"name":null}]}}},"Sound_2":{"slots":{"1":{"attachment":[{"name":"1"},{"time":0.1333,"name":null},{"time":2.7667,"name":"1"},{"time":3.6,"name":null},{"time":6.2,"name":"1"}]},"2":{"attachment":[{"name":null},{"time":1.8,"name":"2"},{"time":1.9333,"name":null},{"time":5.2333,"name":"2"},{"time":5.4,"name":null}]},"3":{"attachment":[{"time":0.1333,"name":"3"},{"time":0.2667,"name":null},{"time":3.6,"name":"3"},{"time":3.7333,"name":null}]},"4":{"attachment":[{"time":0.9667,"name":"4"},{"time":1.1,"name":null},{"time":4.4333,"name":"4"},{"time":4.5667,"name":null}]},"5":{"attachment":[{"time":0.2667,"name":"5"},{"time":0.9667,"name":null},{"time":3.7333,"name":"5"},{"time":4.4333,"name":null}]},"7":{"attachment":[{"time":1.9333,"name":"7"},{"time":2.6333,"name":null},{"time":5.4,"name":"7"},{"time":6.0667,"name":null}]},"8":{"attachment":[{"time":1.1,"name":"8"},{"time":1.8,"name":null},{"time":4.5667,"name":"8"},{"time":5.2333,"name":null}]},"9":{"attachment":[{"time":2.6333,"name":"9"},{"time":2.7667,"name":null},{"time":6.0667,"name":"9"},{"time":6.2,"name":null},{"time":6.9,"name":null}]}}}}},[0]]],0,0,[0],[-1],[0]]
