[1,["dfjKRaTNdLUJpwepYf6Yyn@6c48a"],0,[["sp.SkeletonData",["_name","_atlasText","textureNames","_skeletonJson","textures"],-1,3]],[[0,0,1,2,3,4,5]],[[0,"Sound_1_Yellow","\r\nSound_1_Yellow.png\r\nsize: 802, 384\r\nformat: RGBA8888\r\nfilter: Linear, Linear\r\nrepeat: none\r\n1\r\n  rotate: true\r\n  xy: 2, 193\r\n  size: 189, 262\r\n  orig: 189, 262\r\n  offset: 0, 0\r\n  index: -1\r\n2\r\n  rotate: true\r\n  xy: 266, 193\r\n  size: 189, 266\r\n  orig: 189, 266\r\n  offset: 0, 0\r\n  index: -1\r\n3\r\n  rotate: true\r\n  xy: 534, 193\r\n  size: 189, 266\r\n  orig: 189, 266\r\n  offset: 0, 0\r\n  index: -1\r\n4\r\n  rotate: true\r\n  xy: 2, 2\r\n  size: 189, 259\r\n  orig: 189, 259\r\n  offset: 0, 0\r\n  index: -1\r\n5\r\n  rotate: true\r\n  xy: 263, 2\r\n  size: 189, 266\r\n  orig: 189, 266\r\n  offset: 0, 0\r\n  index: -1\r\n6\r\n  rotate: true\r\n  xy: 531, 2\r\n  size: 189, 264\r\n  orig: 189, 264\r\n  offset: 0, 0\r\n  index: -1\r\n",["Sound_1_Yellow.png"],{"skeleton":{"hash":"o8KNSbLWJGw","spine":"3.8-from-4.0-from-4.1-from-4.2.38","images":"C:\\Users\\006\\Desktop\\222","audio":"./audio"},"bones":[{"name":"root"},{"name":"bone","parent":"root","x":-0.16,"y":-26.1}],"slots":[{"name":"1","bone":"root"},{"name":"2","bone":"root"},{"name":"3","bone":"root"},{"name":"4","bone":"root"},{"name":"5","bone":"root"},{"name":"6","bone":"root","attachment":"6"}],"skins":[{"name":"default","attachments":{"1":{"1":{"x":7.01,"y":129.5,"width":189,"height":262}},"2":{"2":{"x":7.65,"y":131.55,"width":189,"height":266}},"3":{"3":{"x":7.23,"y":131.17,"width":189,"height":266}},"4":{"4":{"x":7.44,"y":127.65,"width":189,"height":259}},"5":{"5":{"x":7.44,"y":131.4,"width":189,"height":266}},"6":{"6":{"x":7.23,"y":129.96,"width":189,"height":264}}}}],"animations":{"Sound_1":{"slots":{"1":{"attachment":[{"time":2.2333,"name":"1"},{"time":2.5333,"name":null}]},"2":{"attachment":[{"time":1.3667,"name":"2"},{"time":1.6667,"name":null},{"time":3.6667,"name":"2"},{"time":3.9333,"name":null}]},"3":{"attachment":[{"time":0.3,"name":"3"},{"time":0.5667,"name":null},{"time":1.9667,"name":"3"},{"time":2.2333,"name":null},{"time":2.8333,"name":"3"},{"time":3.1,"name":null}]},"4":{"attachment":[{"time":3.9333,"name":"4"},{"time":4.2333,"name":null},{"time":4.5333,"name":"4"},{"time":4.8,"name":null}]},"5":{"attachment":[{"time":0.5667,"name":"5"},{"time":1.1,"name":null},{"time":3.1,"name":"5"},{"time":3.6667,"name":null}]},"6":{"attachment":[{"time":0.3,"name":null},{"time":1.1,"name":"6"},{"time":1.3667,"name":null},{"time":1.6667,"name":"6"},{"time":1.9667,"name":null},{"time":2.5333,"name":"6"},{"time":2.8333,"name":null},{"time":4.2333,"name":"6"},{"time":4.5333,"name":null},{"time":4.8,"name":"6"}]}}},"Sound_2":{"slots":{"1":{"attachment":[{"time":2.2333,"name":"1"},{"time":2.5333,"name":null}]},"2":{"attachment":[{"time":1.1,"name":"2"},{"time":1.3667,"name":null},{"time":1.9667,"name":"2"},{"time":2.2333,"name":null},{"time":2.5333,"name":"2"},{"time":2.8333,"name":null}]},"3":{"attachment":[{"time":0.3,"name":"3"},{"time":0.5667,"name":null},{"time":1.6667,"name":"3"},{"time":1.9667,"name":null},{"time":2.8333,"name":"3"},{"time":3.1,"name":null}]},"4":{"attachment":[{"time":3.6667,"name":"4"},{"time":4.8,"name":null}]},"5":{"attachment":[{"time":0.5667,"name":"5"},{"time":1.1,"name":null}]},"6":{"attachment":[{"time":0.3,"name":null},{"time":1.3667,"name":"6"},{"time":1.6667,"name":null},{"time":3.1,"name":"6"},{"time":3.6667,"name":null},{"time":4.8,"name":"6"}]}}}}},[0]]],0,0,[0],[-1],[0]]
