[1,["21f/Qcpj1LfaZWZxijJXvv@6c48a"],0,[["sp.SkeletonData",["_name","_atlasText","textureNames","_skeletonJson","textures"],-1,3]],[[0,0,1,2,3,4,5]],[[0,"Sound_S_Pin","\r\nSound_S_Pin.png\r\nsize: 722, 445\r\nformat: RGBA8888\r\nfilter: Linear, Linear\r\nrepeat: none\r\n1\r\n  rotate: true\r\n  xy: 238, 301\r\n  size: 142, 236\r\n  orig: 142, 236\r\n  offset: 0, 0\r\n  index: -1\r\n2\r\n  rotate: true\r\n  xy: 239, 3\r\n  size: 147, 241\r\n  orig: 147, 241\r\n  offset: 0, 0\r\n  index: -1\r\n3\r\n  rotate: true\r\n  xy: 476, 300\r\n  size: 143, 237\r\n  orig: 143, 237\r\n  offset: 0, 0\r\n  index: -1\r\n4\r\n  rotate: true\r\n  xy: 2, 7\r\n  size: 147, 235\r\n  orig: 147, 235\r\n  offset: 0, 0\r\n  index: -1\r\n5\r\n  rotate: true\r\n  xy: 2, 302\r\n  size: 141, 234\r\n  orig: 141, 234\r\n  offset: 0, 0\r\n  index: -1\r\n6\r\n  rotate: true\r\n  xy: 2, 156\r\n  size: 143, 238\r\n  orig: 143, 238\r\n  offset: 0, 0\r\n  index: -1\r\n7\r\n  rotate: true\r\n  xy: 482, 2\r\n  size: 148, 238\r\n  orig: 148, 238\r\n  offset: 0, 0\r\n  index: -1\r\n8\r\n  rotate: true\r\n  xy: 475, 152\r\n  size: 146, 240\r\n  orig: 146, 240\r\n  offset: 0, 0\r\n  index: -1\r\n9\r\n  rotate: true\r\n  xy: 242, 154\r\n  size: 145, 231\r\n  orig: 145, 231\r\n  offset: 0, 0\r\n  index: -1\r\n",["Sound_S_Pin.png"],{"skeleton":{"hash":"2ehUMZUa0FI","spine":"3.8-from-4.0-from-4.1-from-4.2.37","x":-76.45,"y":0.39,"width":142,"height":236,"images":"C:\\Users\\006\\Desktop\\111","audio":"./audio"},"bones":[{"name":"root"},{"name":"bone","parent":"root","x":-6.07,"y":-31.35}],"slots":[{"name":"1","bone":"bone","attachment":"1"},{"name":"2","bone":"bone"},{"name":"3","bone":"bone"},{"name":"4","bone":"bone"},{"name":"5","bone":"bone"},{"name":"6","bone":"bone"},{"name":"7","bone":"bone"},{"name":"8","bone":"bone"},{"name":"9","bone":"bone"}],"skins":[{"name":"default","attachments":{"1":{"1":{"x":0.62,"y":149.74,"width":142,"height":236}},"2":{"2":{"x":13.81,"y":152.76,"width":147,"height":241}},"3":{"3":{"x":5.3,"y":150.35,"width":143,"height":237}},"4":{"4":{"x":14.39,"y":148.84,"width":147,"height":235}},"5":{"5":{"x":3.61,"y":148.54,"width":141,"height":234}},"6":{"6":{"x":6.9,"y":150.64,"width":143,"height":238}},"7":{"7":{"x":9.3,"y":150.64,"width":148,"height":238}},"8":{"8":{"x":10.79,"y":152.43,"width":146,"height":240}},"9":{"9":{"x":13.49,"y":147.35,"width":145,"height":231}}}}],"animations":{"Sound_1":{"slots":{"1":{"attachment":[{"name":null},{"time":0.2,"name":"1"},{"time":0.3333,"name":null},{"time":1.9333,"name":"1"},{"time":2.0667,"name":null},{"time":3.6667,"name":"1"},{"time":3.8,"name":null},{"time":5.4,"name":"1"},{"time":5.5333,"name":null}]},"2":{"attachment":[{"time":1.0667,"name":"2"},{"time":1.2,"name":null},{"time":2.8,"name":"2"},{"time":2.9333,"name":null},{"time":4.5333,"name":"2"},{"time":4.6667,"name":null},{"time":6.2667,"name":"2"},{"time":6.4,"name":null}]},"3":{"attachment":[{"time":0.7667,"name":"3"},{"time":1.0667,"name":null},{"time":2.5,"name":"3"},{"time":2.8,"name":null},{"time":4.2333,"name":"3"},{"time":4.5333,"name":null},{"time":5.9667,"name":"3"},{"time":6.2667,"name":null}]},"4":{"attachment":[{"time":1.5,"name":"4"},{"time":1.6333,"name":null},{"time":3.2333,"name":"4"},{"time":3.3667,"name":null},{"time":4.9667,"name":"4"},{"time":5.1,"name":null},{"time":6.7667,"name":"4"},{"time":6.9,"name":null}]},"5":{"attachment":[{"time":0.6333,"name":"5"},{"time":0.7667,"name":null},{"time":2.3667,"name":"5"},{"time":2.5,"name":null},{"time":4.1,"name":"5"},{"time":4.2333,"name":null},{"time":5.8333,"name":"5"},{"time":5.9667,"name":null}]},"6":{"attachment":[{"time":0.3333,"name":"6"},{"time":0.6333,"name":null},{"time":2.0667,"name":"6"},{"time":2.3667,"name":null},{"time":3.8,"name":"6"},{"time":4.1,"name":null},{"time":5.5333,"name":"6"},{"time":5.8333,"name":null}]},"7":{"attachment":[{"name":"7"},{"time":0.2,"name":null},{"time":1.6333,"name":"7"},{"time":1.9333,"name":null},{"time":3.3667,"name":"7"},{"time":3.6667,"name":null},{"time":5.1,"name":"7"},{"time":5.4,"name":null},{"time":6.9,"name":"7"}]},"8":{"attachment":[{"time":1.2,"name":"8"},{"time":1.5,"name":null},{"time":2.9333,"name":"8"},{"time":3.2333,"name":null},{"time":4.6667,"name":"8"},{"time":4.9667,"name":null},{"time":6.4,"name":"8"},{"time":6.7667,"name":null}]}}},"Sound_2":{"slots":{"1":{"attachment":[{"name":null},{"time":0.2,"name":"1"},{"time":0.3333,"name":null},{"time":1.9333,"name":"1"},{"time":2.0667,"name":null},{"time":3.6667,"name":"1"},{"time":3.8,"name":null},{"time":5.4,"name":"1"},{"time":5.5333,"name":null}]},"2":{"attachment":[{"time":1.0667,"name":"2"},{"time":1.2,"name":null},{"time":2.8,"name":"2"},{"time":2.9333,"name":null},{"time":4.5333,"name":"2"},{"time":4.6667,"name":null},{"time":6.2667,"name":"2"},{"time":6.4,"name":null}]},"3":{"attachment":[{"time":0.7667,"name":"3"},{"time":1.0667,"name":null},{"time":2.5,"name":"3"},{"time":2.8,"name":null},{"time":4.2333,"name":"3"},{"time":4.5333,"name":null},{"time":5.9667,"name":"3"},{"time":6.2667,"name":null}]},"4":{"attachment":[{"time":1.5,"name":"4"},{"time":1.6333,"name":null},{"time":3.2333,"name":"4"},{"time":3.3667,"name":null},{"time":4.9667,"name":"4"},{"time":5.1,"name":null},{"time":6.7667,"name":"4"},{"time":6.9,"name":null}]},"5":{"attachment":[{"time":0.6333,"name":"5"},{"time":0.7667,"name":null},{"time":2.3667,"name":"5"},{"time":2.5,"name":null},{"time":4.1,"name":"5"},{"time":4.2333,"name":null},{"time":5.8333,"name":"5"},{"time":5.9667,"name":null}]},"6":{"attachment":[{"time":0.3333,"name":"6"},{"time":0.6333,"name":null},{"time":2.0667,"name":"6"},{"time":2.3667,"name":null},{"time":3.8,"name":"6"},{"time":4.1,"name":null},{"time":5.5333,"name":"6"},{"time":5.8333,"name":null}]},"7":{"attachment":[{"name":"7"},{"time":0.2,"name":null},{"time":1.6333,"name":"7"},{"time":1.9333,"name":null},{"time":3.3667,"name":"7"},{"time":3.6667,"name":null},{"time":5.1,"name":"7"},{"time":5.4,"name":null},{"time":6.9,"name":"7"}]},"8":{"attachment":[{"time":1.2,"name":"8"},{"time":1.5,"name":null},{"time":2.9333,"name":"8"},{"time":3.2333,"name":null},{"time":4.6667,"name":"8"},{"time":4.9667,"name":null},{"time":6.4,"name":"8"},{"time":6.7667,"name":null}]}}}}},[0]]],0,0,[0],[-1],[0]]
