[1,["92CM75FABDm5tCrGNjeKTE@6c48a"],0,[["sp.SkeletonData",["_name","_atlasText","textureNames","_skeletonJson","textures"],-1,3]],[[0,0,1,2,3,4,5]],[[0,"Sound_S_Green","\r\nSound_S_Green.png\r\nsize: 501, 641\r\nformat: RGBA8888\r\nfilter: Linear, Linear\r\nrepeat: none\r\n1\r\n  rotate: true\r\n  xy: 2, 422\r\n  size: 217, 323\r\n  orig: 217, 323\r\n  offset: 0, 0\r\n  index: -1\r\n2\r\n  rotate: false\r\n  xy: 327, 321\r\n  size: 161, 318\r\n  orig: 161, 318\r\n  offset: 0, 0\r\n  index: -1\r\n3\r\n  rotate: true\r\n  xy: 2, 206\r\n  size: 214, 308\r\n  orig: 214, 308\r\n  offset: 0, 0\r\n  index: -1\r\n4\r\n  rotate: false\r\n  xy: 312, 12\r\n  size: 187, 307\r\n  orig: 187, 307\r\n  offset: 0, 0\r\n  index: -1\r\n5\r\n  rotate: true\r\n  xy: 2, 2\r\n  size: 202, 301\r\n  orig: 202, 301\r\n  offset: 0, 0\r\n  index: -1\r\n",["Sound_S_Green.png"],{"skeleton":{"hash":"I47IO1ged/E","spine":"3.8-from-4.0-from-4.1-from-4.2.37","x":-108.38,"width":187,"height":307,"images":"C:\\Users\\006\\Desktop\\111","audio":"./audio"},"bones":[{"name":"root"}],"slots":[{"name":"1","bone":"root"},{"name":"2","bone":"root"},{"name":"3","bone":"root"},{"name":"4","bone":"root","attachment":"4"},{"name":"5","bone":"root"}],"skins":[{"name":"default","attachments":{"1":{"1":{"x":3.28,"y":161.37,"width":217,"height":323}},"2":{"2":{"x":-5.97,"y":158.97,"width":161,"height":318}},"3":{"3":{"x":25.78,"y":153.9,"width":214,"height":308}},"4":{"4":{"x":-14.88,"y":153.5,"width":187,"height":307}},"5":{"5":{"x":12.75,"y":150.43,"width":202,"height":301}}}}],"animations":{"Sound_1":{"slots":{"1":{"attachment":[{"time":0.6,"name":"1"},{"time":0.7,"name":null},{"time":1.1,"name":"1"},{"time":1.2,"name":null},{"time":1.4333,"name":"1"},{"time":1.5333,"name":null},{"time":2.3333,"name":"1"},{"time":2.4333,"name":null},{"time":2.8333,"name":"1"},{"time":2.9333,"name":null},{"time":3.1333,"name":"1"},{"time":3.2333,"name":null},{"time":4.0667,"name":"1"},{"time":4.1667,"name":null},{"time":4.5667,"name":"1"},{"time":4.6667,"name":null},{"time":4.8667,"name":"1"},{"time":4.9667,"name":null},{"time":5.7667,"name":"1"},{"time":5.8667,"name":null},{"time":6.3,"name":"1"},{"time":6.4,"name":null},{"time":6.6,"name":"1"},{"time":6.7,"name":null}]},"2":{"attachment":[{"time":0.1,"name":"2"},{"time":0.2,"name":null},{"time":0.7,"name":"2"},{"time":0.8,"name":null},{"time":1.2,"name":"2"},{"time":1.3333,"name":null},{"time":1.5333,"name":"2"},{"time":1.6333,"name":null},{"time":1.8333,"name":"2"},{"time":1.9333,"name":null},{"time":2.4333,"name":"2"},{"time":2.5333,"name":null},{"time":2.9333,"name":"2"},{"time":3.0333,"name":null},{"time":3.2333,"name":"2"},{"time":3.3333,"name":null},{"time":3.5333,"name":"2"},{"time":3.6333,"name":null},{"time":4.1667,"name":"2"},{"time":4.2667,"name":null},{"time":4.6667,"name":"2"},{"time":4.7667,"name":null},{"time":4.9667,"name":"2"},{"time":5.0667,"name":null},{"time":5.2667,"name":"2"},{"time":5.3667,"name":null},{"time":5.8667,"name":"2"},{"time":5.9667,"name":null},{"time":6.4,"name":"2"},{"time":6.5,"name":null},{"time":6.7,"name":"2"},{"time":6.8,"name":null}]},"3":{"attachment":[{"time":0.2,"name":"3"},{"time":0.3,"name":null},{"time":0.5,"name":"3"},{"time":0.6,"name":null},{"time":0.8,"name":"3"},{"time":0.9,"name":null},{"time":1,"name":"3"},{"time":1.1,"name":null},{"time":1.3333,"name":"3"},{"time":1.4333,"name":null},{"time":1.6333,"name":"3"},{"time":1.7333,"name":null},{"time":1.9333,"name":"3"},{"time":2.0333,"name":null},{"time":2.2333,"name":"3"},{"time":2.3333,"name":null},{"time":2.5333,"name":"3"},{"time":2.6333,"name":null},{"time":2.7333,"name":"3"},{"time":2.8333,"name":null},{"time":3.0333,"name":"3"},{"time":3.1333,"name":null},{"time":3.3333,"name":"3"},{"time":3.4333,"name":null},{"time":3.6333,"name":"3"},{"time":3.7667,"name":null},{"time":3.9667,"name":"3"},{"time":4.0667,"name":null},{"time":4.2667,"name":"3"},{"time":4.3667,"name":null},{"time":4.4667,"name":"3"},{"time":4.5667,"name":null},{"time":4.7667,"name":"3"},{"time":4.8667,"name":null},{"time":5.0667,"name":"3"},{"time":5.1667,"name":null},{"time":5.3667,"name":"3"},{"time":5.4667,"name":null},{"time":5.6667,"name":"3"},{"time":5.7667,"name":null},{"time":5.9667,"name":"3"},{"time":6.0667,"name":null},{"time":6.2,"name":"3"},{"time":6.3,"name":null},{"time":6.5,"name":"3"},{"time":6.6,"name":null},{"time":6.8,"name":"3"},{"time":6.9,"name":null}]},"4":{"attachment":[{"time":0.1,"name":null},{"time":0.3,"name":"4"},{"time":0.4,"name":null},{"time":0.9,"name":"4"},{"time":1,"name":null},{"time":1.7333,"name":"4"},{"time":1.8333,"name":null},{"time":2.0333,"name":"4"},{"time":2.1333,"name":null},{"time":2.6333,"name":"4"},{"time":2.7333,"name":null},{"time":3.4333,"name":"4"},{"time":3.5333,"name":null},{"time":3.7667,"name":"4"},{"time":3.8667,"name":null},{"time":4.3667,"name":"4"},{"time":4.4667,"name":null},{"time":5.1667,"name":"4"},{"time":5.2667,"name":null},{"time":5.4667,"name":"4"},{"time":5.5667,"name":null},{"time":6.0667,"name":"4"},{"time":6.2,"name":null},{"time":6.9,"name":"4"}]},"5":{"attachment":[{"time":0.4,"name":"5"},{"time":0.5,"name":null},{"time":2.1333,"name":"5"},{"time":2.2333,"name":null},{"time":3.8667,"name":"5"},{"time":3.9667,"name":null},{"time":5.5667,"name":"5"},{"time":5.6667,"name":null}]}}},"Sound_2":{"slots":{"1":{"attachment":[{"time":0.6,"name":"1"},{"time":0.7,"name":null},{"time":1.1,"name":"1"},{"time":1.2,"name":null},{"time":1.4333,"name":"1"},{"time":1.5333,"name":null},{"time":2.3333,"name":"1"},{"time":2.4333,"name":null},{"time":2.8333,"name":"1"},{"time":2.9333,"name":null},{"time":3.1333,"name":"1"},{"time":3.2333,"name":null},{"time":4.0667,"name":"1"},{"time":4.1667,"name":null},{"time":4.5667,"name":"1"},{"time":4.6667,"name":null},{"time":4.8667,"name":"1"},{"time":4.9667,"name":null},{"time":5.7667,"name":"1"},{"time":5.8667,"name":null},{"time":6.3,"name":"1"},{"time":6.4,"name":null},{"time":6.6,"name":"1"},{"time":6.7,"name":null}]},"2":{"attachment":[{"time":0.1,"name":"2"},{"time":0.2,"name":null},{"time":0.7,"name":"2"},{"time":0.8,"name":null},{"time":1.2,"name":"2"},{"time":1.3333,"name":null},{"time":1.5333,"name":"2"},{"time":1.6333,"name":null},{"time":1.8333,"name":"2"},{"time":1.9333,"name":null},{"time":2.4333,"name":"2"},{"time":2.5333,"name":null},{"time":2.9333,"name":"2"},{"time":3.0333,"name":null},{"time":3.2333,"name":"2"},{"time":3.3333,"name":null},{"time":3.5333,"name":"2"},{"time":3.6333,"name":null},{"time":4.1667,"name":"2"},{"time":4.2667,"name":null},{"time":4.6667,"name":"2"},{"time":4.7667,"name":null},{"time":4.9667,"name":"2"},{"time":5.0667,"name":null},{"time":5.2667,"name":"2"},{"time":5.3667,"name":null},{"time":5.8667,"name":"2"},{"time":5.9667,"name":null},{"time":6.4,"name":"2"},{"time":6.5,"name":null},{"time":6.7,"name":"2"},{"time":6.8,"name":null}]},"3":{"attachment":[{"time":0.2,"name":"3"},{"time":0.3,"name":null},{"time":0.5,"name":"3"},{"time":0.6,"name":null},{"time":0.8,"name":"3"},{"time":0.9,"name":null},{"time":1,"name":"3"},{"time":1.1,"name":null},{"time":1.3333,"name":"3"},{"time":1.4333,"name":null},{"time":1.6333,"name":"3"},{"time":1.7333,"name":null},{"time":1.9333,"name":"3"},{"time":2.0333,"name":null},{"time":2.2333,"name":"3"},{"time":2.3333,"name":null},{"time":2.5333,"name":"3"},{"time":2.6333,"name":null},{"time":2.7333,"name":"3"},{"time":2.8333,"name":null},{"time":3.0333,"name":"3"},{"time":3.1333,"name":null},{"time":3.3333,"name":"3"},{"time":3.4333,"name":null},{"time":3.6333,"name":"3"},{"time":3.7667,"name":null},{"time":3.9667,"name":"3"},{"time":4.0667,"name":null},{"time":4.2667,"name":"3"},{"time":4.3667,"name":null},{"time":4.4667,"name":"3"},{"time":4.5667,"name":null},{"time":4.7667,"name":"3"},{"time":4.8667,"name":null},{"time":5.0667,"name":"3"},{"time":5.1667,"name":null},{"time":5.3667,"name":"3"},{"time":5.4667,"name":null},{"time":5.6667,"name":"3"},{"time":5.7667,"name":null},{"time":5.9667,"name":"3"},{"time":6.0667,"name":null},{"time":6.2,"name":"3"},{"time":6.3,"name":null},{"time":6.5,"name":"3"},{"time":6.6,"name":null},{"time":6.8,"name":"3"},{"time":6.9,"name":null}]},"4":{"attachment":[{"time":0.1,"name":null},{"time":0.3,"name":"4"},{"time":0.4,"name":null},{"time":0.9,"name":"4"},{"time":1,"name":null},{"time":1.7333,"name":"4"},{"time":1.8333,"name":null},{"time":2.0333,"name":"4"},{"time":2.1333,"name":null},{"time":2.6333,"name":"4"},{"time":2.7333,"name":null},{"time":3.4333,"name":"4"},{"time":3.5333,"name":null},{"time":3.7667,"name":"4"},{"time":3.8667,"name":null},{"time":4.3667,"name":"4"},{"time":4.4667,"name":null},{"time":5.1667,"name":"4"},{"time":5.2667,"name":null},{"time":5.4667,"name":"4"},{"time":5.5667,"name":null},{"time":6.0667,"name":"4"},{"time":6.2,"name":null},{"time":6.9,"name":"4"}]},"5":{"attachment":[{"time":0.4,"name":"5"},{"time":0.5,"name":null},{"time":2.1333,"name":"5"},{"time":2.2333,"name":null},{"time":3.8667,"name":"5"},{"time":3.9667,"name":null},{"time":5.5667,"name":"5"},{"time":5.6667,"name":null}]}}}}},[0]]],0,0,[0],[-1],[0]]
