[1,["12ayR6+zZEVJ8PCpkJpBEC@6c48a"],0,[["sp.SkeletonData",["_name","_atlasText","textureNames","_skeletonJson","textures"],-1,3]],[[0,0,1,2,3,4,5]],[[0,"Sound_S_Red","\r\nSound_S_Red.png\r\nsize: 568, 447\r\nformat: RGBA8888\r\nfilter: Linear, Linear\r\nrepeat: none\r\n1\r\n  rotate: true\r\n  xy: 2, 3\r\n  size: 150, 271\r\n  orig: 150, 271\r\n  offset: 0, 0\r\n  index: -1\r\n2\r\n  rotate: true\r\n  xy: 2, 157\r\n  size: 145, 268\r\n  orig: 145, 268\r\n  offset: 0, 0\r\n  index: -1\r\n3\r\n  rotate: true\r\n  xy: 2, 304\r\n  size: 141, 285\r\n  orig: 141, 285\r\n  offset: 0, 0\r\n  index: -1\r\n4\r\n  rotate: true\r\n  xy: 289, 301\r\n  size: 144, 277\r\n  orig: 144, 277\r\n  offset: 0, 0\r\n  index: -1\r\n5\r\n  rotate: true\r\n  xy: 272, 155\r\n  size: 144, 293\r\n  orig: 144, 293\r\n  offset: 0, 0\r\n  index: -1\r\n6\r\n  rotate: true\r\n  xy: 275, 2\r\n  size: 151, 272\r\n  orig: 151, 272\r\n  offset: 0, 0\r\n  index: -1\r\n",["Sound_S_Red.png"],{"skeleton":{"hash":"u9/oVz33gsA","spine":"3.8-from-4.0-from-4.1-from-4.2.37","x":-51.81,"y":11.4,"width":144,"height":293,"images":"C:\\Users\\006\\Desktop\\111","audio":"./audio"},"bones":[{"name":"root"},{"name":"bone","parent":"root","x":0.61,"y":-27.21}],"slots":[{"name":"1","bone":"bone"},{"name":"2","bone":"bone"},{"name":"3","bone":"bone"},{"name":"4","bone":"bone"},{"name":"5","bone":"bone","attachment":"5"},{"name":"6","bone":"bone"}],"skins":[{"name":"default","attachments":{"1":{"1":{"x":-2.45,"y":191,"width":150,"height":271}},"2":{"2":{"x":-29.96,"y":197.62,"width":145,"height":268}},"3":{"3":{"x":26.96,"y":189.51,"width":141,"height":285}},"4":{"4":{"x":44.74,"y":193,"width":144,"height":277}},"5":{"5":{"x":19.58,"y":185.11,"width":144,"height":293}},"6":{"6":{"x":-21.9,"y":195.47,"width":151,"height":272}}}}],"animations":{"Sound_1":{"slots":{"2":{"attachment":[{"time":0.2,"name":"2"},{"time":0.3,"name":null},{"time":1.0667,"name":"2"},{"time":1.1667,"name":null},{"time":1.9333,"name":"2"},{"time":2.0333,"name":null},{"time":2.8,"name":"2"},{"time":2.9,"name":null},{"time":3.6667,"name":"2"},{"time":3.7667,"name":null},{"time":4.5333,"name":"2"},{"time":4.6333,"name":null},{"time":5.4,"name":"2"},{"time":5.5,"name":null},{"time":6.2333,"name":"2"},{"time":6.3667,"name":null}]},"3":{"attachment":[{"time":0.7,"name":"3"},{"time":0.8667,"name":null},{"time":1.5667,"name":"3"},{"time":1.7333,"name":null},{"time":2.4,"name":"3"},{"time":2.6,"name":null},{"time":3.2667,"name":"3"},{"time":3.4667,"name":null},{"time":4.1333,"name":"3"},{"time":4.3,"name":null},{"time":5,"name":"3"},{"time":5.1667,"name":null},{"time":5.8667,"name":"3"},{"time":6.0333,"name":null},{"time":6.7333,"name":"3"},{"time":6.9,"name":null}]},"4":{"attachment":[{"time":0.4667,"name":"4"},{"time":0.7,"name":null},{"time":1.3333,"name":"4"},{"time":1.5667,"name":null},{"time":2.2,"name":"4"},{"time":2.4,"name":null},{"time":3.0667,"name":"4"},{"time":3.2667,"name":null},{"time":3.9333,"name":"4"},{"time":4.1333,"name":null},{"time":4.8,"name":"4"},{"time":5,"name":null},{"time":5.6667,"name":"4"},{"time":5.8667,"name":null},{"time":6.5333,"name":"4"},{"time":6.7333,"name":null}]},"5":{"attachment":[{"time":0.2,"name":null},{"time":0.8667,"name":"5"},{"time":1.0667,"name":null},{"time":1.7333,"name":"5"},{"time":1.9333,"name":null},{"time":2.6,"name":"5"},{"time":2.8,"name":null},{"time":3.4667,"name":"5"},{"time":3.6667,"name":null},{"time":4.3,"name":"5"},{"time":4.5333,"name":null},{"time":5.1667,"name":"5"},{"time":5.4,"name":null},{"time":6.0333,"name":"5"},{"time":6.2333,"name":null},{"time":6.9,"name":"5"}]},"6":{"attachment":[{"time":0.3,"name":"6"},{"time":0.4667,"name":null},{"time":1.1667,"name":"6"},{"time":1.3333,"name":null},{"time":2.0333,"name":"6"},{"time":2.2,"name":null},{"time":2.9,"name":"6"},{"time":3.0667,"name":null},{"time":3.7667,"name":"6"},{"time":3.9333,"name":null},{"time":4.6333,"name":"6"},{"time":4.8,"name":null},{"time":5.5,"name":"6"},{"time":5.6667,"name":null},{"time":6.3667,"name":"6"},{"time":6.5333,"name":null}]}}},"Sound_2":{"slots":{"2":{"attachment":[{"time":0.2,"name":"2"},{"time":0.3,"name":null},{"time":1.0667,"name":"2"},{"time":1.1667,"name":null},{"time":1.9333,"name":"2"},{"time":2.0333,"name":null},{"time":2.8,"name":"2"},{"time":2.9,"name":null},{"time":3.6667,"name":"2"},{"time":3.7667,"name":null},{"time":4.5333,"name":"2"},{"time":4.6333,"name":null},{"time":5.4,"name":"2"},{"time":5.5,"name":null},{"time":6.2333,"name":"2"},{"time":6.3667,"name":null}]},"3":{"attachment":[{"time":0.7,"name":"3"},{"time":0.8667,"name":null},{"time":1.5667,"name":"3"},{"time":1.7333,"name":null},{"time":2.4,"name":"3"},{"time":2.6,"name":null},{"time":3.2667,"name":"3"},{"time":3.4667,"name":null},{"time":4.1333,"name":"3"},{"time":4.3,"name":null},{"time":5,"name":"3"},{"time":5.1667,"name":null},{"time":5.8667,"name":"3"},{"time":6.0333,"name":null},{"time":6.7333,"name":"3"},{"time":6.9,"name":null}]},"4":{"attachment":[{"time":0.4667,"name":"4"},{"time":0.7,"name":null},{"time":1.3333,"name":"4"},{"time":1.5667,"name":null},{"time":2.2,"name":"4"},{"time":2.4,"name":null},{"time":3.0667,"name":"4"},{"time":3.2667,"name":null},{"time":3.9333,"name":"4"},{"time":4.1333,"name":null},{"time":4.8,"name":"4"},{"time":5,"name":null},{"time":5.6667,"name":"4"},{"time":5.8667,"name":null},{"time":6.5333,"name":"4"},{"time":6.7333,"name":null}]},"5":{"attachment":[{"time":0.2,"name":null},{"time":0.8667,"name":"5"},{"time":1.0667,"name":null},{"time":1.7333,"name":"5"},{"time":1.9333,"name":null},{"time":2.6,"name":"5"},{"time":2.8,"name":null},{"time":3.4667,"name":"5"},{"time":3.6667,"name":null},{"time":4.3,"name":"5"},{"time":4.5333,"name":null},{"time":5.1667,"name":"5"},{"time":5.4,"name":null},{"time":6.0333,"name":"5"},{"time":6.2333,"name":null},{"time":6.9,"name":"5"}]},"6":{"attachment":[{"time":0.3,"name":"6"},{"time":0.4667,"name":null},{"time":1.1667,"name":"6"},{"time":1.3333,"name":null},{"time":2.0333,"name":"6"},{"time":2.2,"name":null},{"time":2.9,"name":"6"},{"time":3.0667,"name":null},{"time":3.7667,"name":"6"},{"time":3.9333,"name":null},{"time":4.6333,"name":"6"},{"time":4.8,"name":null},{"time":5.5,"name":"6"},{"time":5.6667,"name":null},{"time":6.3667,"name":"6"},{"time":6.5333,"name":null}]}}}}},[0]]],0,0,[0],[-1],[0]]
