[1,["05proY/zFCT47pgI9cXpHf@6c48a"],0,[["sp.SkeletonData",["_name","_atlasText","textureNames","_skeletonJson","textures"],-1,3]],[[0,0,1,2,3,4,5]],[[0,"Sound_R_Pink","\r\nSound_R_Pink.png\r\nsize: 1168, 305\r\nformat: RGBA8888\r\nfilter: Linear, Linear\r\nrepeat: none\r\n1\r\n  rotate: false\r\n  xy: 2, 2\r\n  size: 139, 301\r\n  orig: 139, 301\r\n  offset: 0, 0\r\n  index: -1\r\n2\r\n  rotate: false\r\n  xy: 143, 4\r\n  size: 139, 299\r\n  orig: 139, 299\r\n  offset: 0, 0\r\n  index: -1\r\n3\r\n  rotate: false\r\n  xy: 715, 10\r\n  size: 146, 293\r\n  orig: 146, 293\r\n  offset: 0, 0\r\n  index: -1\r\n4\r\n  rotate: false\r\n  xy: 284, 5\r\n  size: 139, 298\r\n  orig: 139, 298\r\n  offset: 0, 0\r\n  index: -1\r\n5\r\n  rotate: true\r\n  xy: 863, 144\r\n  size: 159, 303\r\n  orig: 159, 303\r\n  offset: 0, 0\r\n  index: -1\r\n6\r\n  rotate: false\r\n  xy: 425, 6\r\n  size: 147, 297\r\n  orig: 147, 297\r\n  offset: 0, 0\r\n  index: -1\r\n7\r\n  rotate: false\r\n  xy: 574, 8\r\n  size: 139, 295\r\n  orig: 139, 295\r\n  offset: 0, 0\r\n  index: -1\r\n8\r\n  rotate: true\r\n  xy: 863, 3\r\n  size: 139, 302\r\n  orig: 139, 302\r\n  offset: 0, 0\r\n  index: -1\r\n",["Sound_R_Pink.png"],{"skeleton":{"hash":"05o3ekLkhC0","spine":"3.8-from-4.0-from-4.1-from-4.2.37","x":-69.5,"y":-1.59,"width":139,"height":301,"images":"C:\\Users\\006\\Desktop\\111","audio":"./audio"},"bones":[{"name":"root"},{"name":"bone","parent":"root","x":-0.1,"y":-9.42}],"slots":[{"name":"1","bone":"root","attachment":"1"},{"name":"2","bone":"root"},{"name":"3","bone":"root"},{"name":"4","bone":"root"},{"name":"5","bone":"root"},{"name":"6","bone":"root"},{"name":"7","bone":"root"},{"name":"8","bone":"root"}],"skins":[{"name":"default","attachments":{"1":{"1":{"y":148.91,"width":139,"height":301}},"2":{"2":{"y":147.86,"width":139,"height":299}},"3":{"3":{"y":145.2,"width":146,"height":293}},"4":{"4":{"y":147.85,"width":139,"height":298}},"5":{"5":{"x":2.12,"y":149.44,"width":159,"height":303}},"6":{"6":{"x":1.06,"y":146.52,"width":147,"height":297}},"7":{"7":{"x":-0.53,"y":145.99,"width":139,"height":295}},"8":{"8":{"x":-0.79,"y":149.97,"width":139,"height":302}}}}],"animations":{"Sound_1":{"slots":{"1":{"attachment":[{"time":0.0667,"name":null},{"time":2,"name":"1"},{"time":2.5333,"name":null},{"time":4.4667,"name":"1"},{"time":4.8,"name":"1"}]},"5":{"attachment":[{"time":0.0667,"name":"5"},{"time":0.1333,"name":null},{"time":2.5333,"name":"5"},{"time":2.6,"name":null}]},"8":{"attachment":[{"time":0.1333,"name":"8"},{"time":2,"name":null},{"time":2.6,"name":"8"},{"time":4.4667,"name":null}]}}},"Sound_2":{"slots":{"1":{"attachment":[{"time":0.0667,"name":null},{"time":2,"name":"1"},{"time":2.7,"name":null},{"time":4.8,"name":"1"}]},"3":{"attachment":[{"time":3.5333,"name":"3"},{"time":3.6,"name":null}]},"4":{"attachment":[{"time":2.7,"name":"4"},{"time":2.7667,"name":null}]},"5":{"attachment":[{"time":0.0667,"name":"5"},{"time":0.1333,"name":null}]},"6":{"attachment":[{"time":2.7667,"name":"6"},{"time":3.5333,"name":null}]},"7":{"attachment":[{"time":3.6,"name":"7"},{"time":4.8,"name":null}]},"8":{"attachment":[{"time":0.1333,"name":"8"},{"time":2,"name":null}]}}},"Sound_All":{"slots":{"1":{"attachment":[{"time":0.0333,"name":null},{"time":2,"name":"1"},{"time":2.5,"name":null},{"time":4.4667,"name":"1"},{"time":4.8333,"name":null},{"time":6.8,"name":"1"},{"time":7.5,"name":null},{"time":9.6,"name":"1"}]},"3":{"attachment":[{"time":8.3333,"name":"3"},{"time":9.6,"name":null}]},"4":{"attachment":[{"time":7.5,"name":"4"},{"time":8.3333,"name":null}]},"5":{"attachment":[{"time":0.0333,"name":"5"},{"time":0.0667,"name":null},{"time":2.5,"name":"5"},{"time":2.5333,"name":null},{"time":4.8333,"name":"5"},{"time":4.8667,"name":null}]},"6":{"attachment":[{"time":7.5667,"name":"6"},{"time":8.3333,"name":null}]},"7":{"attachment":[{"time":8.4,"name":"7"},{"time":9.6,"name":null}]},"8":{"attachment":[{"time":0.0667,"name":"8"},{"time":2,"name":null},{"time":2.5333,"name":"8"},{"time":4.4667,"name":null},{"time":4.8667,"name":"8"},{"time":6.8,"name":null}]}}}}},[0]]],0,0,[0],[-1],[0]]
