[1,["54KIFbC7ND6LVay2BfCc8h@6c48a"],0,[["sp.SkeletonData",["_name","_atlasText","textureNames","_skeletonJson","textures"],-1,3]],[[0,0,1,2,3,4,5]],[[0,"ngu","\r\nngu.png\r\nsize: 1255, 181\r\nformat: RGBA8888\r\nfilter: Linear, Linear\r\nrepeat: none\r\nchose_dau\r\n  rotate: false\r\n  xy: 2, 2\r\n  size: 261, 177\r\n  orig: 261, 177\r\n  offset: 0, 0\r\n  index: -1\r\nchose_duoi\r\n  rotate: false\r\n  xy: 1187, 64\r\n  size: 66, 45\r\n  orig: 66, 45\r\n  offset: 0, 0\r\n  index: -1\r\nchose_tay1\r\n  rotate: true\r\n  xy: 883, 6\r\n  size: 34, 54\r\n  orig: 34, 54\r\n  offset: 0, 0\r\n  index: -1\r\nchose_tay2\r\n  rotate: true\r\n  xy: 939, 6\r\n  size: 34, 54\r\n  orig: 34, 54\r\n  offset: 0, 0\r\n  index: -1\r\nchose_than\r\n  rotate: false\r\n  xy: 528, 25\r\n  size: 111, 154\r\n  orig: 111, 154\r\n  offset: 0, 0\r\n  index: -1\r\nmeo_idle_bc1\r\n  rotate: false\r\n  xy: 961, 112\r\n  size: 142, 67\r\n  orig: 144, 69\r\n  offset: 1, 1\r\n  index: -1\r\nmeo_idle_bc2_1\r\n  rotate: false\r\n  xy: 754, 58\r\n  size: 143, 68\r\n  orig: 143, 68\r\n  offset: 0, 0\r\n  index: -1\r\nmeo_idle_bc3_1\r\n  rotate: false\r\n  xy: 1105, 111\r\n  size: 142, 68\r\n  orig: 142, 68\r\n  offset: 0, 0\r\n  index: -1\r\nmeo_idle_bc4_1\r\n  rotate: false\r\n  xy: 899, 42\r\n  size: 142, 68\r\n  orig: 142, 68\r\n  offset: 0, 0\r\n  index: -1\r\nmeo_idle_bc5\r\n  rotate: false\r\n  xy: 1043, 42\r\n  size: 142, 67\r\n  orig: 144, 69\r\n  offset: 1, 1\r\n  index: -1\r\nmeo_idle_dau\r\n  rotate: false\r\n  xy: 265, 2\r\n  size: 261, 177\r\n  orig: 263, 179\r\n  offset: 1, 1\r\n  index: -1\r\nmeo_idle_duoi\r\n  rotate: false\r\n  xy: 1187, 17\r\n  size: 66, 45\r\n  orig: 68, 47\r\n  offset: 1, 1\r\n  index: -1\r\nmeo_idle_mieng\r\n  rotate: true\r\n  xy: 528, 2\r\n  size: 21, 30\r\n  orig: 23, 32\r\n  offset: 1, 1\r\n  index: -1\r\nmeo_idle_raup\r\n  rotate: false\r\n  xy: 1107, 9\r\n  size: 38, 31\r\n  orig: 40, 33\r\n  offset: 1, 1\r\n  index: -1\r\nmeo_idle_raut\r\n  rotate: false\r\n  xy: 1147, 9\r\n  size: 38, 31\r\n  orig: 40, 33\r\n  offset: 1, 1\r\n  index: -1\r\nmeo_idle_tayp1\r\n  rotate: true\r\n  xy: 995, 6\r\n  size: 34, 54\r\n  orig: 34, 54\r\n  offset: 0, 0\r\n  index: -1\r\nmeo_idle_tayt1\r\n  rotate: true\r\n  xy: 1051, 6\r\n  size: 34, 54\r\n  orig: 34, 54\r\n  offset: 0, 0\r\n  index: -1\r\nmeo_idle_than1\r\n  rotate: false\r\n  xy: 641, 25\r\n  size: 111, 154\r\n  orig: 111, 154\r\n  offset: 0, 0\r\n  index: -1\r\nmimat1\r\n  rotate: true\r\n  xy: 819, 6\r\n  size: 50, 62\r\n  orig: 50, 67\r\n  offset: 0, 5\r\n  index: -1\r\nmimat2\r\n  rotate: true\r\n  xy: 754, 6\r\n  size: 50, 63\r\n  orig: 50, 67\r\n  offset: 0, 4\r\n  index: -1\r\nshadow\r\n  rotate: false\r\n  xy: 754, 128\r\n  size: 205, 51\r\n  orig: 207, 53\r\n  offset: 1, 1\r\n  index: -1\r\n",["ngu.png"],{"skeleton":{"hash":"3HpGXvqzLes","spine":"3.8-from-4.0-from-4.1-from-4.2.38","images":"C:/Users/006/Desktop/222","audio":"./images/20Track 3/"},"bones":[{"name":"root"},{"name":"bone","parent":"root","icon":"arrows"},{"name":"bone2","parent":"bone","length":137.48,"rotation":90},{"name":"bone2b2","parent":"bone2","length":116.41,"rotation":0.52,"x":142.79,"y":3.1},{"name":"bone2b3","parent":"bone2","length":22.23,"rotation":-173.69,"x":108.44,"y":26.91},{"name":"bone2b4","parent":"bone2","length":23.25,"rotation":175.51,"x":110.6,"y":-25.5},{"name":"bone2b6","parent":"bone2b2","x":65.94,"y":1.06},{"name":"bone2b5","parent":"bone2b6","x":-26.34,"y":6.17},{"name":"bone3","parent":"bone2","length":21.06,"rotation":-68.2,"x":43.64,"y":-41.55},{"name":"bone2b7","parent":"bone2b6","rotation":-90,"x":-41.77,"y":-0.32,"icon":"arrowUp"},{"name":"bone2b8","parent":"bone2b6","rotation":-90,"x":-8.93,"icon":"suiteHearts"},{"name":"bone2b13","parent":"bone2b5","x":-32.49,"y":2.13}],"slots":[{"name":"Group 67","bone":"root"},{"name":"shadow","bone":"bone"},{"name":"meo_idle_duoi","bone":"bone3","attachment":"meo_idle_duoi"},{"name":"meo_idle_than","bone":"bone2","attachment":"meo_idle_than1"},{"name":"meo_idle_dau","bone":"bone2b2","attachment":"meo_idle_dau"},{"name":"meo_idle_mieng","bone":"bone2b5","attachment":"meo_idle_mieng"},{"name":"meo_idle_tayt1","bone":"bone2b3","attachment":"meo_idle_tayt1"},{"name":"meo_idle_tayp1","bone":"bone2b4","attachment":"meo_idle_tayp1"},{"name":"meo_idle_raut2","bone":"bone2b2","attachment":"meo_idle_raut2"},{"name":"meo_idle_raup2","bone":"bone2b2","attachment":"meo_idle_raup2"},{"name":"meo_idle_bc10","bone":"bone2b6","attachment":"meo_idle_bc1"},{"name":"meo_trongnho_tainghe","bone":"bone2b2"},{"name":"meo_trongnho_mieng2","bone":"bone2b13"},{"name":"demos","bone":"root","color":"ffffff81"},{"name":"mimat1","bone":"root"},{"name":"mimat2","bone":"root"},{"name":"mimat3","bone":"bone2b6","attachment":"mimat1"},{"name":"mimat4","bone":"bone2b6","attachment":"mimat2"}],"skins":[{"name":"default","attachments":{"meo_idle_dau":{"chose_dau":{"x":65.16,"y":-2.18,"rotation":-90.52,"width":261,"height":177},"meo_idle_dau":{"x":65.16,"y":-2.18,"rotation":-90.52,"width":263,"height":179}},"meo_idle_duoi":{"chose_duoi":{"x":31.9,"y":5.89,"rotation":-21.8,"width":66,"height":45},"meo_idle_duoi":{"x":31.9,"y":5.89,"rotation":-21.8,"width":68,"height":47}},"meo_idle_mieng":{"meo_idle_mieng":{"x":-8.71,"y":-4.21,"rotation":-90.52,"width":23,"height":32}},"meo_idle_raup2":{"meo_idle_raup2":{"path":"meo_idle_raup","x":7.38,"y":-87.16,"rotation":-90.52,"width":40,"height":33}},"meo_idle_raut2":{"meo_idle_raut2":{"path":"meo_idle_raut","x":3.01,"y":91.89,"rotation":-90.52,"width":40,"height":33}},"meo_idle_tayp1":{"chose_tay2":{"x":25.37,"y":-2.48,"rotation":94.49,"width":34,"height":54},"meo_idle_tayp1":{"x":25.37,"y":-2.48,"rotation":94.49,"width":34,"height":54}},"meo_idle_tayt1":{"chose_tay1":{"x":25.35,"y":2.26,"rotation":83.69,"width":34,"height":54},"meo_idle_tayt1":{"x":25.35,"y":2.26,"rotation":83.69,"width":34,"height":54}},"meo_idle_than":{"chose_than":{"x":69.55,"y":0.37,"rotation":-90,"width":111,"height":154},"meo_idle_than1":{"x":69.55,"y":0.37,"rotation":-90,"width":111,"height":154}},"shadow":{"shadow":{"x":-5.98,"y":8.98,"width":207,"height":53}}}},{"name":"skin1","attachments":{"meo_idle_bc10":{"meo_idle_bc1":{"name":"meo_idle_bc2_1","x":-13.5,"y":4.17,"rotation":-90.52,"width":143,"height":68}},"mimat3":{"mimat1":{"type":"mesh","hull":15,"width":50,"height":67,"uvs":[0.92491,0.08723,1,0.20783,1,0.41197,1,0.54856,0.93774,0.68256,0.80179,0.82613,0.55041,0.92375,0.28364,0.92184,0.09639,0.80698,0,0.66134,0,0.53417,0,0.32268,0.10152,0.16572,0.34264,0,0.7787,0,0.1397,0.736,0.30593,0.84525,0.52428,0.8471,0.70292,0.76933,0.82202,0.66008,0.09255,0.3342,0.19428,0.20088,0.42007,0.06386,0.69548,0.06016,0.84435,0.13978,0.91879,0.23791],"triangles":[15,10,20,6,18,5,6,7,17,8,9,15,6,17,18,18,17,15,17,16,15,8,15,16,7,16,17,18,15,19,19,15,20,5,18,19,15,9,10,7,8,16,5,19,4,4,19,3,3,19,2,10,11,20,21,19,20,24,0,1,25,24,1,21,12,13,23,13,14,22,13,23,22,21,13,23,14,24,20,11,12,21,20,12,22,24,25,24,22,23,25,21,22,24,14,0,25,1,2,19,21,25,19,25,2],"vertices":[1,6,14.46,28.83,1,1,6,6.35,25.15,1,2,6,-7.33,25.28,0.62286,9,-25.6,34.44,0.37714,2,6,-16.48,25.36,0.46857,9,-25.68,25.28,0.53143,2,6,-25.43,28.56,0.32,9,-28.88,16.34,0.68,2,6,-34.99,35.44,0.16,9,-35.76,6.78,0.84,1,9,-48.39,0.35,1,2,6,-41.16,61.4,0.00857,9,-61.73,0.6,0.99143,2,6,-33.38,70.7,0.15714,9,-71.02,8.38,0.84286,2,6,-23.58,75.43,0.40571,9,-75.75,18.18,0.59429,2,6,-15.06,75.35,0.48571,9,-75.67,26.7,0.51429,1,6,-0.89,75.22,1,1,6,9.58,70.05,1,1,6,20.57,57.89,1,1,6,20.37,36.09,1,2,6,-28.65,68.49,0.12571,9,-68.81,13.12,0.87429,1,9,-60.57,5.72,1,1,9,-49.65,5.5,1,2,6,-31.14,40.35,0.12857,9,-40.67,10.63,0.87143,2,6,-23.87,34.33,0.28,9,-34.65,17.89,0.72,2,6,-1.71,70.6,0.88571,9,-70.92,40.06,0.11429,1,6,7.18,65.43,1,1,6,16.26,54.06,1,1,6,16.38,40.29,1,1,6,10.98,32.89,1,1,6,4.37,29.23,1],"edges":[22,24,24,26,26,28,28,0,0,2,18,16,16,14,14,12,12,10,10,8,8,6,18,20,20,22,20,30,30,32,32,34,34,36,36,38,2,4,4,6,38,4,20,40,40,42,42,44,44,46,46,48,48,50,50,4]}},"mimat4":{"mimat2":{"type":"mesh","hull":16,"width":50,"height":67,"uvs":[0.78305,0.0799,0.91202,0.20551,1,0.33602,1,0.50202,1,0.66801,0.90984,0.82217,0.75463,0.92657,0.43766,0.9282,0.26277,0.85806,0.09445,0.7096,0,0.56441,0,0.44672,0,0.22672,0.1185,0.07663,0.2584,0,0.58849,0,0.16208,0.66223,0.30731,0.79179,0.49594,0.86155,0.69459,0.85407,0.80476,0.78307,0.91326,0.63732,0.08029,0.23868,0.18545,0.12656,0.31733,0.04932,0.54602,0.04932,0.70293,0.11784,0.83982,0.23494,0.92829,0.37322],"triangles":[8,9,17,6,19,20,19,18,20,20,18,17,6,18,19,6,7,18,7,17,18,8,17,7,6,20,5,28,2,3,21,28,3,21,3,4,28,21,17,26,0,27,11,12,22,16,11,22,27,22,26,26,15,0,15,24,14,25,24,15,23,13,14,23,14,24,22,12,13,23,22,13,23,24,25,26,23,25,23,26,22,25,15,26,27,16,22,27,0,1,27,1,2,28,27,2,28,17,27,21,20,17,17,16,27,5,20,21,5,21,4,16,10,11,9,10,16,9,16,17],"vertices":[1,6,14.02,-56.26,1,1,6,5.55,-62.63,1,1,6,-3.24,-66.95,1,2,6,-14.36,-66.85,0.85714,9,66.53,27.41,0.14286,2,6,-25.48,-66.75,0.58571,9,66.42,16.29,0.41429,2,6,-35.77,-62.15,0.43714,9,61.82,6,0.56286,2,6,-42.69,-54.32,0.32857,9,54,-0.93,0.67143,2,6,-42.66,-38.47,0.30857,9,38.15,-0.89,0.69143,2,6,-37.88,-29.77,0.37143,9,29.45,3.89,0.62857,2,6,-27.85,-21.45,0.49714,9,21.12,13.91,0.50286,2,6,-18.08,-16.81,0.74286,9,16.49,23.68,0.25714,2,6,-10.2,-16.88,0.9,9,16.56,31.57,0.1,1,6,4.54,-17.02,1,1,6,14.54,-23.03,1,1,6,19.61,-30.08,1,1,6,19.46,-46.58,1,2,6,-24.71,-24.86,0.58,9,24.53,17.05,0.42,2,6,-33.46,-32.04,0.42857,9,31.72,8.31,0.57143,2,6,-38.22,-41.43,0.33429,9,41.11,3.55,0.66571,2,6,-37.81,-51.36,0.36571,9,51.04,3.96,0.63429,2,6,-33.1,-56.92,0.50857,9,56.59,8.67,0.49143,2,6,-23.38,-62.43,0.72571,9,62.11,18.38,0.27429,1,6,3.7,-21.03,1,1,6,11.17,-26.35,1,1,6,16.28,-32.99,1,1,6,16.18,-44.43,1,1,6,11.52,-52.23,1,1,6,3.61,-59,1,1,6,-5.7,-63.34,1],"edges":[24,26,26,28,28,30,30,0,0,2,2,4,20,18,18,16,16,14,14,12,12,10,10,8,20,22,22,24,22,32,32,34,34,36,36,38,38,40,40,42,4,6,6,8,42,6,22,44,44,46,46,48,48,50,50,52,52,54,54,56,56,6]}}}},{"name":"skin2","attachments":{"meo_idle_bc10":{"meo_idle_bc1":{"name":"meo_idle_bc5","x":-13.5,"y":4.17,"rotation":-90.52,"width":144,"height":69}}}},{"name":"skin3","attachments":{"meo_idle_bc10":{"meo_idle_bc1":{"name":"meo_idle_bc3_1","x":-13.5,"y":4.17,"rotation":-90.52,"width":142,"height":68}},"mimat3":{"mimat1":{"type":"mesh","hull":15,"width":50,"height":67,"uvs":[0.92491,0.08723,1,0.20783,1,0.41197,1,0.54856,0.93774,0.68256,0.80179,0.82613,0.55041,0.92375,0.28364,0.92184,0.09639,0.80698,0,0.66134,0,0.53417,0,0.32268,0.10152,0.16572,0.34264,0,0.7787,0,0.1397,0.736,0.30593,0.84525,0.52428,0.8471,0.70292,0.76933,0.82202,0.66008,0.09255,0.3342,0.19428,0.20088,0.42007,0.06386,0.69548,0.06016,0.84435,0.13978,0.91879,0.23791],"triangles":[6,18,5,6,7,17,8,9,15,6,17,18,18,17,15,17,16,15,8,15,16,7,16,17,18,15,19,5,18,19,15,9,10,7,8,16,5,19,4,4,19,3,3,19,2,19,15,20,15,10,20,10,11,20,21,19,20,24,0,1,25,24,1,21,12,13,23,13,14,22,13,23,22,21,13,23,14,24,20,11,12,21,20,12,22,24,25,24,22,23,25,21,22,24,14,0,25,1,2,19,21,25,19,25,2],"vertices":[1,6,14.46,28.83,1,1,6,6.35,25.15,1,2,6,-7.33,25.28,0.68,9,-25.6,34.44,0.32,2,6,-16.48,25.36,0.46857,9,-25.68,25.28,0.53143,2,6,-25.43,28.56,0.24286,9,-28.88,16.34,0.75714,2,6,-34.99,35.44,0.09143,9,-35.76,6.78,0.90857,1,9,-48.39,0.35,1,1,9,-61.73,0.6,1,2,6,-33.38,70.7,0.09714,9,-71.02,8.38,0.90286,2,6,-23.58,75.43,0.37714,9,-75.75,18.18,0.62286,2,6,-15.06,75.35,0.59143,9,-75.67,26.7,0.40857,1,6,-0.89,75.22,1,1,6,9.58,70.05,1,1,6,20.57,57.89,1,1,6,20.37,36.09,1,2,6,-28.65,68.49,0.22,9,-68.81,13.12,0.78,2,6,-36.04,60.24,0.10286,9,-60.57,5.72,0.89714,2,6,-36.27,49.33,0.09429,9,-49.65,5.5,0.90571,2,6,-31.14,40.35,0.16857,9,-40.67,10.63,0.83143,2,6,-23.87,34.33,0.34,9,-34.65,17.89,0.66,2,6,-1.71,70.6,0.88571,9,-70.92,40.06,0.11429,1,6,7.18,65.43,1,1,6,16.26,54.06,1,1,6,16.38,40.29,1,2,6,10.98,32.89,0.94571,9,-33.22,52.74,0.05429,2,6,4.37,29.23,0.87143,9,-29.55,46.13,0.12857],"edges":[22,24,24,26,26,28,28,0,0,2,18,16,16,14,14,12,12,10,10,8,8,6,18,20,20,22,20,30,30,32,32,34,34,36,36,38,2,4,4,6,38,4,20,40,40,42,42,44,44,46,46,48,48,50,50,4]}},"mimat4":{"mimat2":{"type":"mesh","hull":16,"width":50,"height":67,"uvs":[0.78305,0.0799,0.91202,0.20551,1,0.33602,1,0.50202,1,0.66801,0.90984,0.82217,0.75463,0.92657,0.43766,0.9282,0.26277,0.85806,0.09445,0.7096,0,0.56441,0,0.44672,0,0.22672,0.1185,0.07663,0.2584,0,0.58849,0,0.16208,0.66223,0.30731,0.79179,0.49594,0.86155,0.69459,0.85407,0.80476,0.78307,0.91326,0.63732,0.08029,0.23868,0.18545,0.12656,0.31733,0.04932,0.54602,0.04932,0.70293,0.11784,0.83982,0.23494,0.92829,0.37322],"triangles":[28,21,17,5,20,21,21,20,17,9,16,17,6,20,5,8,17,7,7,17,18,6,7,18,6,18,19,20,18,17,19,18,20,6,19,20,8,9,17,5,21,4,9,10,16,17,16,27,21,3,4,16,10,11,28,17,27,28,27,2,27,1,2,27,0,1,27,16,22,25,15,26,23,26,22,26,23,25,23,24,25,23,22,13,22,12,13,23,14,24,23,13,14,25,24,15,15,24,14,26,15,0,27,22,26,16,11,22,11,12,22,26,0,27,21,28,3,28,2,3],"vertices":[1,6,14.02,-56.26,1,2,6,5.55,-62.63,0.89714,9,62.31,47.31,0.10286,2,6,-3.24,-66.95,0.80286,9,66.63,38.53,0.19714,2,6,-14.36,-66.85,0.61429,9,66.53,27.41,0.38571,2,6,-25.48,-66.75,0.31714,9,66.42,16.29,0.68286,2,6,-35.77,-62.15,0.09143,9,61.82,6,0.90857,1,9,54,-0.93,1,1,9,38.15,-0.89,1,2,6,-37.88,-29.77,0.08,9,29.45,3.89,0.92,2,6,-27.85,-21.45,0.28286,9,21.12,13.91,0.71714,2,6,-18.08,-16.81,0.52857,9,16.49,23.68,0.47143,2,6,-10.2,-16.88,0.70857,9,16.56,31.57,0.29143,1,6,4.54,-17.02,1,1,6,14.54,-23.03,1,1,6,19.61,-30.08,1,1,6,19.46,-46.58,1,2,6,-24.71,-24.86,0.33429,9,24.53,17.05,0.66571,2,6,-33.46,-32.04,0.14286,9,31.72,8.31,0.85714,2,6,-38.22,-41.43,0.04857,9,41.11,3.55,0.95143,2,6,-37.81,-51.36,0.04857,9,51.04,3.96,0.95143,2,6,-33.1,-56.92,0.15429,9,56.59,8.67,0.84571,2,6,-23.38,-62.43,0.36286,9,62.11,18.38,0.63714,2,6,3.7,-21.03,0.9,9,20.7,45.47,0.1,2,6,11.17,-26.35,0.93714,9,26.03,52.93,0.06286,2,6,16.28,-32.99,0.95143,9,32.67,58.05,0.04857,2,6,16.18,-44.43,0.94286,9,44.1,57.94,0.05714,2,6,11.52,-52.23,0.91714,9,51.91,53.28,0.08286,2,6,3.61,-59,0.87714,9,58.68,45.37,0.12286,2,6,-5.7,-63.34,0.71714,9,63.02,36.07,0.28286],"edges":[24,26,26,28,28,30,30,0,0,2,2,4,20,18,18,16,16,14,14,12,12,10,10,8,20,22,22,24,22,32,32,34,34,36,36,38,38,40,40,42,4,6,6,8,42,6,22,44,44,46,46,48,48,50,50,52,52,54,54,56,56,6]}}}},{"name":"skin4","attachments":{"meo_idle_bc10":{"meo_idle_bc1":{"name":"meo_idle_bc4_1","x":-13.5,"y":4.17,"rotation":-90.52,"width":142,"height":68}},"mimat3":{"mimat1":{"type":"mesh","hull":15,"width":50,"height":67,"uvs":[0.92491,0.08723,1,0.20783,1,0.41197,1,0.54856,0.93774,0.68256,0.80179,0.82613,0.55041,0.92375,0.28364,0.92184,0.09639,0.80698,0,0.66134,0,0.53417,0,0.32268,0.10152,0.16572,0.34264,0,0.7787,0,0.1397,0.736,0.30593,0.84525,0.52428,0.8471,0.70292,0.76933,0.82202,0.66008,0.09255,0.3342,0.19428,0.20088,0.42007,0.06386,0.69548,0.06016,0.84435,0.13978,0.91879,0.23791],"triangles":[19,25,2,15,10,20,3,19,2,4,19,3,5,19,4,7,8,16,15,9,10,5,18,19,19,15,20,18,15,19,7,16,17,8,15,16,17,16,15,18,17,15,6,17,18,8,9,15,6,7,17,6,18,5,19,21,25,25,1,2,24,14,0,25,21,22,24,22,23,22,24,25,21,20,12,20,11,12,23,14,24,22,21,13,22,13,23,23,13,14,21,12,13,25,24,1,24,0,1,21,19,20,10,11,20],"vertices":[1,6,14.46,28.83,1,1,6,6.35,25.15,1,2,6,-7.33,25.28,0.53714,9,-25.6,34.44,0.46286,2,6,-16.48,25.36,0.23143,9,-25.68,25.28,0.76857,2,6,-25.43,28.56,0.07714,9,-28.88,16.34,0.92286,1,9,-35.76,6.78,1,1,9,-48.39,0.35,1,1,9,-61.73,0.6,1,1,9,-71.02,8.38,1,2,6,-23.58,75.43,0.18286,9,-75.75,18.18,0.81714,2,6,-15.06,75.35,0.31714,9,-75.67,26.7,0.68286,1,6,-0.89,75.22,1,1,6,9.58,70.05,1,1,6,20.57,57.89,1,1,6,20.37,36.09,1,1,9,-68.81,13.12,1,1,9,-60.57,5.72,1,1,9,-49.65,5.5,1,1,9,-40.67,10.63,1,2,6,-23.87,34.33,0.11143,9,-34.65,17.89,0.88857,2,6,-1.71,70.6,0.74571,9,-70.92,40.06,0.25429,1,6,7.18,65.43,1,1,6,16.26,54.06,1,1,6,16.38,40.29,1,1,6,10.98,32.89,1,2,6,4.37,29.23,0.84286,9,-29.55,46.13,0.15714],"edges":[22,24,24,26,26,28,28,0,0,2,18,16,16,14,14,12,12,10,10,8,8,6,18,20,20,22,20,30,30,32,32,34,34,36,36,38,2,4,4,6,38,4,20,40,40,42,42,44,44,46,46,48,48,50,50,4]}},"mimat4":{"mimat2":{"type":"mesh","hull":16,"width":50,"height":67,"uvs":[0.78305,0.0799,0.91202,0.20551,1,0.33602,1,0.50202,1,0.66801,0.90984,0.82217,0.75463,0.92657,0.43766,0.9282,0.26277,0.85806,0.09445,0.7096,0,0.56441,0,0.44672,0,0.22672,0.1185,0.07663,0.2584,0,0.58849,0,0.16208,0.66223,0.30731,0.79179,0.49594,0.86155,0.69459,0.85407,0.80476,0.78307,0.91326,0.63732,0.08029,0.23868,0.18545,0.12656,0.31733,0.04932,0.54602,0.04932,0.70293,0.11784,0.83982,0.23494,0.92829,0.37322],"triangles":[5,21,4,5,20,21,21,20,17,17,16,27,16,10,11,9,10,16,6,20,5,8,17,7,7,17,18,6,7,18,6,18,19,20,18,17,19,18,20,6,19,20,8,9,17,9,16,17,28,21,17,21,3,4,28,17,27,28,27,2,27,1,2,27,0,1,27,16,22,25,15,26,23,26,22,26,23,25,23,24,25,23,22,13,22,12,13,23,14,24,23,13,14,25,24,15,15,24,14,26,15,0,27,22,26,16,11,22,11,12,22,26,0,27,21,28,3,28,2,3],"vertices":[1,6,14.02,-56.26,1,1,6,5.55,-62.63,1,1,6,-3.24,-66.95,1,2,6,-14.36,-66.85,0.62286,9,66.53,27.41,0.37714,2,6,-25.48,-66.75,0.26571,9,66.42,16.29,0.73429,2,6,-35.77,-62.15,0.05429,9,61.82,6,0.94571,1,9,54,-0.93,1,1,9,38.15,-0.89,1,2,6,-37.88,-29.77,0.00857,9,29.45,3.89,0.99143,2,6,-27.85,-21.45,0.16571,9,21.12,13.91,0.83429,2,6,-18.08,-16.81,0.42571,9,16.49,23.68,0.57429,2,6,-10.2,-16.88,0.57714,9,16.56,31.57,0.42286,1,6,4.54,-17.02,1,1,6,14.54,-23.03,1,1,6,19.61,-30.08,1,1,6,19.46,-46.58,1,2,6,-24.71,-24.86,0.08,9,24.53,17.05,0.92,1,9,31.72,8.31,1,1,9,41.11,3.55,1,1,9,51.04,3.96,1,1,9,56.59,8.67,1,2,6,-23.38,-62.43,0.30286,9,62.11,18.38,0.69714,1,6,3.7,-21.03,1,1,6,11.17,-26.35,1,1,6,16.28,-32.99,1,1,6,16.18,-44.43,1,1,6,11.52,-52.23,1,1,6,3.61,-59,1,2,6,-5.7,-63.34,0.82,9,63.02,36.07,0.18],"edges":[24,26,26,28,28,30,30,0,0,2,2,4,20,18,18,16,16,14,14,12,12,10,10,8,20,22,22,24,22,32,32,34,34,36,36,38,38,40,40,42,4,6,6,8,42,6,22,44,44,46,46,48,48,50,50,52,52,54,54,56,56,6]}}}},{"name":"skin5","attachments":{"meo_idle_bc10":{"meo_idle_bc1":{"x":-13.5,"y":4.17,"rotation":-90.52,"width":144,"height":69}},"mimat3":{"mimat1":{"type":"linkedmesh","skin":"skin1","parent":"mimat1","width":50,"height":67}},"mimat4":{"mimat2":{"type":"linkedmesh","skin":"skin1","parent":"mimat2","width":50,"height":67}}}}],"animations":{"1_chose":{"slots":{"meo_idle_dau":{"attachment":[{"name":"chose_dau"}]},"meo_idle_duoi":{"attachment":[{"name":"chose_duoi"}]},"meo_idle_tayp1":{"attachment":[{"name":"chose_tay2"}]},"meo_idle_tayt1":{"attachment":[{"name":"chose_tay1"}]},"meo_idle_than":{"attachment":[{"name":"chose_than"}]},"mimat3":{"attachment":[{"name":null}]},"mimat4":{"attachment":[{"name":null}]}}},"2_idle":{"bones":{"bone3":{"rotate":[{},{"time":0.6667,"angle":4.66},{"time":1.3333},{"time":2,"angle":4.66},{"time":2.6667}]},"bone2b7":{"translate":[{"x":21.03},{"time":1.3333,"x":-0.03},{"time":1.6667,"x":10.61},{"time":2.1667,"x":0.98},{"time":2.6667,"x":15.36}]}}},"2_idle3":{"bones":{"bone3":{"rotate":[{"angle":2.33},{"time":0.3333,"angle":4.66},{"time":1},{"time":1.6667,"angle":4.66},{"time":2.3333},{"time":2.6667,"angle":2.33}]},"bone2b7":{"translate":[{"x":22},{"time":1,"x":-0.03},{"time":1.3333,"x":10.61},{"time":1.8333,"x":0.98},{"time":2.3333,"x":26.19},{"time":2.6667,"x":22}]}}},"2_idle4":{"slots":{"mimat3":{"attachment":[{"name":null}]},"mimat4":{"attachment":[{"name":null}]}},"bones":{"bone3":{"rotate":[{"angle":3.5},{"time":0.1667,"angle":4.66},{"time":0.8333},{"time":1.5,"angle":4.66},{"time":2.1667},{"time":2.6667,"angle":3.5}]},"bone2b7":{"translate":[{"x":8.09},{"time":0.3333,"x":0.98},{"time":0.8333,"x":21.03},{"time":2.1667,"x":-0.03},{"time":2.5,"x":10.61},{"time":2.6667,"x":8.09}]}}}}},[0]]],0,0,[0],[-1],[0]]
