[1,["28ASPm/MNNMaT1fpIepqY7@6c48a"],0,[["sp.SkeletonData",["_name","_atlasText","textureNames","_skeletonJson","textures"],-1,3]],[[0,0,1,2,3,4,5]],[[0,"Sound_R_Yellow","\r\nSound_R_Yellow.png\r\nsize: 545, 573\r\nformat: RGBA8888\r\nfilter: Linear, Linear\r\nrepeat: none\r\n1\r\n  rotate: true\r\n  xy: 275, 2\r\n  size: 187, 268\r\n  orig: 187, 268\r\n  offset: 0, 0\r\n  index: -1\r\n2\r\n  rotate: true\r\n  xy: 2, 388\r\n  size: 183, 274\r\n  orig: 183, 274\r\n  offset: 0, 0\r\n  index: -1\r\n3\r\n  rotate: true\r\n  xy: 2, 197\r\n  size: 189, 271\r\n  orig: 189, 271\r\n  offset: 0, 0\r\n  index: -1\r\n4\r\n  rotate: true\r\n  xy: 275, 191\r\n  size: 189, 268\r\n  orig: 189, 268\r\n  offset: 0, 0\r\n  index: -1\r\n5\r\n  rotate: true\r\n  xy: 2, 6\r\n  size: 189, 271\r\n  orig: 189, 271\r\n  offset: 0, 0\r\n  index: -1\r\n6\r\n  rotate: true\r\n  xy: 278, 382\r\n  size: 189, 263\r\n  orig: 189, 263\r\n  offset: 0, 0\r\n  index: -1\r\n",["Sound_R_Yellow.png"],{"skeleton":{"hash":"UXMydc3nRT0","spine":"3.8-from-4.0-from-4.1-from-4.2.37","x":-94.5,"y":-0.27,"width":189,"height":263,"images":"C:\\Users\\006\\Desktop\\111","audio":"./audio"},"bones":[{"name":"root"},{"name":"bone","parent":"root","x":-0.16,"y":-26.1}],"slots":[{"name":"1","bone":"root"},{"name":"2","bone":"root"},{"name":"3","bone":"root"},{"name":"4","bone":"root"},{"name":"5","bone":"root"},{"name":"6","bone":"root","attachment":"6"}],"skins":[{"name":"default","attachments":{"1":{"1":{"x":-1.97,"y":133.24,"width":187,"height":268}},"2":{"2":{"x":-1.97,"y":136.86,"width":183,"height":274}},"3":{"3":{"y":134.85,"width":189,"height":271}},"4":{"4":{"y":134.76,"width":189,"height":268}},"5":{"5":{"y":136.01,"width":189,"height":271}},"6":{"6":{"y":131.23,"width":189,"height":263}}}}],"animations":{"Sound_1":{"slots":{"1":{"attachment":[{"time":2.2333,"name":"1"},{"time":2.5333,"name":null}]},"2":{"attachment":[{"time":1.3667,"name":"2"},{"time":1.6667,"name":null},{"time":3.6667,"name":"2"},{"time":3.9333,"name":null}]},"3":{"attachment":[{"time":0.3,"name":"3"},{"time":0.5667,"name":null},{"time":1.9667,"name":"3"},{"time":2.2333,"name":null},{"time":2.8333,"name":"3"},{"time":3.1,"name":null}]},"4":{"attachment":[{"time":3.9333,"name":"4"},{"time":4.2333,"name":null},{"time":4.5333,"name":"4"},{"time":4.8,"name":null}]},"5":{"attachment":[{"time":0.5667,"name":"5"},{"time":1.1,"name":null},{"time":3.1,"name":"5"},{"time":3.6667,"name":null}]},"6":{"attachment":[{"time":0.3,"name":null},{"time":1.1,"name":"6"},{"time":1.3667,"name":null},{"time":1.6667,"name":"6"},{"time":1.9667,"name":null},{"time":2.5333,"name":"6"},{"time":2.8333,"name":null},{"time":4.2333,"name":"6"},{"time":4.5333,"name":null},{"time":4.8,"name":"6"}]}}},"Sound_2":{"slots":{"1":{"attachment":[{"time":2.2333,"name":"1"},{"time":2.5333,"name":null}]},"2":{"attachment":[{"time":1.1,"name":"2"},{"time":1.3667,"name":null},{"time":1.9667,"name":"2"},{"time":2.2333,"name":null},{"time":2.5333,"name":"2"},{"time":2.8333,"name":null}]},"3":{"attachment":[{"time":0.3,"name":"3"},{"time":0.5667,"name":null},{"time":1.6667,"name":"3"},{"time":1.9667,"name":null},{"time":2.8333,"name":"3"},{"time":3.1,"name":null}]},"4":{"attachment":[{"time":3.6667,"name":"4"},{"time":4.8,"name":null}]},"5":{"attachment":[{"time":0.5667,"name":"5"},{"time":1.1,"name":null}]},"6":{"attachment":[{"time":0.3,"name":null},{"time":1.3667,"name":"6"},{"time":1.6667,"name":null},{"time":3.1,"name":"6"},{"time":3.6667,"name":null},{"time":4.8,"name":"6"}]}}}}},[0]]],0,0,[0],[-1],[0]]
