[{"__type__":"cc.SpriteFrame","content":{"name":"loading-animation_27","texture":"229M6RLblOwbAmVWCzYsY3","rect":[192,192,64,64],"offset":[0,0],"originalSize":[64,64],"capInsets":[0,0,0,0]}},{"__type__":"cc.SpriteFrame","content":{"name":"loading-animation_21","texture":"229M6RLblOwbAmVWCzYsY3","rect":[320,128,64,64],"offset":[0,0],"originalSize":[64,64],"capInsets":[0,0,0,0]}},{"__type__":"cc.SpriteFrame","content":{"name":"loading-animation_19","texture":"229M6RLblOwbAmVWCzYsY3","rect":[192,128,64,64],"offset":[0,0],"originalSize":[64,64],"capInsets":[0,0,0,0]}},{"__type__":"cc.SpriteFrame","content":{"name":"loading-animation_37","texture":"229M6RLblOwbAmVWCzYsY3","rect":[320,256,64,64],"offset":[0,0],"originalSize":[64,64],"capInsets":[0,0,0,0]}},{"__type__":"cc.SpriteFrame","content":{"name":"loading-animation_6","texture":"229M6RLblOwbAmVWCzYsY3","rect":[384,0,64,64],"offset":[0,0],"originalSize":[64,64],"capInsets":[0,0,0,0]}},{"__type__":"cc.SpriteFrame","content":{"name":"loading-animation_33","texture":"229M6RLblOwbAmVWCzYsY3","rect":[64,256,64,64],"offset":[0,0],"originalSize":[64,64],"capInsets":[0,0,0,0]}},{"__type__":"cc.SpriteFrame","content":{"name":"loading-animation_0","texture":"229M6RLblOwbAmVWCzYsY3","rect":[0,0,64,64],"offset":[0,0],"originalSize":[64,64],"capInsets":[0,0,0,0]}},{"__type__":"cc.SpriteFrame","content":{"name":"loading-animation_7","texture":"229M6RLblOwbAmVWCzYsY3","rect":[448,0,64,64],"offset":[0,0],"originalSize":[64,64],"capInsets":[0,0,0,0]}},{"__type__":"cc.SpriteFrame","content":{"name":"loading-animation_32","texture":"229M6RLblOwbAmVWCzYsY3","rect":[0,256,64,64],"offset":[0,0],"originalSize":[64,64],"capInsets":[0,0,0,0]}},{"__type__":"cc.SpriteFrame","content":{"name":"loading-animation_39","texture":"229M6RLblOwbAmVWCzYsY3","rect":[448,256,64,64],"offset":[0,0],"originalSize":[64,64],"capInsets":[0,0,0,0]}},{"__type__":"cc.SpriteFrame","content":{"name":"loading-animation_11","texture":"229M6RLblOwbAmVWCzYsY3","rect":[192,64,64,64],"offset":[0,0],"originalSize":[64,64],"capInsets":[0,0,0,0]}},{"__type__":"cc.SpriteFrame","content":{"name":"loading-animation_8","texture":"229M6RLblOwbAmVWCzYsY3","rect":[0,64,64,64],"offset":[0,0],"originalSize":[64,64],"capInsets":[0,0,0,0]}},{"__type__":"cc.SpriteFrame","content":{"name":"loading-animation_28","texture":"229M6RLblOwbAmVWCzYsY3","rect":[256,192,64,64],"offset":[0,0],"originalSize":[64,64],"capInsets":[0,0,0,0]}},{"__type__":"cc.SpriteFrame","content":{"name":"loading-animation_38","texture":"229M6RLblOwbAmVWCzYsY3","rect":[384,256,64,64],"offset":[0,0],"originalSize":[64,64],"capInsets":[0,0,0,0]}},{"__type__":"cc.SpriteFrame","content":{"name":"loading-animation_12","texture":"229M6RLblOwbAmVWCzYsY3","rect":[256,64,64,64],"offset":[0,0],"originalSize":[64,64],"capInsets":[0,0,0,0]}},{"__type__":"cc.SpriteFrame","content":{"name":"loading-animation_10","texture":"229M6RLblOwbAmVWCzYsY3","rect":[128,64,64,64],"offset":[0,0],"originalSize":[64,64],"capInsets":[0,0,0,0]}},{"__type__":"cc.SpriteFrame","content":{"name":"loading-animation_2","texture":"229M6RLblOwbAmVWCzYsY3","rect":[128,0,64,64],"offset":[0,0],"originalSize":[64,64],"capInsets":[0,0,0,0]}},{"__type__":"cc.SpriteFrame","content":{"name":"loading-animation_17","texture":"229M6RLblOwbAmVWCzYsY3","rect":[64,128,64,64],"offset":[0,0],"originalSize":[64,64],"capInsets":[0,0,0,0]}},{"__type__":"cc.SpriteFrame","content":{"name":"loading-animation_30","texture":"229M6RLblOwbAmVWCzYsY3","rect":[384,192,64,64],"offset":[0,0],"originalSize":[64,64],"capInsets":[0,0,0,0]}},{"__type__":"cc.SpriteFrame","content":{"name":"loading-animation_15","texture":"229M6RLblOwbAmVWCzYsY3","rect":[448,64,64,64],"offset":[0,0],"originalSize":[64,64],"capInsets":[0,0,0,0]}},{"__type__":"cc.SpriteFrame","content":{"name":"loading-animation_16","texture":"229M6RLblOwbAmVWCzYsY3","rect":[0,128,64,64],"offset":[0,0],"originalSize":[64,64],"capInsets":[0,0,0,0]}},{"__type__":"cc.SpriteFrame","content":{"name":"loading-animation_34","texture":"229M6RLblOwbAmVWCzYsY3","rect":[128,256,64,64],"offset":[0,0],"originalSize":[64,64],"capInsets":[0,0,0,0]}},{"__type__":"cc.SpriteFrame","content":{"name":"loading-animation_24","texture":"229M6RLblOwbAmVWCzYsY3","rect":[0,192,64,64],"offset":[0,0],"originalSize":[64,64],"capInsets":[0,0,0,0]}},{"__type__":"cc.SpriteFrame","content":{"name":"loading-animation_35","texture":"229M6RLblOwbAmVWCzYsY3","rect":[192,256,64,64],"offset":[0,0],"originalSize":[64,64],"capInsets":[0,0,0,0]}},{"__type__":"cc.SpriteFrame","content":{"name":"loading-animation_3","texture":"229M6RLblOwbAmVWCzYsY3","rect":[192,0,64,64],"offset":[0,0],"originalSize":[64,64],"capInsets":[0,0,0,0]}},{"__type__":"cc.SpriteFrame","content":{"name":"loading-animation_13","texture":"229M6RLblOwbAmVWCzYsY3","rect":[320,64,64,64],"offset":[0,0],"originalSize":[64,64],"capInsets":[0,0,0,0]}},{"__type__":"cc.SpriteFrame","content":{"name":"loading-animation_4","texture":"229M6RLblOwbAmVWCzYsY3","rect":[256,0,64,64],"offset":[0,0],"originalSize":[64,64],"capInsets":[0,0,0,0]}},{"__type__":"cc.SpriteFrame","content":{"name":"loading-animation_29","texture":"229M6RLblOwbAmVWCzYsY3","rect":[320,192,64,64],"offset":[0,0],"originalSize":[64,64],"capInsets":[0,0,0,0]}},{"__type__":"cc.SpriteFrame","content":{"name":"loading-animation_5","texture":"229M6RLblOwbAmVWCzYsY3","rect":[320,0,64,64],"offset":[0,0],"originalSize":[64,64],"capInsets":[0,0,0,0]}},{"__type__":"cc.SpriteFrame","content":{"name":"loading-animation_31","texture":"229M6RLblOwbAmVWCzYsY3","rect":[448,192,64,64],"offset":[0,0],"originalSize":[64,64],"capInsets":[0,0,0,0]}},{"__type__":"cc.SpriteFrame","content":{"name":"loading-animation_23","texture":"229M6RLblOwbAmVWCzYsY3","rect":[448,128,64,64],"offset":[0,0],"originalSize":[64,64],"capInsets":[0,0,0,0]}},{"__type__":"cc.SpriteFrame","content":{"name":"loading-animation_22","texture":"229M6RLblOwbAmVWCzYsY3","rect":[384,128,64,64],"offset":[0,0],"originalSize":[64,64],"capInsets":[0,0,0,0]}},{"__type__":"cc.SpriteFrame","content":{"name":"loading-animation_20","texture":"229M6RLblOwbAmVWCzYsY3","rect":[256,128,64,64],"offset":[0,0],"originalSize":[64,64],"capInsets":[0,0,0,0]}},{"__type__":"cc.SpriteFrame","content":{"name":"loading-animation_26","texture":"229M6RLblOwbAmVWCzYsY3","rect":[128,192,64,64],"offset":[0,0],"originalSize":[64,64],"capInsets":[0,0,0,0]}},{"__type__":"cc.SpriteAtlas","_name":"loading_anim.plist","_spriteFrames":{"loading-animation_0":{"__uuid__":"34/J9oUpVMcISbs9NWPPRB"},"loading-animation_1":{"__uuid__":"f8j4gOihBFG427zvOfIK5f"},"loading-animation_10":{"__uuid__":"8dvSY0q2FFe46cVdsyOTnB"},"loading-animation_11":{"__uuid__":"54UoVgOXBBvoCHdZn0EgQt"},"loading-animation_12":{"__uuid__":"7eosOVqd1BkY1kheSg73Fl"},"loading-animation_13":{"__uuid__":"c5ovjcMGFJM58PpqL3k5uz"},"loading-animation_14":{"__uuid__":"fbGVdyD1lBUanhC7Br+aeA"},"loading-animation_15":{"__uuid__":"a891AZmWVH27sU1U5FneUp"},"loading-animation_16":{"__uuid__":"aassXqvUtApoHRGRjeP6Ya"},"loading-animation_17":{"__uuid__":"a1BpRVY0JEv5XSu56ZJNTe"},"loading-animation_18":{"__uuid__":"f9hyhN2AZN4L1Nt2Y41ilC"},"loading-animation_19":{"__uuid__":"08K8avPgBFwZSbEJY1SBDO"},"loading-animation_2":{"__uuid__":"94jNY2hS5Li4cd6m827wCs"},"loading-animation_20":{"__uuid__":"e6eXhBvFpPKJ8e4F57ms9K"},"loading-animation_21":{"__uuid__":"02uzbQ6wxLZoJJiO2ydaYK"},"loading-animation_22":{"__uuid__":"e3vosHzZFCi4ovorF1vddJ"},"loading-animation_23":{"__uuid__":"e3T6tpLQ9D3qKhmQ20Jo6m"},"loading-animation_24":{"__uuid__":"b2hIEF9p5PSpJzDzl2JeBf"},"loading-animation_25":{"__uuid__":"f4PZcQqXhJ24bsNvQ7aqFC"},"loading-animation_26":{"__uuid__":"e9KgIjc81GG5lY049lkX/h"},"loading-animation_27":{"__uuid__":"02MKYWNQtMz6RvMLI5543I"},"loading-animation_28":{"__uuid__":"79SXt5XeJBzrO1q8ofgtHz"},"loading-animation_29":{"__uuid__":"d6GlbfhfBCn7DIoivqph6q"},"loading-animation_3":{"__uuid__":"baIg0FeYBIyL8V4cMmATs2"},"loading-animation_30":{"__uuid__":"a8VpJccTlPJolTcnnUaJnu"},"loading-animation_31":{"__uuid__":"e1he8MZ2xJlKh+Muhsb/t2"},"loading-animation_32":{"__uuid__":"37z1s7kpBAhZnkinwZ0be8"},"loading-animation_33":{"__uuid__":"253QqRbaBJ9KNwBmvB0/zu"},"loading-animation_34":{"__uuid__":"ac+68TSR9Ka4H04dyDvBdC"},"loading-animation_35":{"__uuid__":"b8Ok6zd4xOR4fr2klQ21xf"},"loading-animation_36":{"__uuid__":"f7LdxO0uJOt7MKRkA9HCmb"},"loading-animation_37":{"__uuid__":"08TXJ2ZudOY78O0fDQ42mL"},"loading-animation_38":{"__uuid__":"7c6GGSui9KJa0L+vwDORY4"},"loading-animation_39":{"__uuid__":"4dCBjiJE5MSpGwO8Cmi/mc"},"loading-animation_4":{"__uuid__":"d51SwVf/BAKIasuVov/S6W"},"loading-animation_5":{"__uuid__":"dbimhOlVJNHJ/yh/24+aiZ"},"loading-animation_6":{"__uuid__":"0aSouF7w9GlYfLZABcLgKj"},"loading-animation_7":{"__uuid__":"37ScPltCNJGo+PvojcU6ys"},"loading-animation_8":{"__uuid__":"74lkYz37dFUYfa6ka0Bv/6"},"loading-animation_9":{"__uuid__":"f9Cr4I2TZDeKSqasDHnJgJ"}}},{"__type__":"cc.SpriteFrame","content":{"name":"loading-animation_25","texture":"229M6RLblOwbAmVWCzYsY3","rect":[64,192,64,64],"offset":[0,0],"originalSize":[64,64],"capInsets":[0,0,0,0]}},{"__type__":"cc.SpriteFrame","content":{"name":"loading-animation_36","texture":"229M6RLblOwbAmVWCzYsY3","rect":[256,256,64,64],"offset":[0,0],"originalSize":[64,64],"capInsets":[0,0,0,0]}},{"__type__":"cc.SpriteFrame","content":{"name":"loading-animation_1","texture":"229M6RLblOwbAmVWCzYsY3","rect":[64,0,64,64],"offset":[0,0],"originalSize":[64,64],"capInsets":[0,0,0,0]}},{"__type__":"cc.SpriteFrame","content":{"name":"loading-animation_9","texture":"229M6RLblOwbAmVWCzYsY3","rect":[64,64,64,64],"offset":[0,0],"originalSize":[64,64],"capInsets":[0,0,0,0]}},{"__type__":"cc.SpriteFrame","content":{"name":"loading-animation_18","texture":"229M6RLblOwbAmVWCzYsY3","rect":[128,128,64,64],"offset":[0,0],"originalSize":[64,64],"capInsets":[0,0,0,0]}},{"__type__":"cc.SpriteFrame","content":{"name":"loading-animation_14","texture":"229M6RLblOwbAmVWCzYsY3","rect":[384,64,64,64],"offset":[0,0],"originalSize":[64,64],"capInsets":[0,0,0,0]}}]