[{"__type__":"cc.AudioClip","_name":"944_WaterSplash","_native":".mp3"},{"__type__":"cc.SpriteFrame","content":{"name":"广告 副本","texture":"b2vaAkLt9Fw5la89K1UYAY","rect":[171,169,100,41],"offset":[0,0],"originalSize":[100,41],"rotated":1,"capInsets":[0,0,0,0]}},{"__type__":"cc.SpriteFrame","content":{"name":"点击安装","texture":"b2vaAkLt9Fw5la89K1UYAY","rect":[3,3,217,68],"offset":[0,0],"originalSize":[217,68],"capInsets":[0,0,0,0]}},{"__type__":"cc.SpriteFrame","content":{"name":"框","texture":"b2vaAkLt9Fw5la89K1UYAY","rect":[3,592,130,130],"offset":[0,0],"originalSize":[130,130],"capInsets":[40,38,36,37]}},{"__type__":"cc.SpriteFrame","content":{"name":"查看广告","texture":"b2vaAkLt9Fw5la89K1UYAY","rect":[3,75,513,164],"offset":[0,0],"originalSize":[513,164],"rotated":1,"capInsets":[0,0,0,0]}},{"__type__":"cc.BitmapFont","_name":"box_fnt","spriteFrame":{"__uuid__":"f2ea4KN0BEIaiNkirlMORE"},"fontSize":32,"_fntConfig":{"commonHeight":32,"fontSize":32,"atlasName":"box_fnt_0.png","fontDefDictionary":{"48":{"rect":{"x":73,"y":0,"width":16,"height":24},"xOffset":0,"yOffset":0,"xAdvance":16},"49":{"rect":{"x":157,"y":0,"width":11,"height":24},"xOffset":0,"yOffset":0,"xAdvance":11},"50":{"rect":{"x":19,"y":0,"width":17,"height":24},"xOffset":0,"yOffset":0,"xAdvance":17},"51":{"rect":{"x":90,"y":0,"width":16,"height":24},"xOffset":0,"yOffset":0,"xAdvance":16},"52":{"rect":{"x":0,"y":0,"width":18,"height":24},"xOffset":0,"yOffset":0,"xAdvance":18},"53":{"rect":{"x":107,"y":0,"width":16,"height":24},"xOffset":0,"yOffset":0,"xAdvance":16},"54":{"rect":{"x":124,"y":0,"width":16,"height":24},"xOffset":0,"yOffset":0,"xAdvance":16},"55":{"rect":{"x":141,"y":0,"width":15,"height":24},"xOffset":0,"yOffset":0,"xAdvance":15},"56":{"rect":{"x":37,"y":0,"width":17,"height":24},"xOffset":0,"yOffset":0,"xAdvance":17},"57":{"rect":{"x":55,"y":0,"width":17,"height":24},"xOffset":0,"yOffset":0,"xAdvance":17}},"kerningDict":{}}},{"__type__":"cc.SpriteFrame","content":{"name":"椭圆 2","texture":"b2vaAkLt9Fw5la89K1UYAY","rect":[171,123,43,42],"offset":[0,0],"originalSize":[43,42],"capInsets":[0,0,0,0]}},{"__type__":"cc.SpriteFrame","content":{"name":"×","texture":"b2vaAkLt9Fw5la89K1UYAY","rect":[171,75,44,44],"offset":[0,0],"originalSize":[44,44],"capInsets":[0,0,0,0]}},{"__type__":"cc.SpriteFrame","content":{"name":"box_fnt_0","texture":"1b670f722","rect":[425,367,168,24],"offset":[-44,4],"originalSize":[256,32],"rotated":1,"capInsets":[0,0,0,0]}},{"__type__":"cc.SpriteAtlas","_name":"Ad_plist.plist","_spriteFrames":{"×":{"__uuid__":"b4t1btRRpABK4T+a3beUSr"},"广告 副本":{"__uuid__":"08H7mtie9OJ4+vWPmwq9YV"},"查看广告":{"__uuid__":"77zcDBbRVE8rWBWDxH39jl"},"框":{"__uuid__":"54697Tv6xBLZrivvXObj2K"},"椭圆 2":{"__uuid__":"92sFXEw0JOaLmdVCPH9LFC"},"点击安装":{"__uuid__":"11XDUkGrRLs46PIRLbjsDS"}}}]