[{"__type__":"cc.SpriteFrame","content":{"name":"Spikes","texture":"1d28d6ee5","rect":[682,68,256,128],"offset":[0,0],"originalSize":[256,128],"capInsets":[0,0,0,0]}},{"__type__":"cc.SpriteFrame","content":{"name":"1","texture":"110b18844","rect":[621,980,149,38],"offset":[0,0],"originalSize":[149,38],"capInsets":[0,0,0,0]}},{"__type__":"cc.SpriteFrame","content":{"name":"Top_Down_Moving","texture":"baL4mQu65NfqiUJaK8sD+X","rect":[2,151,128,1024],"offset":[0,0],"originalSize":[128,1024],"rotated":1,"capInsets":[0,0,0,0]}},{"__type__":"cc.SpriteFrame","content":{"name":"3","texture":"110b18844","rect":[776,980,149,38],"offset":[0,0],"originalSize":[149,38],"capInsets":[0,0,0,0]}},{"__type__":"cc.SpriteFrame","content":{"name":"Push_Scifi_Front","texture":"1d28d6ee5","rect":[3,443,256,256],"offset":[0,0],"originalSize":[256,256],"capInsets":[0,0,0,0]}},{"__type__":"cc.SpriteFrame","content":{"name":"base05","texture":"1d28d6ee5","rect":[265,443,256,128],"offset":[0,0],"originalSize":[256,128],"rotated":1,"capInsets":[0,0,0,0]}},{"__type__":"cc.SpriteFrame","content":{"name":"Round_Spikes","texture":"1d28d6ee5","rect":[399,496,256,256],"offset":[0,0],"originalSize":[256,256],"capInsets":[0,0,0,0]}},{"__type__":"cc.SpriteFrame","content":{"name":"Laser_Tronc01","texture":"1d28d6ee5","rect":[661,496,256,256],"offset":[0,0],"originalSize":[256,256],"capInsets":[0,0,0,0]}},{"__type__":"cc.SpriteFrame","content":{"name":"Horizantal_Moving","texture":"baL4mQu65NfqiUJaK8sD+X","rect":[2,281,256,1024],"offset":[0,0],"originalSize":[256,1024],"rotated":1,"capInsets":[0,0,0,0]}},{"__type__":"cc.SpriteFrame","content":{"name":"Boulder_Scifi","texture":"1d28d6ee5","rect":[715,202,256,256],"offset":[0,0],"originalSize":[256,256],"capInsets":[0,0,0,0]}},{"__type__":"cc.SpriteFrame","content":{"name":"Down_Part","texture":"113252041","rect":[378,3,256,512],"offset":[0,0],"originalSize":[256,512],"capInsets":[0,42,0,45]}},{"__type__":"cc.SpriteFrame","content":{"name":"item","texture":"1d28d6ee5","rect":[3,3,300,300],"offset":[0,0],"originalSize":[300,300],"capInsets":[0,0,0,0]}},{"__type__":"cc.SpriteFrame","content":{"name":"Top_Part","texture":"113252041","rect":[3,309,256,512],"offset":[0,0],"originalSize":[256,512],"capInsets":[0,0,0,0]}},{"__type__":"cc.SpriteFrame","content":{"name":"Saw_Rotate","texture":"1d28d6ee5","rect":[357,758,256,256],"offset":[0,0],"originalSize":[256,256],"capInsets":[0,0,0,0]}},{"__type__":"cc.SpriteFrame","content":{"name":"2","texture":"113252041","rect":[853,945,148,38],"offset":[0,0],"originalSize":[148,38],"capInsets":[0,0,0,0]}},{"__type__":"cc.SpriteFrame","content":{"name":"Moving01","texture":"1d28d6ee5","rect":[3,309,512,128],"offset":[0,0],"originalSize":[512,128],"capInsets":[0,0,0,0]}},{"__type__":"cc.SpriteFrame","content":{"name":"Tronc","texture":"1d28d6ee5","rect":[619,758,256,256],"offset":[0,0],"originalSize":[256,256],"capInsets":[0,0,0,0]}},{"__type__":"cc.SpriteFrame","content":{"name":"metal-chain","texture":"113252041","rect":[265,309,64,512],"offset":[0,0],"originalSize":[64,512],"capInsets":[0,0,0,0]}},{"__type__":"cc.SpriteFrame","content":{"name":"988","texture":"110b18844","rect":[931,980,89,25],"offset":[0,0],"originalSize":[89,25],"capInsets":[0,0,0,0]}},{"__type__":"cc.SpriteFrame","content":{"name":"VISSE01","texture":"166c691fb","rect":[137,693,128,128],"offset":[0,0],"originalSize":[128,128],"capInsets":[0,0,0,0]}},{"__type__":"cc.SpriteFrame","content":{"name":"Base04_RED","texture":"baL4mQu65NfqiUJaK8sD+X","rect":[1336,906,512,1024],"offset":[0,0],"originalSize":[512,1024],"capInsets":[0,0,0,0]}},{"__type__":"cc.SpriteFrame","content":{"name":"item2","texture":"166c691fb","rect":[181,498,128,128],"offset":[0,0],"originalSize":[128,128],"capInsets":[0,0,0,0]}},{"__type__":"cc.SpriteFrame","content":{"name":"Base04_green","texture":"baL4mQu65NfqiUJaK8sD+X","rect":[2,1055,512,1024],"offset":[0,0],"originalSize":[512,1024],"rotated":1,"capInsets":[0,0,0,0]}},{"__type__":"cc.SpriteFrame","content":{"name":"22","texture":"baL4mQu65NfqiUJaK8sD+X","rect":[2,2,1260,17],"offset":[0,0],"originalSize":[1260,17],"capInsets":[0,0,0,0]}},{"__type__":"cc.SpriteFrame","content":{"name":"Saw_Tronc","texture":"166c691fb","rect":[3,3,256,256],"offset":[0,0],"originalSize":[256,256],"capInsets":[0,0,0,0]}},{"__type__":"cc.SpriteFrame","content":{"name":"Top_Down_Spikes","texture":"113252041","rect":[378,521,512,256],"offset":[0,0],"originalSize":[512,256],"capInsets":[0,0,0,0]}},{"__type__":"cc.SpriteAtlas","_name":"Component2_plist.plist","_spriteFrames":{"1":{"__uuid__":"08EE574AJCybEkYL4ikr+e"},"2":{"__uuid__":"7c7Ms9PnhExqeoCq8Qd1CJ"},"3":{"__uuid__":"08zReD3OVE4pPID3tRZgQb"},"22":{"__uuid__":"e1+8qCijNApIitxE5DtK8v"},"988":{"__uuid__":"c1hs30FYBNardWuOcdb7zt"},"Base04_RED":{"__uuid__":"d7w5Ksbi9BRo1C5pds0nni"},"Base04_green":{"__uuid__":"daLkbETe9Ooq5licmD9tdA"},"Boulder_Scifi":{"__uuid__":"5bUBxMlwBLLIhLET7ZzlUs"},"Down_Part":{"__uuid__":"65IIevXfVCYprzx9V3zpE5"},"Horizantal_Moving":{"__uuid__":"53XcSC8HtJ+K2PD+CazdVq"},"Laser_Tronc01":{"__uuid__":"49l3QmG35NXYRmT2UOGKP9"},"Moving01":{"__uuid__":"7dbCh1dnRBP5V4L5/ECOUB"},"Push_Scifi_Front":{"__uuid__":"10CUPLq/NKp4GU4l+Il1f3"},"Round_Spikes":{"__uuid__":"35Y71Ba21JGaomQRaX4aQ4"},"Saw_Rotate":{"__uuid__":"78ap9RmRNKzqaeFqVqHUdp"},"Saw_Tronc":{"__uuid__":"e4Gavs8LhBJruelBpVefOX"},"Spikes":{"__uuid__":"01jdVpuCxKTq4ybf0yhC+W"},"Top_Down_Moving":{"__uuid__":"08U0cYQQhO0YZQ+CdB6vtP"},"Top_Down_Spikes":{"__uuid__":"e5m6Z10BZDFY2FZIfuRbT3"},"Top_Part":{"__uuid__":"78Z/JZSalMjJJkbixkE+cv"},"Tronc":{"__uuid__":"87vL/FhttA9qwBvlwaFlzZ"},"VISSE01":{"__uuid__":"d54qdvalZFKYZf4WlBE7rB"},"base05":{"__uuid__":"27pxrwhGlHSpQ3ZNfCQofF"},"item":{"__uuid__":"68PCgDl4lP7LoES5JtFG3O"},"item2":{"__uuid__":"d9ZNBsOAJD+44MuzjlznxJ"},"metal-chain":{"__uuid__":"9dANs9hMVCood4+i0DVH22"}}}]