[{"__type__":"cc.SpriteFrame","content":{"name":"bubble1","texture":"3eBb+m/oRMSIzKlfB/sdmW","rect":[1,1,30,30],"offset":[0,0],"originalSize":[32,32],"capInsets":[0,0,0,0]}},{"__type__":"cc.SpriteFrame","content":{"name":"861","texture":"1e1fca5a7","rect":[3,393,83,614],"offset":[0,0],"originalSize":[83,614],"capInsets":[0,0,0,0]}},{"__type__":"cc.SpriteFrame","content":{"name":"water1401","texture":"45vQ2LoilCT7wEp2u2yWOh","rect":[0,0,1060,384],"offset":[0,0],"originalSize":[1060,384],"capInsets":[0,0,0,0]}},{"__type__":"cc.SpriteFrame","content":{"name":"Bienbaolv","texture":"113252041","rect":[640,3,300,300],"offset":[0,0],"originalSize":[300,300],"capInsets":[0,0,0,0]}},{"__type__":"cc.SpriteFrame","content":{"name":"fill map 1","texture":"60cRc1qedPIaOD/FOZqzlm","rect":[1407,3,512,512],"offset":[0,0],"originalSize":[512,512],"capInsets":[0,0,0,0]}},{"__type__":"cc.SpriteFrame","content":{"name":"coin_new","texture":"110b18844","rect":[3,622,64,64],"offset":[0,0],"originalSize":[64,64],"capInsets":[0,0,0,0]}},{"__type__":"cc.SpriteFrame","content":{"name":"Branch_04","texture":"110b18844","rect":[621,950,384,24],"offset":[0,0],"originalSize":[384,24],"capInsets":[0,0,0,0]}},[{"__type__":"cc.Prefab","_name":"Level-5","data":{"__id__":1}},{"__type__":"cc.Node","_name":"Level-5","_children":[{"__id__":2},{"__id__":33},{"__id__":59},{"__id__":61},{"__id__":82},{"__id__":83},{"__id__":84}],"_prefab":{"__type__":"cc.PrefabInfo","root":{"__id__":1},"asset":{"__uuid__":"76lxpy5G9F55gomagK5vwi"},"fileId":"92YVT4lVZHDJoizQQZ+u0c"},"_anchorPoint":{"__type__":"cc.Vec2"},"_trs":{"__type__":"TypedArray","ctor":"Float64Array","array":[0,0,0,0,0,0,1,1,1,1]}},{"__type__":"cc.Node","_name":"indication","_parent":{"__id__":1},"_children":[{"__id__":3},{"__id__":5},{"__id__":7},{"__id__":8},{"__id__":9},{"__id__":10},{"__id__":11},{"__id__":12},{"__id__":15},{"__id__":29},{"__id__":31}],"_prefab":{"__type__":"cc.PrefabInfo","root":{"__id__":1},"asset":{"__uuid__":"76lxpy5G9F55gomagK5vwi"},"fileId":"92L3eud8VOqYiN240RbH7H"},"_anchorPoint":{"__type__":"cc.Vec2"},"_trs":{"__type__":"TypedArray","ctor":"Float64Array","array":[0,0,0,0,0,0,1,1,1,1]},"_groupIndex":1,"groupIndex":1},{"__type__":"cc.Node","_name":"start_ind","_parent":{"__id__":2},"_children":[{"__id__":4}],"_components":[{"__type__":"cc.Sprite","_name":"start_ind<Sprite>","node":{"__id__":3},"_materials":[{"__uuid__":"ecpdLyjvZBwrvm+cedCcQy"}],"_spriteFrame":{"__uuid__":"92RMQdt0ZAnrDBwLzz8BNO"},"_sizeMode":0},{"__type__":"c5ddfZAPb5I4rCMDbSaJibP","node":{"__id__":3}}],"_prefab":{"__type__":"cc.PrefabInfo","root":{"__id__":1},"asset":{"__uuid__":"76lxpy5G9F55gomagK5vwi"},"fileId":"a903dfPHJNCrfN4JwEh12E"},"_contentSize":{"__type__":"cc.Size","width":168,"height":143},"_trs":{"__type__":"TypedArray","ctor":"Float64Array","array":[480,303.483,0,0,0,0,1,1,1,1]},"_groupIndex":1,"groupIndex":1},{"__type__":"cc.Node","_name":"levelname","_parent":{"__id__":3},"_components":[{"__type__":"cc.Label","_name":"levelname<Label>","node":{"__id__":4},"_materials":[{"__uuid__":"ecpdLyjvZBwrvm+cedCcQy"}],"_useOriginalSize":false,"_string":"关卡-1","_N$string":"关卡-1","_fontSize":30,"_N$file":{"__uuid__":"b5NGPI3wRL+6w0kWBDf59a"},"_isSystemFontUsed":false,"_N$horizontalAlign":1,"_N$verticalAlign":1},{"__type__":"cc.Widget","node":{"__id__":4},"_alignFlags":16,"_left":45.66,"_right":45.66,"_originalWidth":76.68}],"_prefab":{"__type__":"cc.PrefabInfo","root":{"__id__":1},"asset":{"__uuid__":"76lxpy5G9F55gomagK5vwi"},"fileId":"28JgCyNT1Eh6K4/oGHDHTW"},"_color":{"__type__":"cc.Color","r":155,"g":35,"b":35},"_contentSize":{"__type__":"cc.Size","width":66.56,"height":40},"_trs":{"__type__":"TypedArray","ctor":"Float64Array","array":[0,25,0,0,0,0,1,1,1,1]},"_groupIndex":1,"groupIndex":1},{"__type__":"cc.Node","_name":"end_ind","_parent":{"__id__":2},"_children":[{"__id__":6}],"_components":[{"__type__":"cc.Sprite","_name":"end_ind<Sprite>","node":{"__id__":5},"_materials":[{"__uuid__":"ecpdLyjvZBwrvm+cedCcQy"}],"_spriteFrame":{"__uuid__":"49IsYC6zdLq4zW+H71Gv59"},"_sizeMode":0},{"__type__":"cc.RigidBody","node":{"__id__":5},"_type":0},{"__type__":"cc.PhysicsBoxCollider","node":{"__id__":5},"_sensor":true,"_offset":{"__type__":"cc.Vec2","y":420.5},"_size":{"__type__":"cc.Size","width":20,"height":1042}},{"__type__":"41579J+mQ9OGKIgDuSf0wr1","node":{"__id__":5}}],"_prefab":{"__type__":"cc.PrefabInfo","root":{"__id__":1},"asset":{"__uuid__":"76lxpy5G9F55gomagK5vwi"},"fileId":"06TvsmpdBPHbVtNmp7py45"},"_contentSize":{"__type__":"cc.Size","width":168,"height":143},"_trs":{"__type__":"TypedArray","ctor":"Float64Array","array":[6905.456,347.852,0,0,0,0,1,1,1,1]},"_groupIndex":1,"groupIndex":1},{"__type__":"cc.Node","_name":"over","_parent":{"__id__":5},"_components":[{"__type__":"cc.Label","_name":"over<Label>","node":{"__id__":6},"_materials":[{"__uuid__":"ecpdLyjvZBwrvm+cedCcQy"}],"_useOriginalSize":false,"_string":"关卡-2","_N$string":"关卡-2","_fontSize":30,"_N$file":{"__uuid__":"b5NGPI3wRL+6w0kWBDf59a"},"_isSystemFontUsed":false,"_N$horizontalAlign":1,"_N$verticalAlign":1}],"_prefab":{"__type__":"cc.PrefabInfo","root":{"__id__":1},"asset":{"__uuid__":"76lxpy5G9F55gomagK5vwi"},"fileId":"a4E+cCR1RKj74rSMrgyNGH"},"_color":{"__type__":"cc.Color","r":248,"g":28,"b":28},"_contentSize":{"__type__":"cc.Size","width":70.31,"height":40},"_trs":{"__type__":"TypedArray","ctor":"Float64Array","array":[0,20,0,0,0,0,1,1,1,1]},"_groupIndex":1,"groupIndex":1},{"__type__":"cc.Node","_name":"block","_parent":{"__id__":2},"_components":[{"__type__":"cc.RigidBody","node":{"__id__":7},"_type":0},{"__type__":"cc.PhysicsBoxCollider","node":{"__id__":7},"_density":1000,"_friction":0,"_offset":{"__type__":"cc.Vec2","x":50,"y":300},"_size":{"__type__":"cc.Size","width":100,"height":600}}],"_prefab":{"__type__":"cc.PrefabInfo","root":{"__id__":1},"asset":{"__uuid__":"76lxpy5G9F55gomagK5vwi"},"fileId":"a7zU2PRgBHaJROacdVRWvt"},"_contentSize":{"__type__":"cc.Size","width":100,"height":600},"_anchorPoint":{"__type__":"cc.Vec2"},"_trs":{"__type__":"TypedArray","ctor":"Float64Array","array":[-51.285,256.078,0,0,0,0,1,1,1,1]},"_groupIndex":1,"groupIndex":1},{"__type__":"cc.Node","_name":"block","_parent":{"__id__":2},"_components":[{"__type__":"cc.RigidBody","node":{"__id__":8},"_linearDamping":2},{"__type__":"cc.PhysicsBoxCollider","node":{"__id__":8},"_density":1000,"_friction":1000,"_offset":{"__type__":"cc.Vec2","x":50,"y":300},"_size":{"__type__":"cc.Size","width":100,"height":600}}],"_prefab":{"__type__":"cc.PrefabInfo","root":{"__id__":1},"asset":{"__uuid__":"76lxpy5G9F55gomagK5vwi"},"fileId":"b5vTwov7ZDC5Wxy0wCqEi4"},"_contentSize":{"__type__":"cc.Size","width":100,"height":600},"_anchorPoint":{"__type__":"cc.Vec2"},"_trs":{"__type__":"TypedArray","ctor":"Float64Array","array":[6996.641,224.201,0,0,0,0,1,1,1,1]},"_groupIndex":1,"groupIndex":1},{"__type__":"cc.Node","_name":"Jumped01","_parent":{"__id__":2},"_components":[{"__type__":"cc.Sprite","node":{"__id__":9},"_materials":[{"__uuid__":"ecpdLyjvZBwrvm+cedCcQy"}],"_spriteFrame":{"__uuid__":"99YH80OjNGgZrx2A6nkppS"}},{"__type__":"cc.RigidBody","node":{"__id__":9},"_type":0},{"__type__":"cc.PhysicsBoxCollider","node":{"__id__":9},"_size":{"__type__":"cc.Size","width":137,"height":86}}],"_prefab":{"__type__":"cc.PrefabInfo","root":{"__id__":1},"asset":{"__uuid__":"76lxpy5G9F55gomagK5vwi"},"fileId":"15o0ExLkFB65PR8DYQg4Tm"},"_contentSize":{"__type__":"cc.Size","width":137,"height":86},"_trs":{"__type__":"TypedArray","ctor":"Float64Array","array":[2129.29,192.564,0,0,0,0,1,1,1,1]},"_groupIndex":3,"groupIndex":3},{"__type__":"cc.Node","_name":"Branch_04","_parent":{"__id__":2},"_components":[{"__type__":"cc.Sprite","node":{"__id__":10},"_materials":[{"__uuid__":"ecpdLyjvZBwrvm+cedCcQy"}],"_spriteFrame":{"__uuid__":"75FzzuLfpHM55YEa0lzp4h"},"_sizeMode":0},{"__type__":"cc.RigidBody","node":{"__id__":10}},{"__type__":"cc.PhysicsBoxCollider","node":{"__id__":10},"_offset":{"__type__":"cc.Vec2","x":0.2},"_size":{"__type__":"cc.Size","width":400.3,"height":24}}],"_prefab":{"__type__":"cc.PrefabInfo","root":{"__id__":1},"asset":{"__uuid__":"76lxpy5G9F55gomagK5vwi"},"fileId":"2aLqcN0hBLV6RZGZ+X1gsJ"},"_contentSize":{"__type__":"cc.Size","width":400,"height":24},"_trs":{"__type__":"TypedArray","ctor":"Float64Array","array":[1951.314,249.258,0,0,0,0,1,1,1,1]},"_groupIndex":3,"groupIndex":3},{"__type__":"cc.Node","_name":"Jumped01","_parent":{"__id__":2},"_components":[{"__type__":"cc.Sprite","node":{"__id__":11},"_materials":[{"__uuid__":"ecpdLyjvZBwrvm+cedCcQy"}],"_spriteFrame":{"__uuid__":"99YH80OjNGgZrx2A6nkppS"}},{"__type__":"cc.RigidBody","node":{"__id__":11},"_type":0},{"__type__":"cc.PhysicsBoxCollider","node":{"__id__":11},"_size":{"__type__":"cc.Size","width":137,"height":86}}],"_prefab":{"__type__":"cc.PrefabInfo","root":{"__id__":1},"asset":{"__uuid__":"76lxpy5G9F55gomagK5vwi"},"fileId":"30iyPpzZBO+a6jLHZN/zp+"},"_contentSize":{"__type__":"cc.Size","width":137,"height":86},"_trs":{"__type__":"TypedArray","ctor":"Float64Array","array":[1750.526,193.687,0,0,0,0,1,-1,1,1]},"_groupIndex":3,"groupIndex":3},{"__type__":"cc.Node","_name":"Tronc01","_parent":{"__id__":2},"_children":[{"__id__":13}],"_components":[{"__type__":"cc.Sprite","_name":"Tronc01<Sprite>","node":{"__id__":12},"_materials":[{"__uuid__":"ecpdLyjvZBwrvm+cedCcQy"}],"_spriteFrame":{"__uuid__":"dfn2h3SVNA8bK7Bn3q7KYy"}},{"__type__":"cc.RigidBody","node":{"__id__":12},"_type":0},{"__type__":"cc.PhysicsBoxCollider","node":{"__id__":12},"tag":6,"_size":{"__type__":"cc.Size","width":31,"height":67}},{"__type__":"cc.RevoluteJoint","node":{"__id__":12},"anchor":{"__type__":"cc.Vec2","y":-30},"connectedAnchor":{"__type__":"cc.Vec2","y":125},"connectedBody":{"__id__":14},"_enableLimit":true,"lowerAngle":-20,"upperAngle":20}],"_prefab":{"__type__":"cc.PrefabInfo","root":{"__id__":1},"asset":{"__uuid__":"76lxpy5G9F55gomagK5vwi"},"fileId":"f5qFhAK1JHDKO1FXx2ugD+"},"_contentSize":{"__type__":"cc.Size","width":31,"height":67},"_trs":{"__type__":"TypedArray","ctor":"Float64Array","array":[3442.66,762.801,0,0,0,0,1,1,1,1]},"_groupIndex":1,"groupIndex":1},{"__type__":"cc.Node","_name":"pendule02","_parent":{"__id__":12},"_components":[{"__type__":"cc.Sprite","_name":"pendule02<Sprite>","node":{"__id__":13},"_materials":[{"__uuid__":"ecpdLyjvZBwrvm+cedCcQy"}],"_spriteFrame":{"__uuid__":"96dXDFa0JMbrU74O/3z4Yh"}},{"__id__":14},{"__type__":"cc.PhysicsBoxCollider","node":{"__id__":13},"tag":4,"_friction":50,"_offset":{"__type__":"cc.Vec2","y":-120},"_size":{"__type__":"cc.Size","width":210,"height":24}}],"_prefab":{"__type__":"cc.PrefabInfo","root":{"__id__":1},"asset":{"__uuid__":"76lxpy5G9F55gomagK5vwi"},"fileId":"23pGaxTcZLirsWYcEKilyX"},"_contentSize":{"__type__":"cc.Size","width":210,"height":267},"_trs":{"__type__":"TypedArray","ctor":"Float64Array","array":[0,-154.44,0,0,0,0,1,1,1,1]},"_groupIndex":1,"groupIndex":1},{"__type__":"cc.RigidBody","node":{"__id__":13},"_linearDamping":0.5},{"__type__":"cc.Node","_name":"trick4","_parent":{"__id__":2},"_children":[{"__id__":16},{"__id__":19},{"__id__":23},{"__id__":25},{"__id__":21},{"__id__":28},{"__id__":27}],"_prefab":{"__type__":"cc.PrefabInfo","root":{"__id__":1},"asset":{"__uuid__":"76lxpy5G9F55gomagK5vwi"},"fileId":"e6p9o5WIZBn5h4f1q1Cz5X"},"_trs":{"__type__":"TypedArray","ctor":"Float64Array","array":[5692.208,126.406,0,0,0,0,1,1,1,1]},"_groupIndex":1,"groupIndex":1},{"__type__":"cc.Node","_name":"ChainPart01","_parent":{"__id__":15},"_components":[{"__type__":"cc.Sprite","_name":"ChainPart01<Sprite>","node":{"__id__":16},"_materials":[{"__uuid__":"ecpdLyjvZBwrvm+cedCcQy"}],"_spriteFrame":{"__uuid__":"c0s2w7CORILJrxq8IRyg9I"},"_sizeMode":0},{"__id__":17},{"__type__":"cc.RevoluteJoint","node":{"__id__":16},"anchor":{"__type__":"cc.Vec2","x":102,"y":0.4},"connectedAnchor":{"__type__":"cc.Vec2","x":-107.1,"y":0.4},"connectedBody":{"__id__":18},"_enableLimit":true,"lowerAngle":-1,"upperAngle":1}],"_prefab":{"__type__":"cc.PrefabInfo","root":{"__id__":1},"asset":{"__uuid__":"76lxpy5G9F55gomagK5vwi"},"fileId":"5bDoJo9hlMiq+J8nhg9wlg"},"_contentSize":{"__type__":"cc.Size","width":240,"height":18},"_trs":{"__type__":"TypedArray","ctor":"Float64Array","array":[-440,133,0,0,0,0,1,1,1,1]},"_groupIndex":1,"groupIndex":1},{"__type__":"cc.RigidBody","node":{"__id__":16}},{"__type__":"cc.RigidBody","node":{"__id__":19}},{"__type__":"cc.Node","_name":"ChainPart01-2","_parent":{"__id__":15},"_components":[{"__type__":"cc.Sprite","_name":"ChainPart01-2<Sprite>","node":{"__id__":19},"_materials":[{"__uuid__":"ecpdLyjvZBwrvm+cedCcQy"}],"_spriteFrame":{"__uuid__":"c0s2w7CORILJrxq8IRyg9I"},"_sizeMode":0},{"__id__":18},{"__type__":"cc.RevoluteJoint","node":{"__id__":19},"anchor":{"__type__":"cc.Vec2","x":98},"connectedAnchor":{"__type__":"cc.Vec2","y":81.7},"connectedBody":{"__id__":20},"_enableLimit":true,"lowerAngle":-91,"upperAngle":-89}],"_prefab":{"__type__":"cc.PrefabInfo","root":{"__id__":1},"asset":{"__uuid__":"76lxpy5G9F55gomagK5vwi"},"fileId":"f259QqgwJIRY5MMnCGXLlm"},"_contentSize":{"__type__":"cc.Size","width":240,"height":18},"_trs":{"__type__":"TypedArray","ctor":"Float64Array","array":[-230,133,0,0,0,0,1,1,1,1]},"_groupIndex":1,"groupIndex":1},{"__type__":"cc.RigidBody","node":{"__id__":21},"_linearDamping":0.5},{"__type__":"cc.Node","_name":"Branch_03","_parent":{"__id__":15},"_components":[{"__type__":"cc.Sprite","_name":"Branch_03<Sprite>","node":{"__id__":21},"_materials":[{"__uuid__":"ecpdLyjvZBwrvm+cedCcQy"}],"_spriteFrame":{"__uuid__":"bdSchwy89EsICt/yZ8ne5E"}},{"__id__":20},{"__type__":"cc.PhysicsBoxCollider","node":{"__id__":21},"tag":4,"_size":{"__type__":"cc.Size","width":22,"height":180}},{"__type__":"cc.RevoluteJoint","node":{"__id__":21},"anchor":{"__type__":"cc.Vec2","x":0.2,"y":-77.5},"connectedAnchor":{"__type__":"cc.Vec2","x":-85.8,"y":0.3},"connectedBody":{"__id__":22},"_enableLimit":true,"lowerAngle":89,"upperAngle":91}],"_prefab":{"__type__":"cc.PrefabInfo","root":{"__id__":1},"asset":{"__uuid__":"76lxpy5G9F55gomagK5vwi"},"fileId":"b2EOdgLEFHup57wFLa0gpW"},"_contentSize":{"__type__":"cc.Size","width":22,"height":180},"_trs":{"__type__":"TypedArray","ctor":"Float64Array","array":[-54.597,133,0,0,0,0.7071067811865475,0.7071067811865476,1,1,1]},"_eulerAngles":{"__type__":"cc.Vec3","z":90},"_groupIndex":1,"groupIndex":1},{"__type__":"cc.RigidBody","node":{"__id__":23}},{"__type__":"cc.Node","_name":"ChainPart01-5","_parent":{"__id__":15},"_components":[{"__type__":"cc.Sprite","_name":"ChainPart01-5<Sprite>","node":{"__id__":23},"_materials":[{"__uuid__":"ecpdLyjvZBwrvm+cedCcQy"}],"_spriteFrame":{"__uuid__":"c0s2w7CORILJrxq8IRyg9I"},"_sizeMode":0},{"__id__":22},{"__type__":"cc.RevoluteJoint","node":{"__id__":23},"anchor":{"__type__":"cc.Vec2","x":100.2,"y":0.1},"connectedAnchor":{"__type__":"cc.Vec2","x":-89.3},"connectedBody":{"__id__":24},"_enableLimit":true,"lowerAngle":-1,"upperAngle":1}],"_prefab":{"__type__":"cc.PrefabInfo","root":{"__id__":1},"asset":{"__uuid__":"76lxpy5G9F55gomagK5vwi"},"fileId":"f0IOSpqS9Odp3xNyKmotmB"},"_contentSize":{"__type__":"cc.Size","width":240,"height":18},"_trs":{"__type__":"TypedArray","ctor":"Float64Array","array":[108.897,133,0,0,0,0,1,1,1,1]},"_groupIndex":1,"groupIndex":1},{"__type__":"cc.RigidBody","node":{"__id__":25}},{"__type__":"cc.Node","_name":"ChainPart01-6","_parent":{"__id__":15},"_components":[{"__type__":"cc.Sprite","_name":"ChainPart01-6<Sprite>","node":{"__id__":25},"_materials":[{"__uuid__":"ecpdLyjvZBwrvm+cedCcQy"}],"_spriteFrame":{"__uuid__":"c0s2w7CORILJrxq8IRyg9I"},"_sizeMode":0},{"__id__":24},{"__type__":"cc.RevoluteJoint","node":{"__id__":25},"anchor":{"__type__":"cc.Vec2","x":77},"connectedAnchor":{"__type__":"cc.Vec2","x":-61.05,"y":32.95},"connectedBody":{"__id__":26},"_enableLimit":true,"lowerAngle":-1,"upperAngle":1}],"_prefab":{"__type__":"cc.PrefabInfo","root":{"__id__":1},"asset":{"__uuid__":"76lxpy5G9F55gomagK5vwi"},"fileId":"d15Qnu1lVCJ5Q/bqJxHK11"},"_contentSize":{"__type__":"cc.Size","width":200,"height":16},"_trs":{"__type__":"TypedArray","ctor":"Float64Array","array":[298.545,133,0,0,0,0,1,1,1,1]},"_groupIndex":1,"groupIndex":1},{"__type__":"cc.RigidBody","node":{"__id__":27},"_type":0},{"__type__":"cc.Node","_name":"Jumped01-2","_parent":{"__id__":15},"_components":[{"__type__":"cc.Sprite","_name":"Jumped01-2<Sprite>","node":{"__id__":27},"_materials":[{"__uuid__":"ecpdLyjvZBwrvm+cedCcQy"}],"_spriteFrame":{"__uuid__":"99YH80OjNGgZrx2A6nkppS"}},{"__id__":26},{"__type__":"cc.PhysicsBoxCollider","node":{"__id__":27},"tag":4,"_size":{"__type__":"cc.Size","width":137,"height":86}}],"_prefab":{"__type__":"cc.PrefabInfo","root":{"__id__":1},"asset":{"__uuid__":"76lxpy5G9F55gomagK5vwi"},"fileId":"12Bze1F0tJ8bWyi+XDF+/b"},"_contentSize":{"__type__":"cc.Size","width":137,"height":86},"_trs":{"__type__":"TypedArray","ctor":"Float64Array","array":[436.545,100,0,0,0,0,1,1,1,1]},"_groupIndex":1,"groupIndex":1},{"__type__":"cc.Node","_name":"Jumped01","_parent":{"__id__":15},"_components":[{"__type__":"cc.Sprite","_name":"Jumped01<Sprite>","node":{"__id__":28},"_materials":[{"__uuid__":"ecpdLyjvZBwrvm+cedCcQy"}],"_spriteFrame":{"__uuid__":"99YH80OjNGgZrx2A6nkppS"}},{"__type__":"cc.RigidBody","node":{"__id__":28},"_type":0},{"__type__":"cc.RevoluteJoint","node":{"__id__":28},"anchor":{"__type__":"cc.Vec2","x":-54.7,"y":36.3},"connectedAnchor":{"__type__":"cc.Vec2","x":-95.3,"y":1.7},"connectedBody":{"__id__":17},"_enableLimit":true,"lowerAngle":-5,"upperAngle":5},{"__type__":"cc.PhysicsBoxCollider","node":{"__id__":28},"tag":4,"_size":{"__type__":"cc.Size","width":137,"height":86}}],"_prefab":{"__type__":"cc.PrefabInfo","root":{"__id__":1},"asset":{"__uuid__":"76lxpy5G9F55gomagK5vwi"},"fileId":"8e1R87qrhJ2YOOPogJVGt8"},"_contentSize":{"__type__":"cc.Size","width":137,"height":86},"_trs":{"__type__":"TypedArray","ctor":"Float64Array","array":[-590,100,0,0,0,0,1,-1,1,1]},"_groupIndex":1,"groupIndex":1},{"__type__":"cc.Node","_name":"flag_ind","_parent":{"__id__":2},"_children":[{"__id__":30}],"_components":[{"__type__":"cc.Sprite","_name":"flag_ind<Sprite>","node":{"__id__":29},"_materials":[{"__uuid__":"ecpdLyjvZBwrvm+cedCcQy"}],"_spriteFrame":{"__uuid__":"07zKmIceRAwZknsZDy1S/V"}},{"__type__":"cc.RigidBody","node":{"__id__":29},"_type":0,"enabledContactListener":true},{"__type__":"cc.PhysicsBoxCollider","node":{"__id__":29},"_sensor":true,"_size":{"__type__":"cc.Size","width":83,"height":614}},{"__type__":"6ad49RTzopHHLKa1XzEQETT","node":{"__id__":29}}],"_prefab":{"__type__":"cc.PrefabInfo","root":{"__id__":1},"asset":{"__uuid__":"76lxpy5G9F55gomagK5vwi"},"fileId":"8dwWQ8/IVDy5U3qbCwoce6"},"_contentSize":{"__type__":"cc.Size","width":83,"height":614},"_trs":{"__type__":"TypedArray","ctor":"Float64Array","array":[4402.877,411.18,0,0,0,0,1,0.4,0.4,1]},"_groupIndex":1,"groupIndex":1},{"__type__":"cc.Node","_name":"flag","_parent":{"__id__":29},"_components":[{"__type__":"cc.Sprite","_name":"flag<Sprite>","node":{"__id__":30},"_materials":[{"__uuid__":"ecpdLyjvZBwrvm+cedCcQy"}],"_spriteFrame":{"__uuid__":"e33fRYcr9GP4j1b4ibM5Y8"}},{"__type__":"cc.Animation","node":{"__id__":30},"_defaultClip":{"__uuid__":"cbH2x9KCBJyaeYtYAInG18"},"_clips":[{"__uuid__":"cbH2x9KCBJyaeYtYAInG18"}],"playOnLoad":true}],"_prefab":{"__type__":"cc.PrefabInfo","root":{"__id__":1},"asset":{"__uuid__":"76lxpy5G9F55gomagK5vwi"},"fileId":"5fcnMZmi1Iw6ADEQnYeitP"},"_contentSize":{"__type__":"cc.Size","width":273,"height":192},"_trs":{"__type__":"TypedArray","ctor":"Float64Array","array":[-130,-120,0,0,0,0,1,1,1,1]},"_groupIndex":1,"groupIndex":1},{"__type__":"cc.Node","_name":"square_enemy","_parent":{"__id__":2},"_children":[{"__id__":32}],"_components":[{"__type__":"cc.Sprite","node":{"__id__":31},"_materials":[{"__uuid__":"ecpdLyjvZBwrvm+cedCcQy"}],"_spriteFrame":{"__uuid__":"e5cN6YwURLurU2fFTl79fW"},"_sizeMode":0},{"__type__":"cc.RigidBody","node":{"__id__":31},"_linearDamping":0.2,"enabledContactListener":true},{"__type__":"cc.PhysicsBoxCollider","node":{"__id__":31},"_friction":0.5,"_size":{"__type__":"cc.Size","width":95,"height":95}},{"__type__":"d0933z+TVtA7YrxtIlT8W9u","node":{"__id__":31},"point1":300,"point2":100,"damageToGiveToPlayer":1,"angular_velocity":150},{"__type__":"acd38zgRtJBkoJjC48fiJKY","node":{"__id__":31},"bombeffect":{"__uuid__":"b0ysQ6zQtMiofcv9uOb2rp"}}],"_prefab":{"__type__":"cc.PrefabInfo","root":{"__id__":1},"asset":{"__uuid__":"76lxpy5G9F55gomagK5vwi"},"fileId":"96Syonu75BGpYwttAzdmZU"},"_contentSize":{"__type__":"cc.Size","width":95,"height":95},"_trs":{"__type__":"TypedArray","ctor":"Float64Array","array":[4737.864,355.338,0,0,0,0,1,1,1,1]},"_groupIndex":3,"groupIndex":3},{"__type__":"cc.Node","_name":"bombeffect","_parent":{"__id__":31},"_active":false,"_components":[{"__type__":"cc.ParticleSystem","node":{"__id__":32},"_materials":[{"__uuid__":"ecpdLyjvZBwrvm+cedCcQy"}],"_custom":true,"_file":{"__uuid__":"fbVQCbYZJN7ZapAHG/T0Q8"},"_spriteFrame":{"__uuid__":"bctwiSIL5AU7KSd7s29KcV"},"autoRemoveOnFinish":true,"duration":0.1,"emissionRate":600,"lifeVar":1.5,"_startColor":{"__type__":"cc.Color","r":255,"g":255,"b":219,"a":219},"_startColorVar":{"__type__":"cc.Color","a":40},"_endColor":{"__type__":"cc.Color","r":255,"g":255,"b":209,"a":0},"_endColorVar":{"__type__":"cc.Color","a":0},"angle":0,"angleVar":360,"startSize":150,"startSizeVar":50,"endSize":250,"endSizeVar":70,"startSpinVar":40,"endSpinVar":90,"posVar":{"__type__":"cc.Vec2","x":100,"y":200},"_positionType":1,"positionType":1,"gravity":{"__type__":"cc.Vec2","y":50},"speed":100,"tangentialAccel":0}],"_prefab":{"__type__":"cc.PrefabInfo","root":{"__id__":1},"asset":{"__uuid__":"76lxpy5G9F55gomagK5vwi"},"fileId":"d4FD5MPDpHvqKt/la/yQTZ"},"_trs":{"__type__":"TypedArray","ctor":"Float64Array","array":[0,0,0,0,0,0,1,1,1,1]}},{"__type__":"cc.Node","_name":"heros","_parent":{"__id__":1},"_children":[{"__id__":34},{"__id__":47}],"_prefab":{"__type__":"cc.PrefabInfo","root":{"__id__":1},"asset":{"__uuid__":"76lxpy5G9F55gomagK5vwi"},"fileId":"5d0N06W1FFz7lhRywj0cY6"},"_anchorPoint":{"__type__":"cc.Vec2"},"_trs":{"__type__":"TypedArray","ctor":"Float64Array","array":[0,0,0,0,0,0,1,1,1,1]},"_groupIndex":1,"groupIndex":1},{"__type__":"cc.Node","_name":"coins","_parent":{"__id__":33},"_children":[{"__id__":35},{"__id__":36},{"__id__":37},{"__id__":38},{"__id__":39},{"__id__":40},{"__id__":41},{"__id__":42},{"__id__":43},{"__id__":44},{"__id__":45},{"__id__":46}],"_prefab":{"__type__":"cc.PrefabInfo","root":{"__id__":1},"asset":{"__uuid__":"76lxpy5G9F55gomagK5vwi"},"fileId":"8ccQ69ltRA/ZPaWDex0T6u"},"_anchorPoint":{"__type__":"cc.Vec2"},"_trs":{"__type__":"TypedArray","ctor":"Float64Array","array":[0,10,0,0,0,0,1,1,1,1]},"_groupIndex":1,"groupIndex":1},{"__type__":"cc.Node","_name":"coin","_parent":{"__id__":34},"_components":[{"__type__":"cc.Sprite","_name":"coin<Sprite>","node":{"__id__":35},"_materials":[{"__uuid__":"ecpdLyjvZBwrvm+cedCcQy"}],"_spriteFrame":{"__uuid__":"5fBaYM24ZPr4CKfNVUvrdH"},"_sizeMode":0},{"__type__":"cc.RigidBody","node":{"__id__":35},"_type":0,"_allowSleep":false,"enabledContactListener":true},{"__type__":"cc.PhysicsCircleCollider","node":{"__id__":35},"_sensor":true,"_restitution":0.2,"_radius":23},{"__type__":"069edsCLOBL15FM+XA6qGxf","node":{"__id__":35},"pickeffect":{"__uuid__":"2e0DSCaaJHNKIgvBUfLo/u"}}],"_prefab":{"__type__":"cc.PrefabInfo","root":{"__id__":1},"asset":{"__uuid__":"76lxpy5G9F55gomagK5vwi"},"fileId":"7bv5bHEy5JEI8I1rMMIgkj"},"_contentSize":{"__type__":"cc.Size","width":46,"height":46},"_trs":{"__type__":"TypedArray","ctor":"Float64Array","array":[5637.043,294.232,0,0,0,0,1,1,1,1]},"_groupIndex":1,"groupIndex":1},{"__type__":"cc.Node","_name":"coin2","_parent":{"__id__":34},"_components":[{"__type__":"cc.Sprite","_name":"coin2<Sprite>","node":{"__id__":36},"_materials":[{"__uuid__":"ecpdLyjvZBwrvm+cedCcQy"}],"_spriteFrame":{"__uuid__":"5fBaYM24ZPr4CKfNVUvrdH"},"_sizeMode":0},{"__type__":"cc.RigidBody","node":{"__id__":36},"_type":0,"_allowSleep":false,"enabledContactListener":true},{"__type__":"cc.PhysicsCircleCollider","node":{"__id__":36},"_sensor":true,"_restitution":0.2,"_radius":23},{"__type__":"069edsCLOBL15FM+XA6qGxf","node":{"__id__":36},"pickeffect":{"__uuid__":"2e0DSCaaJHNKIgvBUfLo/u"}}],"_prefab":{"__type__":"cc.PrefabInfo","root":{"__id__":1},"asset":{"__uuid__":"76lxpy5G9F55gomagK5vwi"},"fileId":"d6LqyV7QNHOaMK5pHP+nWL"},"_contentSize":{"__type__":"cc.Size","width":46,"height":46},"_trs":{"__type__":"TypedArray","ctor":"Float64Array","array":[4050.532,361.181,0,0,0,0,1,1,1,1]},"_groupIndex":1,"groupIndex":1},{"__type__":"cc.Node","_name":"coin3","_parent":{"__id__":34},"_components":[{"__type__":"cc.Sprite","_name":"coin3<Sprite>","node":{"__id__":37},"_materials":[{"__uuid__":"ecpdLyjvZBwrvm+cedCcQy"}],"_spriteFrame":{"__uuid__":"5fBaYM24ZPr4CKfNVUvrdH"},"_sizeMode":0},{"__type__":"cc.RigidBody","node":{"__id__":37},"_type":0,"_allowSleep":false,"enabledContactListener":true},{"__type__":"cc.PhysicsCircleCollider","node":{"__id__":37},"_sensor":true,"_restitution":0.2,"_radius":23},{"__type__":"069edsCLOBL15FM+XA6qGxf","node":{"__id__":37},"pickeffect":{"__uuid__":"2e0DSCaaJHNKIgvBUfLo/u"}}],"_prefab":{"__type__":"cc.PrefabInfo","root":{"__id__":1},"asset":{"__uuid__":"76lxpy5G9F55gomagK5vwi"},"fileId":"9crsXsvoJKeLf6MvHgtw9S"},"_contentSize":{"__type__":"cc.Size","width":46,"height":46},"_trs":{"__type__":"TypedArray","ctor":"Float64Array","array":[4142.053,361.181,0,0,0,0,1,1,1,1]},"_groupIndex":1,"groupIndex":1},{"__type__":"cc.Node","_name":"coin4","_parent":{"__id__":34},"_components":[{"__type__":"cc.Sprite","_name":"coin4<Sprite>","node":{"__id__":38},"_materials":[{"__uuid__":"ecpdLyjvZBwrvm+cedCcQy"}],"_spriteFrame":{"__uuid__":"5fBaYM24ZPr4CKfNVUvrdH"},"_sizeMode":0},{"__type__":"cc.RigidBody","node":{"__id__":38},"_type":0,"_allowSleep":false,"enabledContactListener":true},{"__type__":"cc.PhysicsCircleCollider","node":{"__id__":38},"_sensor":true,"_restitution":0.2,"_radius":23},{"__type__":"069edsCLOBL15FM+XA6qGxf","node":{"__id__":38},"pickeffect":{"__uuid__":"2e0DSCaaJHNKIgvBUfLo/u"}}],"_prefab":{"__type__":"cc.PrefabInfo","root":{"__id__":1},"asset":{"__uuid__":"76lxpy5G9F55gomagK5vwi"},"fileId":"9bBScgEftEw4P91NJbQDMa"},"_contentSize":{"__type__":"cc.Size","width":46,"height":46},"_trs":{"__type__":"TypedArray","ctor":"Float64Array","array":[2919.972,594.174,0,0,0,0,1,1,1,1]},"_groupIndex":1,"groupIndex":1},{"__type__":"cc.Node","_name":"coin5","_parent":{"__id__":34},"_components":[{"__type__":"cc.Sprite","_name":"coin5<Sprite>","node":{"__id__":39},"_materials":[{"__uuid__":"ecpdLyjvZBwrvm+cedCcQy"}],"_spriteFrame":{"__uuid__":"5fBaYM24ZPr4CKfNVUvrdH"},"_sizeMode":0},{"__type__":"cc.RigidBody","node":{"__id__":39},"_type":0,"_allowSleep":false,"enabledContactListener":true},{"__type__":"cc.PhysicsCircleCollider","node":{"__id__":39},"_sensor":true,"_restitution":0.2,"_radius":23},{"__type__":"069edsCLOBL15FM+XA6qGxf","node":{"__id__":39},"pickeffect":{"__uuid__":"2e0DSCaaJHNKIgvBUfLo/u"}}],"_prefab":{"__type__":"cc.PrefabInfo","root":{"__id__":1},"asset":{"__uuid__":"76lxpy5G9F55gomagK5vwi"},"fileId":"c9wHa/JDZEUKeWA3uzAxXP"},"_contentSize":{"__type__":"cc.Size","width":46,"height":46},"_trs":{"__type__":"TypedArray","ctor":"Float64Array","array":[3445.913,546.492,0,0,0,0,1,1,1,1]},"_groupIndex":1,"groupIndex":1},{"__type__":"cc.Node","_name":"coin","_parent":{"__id__":34},"_components":[{"__type__":"cc.Sprite","_name":"coin<Sprite>","node":{"__id__":40},"_materials":[{"__uuid__":"ecpdLyjvZBwrvm+cedCcQy"}],"_spriteFrame":{"__uuid__":"5fBaYM24ZPr4CKfNVUvrdH"},"_sizeMode":0},{"__type__":"cc.RigidBody","node":{"__id__":40},"_type":0,"_allowSleep":false,"enabledContactListener":true},{"__type__":"cc.PhysicsCircleCollider","node":{"__id__":40},"_sensor":true,"_restitution":0.2,"_radius":23},{"__type__":"069edsCLOBL15FM+XA6qGxf","node":{"__id__":40},"pickeffect":{"__uuid__":"2e0DSCaaJHNKIgvBUfLo/u"}}],"_prefab":{"__type__":"cc.PrefabInfo","root":{"__id__":1},"asset":{"__uuid__":"76lxpy5G9F55gomagK5vwi"},"fileId":"9dOw8LmplPQ4aRKyWgJ3eW"},"_contentSize":{"__type__":"cc.Size","width":46,"height":46},"_trs":{"__type__":"TypedArray","ctor":"Float64Array","array":[5116.375,303.27,0,0,0,0,1,1,1,1]},"_groupIndex":1,"groupIndex":1},{"__type__":"cc.Node","_name":"coin","_parent":{"__id__":34},"_components":[{"__type__":"cc.Sprite","_name":"coin<Sprite>","node":{"__id__":41},"_materials":[{"__uuid__":"ecpdLyjvZBwrvm+cedCcQy"}],"_spriteFrame":{"__uuid__":"5fBaYM24ZPr4CKfNVUvrdH"},"_sizeMode":0},{"__type__":"cc.RigidBody","node":{"__id__":41},"_type":0,"_allowSleep":false,"enabledContactListener":true},{"__type__":"cc.PhysicsCircleCollider","node":{"__id__":41},"_sensor":true,"_restitution":0.2,"_radius":23},{"__type__":"069edsCLOBL15FM+XA6qGxf","node":{"__id__":41},"pickeffect":{"__uuid__":"2e0DSCaaJHNKIgvBUfLo/u"}}],"_prefab":{"__type__":"cc.PrefabInfo","root":{"__id__":1},"asset":{"__uuid__":"76lxpy5G9F55gomagK5vwi"},"fileId":"baoK3dbixHjJQnLGGkZPTs"},"_contentSize":{"__type__":"cc.Size","width":46,"height":46},"_trs":{"__type__":"TypedArray","ctor":"Float64Array","array":[6128.797,300.139,0,0,0,0,1,1,1,1]},"_groupIndex":1,"groupIndex":1},{"__type__":"cc.Node","_name":"coin","_parent":{"__id__":34},"_components":[{"__type__":"cc.Sprite","_name":"coin<Sprite>","node":{"__id__":42},"_materials":[{"__uuid__":"ecpdLyjvZBwrvm+cedCcQy"}],"_spriteFrame":{"__uuid__":"5fBaYM24ZPr4CKfNVUvrdH"},"_sizeMode":0},{"__type__":"cc.RigidBody","node":{"__id__":42},"_type":0,"_allowSleep":false,"enabledContactListener":true},{"__type__":"cc.PhysicsCircleCollider","node":{"__id__":42},"_sensor":true,"_restitution":0.2,"_radius":23},{"__type__":"069edsCLOBL15FM+XA6qGxf","node":{"__id__":42},"pickeffect":{"__uuid__":"2e0DSCaaJHNKIgvBUfLo/u"}}],"_prefab":{"__type__":"cc.PrefabInfo","root":{"__id__":1},"asset":{"__uuid__":"76lxpy5G9F55gomagK5vwi"},"fileId":"afsUPyBflI9rpgoWuFxr+1"},"_contentSize":{"__type__":"cc.Size","width":46,"height":46},"_trs":{"__type__":"TypedArray","ctor":"Float64Array","array":[2980.982,593.697,0,0,0,0,1,1,1,1]},"_groupIndex":1,"groupIndex":1},{"__type__":"cc.Node","_name":"coin","_parent":{"__id__":34},"_components":[{"__type__":"cc.Sprite","_name":"coin<Sprite>","node":{"__id__":43},"_materials":[{"__uuid__":"ecpdLyjvZBwrvm+cedCcQy"}],"_spriteFrame":{"__uuid__":"5fBaYM24ZPr4CKfNVUvrdH"},"_sizeMode":0},{"__type__":"cc.RigidBody","node":{"__id__":43},"_type":0,"_allowSleep":false,"enabledContactListener":true},{"__type__":"cc.PhysicsCircleCollider","node":{"__id__":43},"_sensor":true,"_restitution":0.2,"_radius":23},{"__type__":"069edsCLOBL15FM+XA6qGxf","node":{"__id__":43},"pickeffect":{"__uuid__":"2e0DSCaaJHNKIgvBUfLo/u"}}],"_prefab":{"__type__":"cc.PrefabInfo","root":{"__id__":1},"asset":{"__uuid__":"76lxpy5G9F55gomagK5vwi"},"fileId":"afM5X5FxJGRb1yLSM204iB"},"_contentSize":{"__type__":"cc.Size","width":46,"height":46},"_trs":{"__type__":"TypedArray","ctor":"Float64Array","array":[3042.409,593.697,0,0,0,0,1,1,1,1]},"_groupIndex":1,"groupIndex":1},{"__type__":"cc.Node","_name":"coin","_parent":{"__id__":34},"_components":[{"__type__":"cc.Sprite","_name":"coin<Sprite>","node":{"__id__":44},"_materials":[{"__uuid__":"ecpdLyjvZBwrvm+cedCcQy"}],"_spriteFrame":{"__uuid__":"5fBaYM24ZPr4CKfNVUvrdH"},"_sizeMode":0},{"__type__":"cc.RigidBody","node":{"__id__":44},"_type":0,"_allowSleep":false,"enabledContactListener":true},{"__type__":"cc.PhysicsCircleCollider","node":{"__id__":44},"_sensor":true,"_restitution":0.2,"_radius":23},{"__type__":"069edsCLOBL15FM+XA6qGxf","node":{"__id__":44},"pickeffect":{"__uuid__":"2e0DSCaaJHNKIgvBUfLo/u"}}],"_prefab":{"__type__":"cc.PrefabInfo","root":{"__id__":1},"asset":{"__uuid__":"76lxpy5G9F55gomagK5vwi"},"fileId":"35IxQ1JTJHKohZaIWXOJQr"},"_contentSize":{"__type__":"cc.Size","width":46,"height":46},"_trs":{"__type__":"TypedArray","ctor":"Float64Array","array":[1430,287.22,0,0,0,0,1,1,1,1]},"_groupIndex":1,"groupIndex":1},{"__type__":"cc.Node","_name":"coin","_parent":{"__id__":34},"_components":[{"__type__":"cc.Sprite","_name":"coin<Sprite>","node":{"__id__":45},"_materials":[{"__uuid__":"ecpdLyjvZBwrvm+cedCcQy"}],"_spriteFrame":{"__uuid__":"5fBaYM24ZPr4CKfNVUvrdH"},"_sizeMode":0},{"__type__":"cc.RigidBody","node":{"__id__":45},"_type":0,"_allowSleep":false,"enabledContactListener":true},{"__type__":"cc.PhysicsCircleCollider","node":{"__id__":45},"_sensor":true,"_restitution":0.2,"_radius":23},{"__type__":"069edsCLOBL15FM+XA6qGxf","node":{"__id__":45},"pickeffect":{"__uuid__":"2e0DSCaaJHNKIgvBUfLo/u"}}],"_prefab":{"__type__":"cc.PrefabInfo","root":{"__id__":1},"asset":{"__uuid__":"76lxpy5G9F55gomagK5vwi"},"fileId":"3cspzzS0pN0ZRhzwCUIGaV"},"_contentSize":{"__type__":"cc.Size","width":46,"height":46},"_trs":{"__type__":"TypedArray","ctor":"Float64Array","array":[1500,287.22,0,0,0,0,1,1,1,1]},"_groupIndex":1,"groupIndex":1},{"__type__":"cc.Node","_name":"coin","_parent":{"__id__":34},"_components":[{"__type__":"cc.Sprite","_name":"coin<Sprite>","node":{"__id__":46},"_materials":[{"__uuid__":"ecpdLyjvZBwrvm+cedCcQy"}],"_spriteFrame":{"__uuid__":"5fBaYM24ZPr4CKfNVUvrdH"},"_sizeMode":0},{"__type__":"cc.RigidBody","node":{"__id__":46},"_type":0,"_allowSleep":false,"enabledContactListener":true},{"__type__":"cc.PhysicsCircleCollider","node":{"__id__":46},"_sensor":true,"_restitution":0.2,"_radius":23},{"__type__":"069edsCLOBL15FM+XA6qGxf","node":{"__id__":46},"pickeffect":{"__uuid__":"2e0DSCaaJHNKIgvBUfLo/u"}}],"_prefab":{"__type__":"cc.PrefabInfo","root":{"__id__":1},"asset":{"__uuid__":"76lxpy5G9F55gomagK5vwi"},"fileId":"96RlA8siRMlbFG3wmkiJ8v"},"_contentSize":{"__type__":"cc.Size","width":46,"height":46},"_trs":{"__type__":"TypedArray","ctor":"Float64Array","array":[4243.197,359.831,0,0,0,0,1,1,1,1]},"_groupIndex":1,"groupIndex":1},{"__type__":"cc.Node","_name":"water","_parent":{"__id__":33},"_children":[{"__id__":48},{"__id__":51},{"__id__":50},{"__id__":52},{"__id__":53},{"__id__":55},{"__id__":56},{"__id__":57},{"__id__":58}],"_prefab":{"__type__":"cc.PrefabInfo","root":{"__id__":1},"asset":{"__uuid__":"76lxpy5G9F55gomagK5vwi"},"fileId":"21jMZmmNJKcLrv187yZLNb"},"_trs":{"__type__":"TypedArray","ctor":"Float64Array","array":[0,0,0,0,0,0,1,1,1,1]}},{"__type__":"cc.Node","_name":"water_wave","_parent":{"__id__":47},"_components":[{"__type__":"cc.Animation","node":{"__id__":48},"_defaultClip":{"__uuid__":"e7Pq6jGgxO8aBeoB4a8Qlr"},"_clips":[{"__uuid__":"e7Pq6jGgxO8aBeoB4a8Qlr"}]},{"__type__":"cc.Sprite","node":{"__id__":48},"_materials":[{"__uuid__":"ecpdLyjvZBwrvm+cedCcQy"}],"_spriteFrame":{"__uuid__":"c3wTswCOlDlbssla3OaU0R"}},{"__type__":"cc.RigidBody","node":{"__id__":48},"_type":0,"enabledContactListener":true},{"__type__":"cc.PhysicsCircleCollider","node":{"__id__":48},"_sensor":true,"_radius":1000},{"__type__":"3bbb1SGj/9JnblxsAvaGhl6","node":{"__id__":48},"bubble_particle":{"__id__":49}}],"_prefab":{"__type__":"cc.PrefabInfo","root":{"__id__":1},"asset":{"__uuid__":"76lxpy5G9F55gomagK5vwi"},"fileId":"48neMPcClPEKDBWMgE0FzJ"},"_contentSize":{"__type__":"cc.Size","width":943,"height":19},"_trs":{"__type__":"TypedArray","ctor":"Float64Array","array":[2133.431,204.79,0,0,0,0,1,1,1,1]},"_groupIndex":2,"groupIndex":2},{"__type__":"cc.ParticleSystem","node":{"__id__":50},"_materials":[{"__uuid__":"ecpdLyjvZBwrvm+cedCcQy"}],"_dstBlendFactor":1,"_custom":true,"_file":{"__uuid__":"93SrmrwrVFgaLvA6HesiAd"},"_spriteFrame":{"__uuid__":"038oKT9rlDW5GqnT+aEE7K"},"totalParticles":80,"emissionRate":40,"lifeVar":0.5,"_startColor":{"__type__":"cc.Color","r":124,"g":255,"b":216,"a":0},"_startColorVar":{"__type__":"cc.Color","g":66,"b":73,"a":49},"_endColor":{"__type__":"cc.Color","r":193,"g":255,"b":255,"a":61},"_endColorVar":{"__type__":"cc.Color","g":79,"b":61,"a":54},"angleVar":40,"startSize":2,"startSizeVar":2,"endSize":15,"endSizeVar":5,"posVar":{"__type__":"cc.Vec2","x":400,"y":50},"_positionType":1,"positionType":1,"gravity":{"__type__":"cc.Vec2","y":20},"speed":20,"speedVar":10,"tangentialAccel":0},{"__type__":"cc.Node","_name":"water-bubble","_parent":{"__id__":47},"_components":[{"__id__":49}],"_prefab":{"__type__":"cc.PrefabInfo","root":{"__id__":1},"asset":{"__uuid__":"76lxpy5G9F55gomagK5vwi"},"fileId":"7c3cF/eopCI62f9rWeRbmo"},"_trs":{"__type__":"TypedArray","ctor":"Float64Array","array":[2114.97,-30.081,0,0,0,0,1,1,1,1]},"_groupIndex":2,"groupIndex":2},{"__type__":"cc.Node","_name":"water","_parent":{"__id__":47},"_components":[{"__type__":"cc.Sprite","node":{"__id__":51},"_materials":[{"__uuid__":"65aP0KEIpAk7/pjJNosxL5"}],"_spriteFrame":{"__uuid__":"0db9rXK7BAuJhYB4L7U0Kf"},"_sizeMode":0},{"__type__":"019bfUOFLZAC62vrujK9eUg","node":{"__id__":51},"normalmap":{"__uuid__":"abTirDIrROorOQNbbLQEOw"},"fallin_effect":{"__uuid__":"08QeMWPQtOsIi8UzSsTttc"}},{"__type__":"2f15ftGjExIyrnz9ttHdx3T","node":{"__id__":51},"density":2.5}],"_prefab":{"__type__":"cc.PrefabInfo","root":{"__id__":1},"asset":{"__uuid__":"76lxpy5G9F55gomagK5vwi"},"fileId":"71YvYMPAlNlZQAyd6+IO1V"},"_contentSize":{"__type__":"cc.Size","width":1000,"height":256},"_trs":{"__type__":"TypedArray","ctor":"Float64Array","array":[2150.967,68.919,0,0,0,0,1,1,1,1]},"_groupIndex":2,"groupIndex":2},{"__type__":"cc.Node","_name":"water","_parent":{"__id__":47},"_components":[{"__type__":"cc.Sprite","node":{"__id__":52},"_materials":[{"__uuid__":"65aP0KEIpAk7/pjJNosxL5"}],"_spriteFrame":{"__uuid__":"0db9rXK7BAuJhYB4L7U0Kf"},"_sizeMode":0},{"__type__":"019bfUOFLZAC62vrujK9eUg","node":{"__id__":52},"normalmap":{"__uuid__":"abTirDIrROorOQNbbLQEOw"},"fallin_effect":{"__uuid__":"08QeMWPQtOsIi8UzSsTttc"}},{"__type__":"2f15ftGjExIyrnz9ttHdx3T","node":{"__id__":52},"density":2.5}],"_prefab":{"__type__":"cc.PrefabInfo","root":{"__id__":1},"asset":{"__uuid__":"76lxpy5G9F55gomagK5vwi"},"fileId":"9bMc1Sgc9Dq7vQr/vvIxu9"},"_contentSize":{"__type__":"cc.Size","width":1300,"height":256},"_trs":{"__type__":"TypedArray","ctor":"Float64Array","array":[5675.675,68.919,0,0,0,0,1,1,1,1]},"_groupIndex":2,"groupIndex":2},{"__type__":"cc.Node","_name":"water-bubble","_parent":{"__id__":47},"_active":false,"_components":[{"__id__":54}],"_prefab":{"__type__":"cc.PrefabInfo","root":{"__id__":1},"asset":{"__uuid__":"76lxpy5G9F55gomagK5vwi"},"fileId":"bbsd6NgnJFvIYAyubHBIET"},"_trs":{"__type__":"TypedArray","ctor":"Float64Array","array":[5675.675,-30.081,0,0,0,0,1,1,1,1]},"_groupIndex":2,"groupIndex":2},{"__type__":"cc.ParticleSystem","node":{"__id__":53},"_materials":[{"__uuid__":"ecpdLyjvZBwrvm+cedCcQy"}],"_dstBlendFactor":1,"_custom":true,"_file":{"__uuid__":"93SrmrwrVFgaLvA6HesiAd"},"_spriteFrame":{"__uuid__":"038oKT9rlDW5GqnT+aEE7K"},"totalParticles":80,"emissionRate":40,"lifeVar":0.5,"_startColor":{"__type__":"cc.Color","r":124,"g":255,"b":216,"a":0},"_startColorVar":{"__type__":"cc.Color","g":66,"b":73,"a":49},"_endColor":{"__type__":"cc.Color","r":193,"g":255,"b":255,"a":61},"_endColorVar":{"__type__":"cc.Color","g":79,"b":61,"a":54},"angleVar":40,"startSize":2,"startSizeVar":2,"endSize":15,"endSizeVar":5,"posVar":{"__type__":"cc.Vec2","x":400,"y":50},"_positionType":1,"positionType":1,"gravity":{"__type__":"cc.Vec2","y":20},"speed":20,"speedVar":10,"tangentialAccel":0},{"__type__":"cc.Node","_name":"water_wave","_parent":{"__id__":47},"_components":[{"__type__":"cc.Animation","node":{"__id__":55},"_defaultClip":{"__uuid__":"e7Pq6jGgxO8aBeoB4a8Qlr"},"_clips":[{"__uuid__":"e7Pq6jGgxO8aBeoB4a8Qlr"}]},{"__type__":"cc.Sprite","node":{"__id__":55},"_materials":[{"__uuid__":"ecpdLyjvZBwrvm+cedCcQy"}],"_spriteFrame":{"__uuid__":"c3wTswCOlDlbssla3OaU0R"},"_sizeMode":0},{"__type__":"cc.RigidBody","node":{"__id__":55},"_type":0,"enabledContactListener":true},{"__type__":"cc.PhysicsCircleCollider","node":{"__id__":55},"_sensor":true,"_radius":1000},{"__type__":"3bbb1SGj/9JnblxsAvaGhl6","node":{"__id__":55},"bubble_particle":{"__id__":54}}],"_prefab":{"__type__":"cc.PrefabInfo","root":{"__id__":1},"asset":{"__uuid__":"76lxpy5G9F55gomagK5vwi"},"fileId":"99UEEKwUdL1Ir9bH4SOlzc"},"_contentSize":{"__type__":"cc.Size","width":1350,"height":19},"_trs":{"__type__":"TypedArray","ctor":"Float64Array","array":[5694.136,206.88,0,0,0,0,1,1,1,1]},"_groupIndex":2,"groupIndex":2},{"__type__":"cc.Node","_name":"water_wave","_parent":{"__id__":47},"_components":[{"__type__":"cc.Animation","node":{"__id__":56},"_defaultClip":{"__uuid__":"e7Pq6jGgxO8aBeoB4a8Qlr"},"_clips":[{"__uuid__":"e7Pq6jGgxO8aBeoB4a8Qlr"}]},{"__type__":"cc.Sprite","node":{"__id__":56},"_materials":[{"__uuid__":"ecpdLyjvZBwrvm+cedCcQy"}],"_spriteFrame":{"__uuid__":"c3wTswCOlDlbssla3OaU0R"}},{"__type__":"cc.RigidBody","node":{"__id__":56},"_type":0,"enabledContactListener":true},{"__type__":"cc.PhysicsCircleCollider","node":{"__id__":56},"_sensor":true,"_radius":1000},{"__type__":"3bbb1SGj/9JnblxsAvaGhl6","node":{"__id__":56},"bubble_particle":{"__id__":49}}],"_prefab":{"__type__":"cc.PrefabInfo","root":{"__id__":1},"asset":{"__uuid__":"76lxpy5G9F55gomagK5vwi"},"fileId":"da7uuHRsZMu4BoVUil3PeH"},"_contentSize":{"__type__":"cc.Size","width":943,"height":19},"_trs":{"__type__":"TypedArray","ctor":"Float64Array","array":[3465.019,204.79,0,0,0,0,1,1,1,1]},"_groupIndex":2,"groupIndex":2},{"__type__":"cc.Node","_name":"water","_parent":{"__id__":47},"_components":[{"__type__":"cc.Sprite","node":{"__id__":57},"_materials":[{"__uuid__":"65aP0KEIpAk7/pjJNosxL5"}],"_spriteFrame":{"__uuid__":"0db9rXK7BAuJhYB4L7U0Kf"},"_sizeMode":0},{"__type__":"019bfUOFLZAC62vrujK9eUg","node":{"__id__":57},"normalmap":{"__uuid__":"abTirDIrROorOQNbbLQEOw"},"fallin_effect":{"__uuid__":"08QeMWPQtOsIi8UzSsTttc"}},{"__type__":"2f15ftGjExIyrnz9ttHdx3T","node":{"__id__":57},"density":2.5}],"_prefab":{"__type__":"cc.PrefabInfo","root":{"__id__":1},"asset":{"__uuid__":"76lxpy5G9F55gomagK5vwi"},"fileId":"ffzAwBo6ROpZ88Q8O8I074"},"_contentSize":{"__type__":"cc.Size","width":1000,"height":256},"_trs":{"__type__":"TypedArray","ctor":"Float64Array","array":[3466.874,68.919,0,0,0,0,1,1,1,1]},"_groupIndex":2,"groupIndex":2},{"__type__":"cc.Node","_name":"water-bubble","_parent":{"__id__":47},"_components":[{"__type__":"cc.ParticleSystem","node":{"__id__":58},"_materials":[{"__uuid__":"ecpdLyjvZBwrvm+cedCcQy"}],"_dstBlendFactor":1,"_custom":true,"_file":{"__uuid__":"93SrmrwrVFgaLvA6HesiAd"},"_spriteFrame":{"__uuid__":"038oKT9rlDW5GqnT+aEE7K"},"totalParticles":80,"emissionRate":40,"lifeVar":0.5,"_startColor":{"__type__":"cc.Color","r":124,"g":255,"b":216,"a":0},"_startColorVar":{"__type__":"cc.Color","g":66,"b":73,"a":49},"_endColor":{"__type__":"cc.Color","r":193,"g":255,"b":255,"a":61},"_endColorVar":{"__type__":"cc.Color","g":79,"b":61,"a":54},"angleVar":40,"startSize":2,"startSizeVar":2,"endSize":15,"endSizeVar":5,"posVar":{"__type__":"cc.Vec2","x":400,"y":50},"_positionType":1,"positionType":1,"gravity":{"__type__":"cc.Vec2","y":20},"speed":20,"speedVar":10,"tangentialAccel":0}],"_prefab":{"__type__":"cc.PrefabInfo","root":{"__id__":1},"asset":{"__uuid__":"76lxpy5G9F55gomagK5vwi"},"fileId":"a7m+nl+SBE65xCu5ZRwasO"},"_trs":{"__type__":"TypedArray","ctor":"Float64Array","array":[3430.877,-30.081,0,0,0,0,1,1,1,1]},"_groupIndex":2,"groupIndex":2},{"__type__":"cc.Node","_name":"redballs","_parent":{"__id__":1},"_children":[{"__id__":60}],"_prefab":{"__type__":"cc.PrefabInfo","root":{"__id__":1},"asset":{"__uuid__":"76lxpy5G9F55gomagK5vwi"},"fileId":"a9sUNfSklLE7cgxei5YqFM"},"_trs":{"__type__":"TypedArray","ctor":"Float64Array","array":[0,0,0,0,0,0,1,1,1,1]}},{"__type__":"cc.Node","_name":"redball","_parent":{"__id__":59},"_components":[{"__type__":"cc.Sprite","_name":"redball<Sprite>","node":{"__id__":60},"_materials":[{"__uuid__":"ecpdLyjvZBwrvm+cedCcQy"}],"_spriteFrame":{"__uuid__":"8amSVup6xJdK42n8GJawo0"},"_sizeMode":0}],"_prefab":{"__type__":"cc.PrefabInfo","root":{"__id__":1},"asset":{"__uuid__":"76lxpy5G9F55gomagK5vwi"},"fileId":"2a86N4/EhP5rs8iwdPTX4Y"},"_contentSize":{"__type__":"cc.Size","width":70,"height":70},"_trs":{"__type__":"TypedArray","ctor":"Float64Array","array":[500,366.769,0,0,0,0,1,1,1,1]},"_groupIndex":1,"groupIndex":1},{"__type__":"cc.Node","_name":"map","_parent":{"__id__":1},"_children":[{"__id__":62},{"__id__":63},{"__id__":64},{"__id__":65},{"__id__":66},{"__id__":67},{"__id__":68},{"__id__":69},{"__id__":70},{"__id__":71},{"__id__":72},{"__id__":73},{"__id__":74},{"__id__":75},{"__id__":76},{"__id__":77},{"__id__":78},{"__id__":79},{"__id__":80},{"__id__":81}],"_components":[{"__type__":"cc.Sprite","_name":"level-1-bg<Sprite>","node":{"__id__":61},"_enabled":false,"_materials":[{"__uuid__":"ecpdLyjvZBwrvm+cedCcQy"}],"_sizeMode":0},{"__type__":"cc.Widget","node":{"__id__":61},"_alignFlags":12,"_left":-260},{"__type__":"cc.RigidBody","node":{"__id__":61},"_type":0,"enabledContactListener":true},{"__type__":"3f7d7Fq0GJHmorMw7NXzmcC","node":{"__id__":61}},{"__type__":"cc.PhysicsPolygonCollider","node":{"__id__":61},"_offset":{"__type__":"cc.Vec2","x":108,"y":185},"points":[{"__type__":"cc.Vec2","x":-108,"y":-185},{"__type__":"cc.Vec2","x":1890.8,"y":-185.2},{"__type__":"cc.Vec2","x":1892,"y":74.8},{"__type__":"cc.Vec2","x":-107.1,"y":74.2}]},{"__type__":"cc.PhysicsPolygonCollider","node":{"__id__":61},"_offset":{"__type__":"cc.Vec2","x":2063.2,"y":198},"points":[{"__type__":"cc.Vec2","x":357,"y":-196},{"__type__":"cc.Vec2","x":1355,"y":-199},{"__type__":"cc.Vec2","x":1353.63,"y":352},{"__type__":"cc.Vec2","x":1054.3,"y":352},{"__type__":"cc.Vec2","x":1053.6,"y":62},{"__type__":"cc.Vec2","x":356.3,"y":60.9}]},{"__type__":"cc.PhysicsPolygonCollider","node":{"__id__":61},"_offset":{"__type__":"cc.Vec2","x":4222,"y":171},"points":[{"__type__":"cc.Vec2","x":-101.4,"y":-172.7},{"__type__":"cc.Vec2","x":1099.1,"y":-171},{"__type__":"cc.Vec2","x":1100,"y":-19},{"__type__":"cc.Vec2","x":1098.97,"y":128.97},{"__type__":"cc.Vec2","x":1095.87,"y":129.02},{"__type__":"cc.Vec2","x":1035.1,"y":129.2},{"__type__":"cc.Vec2","x":451.6,"y":129.2},{"__type__":"cc.Vec2","x":396,"y":129},{"__type__":"cc.Vec2","x":-99.9,"y":128.8}]},{"__type__":"cc.PhysicsPolygonCollider","node":{"__id__":61},"_offset":{"__type__":"cc.Vec2","x":8411.7,"y":154.6},"points":[{"__type__":"cc.Vec2","x":-1985,"y":-153},{"__type__":"cc.Vec2","x":880,"y":-153},{"__type__":"cc.Vec2","x":880.6,"y":346.3},{"__type__":"cc.Vec2","x":14,"y":143},{"__type__":"cc.Vec2","x":-158,"y":144},{"__type__":"cc.Vec2","x":-611.8,"y":147},{"__type__":"cc.Vec2","x":-988,"y":146},{"__type__":"cc.Vec2","x":-1981,"y":146}]}],"_prefab":{"__type__":"cc.PrefabInfo","root":{"__id__":1},"asset":{"__uuid__":"76lxpy5G9F55gomagK5vwi"},"fileId":"e1fBD8bPhPQ7TjfhC+D/jc"},"_contentSize":{"__type__":"cc.Size","width":6045,"height":260},"_anchorPoint":{"__type__":"cc.Vec2"},"_trs":{"__type__":"TypedArray","ctor":"Float64Array","array":[-260,0,0,0,0,0,1,1,1,1]},"_groupIndex":3,"groupIndex":3},{"__type__":"cc.Node","_name":"m1","_parent":{"__id__":61},"_components":[{"__type__":"cc.Sprite","_name":"m1<Sprite>","node":{"__id__":62},"_materials":[{"__uuid__":"ecpdLyjvZBwrvm+cedCcQy"}],"_spriteFrame":{"__uuid__":"51q8+fqytKHrQY/IIUURyc"},"_type":2,"_sizeMode":0}],"_prefab":{"__type__":"cc.PrefabInfo","root":{"__id__":1},"asset":{"__uuid__":"76lxpy5G9F55gomagK5vwi"},"fileId":"56z/8aBfhPoL2fkqjqE8+n"},"_contentSize":{"__type__":"cc.Size","width":2000,"height":260},"_anchorPoint":{"__type__":"cc.Vec2"},"_trs":{"__type__":"TypedArray","ctor":"Float64Array","array":[0,0,0,0,0,0,1,1,1,1]},"_groupIndex":3,"groupIndex":3},{"__type__":"cc.Node","_name":"m2","_parent":{"__id__":61},"_components":[{"__type__":"cc.Sprite","_name":"m2<Sprite>","node":{"__id__":63},"_materials":[{"__uuid__":"ecpdLyjvZBwrvm+cedCcQy"}],"_spriteFrame":{"__uuid__":"51q8+fqytKHrQY/IIUURyc"},"_type":2,"_sizeMode":0}],"_prefab":{"__type__":"cc.PrefabInfo","root":{"__id__":1},"asset":{"__uuid__":"76lxpy5G9F55gomagK5vwi"},"fileId":"cbkEL1KnNOVr4/+QLuAtOX"},"_contentSize":{"__type__":"cc.Size","width":1000,"height":260},"_anchorPoint":{"__type__":"cc.Vec2"},"_trs":{"__type__":"TypedArray","ctor":"Float64Array","array":[2418.689,0,0,0,0,0,1,1,1,1]},"_groupIndex":3,"groupIndex":3},{"__type__":"cc.Node","_name":"2","_parent":{"__id__":61},"_components":[{"__type__":"cc.Sprite","node":{"__id__":64},"_materials":[{"__uuid__":"ecpdLyjvZBwrvm+cedCcQy"}],"_spriteFrame":{"__uuid__":"fdFE5R4t5L+6SmLSJgQmLJ"},"_type":2,"_sizeMode":0}],"_prefab":{"__type__":"cc.PrefabInfo","root":{"__id__":1},"asset":{"__uuid__":"76lxpy5G9F55gomagK5vwi"},"fileId":"a0QRJ+qUpIKZ2VbnKNhy/K"},"_contentSize":{"__type__":"cc.Size","width":370,"height":38},"_anchorPoint":{"__type__":"cc.Vec2","y":0.5},"_trs":{"__type__":"TypedArray","ctor":"Float64Array","array":[13.188,-0.219,0,0,0,0.7071067811865475,0.7071067811865476,0.7,0.7,1]},"_eulerAngles":{"__type__":"cc.Vec3","z":90}},{"__type__":"cc.Node","_name":"2","_parent":{"__id__":61},"_components":[{"__type__":"cc.Sprite","node":{"__id__":65},"_materials":[{"__uuid__":"ecpdLyjvZBwrvm+cedCcQy"}],"_spriteFrame":{"__uuid__":"fdFE5R4t5L+6SmLSJgQmLJ"},"_type":2,"_sizeMode":0}],"_prefab":{"__type__":"cc.PrefabInfo","root":{"__id__":1},"asset":{"__uuid__":"76lxpy5G9F55gomagK5vwi"},"fileId":"36OO+H3UFOS4+5IZZPFHVx"},"_contentSize":{"__type__":"cc.Size","width":2855,"height":38},"_anchorPoint":{"__type__":"cc.Vec2","y":0.5},"_trs":{"__type__":"TypedArray","ctor":"Float64Array","array":[0.06,246.591,0,0,0,0,1,0.7,0.7,1]}},{"__type__":"cc.Node","_name":"2","_parent":{"__id__":61},"_components":[{"__type__":"cc.Sprite","node":{"__id__":66},"_materials":[{"__uuid__":"ecpdLyjvZBwrvm+cedCcQy"}],"_spriteFrame":{"__uuid__":"fdFE5R4t5L+6SmLSJgQmLJ"},"_type":2,"_sizeMode":0}],"_prefab":{"__type__":"cc.PrefabInfo","root":{"__id__":1},"asset":{"__uuid__":"76lxpy5G9F55gomagK5vwi"},"fileId":"b2n2yCk6BF+rLlC22RiUUe"},"_contentSize":{"__type__":"cc.Size","width":2855,"height":38},"_anchorPoint":{"__type__":"cc.Vec2","y":0.5},"_trs":{"__type__":"TypedArray","ctor":"Float64Array","array":[0.02,12.896,0,0,0,0,1,0.7,0.7,1]}},{"__type__":"cc.Node","_name":"m2","_parent":{"__id__":61},"_components":[{"__type__":"cc.Sprite","_name":"m2<Sprite>","node":{"__id__":67},"_materials":[{"__uuid__":"ecpdLyjvZBwrvm+cedCcQy"}],"_spriteFrame":{"__uuid__":"51q8+fqytKHrQY/IIUURyc"},"_type":2,"_sizeMode":0}],"_prefab":{"__type__":"cc.PrefabInfo","root":{"__id__":1},"asset":{"__uuid__":"76lxpy5G9F55gomagK5vwi"},"fileId":"25Qd/hjhBA/K560SP6lErH"},"_contentSize":{"__type__":"cc.Size","width":1200,"height":300},"_anchorPoint":{"__type__":"cc.Vec2"},"_trs":{"__type__":"TypedArray","ctor":"Float64Array","array":[4120.894,0,0,0,0,0,1,1,1,1]},"_groupIndex":3,"groupIndex":3},{"__type__":"cc.Node","_name":"m2","_parent":{"__id__":61},"_components":[{"__type__":"cc.Sprite","_name":"m2<Sprite>","node":{"__id__":68},"_materials":[{"__uuid__":"ecpdLyjvZBwrvm+cedCcQy"}],"_spriteFrame":{"__uuid__":"51q8+fqytKHrQY/IIUURyc"},"_type":2,"_sizeMode":0}],"_prefab":{"__type__":"cc.PrefabInfo","root":{"__id__":1},"asset":{"__uuid__":"76lxpy5G9F55gomagK5vwi"},"fileId":"c7EycL3otEJqq742oUIdIj"},"_contentSize":{"__type__":"cc.Size","width":2000,"height":300},"_anchorPoint":{"__type__":"cc.Vec2"},"_trs":{"__type__":"TypedArray","ctor":"Float64Array","array":[6428.761,0,0,0,0,0,1,1,1,1]},"_groupIndex":3,"groupIndex":3},{"__type__":"cc.Node","_name":"m2","_parent":{"__id__":61},"_components":[{"__type__":"cc.Sprite","_name":"m2<Sprite>","node":{"__id__":69},"_materials":[{"__uuid__":"ecpdLyjvZBwrvm+cedCcQy"}],"_spriteFrame":{"__uuid__":"51q8+fqytKHrQY/IIUURyc"},"_type":2,"_sizeMode":0}],"_prefab":{"__type__":"cc.PrefabInfo","root":{"__id__":1},"asset":{"__uuid__":"76lxpy5G9F55gomagK5vwi"},"fileId":"e9RVXi7+xEi7B7ieVGpSRm"},"_contentSize":{"__type__":"cc.Size","width":300,"height":550},"_anchorPoint":{"__type__":"cc.Vec2"},"_trs":{"__type__":"TypedArray","ctor":"Float64Array","array":[3116.82,0,0,0,0,0,1,1,1,1]},"_groupIndex":3,"groupIndex":3},{"__type__":"cc.Node","_name":"2","_parent":{"__id__":61},"_components":[{"__type__":"cc.Sprite","node":{"__id__":70},"_materials":[{"__uuid__":"ecpdLyjvZBwrvm+cedCcQy"}],"_spriteFrame":{"__uuid__":"fdFE5R4t5L+6SmLSJgQmLJ"},"_type":2,"_sizeMode":0}],"_prefab":{"__type__":"cc.PrefabInfo","root":{"__id__":1},"asset":{"__uuid__":"76lxpy5G9F55gomagK5vwi"},"fileId":"80E5CXYbdH/pao8NpsyMWO"},"_contentSize":{"__type__":"cc.Size","width":370,"height":38},"_anchorPoint":{"__type__":"cc.Vec2","y":0.5},"_trs":{"__type__":"TypedArray","ctor":"Float64Array","array":[1986.819,-0.219,0,0,0,0.7071067811865475,0.7071067811865476,0.7,0.7,1]},"_eulerAngles":{"__type__":"cc.Vec3","z":90}},{"__type__":"cc.Node","_name":"2","_parent":{"__id__":61},"_components":[{"__type__":"cc.Sprite","node":{"__id__":71},"_materials":[{"__uuid__":"ecpdLyjvZBwrvm+cedCcQy"}],"_spriteFrame":{"__uuid__":"fdFE5R4t5L+6SmLSJgQmLJ"},"_type":2,"_sizeMode":0}],"_prefab":{"__type__":"cc.PrefabInfo","root":{"__id__":1},"asset":{"__uuid__":"76lxpy5G9F55gomagK5vwi"},"fileId":"29VnnyDldH+Lj/ojPgVLtg"},"_contentSize":{"__type__":"cc.Size","width":370,"height":38},"_anchorPoint":{"__type__":"cc.Vec2","y":0.5},"_trs":{"__type__":"TypedArray","ctor":"Float64Array","array":[2432.036,-0.219,0,0,0,0.7071067811865475,0.7071067811865476,0.7,0.7,1]},"_eulerAngles":{"__type__":"cc.Vec3","z":90}},{"__type__":"cc.Node","_name":"2","_parent":{"__id__":61},"_components":[{"__type__":"cc.Sprite","node":{"__id__":72},"_materials":[{"__uuid__":"ecpdLyjvZBwrvm+cedCcQy"}],"_spriteFrame":{"__uuid__":"fdFE5R4t5L+6SmLSJgQmLJ"},"_type":2,"_sizeMode":0}],"_prefab":{"__type__":"cc.PrefabInfo","root":{"__id__":1},"asset":{"__uuid__":"76lxpy5G9F55gomagK5vwi"},"fileId":"4b6aPNwTtMzb16MDKKNCP1"},"_contentSize":{"__type__":"cc.Size","width":1000,"height":38},"_anchorPoint":{"__type__":"cc.Vec2","y":0.5},"_trs":{"__type__":"TypedArray","ctor":"Float64Array","array":[2418.669,246.872,0,0,0,0,1,0.7,0.7,1]}},{"__type__":"cc.Node","_name":"2","_parent":{"__id__":61},"_components":[{"__type__":"cc.Sprite","node":{"__id__":73},"_materials":[{"__uuid__":"ecpdLyjvZBwrvm+cedCcQy"}],"_spriteFrame":{"__uuid__":"fdFE5R4t5L+6SmLSJgQmLJ"},"_type":2,"_sizeMode":0}],"_prefab":{"__type__":"cc.PrefabInfo","root":{"__id__":1},"asset":{"__uuid__":"76lxpy5G9F55gomagK5vwi"},"fileId":"d737+/hZ9OPqsu4P1j5T6K"},"_contentSize":{"__type__":"cc.Size","width":453,"height":38},"_anchorPoint":{"__type__":"cc.Vec2","y":0.5},"_trs":{"__type__":"TypedArray","ctor":"Float64Array","array":[3129.883,233.323,0,0,0,0.7071067811865475,0.7071067811865476,0.7,0.7,1]},"_eulerAngles":{"__type__":"cc.Vec3","z":90}},{"__type__":"cc.Node","_name":"2","_parent":{"__id__":61},"_components":[{"__type__":"cc.Sprite","node":{"__id__":74},"_materials":[{"__uuid__":"ecpdLyjvZBwrvm+cedCcQy"}],"_spriteFrame":{"__uuid__":"fdFE5R4t5L+6SmLSJgQmLJ"},"_type":2,"_sizeMode":0}],"_prefab":{"__type__":"cc.PrefabInfo","root":{"__id__":1},"asset":{"__uuid__":"76lxpy5G9F55gomagK5vwi"},"fileId":"cdITybMPhB3racq3I2aMIz"},"_contentSize":{"__type__":"cc.Size","width":430,"height":38},"_anchorPoint":{"__type__":"cc.Vec2","y":0.5},"_trs":{"__type__":"TypedArray","ctor":"Float64Array","array":[3116.391,536.617,0,0,0,0,1,0.7,0.7,1]}},{"__type__":"cc.Node","_name":"2","_parent":{"__id__":61},"_components":[{"__type__":"cc.Sprite","node":{"__id__":75},"_materials":[{"__uuid__":"ecpdLyjvZBwrvm+cedCcQy"}],"_spriteFrame":{"__uuid__":"fdFE5R4t5L+6SmLSJgQmLJ"},"_type":2,"_sizeMode":0}],"_prefab":{"__type__":"cc.PrefabInfo","root":{"__id__":1},"asset":{"__uuid__":"76lxpy5G9F55gomagK5vwi"},"fileId":"50P0Dl44xCx5BEhD72gs/E"},"_contentSize":{"__type__":"cc.Size","width":780,"height":38},"_anchorPoint":{"__type__":"cc.Vec2","y":0.5},"_trs":{"__type__":"TypedArray","ctor":"Float64Array","array":[3405.48,-0.057,0,0,0,0.7071067811865475,0.7071067811865476,0.7,0.7,1]},"_eulerAngles":{"__type__":"cc.Vec3","z":90}},{"__type__":"cc.Node","_name":"2","_parent":{"__id__":61},"_components":[{"__type__":"cc.Sprite","node":{"__id__":76},"_materials":[{"__uuid__":"ecpdLyjvZBwrvm+cedCcQy"}],"_spriteFrame":{"__uuid__":"fdFE5R4t5L+6SmLSJgQmLJ"},"_type":2,"_sizeMode":0}],"_prefab":{"__type__":"cc.PrefabInfo","root":{"__id__":1},"asset":{"__uuid__":"76lxpy5G9F55gomagK5vwi"},"fileId":"bffcnI/wpFsbJUvbOaAG3X"},"_contentSize":{"__type__":"cc.Size","width":430,"height":38},"_anchorPoint":{"__type__":"cc.Vec2","y":0.5},"_trs":{"__type__":"TypedArray","ctor":"Float64Array","array":[4134.187,-0.219,0,0,0,0.7071067811865475,0.7071067811865476,0.7,0.7,1]},"_eulerAngles":{"__type__":"cc.Vec3","z":90}},{"__type__":"cc.Node","_name":"2","_parent":{"__id__":61},"_components":[{"__type__":"cc.Sprite","node":{"__id__":77},"_materials":[{"__uuid__":"ecpdLyjvZBwrvm+cedCcQy"}],"_spriteFrame":{"__uuid__":"fdFE5R4t5L+6SmLSJgQmLJ"},"_type":2,"_sizeMode":0}],"_prefab":{"__type__":"cc.PrefabInfo","root":{"__id__":1},"asset":{"__uuid__":"76lxpy5G9F55gomagK5vwi"},"fileId":"54RC/tRndB/7jnrSs2tJ9M"},"_contentSize":{"__type__":"cc.Size","width":1715,"height":38},"_anchorPoint":{"__type__":"cc.Vec2","y":0.5},"_trs":{"__type__":"TypedArray","ctor":"Float64Array","array":[4120.528,287.37,0,0,0,0,1,0.7,0.7,1]}},{"__type__":"cc.Node","_name":"2","_parent":{"__id__":61},"_components":[{"__type__":"cc.Sprite","node":{"__id__":78},"_materials":[{"__uuid__":"ecpdLyjvZBwrvm+cedCcQy"}],"_spriteFrame":{"__uuid__":"fdFE5R4t5L+6SmLSJgQmLJ"},"_type":2,"_sizeMode":0}],"_prefab":{"__type__":"cc.PrefabInfo","root":{"__id__":1},"asset":{"__uuid__":"76lxpy5G9F55gomagK5vwi"},"fileId":"c5MTaZmJlLkJzcfTrkhlGY"},"_contentSize":{"__type__":"cc.Size","width":430,"height":38},"_anchorPoint":{"__type__":"cc.Vec2","y":0.5},"_trs":{"__type__":"TypedArray","ctor":"Float64Array","array":[5307.831,-0.219,0,0,0,0.7071067811865475,0.7071067811865476,0.7,0.7,1]},"_eulerAngles":{"__type__":"cc.Vec3","z":90}},{"__type__":"cc.Node","_name":"2","_parent":{"__id__":61},"_components":[{"__type__":"cc.Sprite","node":{"__id__":79},"_materials":[{"__uuid__":"ecpdLyjvZBwrvm+cedCcQy"}],"_spriteFrame":{"__uuid__":"fdFE5R4t5L+6SmLSJgQmLJ"},"_type":2,"_sizeMode":0}],"_prefab":{"__type__":"cc.PrefabInfo","root":{"__id__":1},"asset":{"__uuid__":"76lxpy5G9F55gomagK5vwi"},"fileId":"71LpnemhxEIY/bPyU6+i/D"},"_contentSize":{"__type__":"cc.Size","width":430,"height":38},"_anchorPoint":{"__type__":"cc.Vec2","y":0.5},"_trs":{"__type__":"TypedArray","ctor":"Float64Array","array":[6442.546,-0.219,0,0,0,0.7071067811865475,0.7071067811865476,0.7,0.7,1]},"_eulerAngles":{"__type__":"cc.Vec3","z":90}},{"__type__":"cc.Node","_name":"2","_parent":{"__id__":61},"_components":[{"__type__":"cc.Sprite","node":{"__id__":80},"_materials":[{"__uuid__":"ecpdLyjvZBwrvm+cedCcQy"}],"_spriteFrame":{"__uuid__":"fdFE5R4t5L+6SmLSJgQmLJ"},"_type":2,"_sizeMode":0}],"_prefab":{"__type__":"cc.PrefabInfo","root":{"__id__":1},"asset":{"__uuid__":"76lxpy5G9F55gomagK5vwi"},"fileId":"4fhKiHVGdGlJPRJGR73s1T"},"_contentSize":{"__type__":"cc.Size","width":2850,"height":38},"_anchorPoint":{"__type__":"cc.Vec2","y":0.5},"_trs":{"__type__":"TypedArray","ctor":"Float64Array","array":[6429.171,287.37,0,0,0,0,1,0.7,0.7,1]}},{"__type__":"cc.Node","_name":"2","_parent":{"__id__":61},"_components":[{"__type__":"cc.Sprite","node":{"__id__":81},"_materials":[{"__uuid__":"ecpdLyjvZBwrvm+cedCcQy"}],"_spriteFrame":{"__uuid__":"fdFE5R4t5L+6SmLSJgQmLJ"},"_type":2,"_sizeMode":0}],"_prefab":{"__type__":"cc.PrefabInfo","root":{"__id__":1},"asset":{"__uuid__":"76lxpy5G9F55gomagK5vwi"},"fileId":"c1lSKDSJ9Cl5OpKK2Cj0lP"},"_contentSize":{"__type__":"cc.Size","width":430,"height":38},"_anchorPoint":{"__type__":"cc.Vec2","y":0.5},"_trs":{"__type__":"TypedArray","ctor":"Float64Array","array":[8414.726,-0.219,0,0,0,0.7071067811865475,0.7071067811865476,0.7,0.7,1]},"_eulerAngles":{"__type__":"cc.Vec3","z":90}},{"__type__":"cc.Node","_name":"points","_parent":{"__id__":1},"_children":[{"__type__":"cc.Node","_name":"p1","_parent":{"__id__":82},"_prefab":{"__type__":"cc.PrefabInfo","root":{"__id__":1},"asset":{"__uuid__":"76lxpy5G9F55gomagK5vwi"},"fileId":"e0i6UzdsRFQ6KLsgWK/K3W"},"_trs":{"__type__":"TypedArray","ctor":"Float64Array","array":[640,420,0,0,0,0,1,1,1,1]}},{"__type__":"cc.Node","_name":"p1","_parent":{"__id__":82},"_prefab":{"__type__":"cc.PrefabInfo","root":{"__id__":1},"asset":{"__uuid__":"76lxpy5G9F55gomagK5vwi"},"fileId":"479aS3nz9JYbZguVLAdhyP"},"_trs":{"__type__":"TypedArray","ctor":"Float64Array","array":[2981.064,420,0,0,0,0,1,1,1,1]}},{"__type__":"cc.Node","_name":"p1","_parent":{"__id__":82},"_prefab":{"__type__":"cc.PrefabInfo","root":{"__id__":1},"asset":{"__uuid__":"76lxpy5G9F55gomagK5vwi"},"fileId":"a860SXH1NNBa2uoZT4bd8Q"},"_trs":{"__type__":"TypedArray","ctor":"Float64Array","array":[7469.052,420,0,0,0,0,1,1,1,1]}},{"__type__":"cc.Node","_name":"p1","_parent":{"__id__":82},"_prefab":{"__type__":"cc.PrefabInfo","root":{"__id__":1},"asset":{"__uuid__":"76lxpy5G9F55gomagK5vwi"},"fileId":"a60gHqLMJGHLJUsxEhkIQ+"},"_trs":{"__type__":"TypedArray","ctor":"Float64Array","array":[7483.877,375.526,0,0,0,0,1,1,1,1]}},{"__type__":"cc.Node","_name":"p1","_parent":{"__id__":82},"_prefab":{"__type__":"cc.PrefabInfo","root":{"__id__":1},"asset":{"__uuid__":"76lxpy5G9F55gomagK5vwi"},"fileId":"1b2nwDCRVGDqtfu4D8Tez6"},"_trs":{"__type__":"TypedArray","ctor":"Float64Array","array":[8000.719,392.06,0,0,0,0,1,1,1,1]}},{"__type__":"cc.Node","_name":"p1","_parent":{"__id__":82},"_prefab":{"__type__":"cc.PrefabInfo","root":{"__id__":1},"asset":{"__uuid__":"76lxpy5G9F55gomagK5vwi"},"fileId":"e53UJ/vL9GqomusuNAA7wE"},"_trs":{"__type__":"TypedArray","ctor":"Float64Array","array":[8043.235,662.507,0,0,0,0,1,1,1,1]}}],"_components":[{"__type__":"f6f92o9xoBI1aLPMvQN70M5","node":{"__id__":82}}],"_prefab":{"__type__":"cc.PrefabInfo","root":{"__id__":1},"asset":{"__uuid__":"76lxpy5G9F55gomagK5vwi"},"fileId":"256yiDJZxI9ZQA80SEzO/Y"},"_trs":{"__type__":"TypedArray","ctor":"Float64Array","array":[0,0,0,0,0,0,1,1,1,1]}},{"__type__":"cc.Node","_name":"Crate","_parent":{"__id__":1},"_components":[{"__type__":"cc.Sprite","_name":"Crate<Sprite>","node":{"__id__":83},"_materials":[{"__uuid__":"ecpdLyjvZBwrvm+cedCcQy"}],"_spriteFrame":{"__uuid__":"a8m9x04C1FTq1kM2+TXgwc"},"_sizeMode":0},{"__type__":"cc.RigidBody","node":{"__id__":83},"_linearDamping":2},{"__type__":"cc.PhysicsBoxCollider","node":{"__id__":83},"_density":1.5,"_offset":{"__type__":"cc.Vec2","y":1.5},"_size":{"__type__":"cc.Size","width":120,"height":120}},{"__type__":"794b0kZN0JD6aPFHtzdch1c","node":{"__id__":83}}],"_prefab":{"__type__":"cc.PrefabInfo","root":{"__id__":1},"asset":{"__uuid__":"76lxpy5G9F55gomagK5vwi"},"fileId":"9dxatgCFpGFrlfYMYCl8qB"},"_contentSize":{"__type__":"cc.Size","width":120,"height":120},"_trs":{"__type__":"TypedArray","ctor":"Float64Array","array":[1588.626,319.099,0,0,0,0,1,1,1,1]},"_groupIndex":3,"groupIndex":3},{"__type__":"cc.Node","_name":"box_box","_parent":{"__id__":1},"_children":[{"__id__":85},{"__id__":86}],"_prefab":{"__type__":"cc.PrefabInfo","root":{"__id__":1},"asset":{"__uuid__":"76lxpy5G9F55gomagK5vwi"},"fileId":"e9kUbucEhDmqSV2tIJ5K+X"},"_trs":{"__type__":"TypedArray","ctor":"Float64Array","array":[-35.468,35.468,0,0,0,0,1,1,1,1]}},{"__type__":"cc.Node","_name":"dazzle","_parent":{"__id__":84},"_components":[{"__type__":"cc.Sprite","node":{"__id__":85},"_materials":[{"__uuid__":"ecpdLyjvZBwrvm+cedCcQy"}],"_spriteFrame":{"__uuid__":"7dtBpkOKJCOYRMql8o1GeZ"}},{"__type__":"843e4uJ/vROcKYcmAz/qlZ2","node":{"__id__":85}}],"_prefab":{"__type__":"cc.PrefabInfo","root":{"__id__":1},"asset":{"__uuid__":"76lxpy5G9F55gomagK5vwi"},"fileId":"e5LMKQtmBJRoCa+QGih1Ps"},"_contentSize":{"__type__":"cc.Size","width":754,"height":776},"_trs":{"__type__":"TypedArray","ctor":"Float64Array","array":[6432.007,341.946,0,0,0,0,1,0.3,0.3,0.3]}},{"__type__":"cc.Node","_name":"box","_parent":{"__id__":84},"_components":[{"__type__":"cc.Sprite","node":{"__id__":86},"_materials":[{"__uuid__":"ecpdLyjvZBwrvm+cedCcQy"}],"_spriteFrame":{"__uuid__":"a1xXzxgtpCIr4CwdhohL1H"},"_sizeMode":0},{"__type__":"cc.RigidBody","node":{"__id__":86},"_type":0},{"__type__":"cc.PhysicsBoxCollider","node":{"__id__":86},"_sensor":true,"_size":{"__type__":"cc.Size","width":355,"height":338}}],"_prefab":{"__type__":"cc.PrefabInfo","root":{"__id__":1},"asset":{"__uuid__":"76lxpy5G9F55gomagK5vwi"},"fileId":"7fcV3MQNdI1r7SCVttc+nd"},"_contentSize":{"__type__":"cc.Size","width":355,"height":338},"_trs":{"__type__":"TypedArray","ctor":"Float64Array","array":[6432.007,341.946,0,0,0,0,1,0.3,0.3,0.3]},"_groupIndex":1,"groupIndex":1}],{"__type__":"cc.SpriteFrame","content":{"name":"图层 61","texture":"b2MScKwz9BT4kInk3E86Db","rect":[0,0,754,776],"offset":[0,0],"originalSize":[754,776],"capInsets":[0,0,0,0]}},{"__type__":"cc.SpriteFrame","content":{"name":"skin1_2","texture":"186d6527b","rect":[243,850,100,100],"offset":[0,0],"originalSize":[128,128],"capInsets":[0,0,0,0]}},{"__type__":"cc.SpriteFrame","content":{"name":"关卡指示牌-3","texture":"fbYisHukRK/6SWZSDpYXxb","rect":[71,108,302,322],"offset":[0,-5],"originalSize":[444,528],"capInsets":[0,0,0,0]}},{"__type__":"cc.SpriteFrame","content":{"name":"pendule02","texture":"110b18844","rect":[210,809,210,267],"offset":[0,0],"originalSize":[210,267],"rotated":1,"capInsets":[0,0,0,0]}},{"__type__":"cc.SpriteFrame","content":{"name":"Jumped01","texture":"1d28d6ee5","rect":[265,705,137,86],"offset":[0,0.5],"originalSize":[137,87],"rotated":1,"capInsets":[0,0,0,0]}},{"__type__":"cc.SpriteFrame","content":{"name":"开宝箱","texture":"05dkSnzCFDJrxhCggIvceP","rect":[66,57,265,236],"offset":[-1.5,-8],"originalSize":[400,334],"capInsets":[0,0,0,0]}},{"__type__":"cc.SpriteFrame","content":{"name":"Crate","texture":"113252041","rect":[896,611,77,78],"offset":[-0.5,0],"originalSize":[128,128],"capInsets":[0,0,0,0]}},{"__type__":"cc.SpriteFrame","content":{"name":"normal3","texture":"40e7mc9GtLcqq6i0M7DIwi","rect":[0,0,256,256],"offset":[0,0],"originalSize":[256,256],"capInsets":[0,0,0,0]}},{"__type__":"cc.SpriteFrame","content":{"name":"smoke1","texture":"baKp5FfjhBbIbSFV/OlgiN","rect":[1,2,62,60],"offset":[0,0],"originalSize":[64,64],"capInsets":[0,0,0,0]}},{"__type__":"cc.SpriteFrame","content":{"name":"Branch_03","texture":"113252041","rect":[301,827,22,180],"offset":[0,0],"originalSize":[22,180],"capInsets":[0,0,0,0]}},{"__type__":"cc.SpriteFrame","content":{"name":"ChainPart01","texture":"1b670f722","rect":[398,367,252,21],"offset":[0.5,0],"originalSize":[253,21],"rotated":1,"capInsets":[0,0,0,0]}},{"__type__":"cc.SpriteFrame","content":{"name":"Level_14w_04","texture":"15f20cb8d","rect":[158,3,943,19],"offset":[0,-0.5],"originalSize":[943,20],"rotated":1,"capInsets":[0,0,0,0]}},{"__type__":"cc.SpriteFrame","content":{"name":"Tronc01","texture":"110b18844","rect":[584,950,31,67],"offset":[-1,-1],"originalSize":[33,69],"capInsets":[0,0,0,0]}},{"__type__":"cc.SpriteFrame","content":{"name":"flag_0","texture":"1e1fca5a7","rect":[290,745,273,192],"offset":[0,0],"originalSize":[273,192],"rotated":1,"capInsets":[0,0,0,0]}},{"__type__":"cc.SpriteFrame","content":{"name":"Square_enemy","texture":"166c691fb","rect":[196,265,126,128],"offset":[0,0],"originalSize":[128,128],"capInsets":[0,0,0,0]}},{"__type__":"cc.SpriteFrame","content":{"name":"地皮-皮(1)","texture":"863YkRmSFNyb4H8L0NG8Iy","rect":[0,0,522,44],"offset":[0,0],"originalSize":[522,44],"capInsets":[0,0,0,0]}}]