[1,["d2QUJRwnJB6oC5tcdUyEwz@6c48a"],0,[["sp.SkeletonData",["_name","_atlasText","textureNames","_skeletonJson","textures"],-1,3]],[[0,0,1,2,3,4,5]],[[0,"Sound_H_Mint","\r\nSound_H_Mint.png\r\nsize: 1568, 302\r\nformat: RGBA8888\r\nfilter: Linear, Linear\r\nrepeat: none\r\n1\r\n  rotate: true\r\n  xy: 559, 2\r\n  size: 148, 275\r\n  orig: 148, 280\r\n  offset: 0, 5\r\n  index: -1\r\n10\r\n  rotate: true\r\n  xy: 281, 2\r\n  size: 148, 276\r\n  orig: 148, 281\r\n  offset: 0, 5\r\n  index: -1\r\n11\r\n  rotate: true\r\n  xy: 854, 152\r\n  size: 148, 280\r\n  orig: 148, 284\r\n  offset: 0, 4\r\n  index: -1\r\n2\r\n  rotate: true\r\n  xy: 287, 152\r\n  size: 148, 282\r\n  orig: 148, 287\r\n  offset: 0, 5\r\n  index: -1\r\n3\r\n  rotate: true\r\n  xy: 1112, 2\r\n  size: 148, 273\r\n  orig: 148, 278\r\n  offset: 0, 5\r\n  index: -1\r\n4\r\n  rotate: true\r\n  xy: 2, 152\r\n  size: 148, 283\r\n  orig: 148, 288\r\n  offset: 0, 5\r\n  index: -1\r\n5\r\n  rotate: true\r\n  xy: 2, 2\r\n  size: 148, 277\r\n  orig: 148, 282\r\n  offset: 0, 5\r\n  index: -1\r\n6\r\n  rotate: false\r\n  xy: 1418, 22\r\n  size: 148, 278\r\n  orig: 148, 283\r\n  offset: 0, 5\r\n  index: -1\r\n7\r\n  rotate: true\r\n  xy: 571, 152\r\n  size: 148, 281\r\n  orig: 148, 286\r\n  offset: 0, 5\r\n  index: -1\r\n8\r\n  rotate: true\r\n  xy: 1136, 152\r\n  size: 148, 280\r\n  orig: 148, 285\r\n  offset: 0, 5\r\n  index: -1\r\n9\r\n  rotate: true\r\n  xy: 836, 2\r\n  size: 148, 274\r\n  orig: 148, 279\r\n  offset: 0, 5\r\n  index: -1\r\n",["Sound_H_Mint.png"],{"skeleton":{"hash":"v4XZ33UYpM4","spine":"3.8-from-4.0-from-4.1-from-4.2.37","images":"C:\\Users\\006\\Desktop\\111","audio":"./audio"},"bones":[{"name":"root"},{"name":"bone","parent":"root","x":1.33,"y":-21.99}],"slots":[{"name":"1","bone":"bone"},{"name":"2","bone":"bone"},{"name":"3","bone":"bone"},{"name":"4","bone":"bone","attachment":"4"},{"name":"5","bone":"bone"},{"name":"6","bone":"bone"},{"name":"7","bone":"bone"},{"name":"8","bone":"bone"},{"name":"9","bone":"bone"},{"name":"10","bone":"bone"},{"name":"11","bone":"bone"}],"skins":[{"name":"default","attachments":{"1":{"1":{"x":-1.33,"y":155.88,"width":148,"height":280}},"2":{"2":{"x":-3.02,"y":159.47,"width":148,"height":287}},"3":{"3":{"x":-6.21,"y":154.94,"width":148,"height":278}},"4":{"4":{"x":-3.21,"y":159.64,"width":148,"height":288}},"5":{"5":{"x":-3.96,"y":156.82,"width":148,"height":282}},"6":{"6":{"x":-2.27,"y":157.71,"width":148,"height":283}},"7":{"7":{"x":-3.02,"y":157.19,"width":148,"height":286}},"8":{"8":{"x":-3.21,"y":157.01,"width":148,"height":285}},"9":{"9":{"x":-0.2,"y":154,"width":148,"height":279}},"10":{"10":{"x":-5.27,"y":154.94,"width":148,"height":281}},"11":{"11":{"x":-3.21,"y":156.07,"width":148,"height":284}}}}],"animations":{"Sound_1":{"slots":{"1":{"attachment":[{"time":0.0333,"name":"1"},{"time":0.0667,"name":null},{"time":0.2667,"name":"1"},{"time":0.3333,"name":null},{"time":0.6,"name":"1"},{"time":0.6667,"name":null},{"time":0.8667,"name":"1"},{"time":0.9333,"name":null},{"time":1.2,"name":"1"},{"time":1.3,"name":null},{"time":2.5,"name":"1"},{"time":2.6667,"name":null},{"time":3.2,"name":"1"},{"time":3.3667,"name":null},{"time":4.0333,"name":"1"},{"time":4.2333,"name":null},{"time":4.9667,"name":"1"},{"time":5.1667,"name":null}]},"2":{"attachment":[{"time":5.7,"name":"2"},{"time":5.9667,"name":null},{"time":6.2333,"name":"2"},{"time":6.4,"name":null},{"time":6.6667,"name":"2"},{"time":6.9,"name":null}]},"4":{"attachment":[{"time":0.0333,"name":null},{"time":0.2,"name":"4"},{"time":0.2667,"name":null},{"time":0.5333,"name":"4"},{"time":0.6,"name":null},{"time":0.8,"name":"4"},{"time":0.8667,"name":null},{"time":1.1333,"name":"4"},{"time":1.2,"name":null},{"time":5.9667,"name":"4"},{"time":6.2333,"name":null},{"time":6.4,"name":"4"},{"time":6.6667,"name":null},{"time":6.9,"name":"4"}]},"5":{"attachment":[{"time":1.7333,"name":"5"},{"time":1.8667,"name":null},{"time":2,"name":"5"},{"time":2.1,"name":null},{"time":2.2333,"name":"5"},{"time":2.3667,"name":null},{"time":2.8333,"name":"5"},{"time":3,"name":null},{"time":3.5333,"name":"5"},{"time":3.7667,"name":null},{"time":4.5,"name":"5"},{"time":4.7333,"name":null}]},"6":{"attachment":[{"time":2.3667,"name":"6"},{"time":2.5,"name":null},{"time":2.6667,"name":"6"},{"time":2.8333,"name":null},{"time":3,"name":"6"},{"time":3.2,"name":null},{"time":3.3667,"name":"6"},{"time":3.5333,"name":null},{"time":3.7667,"name":"6"},{"time":4.0333,"name":null},{"time":4.2333,"name":"6"},{"time":4.5,"name":null},{"time":4.7333,"name":"6"},{"time":4.9667,"name":null},{"time":5.1667,"name":"6"},{"time":5.4333,"name":null}]},"8":{"attachment":[{"time":5.4333,"name":"8"},{"time":5.7,"name":null}]},"9":{"attachment":[{"time":0.0667,"name":"9"},{"time":0.1,"name":null},{"time":0.1333,"name":"9"},{"time":0.2,"name":null},{"time":0.3333,"name":"9"},{"time":0.4,"name":null},{"time":0.4667,"name":"9"},{"time":0.5333,"name":null},{"time":0.7333,"name":"9"},{"time":0.8,"name":null},{"time":0.9333,"name":"9"},{"time":1,"name":null},{"time":1.0667,"name":"9"},{"time":1.1333,"name":null},{"time":1.3,"name":"9"},{"time":1.4,"name":null},{"time":1.5,"name":"9"},{"time":1.6,"name":null}]},"10":{"attachment":[{"time":0.1,"name":"10"},{"time":0.1333,"name":null},{"time":0.4,"name":"10"},{"time":0.4667,"name":null},{"time":0.6667,"name":"10"},{"time":0.7333,"name":null},{"time":1,"name":"10"},{"time":1.0667,"name":null},{"time":1.4,"name":"10"},{"time":1.5,"name":null},{"time":1.6,"name":"10"},{"time":1.7333,"name":null},{"time":1.8667,"name":"10"},{"time":2,"name":null},{"time":2.1,"name":"10"},{"time":2.2333,"name":null}]}}},"Sound_2":{"slots":{"4":{"attachment":[{"time":6.9,"name":"4"}]}}}}},[0]]],0,0,[0],[-1],[0]]
