[1,["efacZ1YExGV4SLU6uK/e/N@6c48a"],0,[["sp.SkeletonData",["_name","_atlasText","textureNames","_skeletonJson","textures"],-1,3]],[[0,0,1,2,3,4,5]],[[0,"Sound_2_Yellow","\r\nSound_2_Yellow.png\r\nsize: 762, 326\r\nformat: RGBA8888\r\nfilter: Linear, Linear\r\nrepeat: none\r\n1\r\n  rotate: true\r\n  xy: 2, 164\r\n  size: 160, 250\r\n  orig: 160, 267\r\n  offset: 0, 4\r\n  index: -1\r\n2\r\n  rotate: true\r\n  xy: 254, 164\r\n  size: 160, 254\r\n  orig: 160, 267\r\n  offset: 0, 4\r\n  index: -1\r\n3\r\n  rotate: true\r\n  xy: 510, 164\r\n  size: 160, 250\r\n  orig: 160, 267\r\n  offset: 0, 4\r\n  index: -1\r\n4\r\n  rotate: true\r\n  xy: 2, 2\r\n  size: 160, 247\r\n  orig: 160, 267\r\n  offset: 0, 4\r\n  index: -1\r\n5\r\n  rotate: true\r\n  xy: 251, 2\r\n  size: 160, 250\r\n  orig: 160, 267\r\n  offset: 0, 4\r\n  index: -1\r\n6\r\n  rotate: true\r\n  xy: 503, 2\r\n  size: 160, 246\r\n  orig: 160, 267\r\n  offset: 0, 4\r\n  index: -1\r\n",["Sound_2_Yellow.png"],{"skeleton":{"hash":"14XvFwpaLac","spine":"3.8-from-4.0-from-4.1-from-4.2.38","images":"C:\\Users\\006\\Desktop\\222","audio":"./audio"},"bones":[{"name":"root"},{"name":"bone","parent":"root","x":-0.16,"y":-26.1}],"slots":[{"name":"1","bone":"root"},{"name":"2","bone":"root"},{"name":"3","bone":"root"},{"name":"4","bone":"root"},{"name":"5","bone":"root"},{"name":"6","bone":"root","attachment":"6"}],"skins":[{"name":"default","attachments":{"1":{"1":{"x":11.29,"y":127.5,"width":160,"height":267}},"2":{"2":{"x":11.12,"y":127.35,"width":160,"height":267}},"3":{"3":{"x":10.94,"y":127.77,"width":160,"height":267}},"4":{"4":{"x":10.94,"y":127.5,"width":160,"height":267}},"5":{"5":{"x":11.12,"y":128.09,"width":160,"height":267}},"6":{"6":{"x":11.31,"y":128.05,"width":160,"height":267}}}}],"animations":{"Sound_1":{"slots":{"1":{"attachment":[{"time":2.2333,"name":"1"},{"time":2.5333,"name":null}]},"2":{"attachment":[{"time":1.3667,"name":"2"},{"time":1.6667,"name":null},{"time":3.6667,"name":"2"},{"time":3.9333,"name":null}]},"3":{"attachment":[{"time":0.3,"name":"3"},{"time":0.5667,"name":null},{"time":1.9667,"name":"3"},{"time":2.2333,"name":null},{"time":2.8333,"name":"3"},{"time":3.1,"name":null}]},"4":{"attachment":[{"time":3.9333,"name":"4"},{"time":4.2333,"name":null},{"time":4.5333,"name":"4"},{"time":4.8,"name":null}]},"5":{"attachment":[{"time":0.5667,"name":"5"},{"time":1.1,"name":null},{"time":3.1,"name":"5"},{"time":3.6667,"name":null}]},"6":{"attachment":[{"time":0.3,"name":null},{"time":1.1,"name":"6"},{"time":1.3667,"name":null},{"time":1.6667,"name":"6"},{"time":1.9667,"name":null},{"time":2.5333,"name":"6"},{"time":2.8333,"name":null},{"time":4.2333,"name":"6"},{"time":4.5333,"name":null},{"time":4.8,"name":"6"}]}}},"Sound_2":{"slots":{"1":{"attachment":[{"time":2.2333,"name":"1"},{"time":2.5333,"name":null}]},"2":{"attachment":[{"time":1.1,"name":"2"},{"time":1.3667,"name":null},{"time":1.9667,"name":"2"},{"time":2.2333,"name":null},{"time":2.5333,"name":"2"},{"time":2.8333,"name":null}]},"3":{"attachment":[{"time":0.3,"name":"3"},{"time":0.5667,"name":null},{"time":1.6667,"name":"3"},{"time":1.9667,"name":null},{"time":2.8333,"name":"3"},{"time":3.1,"name":null}]},"4":{"attachment":[{"time":3.6667,"name":"4"},{"time":4.8,"name":null}]},"5":{"attachment":[{"time":0.5667,"name":"5"},{"time":1.1,"name":null}]},"6":{"attachment":[{"time":0.3,"name":null},{"time":1.3667,"name":"6"},{"time":1.6667,"name":null},{"time":3.1,"name":"6"},{"time":3.6667,"name":null},{"time":4.8,"name":"6"}]}}}}},[0]]],0,0,[0],[-1],[0]]
