[1,["9eUzQABHxLh5RzwxLoFEfQ@6c48a"],0,[["sp.SkeletonData",["_name","_atlasText","textureNames","_skeletonJson","textures"],-1,3]],[[0,0,1,2,3,4,5]],[[0,"Sound_1_Green","\r\nSound_1_Green.png\r\nsize: 863, 522\r\nformat: RGBA8888\r\nfilter: Linear, Linear\r\nrepeat: none\r\n0\r\n  rotate: true\r\n  xy: 2, 358\r\n  size: 162, 288\r\n  orig: 162, 288\r\n  offset: 0, 0\r\n  index: -1\r\n1\r\n  rotate: true\r\n  xy: 573, 178\r\n  size: 172, 287\r\n  orig: 172, 287\r\n  offset: 0, 0\r\n  index: -1\r\n2\r\n  rotate: true\r\n  xy: 292, 352\r\n  size: 168, 288\r\n  orig: 168, 288\r\n  offset: 0, 0\r\n  index: -1\r\n3\r\n  rotate: true\r\n  xy: 582, 352\r\n  size: 168, 279\r\n  orig: 168, 279\r\n  offset: 0, 0\r\n  index: -1\r\n4\r\n  rotate: true\r\n  xy: 291, 179\r\n  size: 171, 280\r\n  orig: 171, 280\r\n  offset: 0, 0\r\n  index: -1\r\n5\r\n  rotate: true\r\n  xy: 2, 12\r\n  size: 173, 283\r\n  orig: 173, 283\r\n  offset: 0, 0\r\n  index: -1\r\n6\r\n  rotate: true\r\n  xy: 287, 3\r\n  size: 174, 283\r\n  orig: 174, 283\r\n  offset: 0, 0\r\n  index: -1\r\n7\r\n  rotate: true\r\n  xy: 2, 187\r\n  size: 169, 287\r\n  orig: 169, 287\r\n  offset: 0, 0\r\n  index: -1\r\n8\r\n  rotate: true\r\n  xy: 572, 2\r\n  size: 174, 287\r\n  orig: 174, 287\r\n  offset: 0, 0\r\n  index: -1\r\n",["Sound_1_Green.png"],{"skeleton":{"hash":"Eyj1sE9u0Eg","spine":"3.8-from-4.0-from-4.1-from-4.2.38","x":-74.06,"y":-0.83,"width":162,"height":288,"images":"C:\\Users\\006\\Desktop\\222","audio":"./audio"},"bones":[{"name":"root"},{"name":"bone","parent":"root","x":-1.19,"y":-20.07}],"slots":[{"name":"0","bone":"bone","attachment":"0"},{"name":"1","bone":"bone"},{"name":"2","bone":"bone"},{"name":"3","bone":"bone"},{"name":"4","bone":"bone"},{"name":"5","bone":"bone"},{"name":"6","bone":"bone"},{"name":"7","bone":"bone"},{"name":"8","bone":"bone"}],"skins":[{"name":"default","attachments":{"0":{"0":{"x":8.13,"y":163.24,"width":162,"height":288}},"1":{"1":{"x":2.29,"y":162.75,"width":172,"height":287}},"2":{"2":{"x":4.5,"y":163.51,"width":168,"height":288}},"3":{"3":{"x":9.9,"y":158.76,"width":168,"height":279}},"4":{"4":{"x":7.74,"y":159.42,"width":171,"height":280}},"5":{"5":{"x":10.17,"y":161.2,"width":173,"height":283}},"6":{"6":{"x":3.69,"y":160.62,"width":174,"height":283}},"7":{"7":{"x":0.04,"y":162.77,"width":169,"height":287}},"8":{"8":{"x":0.83,"y":162.95,"width":174,"height":287}}}}],"animations":{"Sound_1":{"slots":{"0":{"attachment":[{"name":null}]},"1":{"attachment":[{"name":"1"},{"time":0.1333,"name":null},{"time":0.6,"name":"1"},{"time":0.7333,"name":null},{"time":1.2,"name":"1"},{"time":1.3333,"name":null},{"time":1.8,"name":"1"},{"time":1.9333,"name":null}]},"2":{"attachment":[{"time":0.1333,"name":"2"},{"time":0.3,"name":null},{"time":0.7333,"name":"2"},{"time":0.9,"name":null},{"time":1.3333,"name":"2"},{"time":1.5,"name":null},{"time":1.9333,"name":"2"},{"time":2.1,"name":null}]},"3":{"attachment":[{"time":0.3,"name":"3"},{"time":0.4333,"name":null},{"time":0.9,"name":"3"},{"time":1.0333,"name":null},{"time":1.5,"name":"3"},{"time":1.6333,"name":null},{"time":2.1,"name":"3"},{"time":2.2333,"name":null}]},"4":{"attachment":[{"time":0.4333,"name":"4"},{"time":0.6,"name":null},{"time":1.0333,"name":"4"},{"time":1.2,"name":null},{"time":1.6333,"name":"4"},{"time":1.8,"name":null},{"time":2.2333,"name":"4"},{"time":2.4,"name":null}]},"5":{"attachment":[{"time":2.4,"name":"5"},{"time":2.5333,"name":null},{"time":3,"name":"5"},{"time":3.1333,"name":null},{"time":3.6,"name":"5"},{"time":3.7333,"name":null},{"time":4.2,"name":"5"},{"time":4.3333,"name":null},{"time":4.8,"name":"5"}]},"6":{"attachment":[{"time":2.5333,"name":"6"},{"time":2.7,"name":null},{"time":3.1333,"name":"6"},{"time":3.3,"name":null},{"time":3.7333,"name":"6"},{"time":3.9,"name":null},{"time":4.3333,"name":"6"},{"time":4.5,"name":null}]},"7":{"attachment":[{"time":2.7,"name":"7"},{"time":2.8333,"name":null},{"time":3.3,"name":"7"},{"time":3.4333,"name":null},{"time":3.9,"name":"7"},{"time":4.0333,"name":null},{"time":4.5,"name":"7"},{"time":4.6333,"name":null}]},"8":{"attachment":[{"time":2.8333,"name":"8"},{"time":3,"name":null},{"time":3.4333,"name":"8"},{"time":3.6,"name":null},{"time":4.0333,"name":"8"},{"time":4.2,"name":null},{"time":4.6333,"name":"8"},{"time":4.8,"name":null}]}}},"Sound_2":{"slots":{"0":{"attachment":[{"name":null}]},"1":{"attachment":[{"name":"1"},{"time":0.1333,"name":null},{"time":0.6,"name":"1"},{"time":0.7333,"name":null},{"time":1.2,"name":"1"},{"time":1.3333,"name":null},{"time":1.8,"name":"1"},{"time":1.9333,"name":null}]},"2":{"attachment":[{"time":0.1333,"name":"2"},{"time":0.3,"name":null},{"time":0.7333,"name":"2"},{"time":0.9,"name":null},{"time":1.3333,"name":"2"},{"time":1.5,"name":null},{"time":1.9333,"name":"2"},{"time":2.1,"name":null}]},"3":{"attachment":[{"time":0.3,"name":"3"},{"time":0.4333,"name":null},{"time":0.9,"name":"3"},{"time":1.0333,"name":null},{"time":1.5,"name":"3"},{"time":1.6333,"name":null},{"time":2.1,"name":"3"},{"time":2.2333,"name":null}]},"4":{"attachment":[{"time":0.4333,"name":"4"},{"time":0.6,"name":null},{"time":1.0333,"name":"4"},{"time":1.2,"name":null},{"time":1.6333,"name":"4"},{"time":1.8,"name":null},{"time":2.2333,"name":"4"},{"time":2.4,"name":null}]},"5":{"attachment":[{"time":2.4,"name":"5"},{"time":2.5333,"name":null},{"time":3,"name":"5"},{"time":3.1333,"name":null},{"time":3.6,"name":"5"},{"time":3.7333,"name":null},{"time":4.2,"name":"5"},{"time":4.3333,"name":null},{"time":4.8,"name":"5"}]},"6":{"attachment":[{"time":2.5333,"name":"6"},{"time":2.7,"name":null},{"time":3.1333,"name":"6"},{"time":3.3,"name":null},{"time":3.7333,"name":"6"},{"time":3.9,"name":null},{"time":4.3333,"name":"6"},{"time":4.5,"name":null}]},"7":{"attachment":[{"time":2.7,"name":"7"},{"time":2.8333,"name":null},{"time":3.3,"name":"7"},{"time":3.4333,"name":null},{"time":3.9,"name":"7"},{"time":4.0333,"name":null},{"time":4.5,"name":"7"},{"time":4.6333,"name":null}]},"8":{"attachment":[{"time":2.8333,"name":"8"},{"time":3,"name":null},{"time":3.4333,"name":"8"},{"time":3.6,"name":null},{"time":4.0333,"name":"8"},{"time":4.2,"name":null},{"time":4.6333,"name":"8"},{"time":4.8,"name":null}]}}}}},[0]]],0,0,[0],[-1],[0]]
