[1,["530uVh7LVP/q+acBKglmZI@6c48a"],0,[["sp.SkeletonData",["_name","_atlasText","textureNames","_skeletonJson","textures"],-1,3]],[[0,0,1,2,3,4,5]],[[0,"hatchinh","\r\nhatchinh.png\r\nsize: 482, 274\r\nformat: RGBA8888\r\nfilter: Linear, Linear\r\nrepeat: none\r\nhatchinh/kinh\r\n  rotate: false\r\n  xy: 2, 8\r\n  size: 206, 83\r\n  orig: 206, 83\r\n  offset: 0, 0\r\n  index: -1\r\nhatchinh/meo_hatchinh_bantay\r\n  rotate: true\r\n  xy: 406, 2\r\n  size: 24, 25\r\n  orig: 24, 25\r\n  offset: 0, 0\r\n  index: -1\r\nhatchinh/meo_hatchinh_dau\r\n  rotate: false\r\n  xy: 2, 93\r\n  size: 265, 179\r\n  orig: 265, 179\r\n  offset: 0, 0\r\n  index: -1\r\nhatchinh/meo_hatchinh_duoi\r\n  rotate: true\r\n  xy: 435, 109\r\n  size: 67, 45\r\n  orig: 67, 45\r\n  offset: 0, 0\r\n  index: -1\r\nhatchinh/meo_hatchinh_mic\r\n  rotate: true\r\n  xy: 337, 2\r\n  size: 63, 67\r\n  orig: 63, 67\r\n  offset: 0, 0\r\n  index: -1\r\nhatchinh/meo_hatchinh_mieng1\r\n  rotate: false\r\n  xy: 435, 178\r\n  size: 41, 94\r\n  orig: 41, 94\r\n  offset: 0, 0\r\n  index: -1\r\nhatchinh/meo_hatchinh_mieng2\r\n  rotate: false\r\n  xy: 210, 15\r\n  size: 125, 76\r\n  orig: 125, 76\r\n  offset: 0, 0\r\n  index: -1\r\nhatchinh/meo_hatchinh_tay1\r\n  rotate: false\r\n  xy: 406, 28\r\n  size: 40, 37\r\n  orig: 40, 37\r\n  offset: 0, 0\r\n  index: -1\r\nhatchinh/meo_hatchinh_tay2\r\n  rotate: false\r\n  xy: 435, 67\r\n  size: 42, 40\r\n  orig: 42, 40\r\n  offset: 0, 0\r\n  index: -1\r\nhatchinh/meo_hatchinh_than\r\n  rotate: false\r\n  xy: 269, 118\r\n  size: 111, 154\r\n  orig: 111, 154\r\n  offset: 0, 0\r\n  index: -1\r\nmeo_idle_raup\r\n  rotate: true\r\n  xy: 448, 27\r\n  size: 38, 31\r\n  orig: 40, 33\r\n  offset: 1, 1\r\n  index: -1\r\nmeo_idle_raut\r\n  rotate: false\r\n  xy: 337, 85\r\n  size: 38, 31\r\n  orig: 40, 33\r\n  offset: 1, 1\r\n  index: -1\r\nshadow\r\n  rotate: true\r\n  xy: 382, 67\r\n  size: 205, 51\r\n  orig: 207, 53\r\n  offset: 1, 1\r\n  index: -1\r\n",["hatchinh.png"],{"skeleton":{"hash":"X2zShqVy0Aw","spine":"3.8-from-4.0-from-4.1-from-4.2.38","x":-134.74,"y":-7.45,"width":265,"height":305.8,"images":"C:/Users/006/Desktop/222","audio":"./images/20Track 3/"},"bones":[{"name":"root"},{"name":"bone","parent":"root","icon":"arrows"},{"name":"bone2","parent":"bone","length":137.48,"rotation":90},{"name":"bone2b2","parent":"bone2","length":116.41,"rotation":0.52,"x":142.79,"y":3.1},{"name":"bone2b3","parent":"bone2","length":22.23,"rotation":-245.41,"x":106.74,"y":34.49},{"name":"bone2b4","parent":"bone2","length":23.25,"rotation":302.41,"x":105.02,"y":-34.26},{"name":"bone2b6","parent":"bone2b2","x":73.48,"y":-5.59},{"name":"bone2b5","parent":"bone2b2","x":53.18,"y":-5.25},{"name":"bone3","parent":"bone2","length":21.06,"rotation":-68.2,"x":43.64,"y":-41.55},{"name":"bone2b22","parent":"bone2b5","x":-44.22,"y":-5.98},{"name":"bone2b7","parent":"bone2b5","x":-38.31,"y":1.31}],"slots":[{"name":"Group 67","bone":"root"},{"name":"shadow","bone":"bone"},{"name":"meo_idle_duoi","bone":"bone3","attachment":"hatchinh/meo_hatchinh_duoi"},{"name":"meo_idle_than","bone":"bone2","attachment":"hatchinh/meo_hatchinh_than"},{"name":"meo_idle_dau","bone":"bone2b2","attachment":"hatchinh/meo_hatchinh_dau"},{"name":"meo_ech_mat","bone":"bone2b6","attachment":"hatchinh/kinh"},{"name":"meo_idle_mieng","bone":"bone2b5","attachment":"hatchinh/meo_hatchinh_mieng1"},{"name":"meo_idle_tayt1","bone":"bone2b3","attachment":"hatchinh/meo_hatchinh_tay1"},{"name":"meo_idle_tayp1","bone":"bone2b4","attachment":"hatchinh/meo_hatchinh_tay2"},{"name":"meo_idle_raut2","bone":"bone2b2","attachment":"meo_idle_raut2"},{"name":"meo_idle_raup2","bone":"bone2b2","attachment":"meo_idle_raup2"},{"name":"meo_ech_mieng2","bone":"bone2b5"},{"name":"meo_hatchinh_mic","bone":"bone2b4","attachment":"hatchinh/meo_hatchinh_mic"},{"name":"meo_hatchinh_bantay","bone":"bone2b4","attachment":"hatchinh/meo_hatchinh_bantay"}],"skins":[{"name":"default","attachments":{"meo_ech_mat":{"hatchinh/kinh":{"x":2.79,"y":0.33,"rotation":-90.52,"width":206,"height":83}},"meo_ech_mieng2":{"hatchinh/meo_hatchinh_mieng2":{"type":"mesh","hull":24,"width":125,"height":76,"uvs":[0.56097,0.07052,0.53556,0.11309,0.57572,0.24385,0.78572,0.11053,0.89208,0.11162,0.97092,0.19878,1,0.33155,0.99999,0.61361,0.88178,0.81597,0.73679,0.93705,0.57692,0.99999,0.28908,0.99999,0.131,0.89879,0.00001,0.69336,0.00001,0.35658,0.04624,0.21841,0.15852,0.1307,0.24545,0.1307,0.39034,0.22772,0.52448,0.24706,0.49449,0.13667,0.4338,0.13627,0.4338,0,0.56155,0,0.04091,0.35496,0.03285,0.60812,0.13832,0.82121,0.31609,0.94867,0.57582,0.93337,0.72968,0.8701,0.87146,0.73452,0.96627,0.54839,0.96847,0.35497,0.9344,0.23928,0.86076,0.16155,0.77943,0.17601,0.58819,0.2917,0.39036,0.30616,0.24309,0.18686,0.15846,0.18686],"triangles":[11,27,10,27,28,10,10,28,9,27,11,26,37,28,27,28,29,9,9,29,8,26,11,12,27,26,37,28,36,29,28,37,36,12,13,26,29,30,8,29,36,30,37,26,38,39,38,24,13,25,26,38,26,25,24,38,25,8,30,7,36,35,30,30,35,32,30,31,7,31,30,32,35,33,32,13,14,25,7,31,6,6,31,32,25,14,24,34,33,35,24,14,15,32,33,6,24,15,39,33,5,6,38,18,37,36,19,2,36,37,19,37,18,19,36,2,35,35,2,3,34,4,33,33,4,5,38,17,18,39,15,16,39,16,38,38,16,17,35,3,34,34,3,4,19,1,2,19,20,1,1,20,22,20,21,22,0,1,23,23,1,22],"vertices":[2,7,-1.14,-7.1,0.98468,10,37.17,-8.42,0.01532,1,7,-4.34,-3.9,1,1,10,23.98,-10.14,1,1,10,33.88,-36.48,1,1,10,33.67,-49.77,1,1,10,26.96,-59.57,1,1,10,16.84,-63.11,1,1,10,-4.6,-62.92,1,2,7,-58.15,-46.69,0.00639,10,-19.84,-48,0.99361,2,7,-67.19,-28.48,0.0005,10,-28.88,-29.79,0.9995,1,10,-33.48,-9.77,1,1,10,-33.15,26.21,1,1,10,-25.28,45.9,1,1,10,-9.52,62.13,1,1,10,16.07,61.9,1,1,10,26.52,56.03,1,2,7,-5.25,43.24,0.00152,10,33.06,41.93,0.99848,2,7,-5.35,32.38,0.00589,10,32.96,31.06,0.99411,1,10,25.42,13.02,1,1,10,23.8,-3.73,1,1,7,-6.09,1.25,1,2,7,-5.99,8.84,0.99877,10,32.32,7.53,0.00123,1,7,4.37,8.74,1,1,7,4.22,-7.23,1,1,10,16.15,56.79,1,1,10,-3.08,57.97,1,1,10,-19.4,44.93,1,1,10,-29.28,22.8,1,1,10,-28.42,-9.68,1,2,7,-62.09,-27.64,0.001,10,-23.78,-28.95,0.999,2,7,-51.95,-45.46,0.00832,10,-13.64,-46.77,0.99168,1,10,0.4,-58.75,1,1,10,15.09,-59.15,1,1,10,23.92,-54.98,1,1,10,29.92,-45.82,1,1,10,28.91,-35.65,1,1,10,20.33,-11.67,1,1,10,19.46,13.07,1,1,10,28.69,31.4,1,2,7,-9.52,43.29,0.00135,10,28.79,41.98,0.99865],"edges":[44,42,44,46,0,46,42,40,0,2,2,40,40,38,2,4,4,6,6,8,38,36,36,34,34,32,32,30,30,28,8,10,10,12,26,28,26,24,24,22,20,22,20,18,18,16,12,14,16,14,48,50,50,52,52,54,54,56,56,58,58,60,60,62,62,64,64,66,66,68,68,70,70,72,72,74,74,76,76,78,78,48]}},"meo_hatchinh_bantay":{"hatchinh/meo_hatchinh_bantay":{"x":36.02,"y":0.79,"rotation":-32.41,"width":24,"height":25}},"meo_hatchinh_mic":{"hatchinh/meo_hatchinh_mic":{"x":27.13,"y":19.46,"rotation":-32.41,"width":63,"height":67}},"meo_idle_dau":{"hatchinh/meo_hatchinh_dau":{"x":66.05,"y":-1.46,"rotation":-90.52,"width":265,"height":179}},"meo_idle_duoi":{"hatchinh/meo_hatchinh_duoi":{"x":31.9,"y":5.89,"rotation":-21.8,"width":67,"height":45}},"meo_idle_mieng":{"hatchinh/meo_hatchinh_mieng1":{"type":"mesh","hull":26,"width":41,"height":94,"uvs":[0.48634,0.0504,0.38526,0.08093,0.50966,0.20556,0.65578,0.22004,0.84904,0.31704,0.91856,0.43697,0.91592,0.52477,0.92034,0.64875,0.99999,0.73076,0.99999,0.81163,0.84697,0.92069,0.63025,0.99999,0.29565,0.99999,0.10916,0.91009,0,0.82017,0.00024,0.73909,0.0353,0.65611,0.0353,0.55492,0.0353,0.4391,0.09056,0.34327,0.22346,0.25334,0.3561,0.20895,0.28418,0.11145,0.08203,0.11484,0.07231,0,0.48634,0,0.2208,0.81901,0.42721,0.88316,0.60721,0.87793,0.77042,0.78895,0.15247,0.66115,0.12953,0.45381,0.28382,0.28467,0.46521,0.24283,0.65911,0.28921,0.82173,0.44381,0.84258,0.63569,0.64243,0.80938,0.46312,0.84667,0.26297,0.79392],"triangles":[1,24,25,1,25,0,22,24,1,23,24,22,21,22,1,2,21,1,33,21,2,32,20,21,32,21,33,4,34,3,33,2,3,34,33,3,19,20,32,35,34,4,35,4,5,31,19,32,18,19,31,6,35,5,17,18,31,36,35,6,36,6,7,32,33,34,30,31,36,17,31,30,16,17,30,34,31,32,35,31,34,26,15,16,39,30,37,35,36,31,29,36,7,29,7,8,30,36,37,16,39,26,29,37,36,9,29,8,30,39,16,14,15,26,38,39,37,28,38,37,28,37,29,38,26,39,27,38,28,27,26,38,13,14,26,13,26,27,10,29,9,28,29,10,12,13,27,11,28,10,27,28,11,12,27,11],"vertices":[2,9,43.88,-1.99,0.00341,7,-0.33,-7.98,0.99659,2,9,41.05,2.18,0.06014,7,-3.17,-3.81,0.93986,2,9,29.29,-2.82,0.65956,7,-14.93,-8.8,0.34044,2,9,27.87,-8.79,0.7895,7,-16.34,-14.78,0.2105,2,9,18.68,-16.63,0.90103,7,-25.53,-22.62,0.09897,2,9,7.38,-19.38,0.96614,7,-36.83,-25.37,0.03386,2,9,-0.87,-19.2,0.99118,7,-45.08,-25.18,0.00882,2,9,-12.52,-19.27,0.99998,7,-56.74,-25.26,0.00002,1,9,-20.26,-22.47,1,1,9,-27.86,-22.4,1,1,9,-38.06,-16.03,1,1,9,-45.43,-7.08,1,1,9,-45.31,6.64,1,1,9,-36.79,14.21,1,1,9,-28.29,18.6,1,1,9,-20.67,18.53,1,1,9,-12.88,17.02,1,2,9,-3.37,16.93,0.99624,7,-47.59,10.95,0.00376,2,9,7.51,16.83,0.96489,7,-36.7,10.85,0.03511,2,9,16.5,14.48,0.90691,7,-27.72,8.5,0.09309,2,9,24.9,8.96,0.7975,7,-19.31,2.97,0.2025,2,9,29.03,3.48,0.6079,7,-15.19,-2.5,0.3921,2,9,38.22,6.35,0.09403,7,-6,0.36,0.90597,2,9,37.97,14.64,0.00012,7,-6.24,8.65,0.99988,1,7,4.56,8.96,1,1,7,4.4,-8.02,1,1,9,-28.27,9.55,1,1,9,-34.37,1.14,1,1,9,-33.95,-6.24,1,1,9,-25.65,-13.01,1,1,9,-13.4,12.22,1,2,9,6.09,12.98,0.96964,7,-38.12,7,0.03036,2,9,21.94,6.51,0.81409,7,-22.28,0.53,0.18591,2,9,25.8,-0.96,0.72057,7,-18.41,-6.95,0.27943,2,9,21.37,-8.87,0.84554,7,-22.85,-14.86,0.15446,2,9,6.78,-15.41,0.96702,7,-37.44,-21.39,0.03298,2,9,-11.27,-16.1,0.99992,7,-55.48,-22.08,0.00008,1,9,-27.52,-7.74,1,1,9,-30.96,-0.36,1,1,9,-25.92,7.8,1],"edges":[48,46,46,44,48,50,0,50,44,2,2,0,44,42,2,4,4,6,6,8,8,10,14,16,42,40,42,4,40,38,38,36,30,32,32,34,34,36,10,12,12,14,28,30,22,24,16,18,32,52,52,54,54,56,56,58,58,14,24,26,26,28,18,20,20,22,60,62,62,64,64,66,66,68,68,70,70,72,72,74,74,76,76,78,78,60]}},"meo_idle_raup2":{"meo_idle_raup2":{"path":"meo_idle_raup","x":7.38,"y":-87.16,"rotation":-90.52,"width":40,"height":33}},"meo_idle_raut2":{"meo_idle_raut2":{"path":"meo_idle_raut","x":3.01,"y":91.89,"rotation":-90.52,"width":40,"height":33}},"meo_idle_tayp1":{"hatchinh/meo_hatchinh_tay2":{"x":16.53,"y":1.82,"rotation":-32.38,"width":42,"height":40}},"meo_idle_tayt1":{"hatchinh/meo_hatchinh_tay1":{"x":18.55,"y":-0.34,"rotation":156.56,"width":40,"height":37}},"meo_idle_than":{"hatchinh/meo_hatchinh_than":{"x":69.55,"y":0.37,"rotation":-90,"width":111,"height":154}},"shadow":{"shadow":{"x":-5.98,"y":8.98,"width":207,"height":53}}}}],"events":{"12. Mèo hát":{"audio":"12. Mèo hát.mp3"}},"animations":{"1_play":{"slots":{"meo_ech_mieng2":{"attachment":[{"name":"hatchinh/meo_hatchinh_mieng2"},{"time":0.1333,"name":null},{"time":0.2667,"name":"hatchinh/meo_hatchinh_mieng2"},{"time":0.5333,"name":null},{"time":1.0333,"name":"hatchinh/meo_hatchinh_mieng2"},{"time":1.2,"name":null},{"time":1.6667,"name":"hatchinh/meo_hatchinh_mieng2"},{"time":2,"name":null},{"time":2.6667,"name":"hatchinh/meo_hatchinh_mieng2"},{"time":2.8667,"name":null},{"time":3.7,"name":"hatchinh/meo_hatchinh_mieng2"},{"time":3.8333,"name":null},{"time":4.2,"name":"hatchinh/meo_hatchinh_mieng2"},{"time":4.4,"name":null},{"time":5.1667,"name":"hatchinh/meo_hatchinh_mieng2"},{"time":5.3333,"name":null},{"time":5.6333,"name":"hatchinh/meo_hatchinh_mieng2"},{"time":5.7667,"name":null},{"time":6.1,"name":"hatchinh/meo_hatchinh_mieng2"},{"time":6.5,"name":null},{"time":6.7333,"name":"hatchinh/meo_hatchinh_mieng2"},{"time":7.0333,"name":null},{"time":7.7333,"name":"hatchinh/meo_hatchinh_mieng2"},{"time":8,"name":null},{"time":8.3333,"name":"hatchinh/meo_hatchinh_mieng2"},{"time":8.5,"name":null},{"time":8.9667,"name":"hatchinh/meo_hatchinh_mieng2"},{"time":9.2,"name":null},{"time":9.5,"name":"hatchinh/meo_hatchinh_mieng2"},{"time":9.6667,"name":null}]},"meo_idle_mieng":{"attachment":[{"name":null},{"time":0.1333,"name":"hatchinh/meo_hatchinh_mieng1"},{"time":0.2667,"name":null},{"time":0.5333,"name":"hatchinh/meo_hatchinh_mieng1"},{"time":1.0333,"name":null},{"time":1.2,"name":"hatchinh/meo_hatchinh_mieng1"},{"time":1.6667,"name":null},{"time":2,"name":"hatchinh/meo_hatchinh_mieng1"},{"time":2.6667,"name":null},{"time":2.8667,"name":"hatchinh/meo_hatchinh_mieng1"},{"time":3.7,"name":null},{"time":3.8333,"name":"hatchinh/meo_hatchinh_mieng1"},{"time":4.2,"name":null},{"time":4.4,"name":"hatchinh/meo_hatchinh_mieng1"},{"time":5.1667,"name":null},{"time":5.3333,"name":"hatchinh/meo_hatchinh_mieng1"},{"time":5.6333,"name":null},{"time":5.7667,"name":"hatchinh/meo_hatchinh_mieng1"},{"time":6.1,"name":null},{"time":6.5,"name":"hatchinh/meo_hatchinh_mieng1"},{"time":6.7333,"name":null},{"time":7.0333,"name":"hatchinh/meo_hatchinh_mieng1"},{"time":7.7333,"name":null},{"time":8,"name":"hatchinh/meo_hatchinh_mieng1"},{"time":8.3333,"name":null},{"time":8.5,"name":"hatchinh/meo_hatchinh_mieng1"},{"time":8.9667,"name":null},{"time":9.2,"name":"hatchinh/meo_hatchinh_mieng1"},{"time":9.5,"name":null},{"time":9.6667,"name":"hatchinh/meo_hatchinh_mieng1"}]}},"bones":{"bone2b2":{"rotate":[{"angle":-14.86},{"time":0.7333,"angle":9.75},{"time":1.4333,"angle":-14.86},{"time":2.1667,"angle":9.75},{"time":2.9,"angle":-14.86},{"time":3.6,"angle":9.75},{"time":4.3333,"angle":-14.86},{"time":5.0333,"angle":9.75},{"time":5.7667,"angle":-14.86},{"time":6.5,"angle":9.75},{"time":7.2,"angle":-14.86},{"time":7.9333,"angle":9.75},{"time":8.6667,"angle":-14.86},{"time":9.3667,"angle":9.75},{"time":10.1,"angle":-14.86}]},"bone2b7":{"scale":[{"x":0.86,"y":0.86},{"time":0.1333,"x":0.171,"y":0.361},{"time":0.2667,"x":0.806,"y":0.516},{"time":0.5333,"x":0.427,"y":0.427},{"time":1.0333,"x":0.249,"y":0.249},{"time":1.2,"x":0.436,"y":0.436},{"time":1.6667,"x":0.767,"y":0.767},{"time":1.8333,"x":0.223,"y":0.223},{"time":2,"x":0.447,"y":0.447},{"time":2.6667,"x":0.889,"y":0.889},{"time":2.7667,"x":0.298,"y":0.298},{"time":2.8667,"x":0.48,"y":0.48},{"time":3.1333,"x":0.88,"y":0.88},{"time":3.3333,"x":0.358,"y":0.358},{"time":3.5333,"x":0.779,"y":0.779},{"time":3.7,"x":0.871,"y":0.871},{"time":3.8,"x":0.516,"y":0.516},{"time":3.8333,"x":0.653,"y":0.653},{"time":4.2,"x":0.73,"y":0.73},{"time":4.3667,"x":0.215,"y":0.215},{"time":4.5,"x":0.73,"y":0.73},{"time":5.1667,"x":0.702,"y":0.702},{"time":5.2667,"x":0.304,"y":0.304},{"time":5.4,"x":0.521,"y":0.521},{"time":5.6333,"x":0.686,"y":0.686},{"time":5.7667,"x":0.299,"y":0.299},{"time":5.8667,"x":0.587,"y":0.587},{"time":6.1,"x":0.782,"y":0.782},{"time":6.2667,"x":0.32,"y":0.32},{"time":6.5,"x":0.757,"y":0.757,"curve":"stepped"},{"time":6.7333,"x":0.757,"y":0.757},{"time":6.8333,"x":0.483,"y":0.483},{"time":7.0333,"x":0.864,"y":0.864,"curve":"stepped"},{"time":7.7333,"x":0.864,"y":0.864},{"time":8,"x":0.358,"y":0.358},{"time":8.3333,"x":0.864,"y":0.864},{"time":8.5,"x":0.358,"y":0.358},{"time":8.9667,"x":0.864,"y":0.864},{"time":9.2333,"x":0.358,"y":0.358},{"time":9.5,"x":0.864,"y":0.864},{"time":9.7333,"x":0.358,"y":0.358}]},"bone2b22":{"scale":[{"x":0.918,"y":0.918},{"time":0.1333,"x":0.462,"y":0.462},{"time":0.5333},{"time":0.7667,"x":0.094,"y":0.532},{"time":1.0333,"x":0.921,"y":1.333},{"time":1.2,"x":0.872,"y":1.261},{"time":1.4667,"x":0.254,"y":0.368},{"time":1.6667,"x":0.605,"y":0.875},{"time":2,"x":1.007,"y":1.457},{"time":2.3333,"x":0.184,"y":0.266},{"time":2.6667,"x":0.493,"y":0.713},{"time":2.8667,"x":1.054,"y":1.525},{"time":3,"x":0.456,"y":0.66},{"time":3.1333,"x":0.912,"y":1.319},{"time":3.2667,"x":0.531,"y":0.768},{"time":3.4333,"x":0.601,"y":0.87},{"time":3.5333,"x":1.061,"y":1.536},{"time":3.6333,"x":0.122,"y":0.177},{"time":3.7,"x":1.061,"y":1.536},{"time":3.8333,"x":0.78,"y":1.129},{"time":4,"x":0.303,"y":0.439},{"time":4.2,"x":0.474,"y":0.685},{"time":4.4667,"x":0.937,"y":1.356},{"time":4.7,"x":0.269,"y":0.389},{"time":5.1667,"x":0.466,"y":0.674},{"time":5.4,"x":0.93,"y":1.345},{"time":5.5,"x":0.302,"y":0.437},{"time":5.6333,"x":0.712,"y":1.03},{"time":5.8,"x":0.493,"y":0.714},{"time":6,"x":0.616,"y":0.891},{"time":6.1,"x":0.645,"y":0.933},{"time":6.5,"x":0.846,"y":1.225},{"time":6.6,"x":0.527,"y":0.762},{"time":6.7333,"x":0.846,"y":1.225,"curve":"stepped"},{"time":7.0333,"x":0.846,"y":1.225},{"time":7.2,"x":0.447,"y":0.647},{"time":8,"x":0.58,"y":0.839},{"time":8.1667,"x":0.289,"y":0.418},{"time":8.5,"x":0.452,"y":0.655},{"time":8.7667,"x":0.273,"y":0.394},{"time":9.2,"x":0.488,"y":0.706}]},"bone2b6":{"rotate":[{"angle":-8.63},{"time":0.0667,"angle":-10.83},{"time":0.8,"angle":10.79},{"time":1.5,"angle":-10.83},{"time":2.2333,"angle":10.79},{"time":2.9667,"angle":-10.83},{"time":3.6667,"angle":10.79},{"time":4.4,"angle":-10.83},{"time":5.1333,"angle":10.79},{"time":5.8333,"angle":-10.83},{"time":6.5667,"angle":10.79},{"time":7.3,"angle":-10.83},{"time":8,"angle":10.79},{"time":8.7333,"angle":-10.83},{"time":9.4667,"angle":10.79},{"time":10.1,"angle":-8.63}]},"bone2b4":{"rotate":[{},{"time":0.7333,"angle":-14.63},{"time":1.4333},{"time":2.1667,"angle":-14.63},{"time":2.9},{"time":3.6,"angle":-14.63},{"time":4.3333},{"time":5.0667,"angle":-14.63},{"time":5.7667},{"time":6.5,"angle":-14.63},{"time":7.2333},{"time":7.9333,"angle":-14.63},{"time":8.6667},{"time":9.4,"angle":-14.63},{"time":10.1}]}},"events":[{"name":"12. Mèo hát"}]},"2_idle":{"bones":{"bone2b7":{"translate":[{}]}}}}},[0]]],0,0,[0],[-1],[0]]
