{"__type__":"cc.SpriteAtlas","_spriteFrames":{"skin7_6":{"__uuid__":"0cDUHvY71LUpH/yS+ptcTL"},"skin9_5":{"__uuid__":"24a0ajBPdDa4n2NMzDBXtA"},"skin11_5":{"__uuid__":"24wfX0WzhM8LeT0VxgjY1g"},"skin3_6":{"__uuid__":"53aGrhbEFGSZbqu54fY4un"},"形状 4":{"__uuid__":"9eYiX5Y6dJioC2WjsDf+ua"},"skinb_2":{"__uuid__":"f0rt7ux1ZLXZfEmPPObV4S"},"skinb_1":{"__uuid__":"a32nyqugBH+bphGAeo6bNO"},"skinb_4":{"__uuid__":"55FljqnctLgbARaWA5nHfg"},"skinb_3":{"__uuid__":"80ruDIS+xJB4BdzIXO53Pn"},"skin1_5":{"__uuid__":"b6E/Bx++1Pc7QTJiYy1OEs"},"skin6_5":{"__uuid__":"5aVyN7r05InK1pG1jXj9Yj"},"skin5_6":{"__uuid__":"60BCxQ9tRESr3Q6zWI5o8I"},"skin10_6":{"__uuid__":"61s+NcVAJCF42P2Y2ouKrd"},"skin7_5":{"__uuid__":"84K2ZhCqlLj4wWJ8MY8mO3"},"skin1_6":{"__uuid__":"7afnayzvxKZ6qyyFKhn9Sy"},"skin1_2":{"__uuid__":"8amSVup6xJdK42n8GJawo0"},"sign_ok":{"__uuid__":"a9pTJJpbRMPbbMs3vLoJ6M"},"skin10_5":{"__uuid__":"935iiYXZ9BeJAnbubBhl+/"},"skin2_6":{"__uuid__":"97WOQLQWpIhb5OYP0twwwk"},"skin9_6":{"__uuid__":"aaDHOzcOBGa66V4pbp/NgW"},"skin8_5":{"__uuid__":"afrfheFxhE/IxJQyxc+z4y"},"skin4_6":{"__uuid__":"b3dy5cgbFHo4h6ePgx6QXY"},"skin8_6":{"__uuid__":"cf/5gO9WZFQ6flvxSGq/+W"},"skin11_6":{"__uuid__":"d8FTTRPxxJHLd3Kd+1i2TK"},"skin5_5":{"__uuid__":"d9RMD9AJZF95F3YH8h2Ewx"},"skin6_6":{"__uuid__":"dcz71OBmdPP4fsZM4SObrM"},"skin3_5":{"__uuid__":"e1EVJmsVROaLhOEQ6MbkLx"},"skin2_5":{"__uuid__":"e3dhZnI+JAxqMjG9LPpFwx"},"skin4_5":{"__uuid__":"f5cRXTwMFPu7OhZbdnNbPi"},"表情5":{"__uuid__":"5c8QbzKaNI1phvXho4G6mj"},"表情2":{"__uuid__":"a5BhURHDNB6IbXymzdTbSx"},"表情4":{"__uuid__":"b7kDoZJgJOxZcaMOOx50Q+"}}}