[1,["adUWNKZj5HXbKS7XM7J9aI@6c48a"],0,[["sp.SkeletonData",["_name","_atlasText","textureNames","_skeletonJson","textures"],-1,3]],[[0,0,1,2,3,4,5]],[[0,"Sound_R_Grey","\r\nSound_R_Grey.png\r\nsize: 517, 793\r\nformat: RGBA8888\r\nfilter: Linear, Linear\r\nrepeat: none\r\n1\r\n  rotate: true\r\n  xy: 254, 352\r\n  size: 163, 246\r\n  orig: 163, 246\r\n  offset: 0, 0\r\n  index: -1\r\n10\r\n  rotate: true\r\n  xy: 2, 519\r\n  size: 138, 262\r\n  orig: 138, 262\r\n  offset: 0, 0\r\n  index: -1\r\n11\r\n  rotate: true\r\n  xy: 2, 206\r\n  size: 163, 246\r\n  orig: 163, 246\r\n  offset: 0, 0\r\n  index: -1\r\n12\r\n  rotate: true\r\n  xy: 266, 517\r\n  size: 140, 249\r\n  orig: 140, 249\r\n  offset: 0, 0\r\n  index: -1\r\n5\r\n  rotate: true\r\n  xy: 266, 517\r\n  size: 140, 249\r\n  orig: 140, 249\r\n  offset: 0, 0\r\n  index: -1\r\n2\r\n  rotate: true\r\n  xy: 2, 31\r\n  size: 173, 238\r\n  orig: 173, 238\r\n  offset: 0, 0\r\n  index: -1\r\n3\r\n  rotate: true\r\n  xy: 2, 659\r\n  size: 132, 252\r\n  orig: 132, 252\r\n  offset: 0, 0\r\n  index: -1\r\n4\r\n  rotate: true\r\n  xy: 256, 659\r\n  size: 132, 253\r\n  orig: 132, 253\r\n  offset: 0, 0\r\n  index: -1\r\n7\r\n  rotate: true\r\n  xy: 256, 659\r\n  size: 132, 253\r\n  orig: 132, 253\r\n  offset: 0, 0\r\n  index: -1\r\n6\r\n  rotate: true\r\n  xy: 250, 179\r\n  size: 171, 237\r\n  orig: 171, 237\r\n  offset: 0, 0\r\n  index: -1\r\n8\r\n  rotate: true\r\n  xy: 242, 2\r\n  size: 175, 238\r\n  orig: 175, 238\r\n  offset: 0, 0\r\n  index: -1\r\n9\r\n  rotate: true\r\n  xy: 2, 371\r\n  size: 146, 250\r\n  orig: 146, 250\r\n  offset: 0, 0\r\n  index: -1\r\n",["Sound_R_Grey.png"],{"skeleton":{"hash":"zXQEgVItnMI","spine":"3.8-from-4.0-from-4.1-from-4.2.37","x":-85,"y":-0.25,"width":173,"height":238,"images":"C:\\Users\\006\\Desktop\\111","audio":"./audio"},"bones":[{"name":"root"},{"name":"bone","parent":"root","x":1.67,"y":-46.46}],"slots":[{"name":"1","bone":"bone"},{"name":"2","bone":"bone","attachment":"2"},{"name":"3","bone":"bone"},{"name":"4","bone":"bone"},{"name":"5","bone":"bone"},{"name":"6","bone":"bone"},{"name":"7","bone":"bone"},{"name":"8","bone":"bone"},{"name":"9","bone":"bone"},{"name":"10","bone":"bone"},{"name":"11","bone":"bone"},{"name":"12","bone":"bone"}],"skins":[{"name":"default","attachments":{"1":{"1":{"x":6.69,"y":169.57,"width":163,"height":246}},"2":{"2":{"x":-0.17,"y":165.21,"width":173,"height":238}},"3":{"3":{"x":-0.74,"y":172.63,"width":132,"height":252}},"4":{"4":{"x":-4.1,"y":172.19,"width":132,"height":253}},"5":{"5":{"x":-1.09,"y":170.01,"width":140,"height":249}},"6":{"6":{"x":-2.05,"y":165.21,"width":171,"height":237}},"7":{"7":{"x":-2.31,"y":173.5,"width":132,"height":253}},"8":{"8":{"x":1.58,"y":165.21,"width":175,"height":238}},"9":{"9":{"x":1.28,"y":173.5,"width":146,"height":250}},"10":{"10":{"x":3.19,"y":177,"width":138,"height":262}},"11":{"11":{"x":-0.08,"y":169.57,"width":163,"height":246}},"12":{"12":{"x":-0.03,"y":170.45,"width":140,"height":249}}}}],"animations":{"Sound_1":{"slots":{"2":{"attachment":[{"time":0.1667,"name":null},{"time":4.8,"name":"2"}]},"4":{"attachment":[{"time":0.1667,"name":"4"},{"time":0.3,"name":null},{"time":0.4667,"name":"4"},{"time":0.6333,"name":null},{"time":0.7667,"name":"4"},{"time":0.9333,"name":null},{"time":1.0667,"name":"4"},{"time":1.2,"name":null},{"time":1.3667,"name":"4"},{"time":1.5,"name":null},{"time":2.6333,"name":"4"},{"time":2.7667,"name":null},{"time":2.9333,"name":"4"},{"time":3.1,"name":null},{"time":3.2333,"name":"4"},{"time":3.4,"name":null},{"time":3.5667,"name":"4"},{"time":3.7,"name":null},{"time":3.8667,"name":"4"},{"time":4,"name":null}]},"5":{"attachment":[{"time":4.3333,"name":"5"},{"time":4.5,"name":null}]},"6":{"attachment":[{"time":2.4667,"name":"6"},{"time":2.6333,"name":null},{"time":4,"name":"6"},{"time":4.1667,"name":null},{"time":4.6667,"name":"6"},{"time":4.8,"name":null}]},"7":{"attachment":[{"time":0.3,"name":"7"},{"time":0.4667,"name":null},{"time":0.6333,"name":"7"},{"time":0.7667,"name":null},{"time":0.9333,"name":"7"},{"time":1.0667,"name":null},{"time":1.2,"name":"7"},{"time":1.3667,"name":null},{"time":1.5,"name":"7"},{"time":2.3,"name":null},{"time":2.7667,"name":"7"},{"time":2.9333,"name":null},{"time":3.1,"name":"7"},{"time":3.2333,"name":null},{"time":3.4,"name":"7"},{"time":3.5667,"name":null},{"time":3.7,"name":"7"},{"time":3.8667,"name":null}]},"8":{"attachment":[{"time":4.5,"name":"8"},{"time":4.6667,"name":null}]},"12":{"attachment":[{"time":2.3,"name":"12"},{"time":2.4667,"name":null},{"time":4.1667,"name":"12"},{"time":4.3333,"name":null}]}}},"Sound_2":{"slots":{"1":{"attachment":[{"time":2.7667,"name":"1"},{"time":2.9333,"name":null},{"time":3.1,"name":"1"},{"time":3.2333,"name":null},{"time":3.4,"name":"1"},{"time":3.5667,"name":null},{"time":3.7,"name":"1"},{"time":3.8667,"name":null},{"time":4,"name":"1"},{"time":4.1667,"name":null}]},"2":{"attachment":[{"time":0.1667,"name":null},{"time":4.8,"name":"2"}]},"4":{"attachment":[{"time":0.1667,"name":"4"},{"time":0.3,"name":null},{"time":0.4667,"name":"4"},{"time":0.6333,"name":null},{"time":0.7667,"name":"4"},{"time":0.9333,"name":null},{"time":1.0667,"name":"4"},{"time":1.2,"name":null},{"time":1.3667,"name":"4"},{"time":1.5,"name":null}]},"5":{"attachment":[{"time":4.3333,"name":"5"},{"time":4.5,"name":null}]},"6":{"attachment":[{"time":2.4667,"name":"6"},{"time":2.6333,"name":null},{"time":4.6667,"name":"6"},{"time":4.8,"name":null}]},"7":{"attachment":[{"time":0.3,"name":"7"},{"time":0.4667,"name":null},{"time":0.6333,"name":"7"},{"time":0.7667,"name":null},{"time":0.9333,"name":"7"},{"time":1.0667,"name":null},{"time":1.2,"name":"7"},{"time":1.3667,"name":null},{"time":1.5,"name":"7"},{"time":2.3,"name":null}]},"8":{"attachment":[{"time":4.5,"name":"8"},{"time":4.6667,"name":null}]},"11":{"attachment":[{"time":2.6333,"name":"11"},{"time":2.7667,"name":null},{"time":2.9333,"name":"11"},{"time":3.1,"name":null},{"time":3.2333,"name":"11"},{"time":3.4,"name":null},{"time":3.5667,"name":"11"},{"time":3.7,"name":null},{"time":3.8667,"name":"11"},{"time":4,"name":null}]},"12":{"attachment":[{"time":2.3,"name":"12"},{"time":2.4667,"name":null},{"time":4.1667,"name":"12"},{"time":4.3333,"name":null}]}}}}},[0]]],0,0,[0],[-1],[0]]
