[1,["b12lG3eOpLrYYE1zk5mq1Y@6c48a"],0,[["sp.SkeletonData",["_name","_atlasText","textureNames","_skeletonJson","textures"],-1,3]],[[0,0,1,2,3,4,5]],[[0,"Sound_R_Purple","\r\nSound_R_Purple.png\r\nsize: 1189, 679\r\nformat: RGBA8888\r\nfilter: Linear, Linear\r\nrepeat: none\r\n1\r\n  rotate: true\r\n  xy: 2, 511\r\n  size: 166, 294\r\n  orig: 166, 294\r\n  offset: 0, 0\r\n  index: -1\r\n10\r\n  rotate: true\r\n  xy: 298, 511\r\n  size: 166, 296\r\n  orig: 166, 296\r\n  offset: 0, 0\r\n  index: -1\r\n11\r\n  rotate: true\r\n  xy: 596, 511\r\n  size: 166, 294\r\n  orig: 166, 294\r\n  offset: 0, 0\r\n  index: -1\r\n12\r\n  rotate: true\r\n  xy: 892, 511\r\n  size: 166, 295\r\n  orig: 166, 295\r\n  offset: 0, 0\r\n  index: -1\r\n13\r\n  rotate: true\r\n  xy: 2, 343\r\n  size: 166, 292\r\n  orig: 166, 292\r\n  offset: 0, 0\r\n  index: -1\r\n14\r\n  rotate: true\r\n  xy: 296, 343\r\n  size: 166, 294\r\n  orig: 166, 294\r\n  offset: 0, 0\r\n  index: -1\r\n15\r\n  rotate: true\r\n  xy: 594, 3\r\n  size: 170, 293\r\n  orig: 170, 293\r\n  offset: 0, 0\r\n  index: -1\r\n16\r\n  rotate: true\r\n  xy: 592, 343\r\n  size: 166, 292\r\n  orig: 166, 292\r\n  offset: 0, 0\r\n  index: -1\r\n2\r\n  rotate: true\r\n  xy: 886, 343\r\n  size: 166, 293\r\n  orig: 166, 293\r\n  offset: 0, 0\r\n  index: -1\r\n3\r\n  rotate: true\r\n  xy: 2, 175\r\n  size: 166, 294\r\n  orig: 166, 294\r\n  offset: 0, 0\r\n  index: -1\r\n4\r\n  rotate: true\r\n  xy: 298, 175\r\n  size: 166, 291\r\n  orig: 166, 291\r\n  offset: 0, 0\r\n  index: -1\r\n5\r\n  rotate: true\r\n  xy: 889, 2\r\n  size: 171, 298\r\n  orig: 171, 298\r\n  offset: 0, 0\r\n  index: -1\r\n6\r\n  rotate: true\r\n  xy: 591, 175\r\n  size: 166, 293\r\n  orig: 166, 293\r\n  offset: 0, 0\r\n  index: -1\r\n7\r\n  rotate: true\r\n  xy: 886, 175\r\n  size: 166, 294\r\n  orig: 166, 294\r\n  offset: 0, 0\r\n  index: -1\r\n8\r\n  rotate: true\r\n  xy: 2, 7\r\n  size: 166, 294\r\n  orig: 166, 294\r\n  offset: 0, 0\r\n  index: -1\r\n9\r\n  rotate: true\r\n  xy: 298, 6\r\n  size: 167, 294\r\n  orig: 167, 294\r\n  offset: 0, 0\r\n  index: -1\r\n",["Sound_R_Purple.png"],{"skeleton":{"hash":"OunAn5SD6KQ","spine":"3.8-from-4.0-from-4.1-from-4.2.37","x":-78,"y":-0.45,"width":166,"height":294,"images":"C:\\Users\\006\\Desktop\\111","audio":"./audio"},"bones":[{"name":"root"}],"slots":[{"name":"7","bone":"root","attachment":"7"},{"name":"1","bone":"root"},{"name":"2","bone":"root"},{"name":"3","bone":"root"},{"name":"4","bone":"root"},{"name":"5","bone":"root"},{"name":"6","bone":"root"},{"name":"8","bone":"root"},{"name":"9","bone":"root"},{"name":"10","bone":"root"},{"name":"11","bone":"root"},{"name":"12","bone":"root"},{"name":"13","bone":"root"},{"name":"14","bone":"root"},{"name":"15","bone":"root"},{"name":"16","bone":"root"}],"skins":[{"name":"default","attachments":{"1":{"1":{"x":8.12,"y":146.55,"width":166,"height":294}},"2":{"2":{"x":3.75,"y":146.55,"width":166,"height":293}},"3":{"3":{"x":7.98,"y":147.48,"width":166,"height":294}},"4":{"4":{"x":4.06,"y":145.14,"width":166,"height":291}},"5":{"5":{"x":7.18,"y":148.73,"width":171,"height":298}},"6":{"6":{"x":4.38,"y":145.92,"width":166,"height":293}},"7":{"7":{"x":5,"y":146.55,"width":166,"height":294}},"8":{"8":{"type":"mesh","hull":19,"width":166,"height":294,"uvs":[0.76325,0.22841,0.87854,0.29351,0.94913,0.24701,1,0.27967,1,0.55933,0.88785,0.5349,0.77967,0.5892,0.66188,0.6272,0.734,1,0.26043,1,0.34423,0.61232,0.20324,0.56333,0.13953,0.50439,0,0.55644,0,0.21247,0.1562,0.29484,0.23385,0.24967,0.17973,0,0.81031,0],"triangles":[0,17,18,0,16,17,1,2,3,15,13,14,5,1,3,12,13,15,5,3,4,16,12,15,12,10,11,6,0,1,6,1,5,10,16,0,16,10,12,10,0,6,7,10,6,9,10,7,9,7,8],"vertices":[49.2,226.31,68.34,207.18,80.06,220.85,88.5,211.25,88.5,129.02,69.88,136.21,51.93,120.25,35.36,109.07,47.33,-0.53,-31.28,-0.53,-17.3,112.84,-46.53,126.94,-54.68,145.18,-77.85,129.88,-77.85,231,-51.92,206.79,-39.03,220.07,-48.01,293.47,57.01,293.47],"edges":[26,24,24,22,22,20,20,18,16,18,16,14,14,12,12,10,10,8,26,28,28,30,30,32,32,34,34,36,36,0,0,2,2,4,8,6,4,6]}},"9":{"9":{"x":3.74,"y":146.38,"width":167,"height":294}},"10":{"10":{"x":5.31,"y":148.18,"width":166,"height":296}},"11":{"11":{"x":5.62,"y":146.55,"width":166,"height":294}},"12":{"12":{"x":8.43,"y":147.2,"width":166,"height":295}},"13":{"13":{"x":3.4,"y":145.61,"width":166,"height":292}},"14":{"14":{"x":4.72,"y":146.54,"width":166,"height":294}},"15":{"15":{"x":8.49,"y":145.92,"width":170,"height":293}},"16":{"16":{"x":4.69,"y":145.57,"width":166,"height":292}}}}],"animations":{"Sound_1":{"slots":{"2":{"attachment":[{"time":4,"name":"2"},{"time":4.1667,"name":null},{"time":4.3,"name":"2"},{"time":4.4667,"name":null}]},"3":{"attachment":[{"time":2.4,"name":"3"},{"time":2.5667,"name":null}]},"4":{"attachment":[{"time":4.6333,"name":"4"},{"time":4.8,"name":null}]},"5":{"attachment":[{"time":3.6667,"name":"5"},{"time":3.8333,"name":null}]},"7":{"attachment":[{"time":0.8,"name":null},{"time":0.9667,"name":"7"},{"time":1.6,"name":null},{"time":1.7667,"name":"7"},{"time":2.0667,"name":null},{"time":2.2333,"name":"7"},{"time":2.4,"name":null},{"time":4.8,"name":"7"}]},"8":{"attachment":[{"time":0.8,"name":"8"},{"time":0.9667,"name":null},{"time":1.6,"name":"8"},{"time":1.7667,"name":null},{"time":2.0667,"name":"8"},{"time":2.2333,"name":null}]},"9":{"attachment":[{"time":3.0333,"name":"9"},{"time":3.2,"name":null},{"time":3.3667,"name":"9"},{"time":3.5,"name":null},{"time":3.8333,"name":"9"},{"time":4,"name":null}]},"10":{"attachment":[{"time":3.5,"name":"10"},{"time":3.6667,"name":null}]},"12":{"attachment":[{"time":2.5667,"name":"12"},{"time":2.7333,"name":null}]},"14":{"attachment":[{"time":2.8667,"name":"14"},{"time":3.0333,"name":null}]},"15":{"attachment":[{"time":2.7333,"name":"15"},{"time":2.8667,"name":null},{"time":3.2,"name":"15"},{"time":3.3667,"name":null},{"time":4.1667,"name":"15"},{"time":4.3,"name":null}]},"16":{"attachment":[{"time":4.4667,"name":"16"},{"time":4.6333,"name":null}]}}},"Sound_2":{"slots":{"2":{"attachment":[{"time":4,"name":"2"},{"time":4.1667,"name":null},{"time":4.3,"name":"2"},{"time":4.4667,"name":null}]},"3":{"attachment":[{"time":2.4,"name":"3"},{"time":2.5667,"name":null}]},"4":{"attachment":[{"time":4.6333,"name":"4"},{"time":4.8,"name":null}]},"5":{"attachment":[{"time":3.6667,"name":"5"},{"time":3.8333,"name":null}]},"7":{"attachment":[{"time":0.8,"name":null},{"time":0.9667,"name":"7"},{"time":1.6,"name":null},{"time":1.7667,"name":"7"},{"time":2.0667,"name":null},{"time":2.2333,"name":"7"},{"time":2.4,"name":null},{"time":4.8,"name":"7"}]},"8":{"attachment":[{"time":0.8,"name":"8"},{"time":0.9667,"name":null},{"time":1.6,"name":"8"},{"time":1.7667,"name":null},{"time":2.0667,"name":"8"},{"time":2.2333,"name":null}]},"9":{"attachment":[{"time":3.0333,"name":"9"},{"time":3.2,"name":null},{"time":3.3667,"name":"9"},{"time":3.5,"name":null},{"time":3.8333,"name":"9"},{"time":4,"name":null}]},"10":{"attachment":[{"time":3.5,"name":"10"},{"time":3.6667,"name":null}]},"12":{"attachment":[{"time":2.5667,"name":"12"},{"time":2.7333,"name":null}]},"14":{"attachment":[{"time":2.8667,"name":"14"},{"time":3.0333,"name":null}]},"15":{"attachment":[{"time":2.7333,"name":"15"},{"time":2.8667,"name":null},{"time":3.2,"name":"15"},{"time":3.3667,"name":null},{"time":4.1667,"name":"15"},{"time":4.3,"name":null}]},"16":{"attachment":[{"time":4.4667,"name":"16"},{"time":4.6333,"name":null}]}}}}},[0]]],0,0,[0],[-1],[0]]
