[1,["93DGbOgp1HE6SwoRvAX0VZ@6c48a"],0,[["sp.SkeletonData",["_name","_atlasText","textureNames","_skeletonJson","textures"],-1,3]],[[0,0,1,2,3,4,5]],[[0,"Sound_R_PC","\r\nSound_R_PC.png\r\nsize: 1134, 292\r\nformat: RGBA8888\r\nfilter: Linear, Linear\r\nrepeat: none\r\n1\r\n  rotate: true\r\n  xy: 2, 147\r\n  size: 143, 281\r\n  orig: 143, 281\r\n  offset: 0, 0\r\n  index: -1\r\n2\r\n  rotate: true\r\n  xy: 285, 147\r\n  size: 143, 281\r\n  orig: 143, 281\r\n  offset: 0, 0\r\n  index: -1\r\n3\r\n  rotate: true\r\n  xy: 568, 147\r\n  size: 143, 281\r\n  orig: 143, 281\r\n  offset: 0, 0\r\n  index: -1\r\n4\r\n  rotate: true\r\n  xy: 851, 147\r\n  size: 143, 281\r\n  orig: 143, 281\r\n  offset: 0, 0\r\n  index: -1\r\n5\r\n  rotate: true\r\n  xy: 2, 2\r\n  size: 143, 281\r\n  orig: 143, 281\r\n  offset: 0, 0\r\n  index: -1\r\n6\r\n  rotate: true\r\n  xy: 285, 2\r\n  size: 143, 281\r\n  orig: 143, 281\r\n  offset: 0, 0\r\n  index: -1\r\n7\r\n  rotate: true\r\n  xy: 568, 2\r\n  size: 143, 281\r\n  orig: 143, 281\r\n  offset: 0, 0\r\n  index: -1\r\n8\r\n  rotate: true\r\n  xy: 851, 2\r\n  size: 143, 281\r\n  orig: 143, 281\r\n  offset: 0, 0\r\n  index: -1\r\n",["Sound_R_PC.png"],{"skeleton":{"hash":"EkVEQxX5G0Q","spine":"3.8-from-4.0-from-4.1-from-4.2.37","x":-68.38,"y":-1.58,"width":143,"height":281,"images":"C:\\Users\\006\\Desktop\\111","audio":"./audio"},"bones":[{"name":"root"},{"name":"bone","parent":"root","x":1.54,"y":-45.22}],"slots":[{"name":"1","bone":"bone"},{"name":"2","bone":"bone"},{"name":"3","bone":"bone"},{"name":"4","bone":"bone"},{"name":"5","bone":"bone"},{"name":"6","bone":"bone","attachment":"6"},{"name":"7","bone":"bone"},{"name":"8","bone":"bone"}],"skins":[{"name":"default","attachments":{"1":{"1":{"x":1.58,"y":184.14,"width":143,"height":281}},"2":{"2":{"x":1.58,"y":184.14,"width":143,"height":281}},"3":{"3":{"x":1.58,"y":184.14,"width":143,"height":281}},"4":{"4":{"x":1.58,"y":184.14,"width":143,"height":281}},"5":{"5":{"x":1.58,"y":184.14,"width":143,"height":281}},"6":{"6":{"x":1.58,"y":184.14,"width":143,"height":281}},"7":{"7":{"x":1.58,"y":184.14,"width":143,"height":281}},"8":{"8":{"x":1.58,"y":184.14,"width":143,"height":281}}}}],"animations":{"Sound_1":{"slots":{"1":{"attachment":[{"time":3.4667,"name":"1"},{"time":3.6333,"name":null},{"time":3.7667,"name":"1"},{"time":3.9333,"name":null},{"time":4.0667,"name":"1"},{"time":4.2,"name":null},{"time":4.3333,"name":"1"},{"time":4.5,"name":null},{"time":4.6333,"name":"1"},{"time":4.8,"name":null}]},"2":{"attachment":[{"time":3.3333,"name":"2"},{"time":3.4667,"name":null},{"time":3.6333,"name":"2"},{"time":3.7667,"name":null},{"time":3.9333,"name":"2"},{"time":4.0667,"name":null},{"time":4.2,"name":"2"},{"time":4.3333,"name":null},{"time":4.5,"name":"2"},{"time":4.6333,"name":null},{"time":4.8,"name":"2"}]},"3":{"attachment":[{"time":0.2,"name":"3"},{"time":0.4,"name":null}]},"4":{"attachment":[{"time":1.0667,"name":"4"},{"time":1.1667,"name":null},{"time":1.3,"name":"4"},{"time":1.4,"name":null},{"time":1.5333,"name":"4"},{"time":1.6667,"name":null},{"time":1.8333,"name":"4"},{"time":1.9667,"name":null},{"time":2.1,"name":"4"},{"time":2.2333,"name":null},{"time":2.3667,"name":"4"},{"time":3.3333,"name":null}]},"6":{"attachment":[{"time":0.2,"name":null},{"time":0.4,"name":"6"},{"time":1.0667,"name":null}]},"7":{"attachment":[{"time":1.1667,"name":"7"},{"time":1.3,"name":null},{"time":1.4,"name":"7"},{"time":1.5333,"name":null},{"time":1.6667,"name":"7"},{"time":1.8333,"name":null},{"time":1.9667,"name":"7"},{"time":2.1,"name":null},{"time":2.2333,"name":"7"},{"time":2.3667,"name":null}]},"8":{"attachment":[{"time":2.5,"name":"8"},{"time":3.3333,"name":null}]}}},"Sound_2":{"slots":{"1":{"attachment":[{"time":3.4667,"name":"1"},{"time":3.6333,"name":null},{"time":3.7667,"name":"1"},{"time":3.9333,"name":null},{"time":4.0667,"name":"1"},{"time":4.2,"name":null},{"time":4.3333,"name":"1"},{"time":4.5,"name":null},{"time":4.6333,"name":"1"},{"time":4.8,"name":null}]},"2":{"attachment":[{"time":3.3333,"name":"2"},{"time":3.4667,"name":null},{"time":3.6333,"name":"2"},{"time":3.7667,"name":null},{"time":3.9333,"name":"2"},{"time":4.0667,"name":null},{"time":4.2,"name":"2"},{"time":4.3333,"name":null},{"time":4.5,"name":"2"},{"time":4.6333,"name":null},{"time":4.8,"name":"2"}]},"3":{"attachment":[{"time":0.2,"name":"3"},{"time":0.4,"name":null}]},"4":{"attachment":[{"time":1.0667,"name":"4"},{"time":1.1667,"name":null},{"time":1.3,"name":"4"},{"time":1.4,"name":null},{"time":1.5333,"name":"4"},{"time":1.6667,"name":null},{"time":1.8333,"name":"4"},{"time":1.9667,"name":null},{"time":2.1,"name":"4"},{"time":2.2333,"name":null},{"time":2.3667,"name":"4"},{"time":3.3333,"name":null}]},"6":{"attachment":[{"time":0.2,"name":null},{"time":0.4,"name":"6"},{"time":1.0667,"name":null}]},"7":{"attachment":[{"time":1.1667,"name":"7"},{"time":1.3,"name":null},{"time":1.4,"name":"7"},{"time":1.5333,"name":null},{"time":1.6667,"name":"7"},{"time":1.8333,"name":null},{"time":1.9667,"name":"7"},{"time":2.1,"name":null},{"time":2.2333,"name":"7"},{"time":2.3667,"name":null}]},"8":{"attachment":[{"time":2.5,"name":"8"},{"time":3.3333,"name":null}]}}}}},[0]]],0,0,[0],[-1],[0]]
