[1,["95iJ/Vg6VEMZoJoOMuDK/+@6c48a"],0,[["sp.SkeletonData",["_name","_atlasText","textureNames","_skeletonJson","textures"],-1,3]],[[0,0,1,2,3,4,5]],[[0,"am_thanh_dien_tu1","\r\nam_thanh_dien_tu1.png\r\nsize: 475, 185\r\nformat: RGBA8888\r\nfilter: Linear, Linear\r\nrepeat: none\r\n1\r\n  rotate: true\r\n  xy: 444, 59\r\n  size: 16, 22\r\n  orig: 18, 24\r\n  offset: 1, 1\r\n  index: -1\r\n10\r\n  rotate: true\r\n  xy: 288, 72\r\n  size: 111, 154\r\n  orig: 113, 156\r\n  offset: 1, 1\r\n  index: -1\r\n11\r\n  rotate: true\r\n  xy: 288, 3\r\n  size: 67, 45\r\n  orig: 69, 47\r\n  offset: 1, 1\r\n  index: -1\r\n2\r\n  rotate: true\r\n  xy: 335, 3\r\n  size: 67, 21\r\n  orig: 67, 21\r\n  offset: 0, 0\r\n  index: -1\r\n3\r\n  rotate: false\r\n  xy: 444, 131\r\n  size: 26, 52\r\n  orig: 28, 54\r\n  offset: 1, 1\r\n  index: -1\r\n4\r\n  rotate: false\r\n  xy: 444, 77\r\n  size: 26, 52\r\n  orig: 28, 54\r\n  offset: 1, 1\r\n  index: -1\r\n5\r\n  rotate: true\r\n  xy: 358, 12\r\n  size: 45, 34\r\n  orig: 47, 36\r\n  offset: 1, 1\r\n  index: -1\r\n6\r\n  rotate: false\r\n  xy: 435, 21\r\n  size: 38, 36\r\n  orig: 40, 38\r\n  offset: 1, 1\r\n  index: -1\r\n7\r\n  rotate: true\r\n  xy: 394, 37\r\n  size: 33, 39\r\n  orig: 35, 41\r\n  offset: 1, 1\r\n  index: -1\r\n8\r\n  rotate: true\r\n  xy: 394, 2\r\n  size: 33, 39\r\n  orig: 35, 41\r\n  offset: 1, 1\r\n  index: -1\r\n9\r\n  rotate: false\r\n  xy: 2, 2\r\n  size: 284, 181\r\n  orig: 286, 183\r\n  offset: 1, 1\r\n  index: -1\r\n",["am_thanh_dien_tu1.png"],{"skeleton":{"hash":"f0ze56QIWPE","spine":"3.8-from-4.0-from-4.1-from-4.2.38","x":-147.85,"y":-7.34,"width":286,"height":308,"images":"C:/Users/006/Desktop/222","audio":"../20Track 3/"},"bones":[{"name":"root"},{"name":"bone","parent":"root"},{"name":"9","parent":"bone","length":135.62,"rotation":90.72,"x":-5.76,"y":126.37},{"name":"1","parent":"9","length":17.68,"rotation":179.28,"x":63.51,"y":2.27},{"name":"3","parent":"1","rotation":-179.28,"x":-15.43,"y":42.02},{"name":"4","parent":"1","rotation":-179.28,"x":-13.71,"y":-49},{"name":"2","parent":"1","length":13.44,"x":16.06,"y":-0.47},{"name":"5","parent":"2","length":-6,"x":2.59,"y":-27.81},{"name":"6","parent":"2","length":-6,"x":1.89,"y":30.64},{"name":"7","parent":"9","length":31.06,"rotation":-121.54,"x":27.42,"y":-82.47},{"name":"8","parent":"9","length":34.28,"rotation":128.18,"x":30.37,"y":78.04}],"slots":[{"name":"11","bone":"bone","attachment":"11"},{"name":"10","bone":"bone","attachment":"10"},{"name":"9","bone":"9","attachment":"9"},{"name":"8","bone":"bone","attachment":"8"},{"name":"7","bone":"bone","attachment":"7"},{"name":"6","bone":"8","attachment":"6"},{"name":"5","bone":"7","attachment":"5"},{"name":"4","bone":"4","attachment":"4"},{"name":"3","bone":"3","attachment":"3"},{"name":"1","bone":"1","attachment":"1"},{"name":"2","bone":"2","attachment":"2"}],"skins":[{"name":"default","attachments":{"1":{"1":{"x":7.43,"y":-0.02,"rotation":90,"width":18,"height":24}},"2":{"2":{"type":"mesh","hull":4,"width":67,"height":21,"uvs":[1,1,0,1,0,0,1,0,0.04804,0.15032,0.04606,0.85581,0.95425,0.85581,0.95623,0.13142],"triangles":[7,2,3,6,7,3,4,2,7,5,2,4,6,4,7,5,4,6,1,2,5,0,6,3,5,6,0,1,5,0],"vertices":[1,6,19.37,34.45,1,1,6,19.37,-32.55,1,1,7,-4.22,-4.74,1,1,8,-3.52,3.8,1,1,7,-1.07,-1.52,1,1,6,16.34,-29.47,1,1,6,16.34,31.38,1,1,8,-0.76,0.87,1],"edges":[0,2,2,4,4,6,0,6,8,10,10,12,12,14,14,8]}},"3":{"3":{"x":-0.62,"y":0.05,"rotation":-90.72,"width":28,"height":54}},"4":{"4":{"x":-1.89,"y":0.05,"rotation":-90.72,"width":28,"height":54}},"5":{"5":{"x":17.99,"y":-2.27,"rotation":30.82,"width":47,"height":36}},"6":{"6":{"x":18.24,"y":0.83,"rotation":141.1,"width":40,"height":38}},"7":{"7":{"x":18.65,"y":79.16,"width":35,"height":41}},"8":{"8":{"x":-21.35,"y":79.16,"width":35,"height":41}},"9":{"9":{"x":82.77,"y":-1.95,"rotation":-90.72,"width":286,"height":183}},"10":{"10":{"x":-3.35,"y":70.66,"width":113,"height":156}},"11":{"11":{"x":66.65,"y":61.16,"width":69,"height":47}}}}],"events":{"1":{}},"animations":{"1_play":{"bones":{"5":{"translate":[{},{"time":0.0667,"x":-6.15},{"time":0.1667,"x":-6.84},{"time":0.3,"x":9.54},{"time":0.4667,"x":-4.55},{"time":0.5333,"x":0.89},{"time":0.6,"x":-4.55},{"time":0.6667,"x":0.89},{"time":0.7333,"x":-4.55},{"time":0.8,"x":0.89},{"time":0.8667,"x":-4.55},{"time":0.9333,"x":0.89},{"time":1,"x":-4.55},{"time":1.0667,"x":0.89},{"time":1.1333,"x":-4.55},{"time":1.2,"x":0.89},{"time":1.2667,"x":5.38},{"time":1.3667,"x":-6.84},{"time":1.5,"x":6.02},{"time":1.6667,"x":-4.55},{"time":1.7333,"x":0.89},{"time":1.8,"x":-4.55},{"time":1.8667,"x":0.89},{"time":1.9333,"x":-4.55},{"time":2,"x":0.89},{"time":2.0667,"x":-4.55},{"time":2.1333,"x":0.89},{"time":2.2,"x":-4.55},{"time":2.2667,"x":0.89},{"time":2.3333,"x":-4.55},{"time":2.4,"x":0.89},{"time":2.5667,"x":5.38},{"time":2.6333,"x":-6.84},{"time":2.7667,"x":6.02},{"time":2.9333,"x":-4.55},{"time":3,"x":0.89},{"time":3.0667,"x":-4.55},{"time":3.1333,"x":0.89},{"time":3.2,"x":-4.55},{"time":3.2667,"x":0.89},{"time":3.3333,"x":-4.55},{"time":3.4,"x":0.89},{"time":3.4667,"x":-4.55},{"time":3.5333,"x":0.89},{"time":3.6,"x":-4.55},{"time":3.6667,"x":0.89},{"time":3.8,"x":5.38},{"time":3.8667,"x":-6.84},{"time":4,"x":6.02},{"time":4.1667,"x":-4.55},{"time":4.2333,"x":0.89},{"time":4.3,"x":-4.55},{"time":4.3667,"x":0.89},{"time":4.4333,"x":-4.55},{"time":4.5,"x":0.89},{"time":4.5667,"x":-4.55},{"time":4.6333,"x":0.89},{"time":4.7,"x":-4.55},{"time":4.7667,"x":0.89},{"time":4.8333,"x":-4.55},{"time":4.9,"x":0.89},{"time":5.0333,"x":5.38},{"time":5.1333,"x":-6.84},{"time":5.2333,"x":6.02},{"time":5.4333,"x":-4.55},{"time":5.5,"x":0.89},{"time":5.5667,"x":-4.55},{"time":5.6333,"x":0.89},{"time":5.7,"x":-4.55},{"time":5.7667,"x":0.89},{"time":5.8333,"x":-4.55},{"time":5.9,"x":0.89},{"time":5.9667,"x":-4.55},{"time":6.0333,"x":0.89},{"time":6.1,"x":-4.55},{"time":6.1667,"x":0.89},{"time":6.3,"x":5.38},{"time":6.3667,"x":-6.84},{"time":6.5,"x":6.02},{"time":6.6667,"x":-4.55},{"time":6.7333,"x":0.89},{"time":6.8,"x":-4.55},{"time":6.8667,"x":0.89},{"time":6.9333,"x":-4.55},{"time":7,"x":0.89},{"time":7.0667,"x":-4.55},{"time":7.1333,"x":0.89},{"time":7.2,"x":-4.55},{"time":7.2667,"x":0.89},{"time":7.3333,"x":-4.55},{"time":7.4,"x":0.89},{"time":7.6,"x":5.38},{"time":7.6667,"x":-6.84},{"time":7.8,"x":6.02},{"time":7.9667,"x":-4.55},{"time":8.0333,"x":0.89},{"time":8.1,"x":-4.55},{"time":8.1667,"x":0.89},{"time":8.2333,"x":-4.55},{"time":8.3,"x":0.89},{"time":8.3667,"x":-4.55},{"time":8.4333,"x":0.89},{"time":8.5,"x":-4.55},{"time":8.5667,"x":0.89},{"time":8.6333,"x":-4.55},{"time":8.7,"x":0.89},{"time":8.8333,"x":5.38},{"time":8.9,"x":-6.84},{"time":9,"x":6.02},{"time":9.0667,"x":-3.41},{"time":9.2333,"x":-4.55},{"time":9.3,"x":0.89},{"time":9.3667,"x":-4.55},{"time":9.4333,"x":0.89},{"time":9.5,"x":-4.55},{"time":9.5667,"x":0.89},{"time":9.6333,"x":-4.55},{"time":9.7,"x":0.89},{"time":9.7667,"x":-4.55},{"time":9.8333,"x":0.89},{"time":9.9,"x":-4.55},{"time":9.9667,"x":0.89}]},"6":{"translate":[{"x":9.66},{"time":0.0667,"x":6.45},{"time":0.1667,"x":11.58},{"time":0.2667,"x":-2.52},{"time":0.4,"x":9.66,"curve":"stepped"},{"time":0.7,"x":9.66},{"time":0.7667,"x":-2.52},{"time":0.8667,"x":9.66,"curve":"stepped"},{"time":1.2333,"x":9.66},{"time":1.3,"x":-2.52},{"time":1.3667,"x":9.66,"curve":"stepped"},{"time":1.4333,"x":9.66},{"time":1.5,"x":-2.52},{"time":1.5667,"x":9.66,"curve":"stepped"},{"time":2.5333,"x":9.66},{"time":2.6,"x":-2.52},{"time":2.6667,"x":9.66,"curve":"stepped"},{"time":2.7,"x":9.66},{"time":2.7667,"x":-2.52},{"time":2.8333,"x":9.66,"curve":"stepped"},{"time":3.1333,"x":9.66},{"time":3.2,"x":-2.52},{"time":3.2667,"x":9.66,"curve":"stepped"},{"time":3.7667,"x":9.66},{"time":3.8333,"x":-2.52},{"time":3.9,"x":9.66,"curve":"stepped"},{"time":3.9333,"x":9.66},{"time":4,"x":-2.52},{"time":4.0667,"x":9.66,"curve":"stepped"},{"time":4.4,"x":9.66},{"time":4.4667,"x":-2.52},{"time":4.5333,"x":9.66,"curve":"stepped"},{"time":4.5667,"x":9.66},{"time":4.6333,"x":-2.52},{"time":4.7,"x":9.66,"curve":"stepped"},{"time":4.9667,"x":9.66},{"time":5.0333,"x":-2.52},{"time":5.1,"x":9.66,"curve":"stepped"},{"time":5.1333,"x":9.66},{"time":5.2,"x":-2.52},{"time":5.2667,"x":9.66,"curve":"stepped"},{"time":5.3667,"x":9.66},{"time":5.4333,"x":-2.52},{"time":5.5,"x":9.66,"curve":"stepped"},{"time":5.5333,"x":9.66},{"time":5.6,"x":-2.52},{"time":5.6667,"x":9.66,"curve":"stepped"},{"time":6.3,"x":9.66},{"time":6.3667,"x":-2.52},{"time":6.4333,"x":9.66,"curve":"stepped"},{"time":6.5,"x":9.66},{"time":6.5667,"x":-2.52},{"time":6.6333,"x":9.66,"curve":"stepped"},{"time":7.6,"x":9.66},{"time":7.6667,"x":-2.52},{"time":7.7333,"x":9.66,"curve":"stepped"},{"time":7.8,"x":9.66},{"time":7.8667,"x":-2.52},{"time":7.9333,"x":9.66,"curve":"stepped"},{"time":8.2333,"x":9.66},{"time":8.3,"x":-2.52},{"time":8.3667,"x":9.66,"curve":"stepped"},{"time":8.8333,"x":9.66},{"time":8.9,"x":-2.52},{"time":8.9667,"x":9.66,"curve":"stepped"},{"time":9,"x":9.66},{"time":9.0667,"x":-2.52},{"time":9.1333,"x":9.66,"curve":"stepped"},{"time":9.1667,"x":9.66},{"time":9.2333,"x":-2.52},{"time":9.3,"x":9.66,"curve":"stepped"},{"time":9.3333,"x":9.66},{"time":9.4,"x":-2.52},{"time":9.4667,"x":9.66,"curve":"stepped"},{"time":9.5,"x":9.66},{"time":9.5667,"x":-2.52},{"time":9.6333,"x":9.66}]},"7":{"rotate":[{},{"time":0.0667,"angle":27.84},{"time":0.2},{"time":0.2667,"angle":27.84},{"time":0.3333},{"time":0.4,"angle":27.84},{"time":0.4667},{"time":0.5333,"angle":27.84},{"time":0.6333},{"time":0.7,"angle":27.84},{"time":0.8},{"time":0.8667,"angle":27.84},{"time":1.2333},{"time":1.3,"angle":27.84},{"time":1.4667},{"time":1.5333,"angle":27.84},{"time":1.6},{"time":1.6667,"angle":27.84},{"time":1.7667},{"time":1.8333,"angle":27.84},{"time":2.5333},{"time":2.6,"angle":27.84},{"time":2.7},{"time":2.7667,"angle":27.84},{"time":3.1333},{"time":3.2,"angle":27.84},{"time":3.5},{"time":3.5667,"angle":27.84},{"time":3.7667},{"time":3.8333,"angle":27.84},{"time":3.9333},{"time":4,"angle":27.84},{"time":4.0667},{"time":4.1333,"angle":27.84},{"time":4.2333},{"time":4.3,"angle":27.84},{"time":4.4},{"time":4.4667,"angle":27.84},{"time":4.5667},{"time":4.6333,"angle":27.84},{"time":4.7333},{"time":4.8,"angle":27.84},{"time":4.9},{"time":4.9667,"angle":27.84},{"time":5.0667},{"time":5.1333,"angle":27.84},{"time":5.2333},{"time":5.3,"angle":27.84},{"time":5.3667},{"time":5.4333,"angle":27.84},{"time":5.5},{"time":5.5667,"angle":27.84},{"time":5.6667},{"time":5.7333,"angle":27.84},{"time":5.8667},{"time":5.9333,"angle":27.84},{"time":6.3},{"time":6.3667,"angle":27.84},{"time":6.4667},{"time":6.5333,"angle":27.84},{"time":6.6333},{"time":6.7,"angle":27.84},{"time":7.6},{"time":7.6667,"angle":27.84},{"time":7.7333},{"time":7.8,"angle":27.84},{"time":7.9},{"time":7.9667,"angle":27.84},{"time":8.8333},{"time":8.9,"angle":27.84},{"time":9},{"time":9.0667,"angle":27.84},{"time":9.1667},{"time":9.2333,"angle":27.84},{"time":9.3},{"time":9.3667,"angle":27.84},{"time":9.4667},{"time":9.5333,"angle":27.84},{"time":9.6333},{"time":9.7,"angle":27.84},{"time":9.8},{"time":9.8667,"angle":27.84},{"time":9.9333},{"time":10,"angle":27.84}]},"8":{"rotate":[{},{"time":0.0667,"angle":-31.17},{"time":0.2},{"time":0.2667,"angle":-31.17},{"time":0.3333},{"time":0.4,"angle":-31.17},{"time":0.4667},{"time":0.5333,"angle":-31.17},{"time":0.6333},{"time":0.7,"angle":-31.17},{"time":0.8},{"time":0.8667,"angle":-31.17},{"time":1.2333},{"time":1.3,"angle":-31.17},{"time":1.4667},{"time":1.5333,"angle":-31.17},{"time":1.6},{"time":1.6667,"angle":-31.17},{"time":1.7667},{"time":1.8333,"angle":-31.17},{"time":2.5333},{"time":2.6,"angle":-31.17},{"time":2.7},{"time":2.7667,"angle":-31.17},{"time":3.1333},{"time":3.2,"angle":-31.17},{"time":3.5},{"time":3.5667,"angle":-31.17},{"time":3.7667},{"time":3.8333,"angle":-31.17},{"time":3.9333},{"time":4,"angle":-31.17},{"time":4.0667},{"time":4.1333,"angle":-31.17},{"time":4.2333},{"time":4.3,"angle":-31.17},{"time":4.4},{"time":4.4667,"angle":-31.17},{"time":4.5667},{"time":4.6333,"angle":-31.17},{"time":4.7333},{"time":4.8,"angle":-31.17},{"time":4.9},{"time":4.9667,"angle":-31.17},{"time":5.0667},{"time":5.1333,"angle":-31.17},{"time":5.2333},{"time":5.3,"angle":-31.17},{"time":5.3667},{"time":5.4333,"angle":-31.17},{"time":5.5},{"time":5.5667,"angle":-31.17},{"time":5.6667},{"time":5.7333,"angle":-31.17},{"time":5.8667},{"time":5.9333,"angle":-31.17},{"time":6.3},{"time":6.3667,"angle":-31.17},{"time":6.4667},{"time":6.5333,"angle":-31.17},{"time":6.6333},{"time":6.7,"angle":-31.17},{"time":7.6},{"time":7.6667,"angle":-31.17},{"time":7.7333},{"time":7.8,"angle":-31.17},{"time":7.9},{"time":7.9667,"angle":-31.17},{"time":8.8333},{"time":8.9,"angle":-31.17},{"time":9},{"time":9.0667,"angle":-31.17},{"time":9.1667},{"time":9.2333,"angle":-31.17},{"time":9.3},{"time":9.3667,"angle":-31.17},{"time":9.4667},{"time":9.5333,"angle":-31.17},{"time":9.6333},{"time":9.7,"angle":-31.17},{"time":9.8},{"time":9.8667,"angle":-31.17},{"time":9.9333},{"time":10,"angle":-31.17}]},"9":{"translate":[{},{"time":0.0667,"x":0.05,"y":-3.84,"curve":"stepped"},{"time":0.1667,"x":0.05,"y":-3.84},{"time":0.2333,"curve":"stepped"},{"time":0.4667},{"time":0.5333,"x":0.02,"y":-1.92},{"time":0.6},{"time":0.6667,"x":0.02,"y":-1.92},{"time":0.7333},{"time":0.8,"x":0.02,"y":-1.92},{"time":0.8667},{"time":0.9333,"x":0.02,"y":-1.92},{"time":1},{"time":1.0667,"x":0.02,"y":-1.92},{"time":1.1333},{"time":1.2,"x":0.02,"y":-1.92},{"time":1.3,"curve":"stepped"},{"time":1.6333},{"time":1.7,"x":0.02,"y":-1.92},{"time":1.7667},{"time":1.8333,"x":0.02,"y":-1.92},{"time":1.9},{"time":1.9667,"x":0.02,"y":-1.92},{"time":2.0333},{"time":2.1,"x":0.02,"y":-1.92},{"time":2.1667},{"time":2.2333,"x":0.02,"y":-1.92},{"time":2.3},{"time":2.3667,"x":0.02,"y":-1.92},{"time":2.4333},{"time":2.5,"x":0.02,"y":-1.92},{"time":2.6,"curve":"stepped"},{"time":2.7},{"time":2.7667,"x":0.02,"y":-1.92},{"time":2.8333,"curve":"stepped"},{"time":3.1333},{"time":3.2,"x":0.02,"y":-1.92},{"time":3.2667,"curve":"stepped"},{"time":3.5},{"time":3.5667,"x":0.02,"y":-1.92},{"time":3.6333,"curve":"stepped"},{"time":3.7667},{"time":3.8333,"x":0.02,"y":-1.92},{"time":3.9,"curve":"stepped"},{"time":3.9333},{"time":4,"x":0.02,"y":-1.92},{"time":4.0667,"curve":"stepped"},{"time":4.1},{"time":4.1667,"x":0.02,"y":-1.92},{"time":4.2333,"curve":"stepped"},{"time":4.2667},{"time":4.3333,"x":0.02,"y":-1.92},{"time":4.4,"curve":"stepped"},{"time":4.4333},{"time":4.5,"x":0.02,"y":-1.92},{"time":4.5667,"curve":"stepped"},{"time":4.6},{"time":4.6667,"x":0.02,"y":-1.92},{"time":4.7333,"curve":"stepped"},{"time":4.7667},{"time":4.8333,"x":0.02,"y":-1.92},{"time":4.9,"curve":"stepped"},{"time":4.9333},{"time":5,"x":0.02,"y":-1.92},{"time":5.0667,"curve":"stepped"},{"time":5.1},{"time":5.1667,"x":0.02,"y":-1.92},{"time":5.2333,"curve":"stepped"},{"time":5.2667},{"time":5.3333,"x":0.02,"y":-1.92},{"time":5.4,"curve":"stepped"},{"time":5.5},{"time":5.5667,"x":0.02,"y":-1.92},{"time":5.6333,"curve":"stepped"},{"time":5.6667},{"time":5.7333,"x":0.02,"y":-1.92},{"time":5.8,"curve":"stepped"},{"time":5.8667},{"time":5.9333,"x":0.02,"y":-1.92},{"time":6,"curve":"stepped"},{"time":6.3},{"time":6.3667,"x":0.02,"y":-1.92},{"time":6.4333,"curve":"stepped"},{"time":6.4667},{"time":6.5333,"x":0.02,"y":-1.92},{"time":6.6,"curve":"stepped"},{"time":6.6333},{"time":6.7,"x":0.02,"y":-1.92},{"time":6.7667},{"time":6.8333,"x":0.02,"y":-1.92},{"time":6.9},{"time":6.9667,"x":0.02,"y":-1.92},{"time":7.0333},{"time":7.1,"x":0.02,"y":-1.92},{"time":7.1667},{"time":7.2333,"x":0.02,"y":-1.92},{"time":7.3},{"time":7.3667,"x":0.02,"y":-1.92},{"time":7.4333},{"time":7.5,"x":0.02,"y":-1.92},{"time":7.6},{"time":7.6667,"x":0.02,"y":-1.92},{"time":7.7333,"curve":"stepped"},{"time":7.7667},{"time":7.8333,"x":0.02,"y":-1.92},{"time":7.9,"curve":"stepped"},{"time":7.9333},{"time":8,"x":0.02,"y":-1.92},{"time":8.0667,"curve":"stepped"},{"time":8.8333},{"time":8.9,"x":0.02,"y":-1.92},{"time":8.9667,"curve":"stepped"},{"time":9},{"time":9.0667,"x":0.02,"y":-1.92},{"time":9.1333,"curve":"stepped"},{"time":9.1667},{"time":9.2333,"x":0.02,"y":-1.92},{"time":9.3,"curve":"stepped"},{"time":9.3333},{"time":9.4,"x":0.02,"y":-1.92},{"time":9.4667,"curve":"stepped"},{"time":9.5},{"time":9.5667,"x":0.02,"y":-1.92},{"time":9.6333,"curve":"stepped"},{"time":9.6667},{"time":9.7333,"x":0.02,"y":-1.92},{"time":9.8,"curve":"stepped"},{"time":9.8333},{"time":9.9,"x":0.02,"y":-1.92},{"time":9.9667}]},"bone":{"translate":[{"time":10.1}]}},"events":[{"time":0.0667,"name":"1"},{"time":0.2333,"name":"1"},{"time":0.3667,"name":"1"},{"time":0.5,"name":"1"},{"time":0.7,"name":"1"},{"time":0.8333,"name":"1"},{"time":1.3,"name":"1"},{"time":1.5,"name":"1"},{"time":1.6667,"name":"1"},{"time":1.8333,"name":"1"},{"time":2.6,"name":"1"},{"time":2.7667,"name":"1"},{"time":3.2,"name":"1"},{"time":3.5667,"name":"1"},{"time":3.8333,"name":"1"},{"time":4,"name":"1"},{"time":4.1333,"name":"1"},{"time":4.3,"name":"1"},{"time":4.4667,"name":"1"},{"time":4.6333,"name":"1"},{"time":4.8,"name":"1"},{"time":4.9667,"name":"1"},{"time":5.1333,"name":"1"},{"time":5.3,"name":"1"},{"time":5.4333,"name":"1"},{"time":5.5667,"name":"1"},{"time":5.7333,"name":"1"},{"time":5.9333,"name":"1"},{"time":6.3667,"name":"1"},{"time":6.5333,"name":"1"},{"time":6.7,"name":"1"},{"time":7.6667,"name":"1"},{"time":7.8,"name":"1"},{"time":7.9667,"name":"1"},{"time":8.9,"name":"1"},{"time":9.0667,"name":"1"},{"time":9.2333,"name":"1"},{"time":9.3667,"name":"1"},{"time":9.5333,"name":"1"},{"time":9.7,"name":"1"},{"time":9.8667,"name":"1"},{"time":10,"name":"1"}]},"2_idle":{}}},[0]]],0,0,[0],[-1],[0]]
