[1,["23irZ+pF1JXIC/rAW7f7CR@6c48a"],0,[["sp.SkeletonData",["_name","_atlasText","textureNames","_skeletonJson","textures"],-1,3]],[[0,0,1,2,3,4,5]],[[0,"Sound_2_Tree","\r\nSound_2_Tree.png\r\nsize: 277, 549\r\nformat: RGBA8888\r\nfilter: Linear, Linear\r\nrepeat: none\r\n5\r\n  rotate: false\r\n  xy: 2, 2\r\n  size: 273, 545\r\n  orig: 273, 545\r\n  offset: 0, 0\r\n  index: -1\r\n",["Sound_2_Tree.png"],{"skeleton":{"hash":"8+zbUGct6Ww","spine":"3.8-from-4.0-from-4.1-from-4.2.38","x":-89.2,"y":-0.9,"width":186.24,"height":371.8,"images":"C:\\Users\\006\\Desktop\\222","audio":"./audio"},"bones":[{"name":"root"},{"name":"bone","parent":"root","x":2.36,"y":-57.78,"scaleX":0.6822,"scaleY":0.6822}],"slots":[{"name":"5","bone":"bone","attachment":"5"}],"skins":[{"name":"default","attachments":{"5":{"5":{"x":2.28,"y":355.87,"width":273,"height":545}}}}],"animations":{"Sound_1":{"bones":{"bone":{"translate":[{"y":5.13,"curve":"stepped"},{"time":0.0333,"x":-2.57,"y":5.13,"curve":"stepped"},{"time":0.0667,"y":5.13,"curve":"stepped"},{"time":0.1,"x":-2.57,"y":5.13,"curve":"stepped"},{"time":0.1333,"y":5.13,"curve":"stepped"},{"time":0.1667,"x":-2.57,"y":5.13,"curve":"stepped"},{"time":0.2,"y":5.13,"curve":"stepped"},{"time":0.2333,"x":-2.57,"y":5.13,"curve":"stepped"},{"time":0.2667,"y":5.13,"curve":"stepped"},{"time":0.3,"x":-2.57,"y":5.13,"curve":"stepped"},{"time":0.3333,"y":5.13,"curve":"stepped"},{"time":0.3667,"x":-2.57,"y":5.13,"curve":"stepped"},{"time":0.4,"y":5.13,"curve":"stepped"},{"time":0.4333,"x":-2.57,"y":5.13,"curve":"stepped"},{"time":0.4667,"y":5.13,"curve":"stepped"},{"time":0.5,"x":-2.57,"y":5.13,"curve":"stepped"},{"time":0.5333,"y":5.13,"curve":"stepped"},{"time":0.5667,"x":-2.57,"y":5.13,"curve":"stepped"},{"time":0.6,"y":5.13,"curve":"stepped"},{"time":0.6333,"x":-2.57,"y":5.13,"curve":"stepped"},{"time":0.6667,"y":5.13,"curve":"stepped"},{"time":0.7,"x":-2.57,"y":5.13,"curve":"stepped"},{"time":0.7333,"y":5.13,"curve":"stepped"},{"time":0.7667,"x":-2.57,"y":5.13,"curve":"stepped"},{"time":0.8,"y":5.13,"curve":"stepped"},{"time":0.8333,"x":-2.57,"y":5.13,"curve":"stepped"},{"time":0.8667,"y":5.13,"curve":"stepped"},{"time":0.9,"x":-2.57,"y":5.13,"curve":"stepped"},{"time":0.9333,"y":5.13,"curve":"stepped"},{"time":0.9667,"x":-2.57,"y":5.13,"curve":"stepped"},{"time":1,"y":5.13,"curve":"stepped"},{"time":1.0333,"x":-2.57,"y":5.13,"curve":"stepped"},{"time":1.0667,"y":5.13,"curve":"stepped"},{"time":1.1,"x":-2.57,"y":5.13,"curve":"stepped"},{"time":1.1333,"y":5.13,"curve":"stepped"},{"time":1.1667,"x":-2.57,"y":5.13,"curve":"stepped"},{"time":1.2,"y":5.13,"curve":"stepped"},{"time":1.2333,"x":-2.57,"y":5.13,"curve":"stepped"},{"time":1.2667,"y":-3.85,"curve":"stepped"},{"time":1.3,"x":2.57,"y":-3.85,"curve":"stepped"},{"time":1.3333,"y":-3.85,"curve":"stepped"},{"time":1.3667,"x":2.57,"y":-3.85,"curve":"stepped"},{"time":1.4,"y":-3.85,"curve":"stepped"},{"time":1.4333,"x":2.57,"y":-3.85,"curve":"stepped"},{"time":1.4667,"y":-3.85,"curve":"stepped"},{"time":1.5,"x":2.57,"y":-3.85,"curve":"stepped"},{"time":1.5333,"y":-3.85,"curve":"stepped"},{"time":1.5667,"x":2.57,"y":-3.85,"curve":"stepped"},{"time":1.6,"y":-3.85,"curve":"stepped"},{"time":1.6333,"x":2.57,"y":-3.85,"curve":"stepped"},{"time":1.6667,"y":-3.85,"curve":"stepped"},{"time":1.7,"x":2.57,"y":-3.85,"curve":"stepped"},{"time":1.7333,"y":-3.85,"curve":"stepped"},{"time":1.7667,"x":2.57,"y":-3.85,"curve":"stepped"},{"time":1.8,"y":-3.85,"curve":"stepped"},{"time":1.8333,"x":2.57,"y":-3.85,"curve":"stepped"},{"time":1.8667,"y":-3.85,"curve":"stepped"},{"time":1.9,"x":2.57,"y":-3.85,"curve":"stepped"},{"time":1.9333,"y":5.13,"curve":"stepped"},{"time":1.9667,"x":-2.57,"y":5.13,"curve":"stepped"},{"time":2,"y":5.13,"curve":"stepped"},{"time":2.0333,"x":-2.57,"y":5.13,"curve":"stepped"},{"time":2.0667,"y":5.13,"curve":"stepped"},{"time":2.1,"x":-2.57,"y":5.13,"curve":"stepped"},{"time":2.1333,"y":5.13,"curve":"stepped"},{"time":2.1667,"x":-2.57,"y":5.13,"curve":"stepped"},{"time":2.2,"y":5.13,"curve":"stepped"},{"time":2.2333,"x":-2.57,"y":5.13,"curve":"stepped"},{"time":2.2667,"y":5.13,"curve":"stepped"},{"time":2.3,"x":1.66,"curve":"stepped"},{"time":2.3333,"curve":"stepped"},{"time":2.3667,"x":-2.49,"curve":"stepped"},{"time":2.4,"curve":"stepped"},{"time":2.4333,"x":1.66,"curve":"stepped"},{"time":2.4667,"curve":"stepped"},{"time":2.5,"x":-2.49,"curve":"stepped"},{"time":2.5333,"curve":"stepped"},{"time":2.5667,"x":1.66,"curve":"stepped"},{"time":2.6,"curve":"stepped"},{"time":2.6333,"x":-2.49,"curve":"stepped"},{"time":2.6667,"curve":"stepped"},{"time":2.7,"x":1.66,"curve":"stepped"},{"time":2.7333,"curve":"stepped"},{"time":2.7667,"x":-2.49,"curve":"stepped"},{"time":2.8,"y":5.13,"curve":"stepped"},{"time":2.8333,"x":-2.57,"y":5.13,"curve":"stepped"},{"time":2.8667,"y":5.13,"curve":"stepped"},{"time":2.9,"x":-2.57,"y":5.13,"curve":"stepped"},{"time":2.9333,"y":5.13,"curve":"stepped"},{"time":2.9667,"x":-2.57,"y":5.13,"curve":"stepped"},{"time":3,"y":5.13,"curve":"stepped"},{"time":3.0333,"x":-2.57,"y":5.13,"curve":"stepped"},{"time":3.0667,"y":5.13,"curve":"stepped"},{"time":3.1,"x":-2.57,"y":5.13,"curve":"stepped"},{"time":3.1333,"y":5.13,"curve":"stepped"},{"time":3.1667,"x":-2.57,"y":5.13,"curve":"stepped"},{"time":3.2,"y":5.13,"curve":"stepped"},{"time":3.2333,"x":-2.57,"y":5.13,"curve":"stepped"},{"time":3.2667,"y":5.13,"curve":"stepped"},{"time":3.3,"x":-2.57,"y":5.13,"curve":"stepped"},{"time":3.3333,"y":5.13,"curve":"stepped"},{"time":3.3667,"x":-2.57,"y":5.13,"curve":"stepped"},{"time":3.4,"y":5.13,"curve":"stepped"},{"time":3.4333,"x":-2.57,"y":5.13,"curve":"stepped"},{"time":3.4667,"y":5.13,"curve":"stepped"},{"time":3.5,"x":-2.57,"y":5.13,"curve":"stepped"},{"time":3.5333,"y":5.13,"curve":"stepped"},{"time":3.5667,"x":-2.57,"y":5.13,"curve":"stepped"},{"time":3.6,"y":5.13,"curve":"stepped"},{"time":3.6333,"x":-2.57,"y":5.13,"curve":"stepped"},{"time":3.6667,"y":5.13,"curve":"stepped"},{"time":3.7,"x":-2.57,"y":5.13,"curve":"stepped"},{"time":3.7333,"y":5.13,"curve":"stepped"},{"time":3.7667,"x":-2.57,"y":5.13,"curve":"stepped"},{"time":3.8,"y":5.13,"curve":"stepped"},{"time":3.8333,"x":-2.49,"curve":"stepped"},{"time":3.8667,"curve":"stepped"},{"time":3.9,"x":1.66,"curve":"stepped"},{"time":3.9333,"curve":"stepped"},{"time":3.9667,"x":-2.49,"curve":"stepped"},{"time":4,"curve":"stepped"},{"time":4.0333,"x":1.66,"curve":"stepped"},{"time":4.0667,"curve":"stepped"},{"time":4.1,"x":-2.49,"curve":"stepped"},{"time":4.1333,"curve":"stepped"},{"time":4.1667,"x":1.66,"curve":"stepped"},{"time":4.2,"curve":"stepped"},{"time":4.2333,"x":-2.49,"curve":"stepped"},{"time":4.2667,"curve":"stepped"},{"time":4.3,"x":1.66,"curve":"stepped"},{"time":4.3333,"curve":"stepped"},{"time":4.3667,"x":-2.49,"curve":"stepped"},{"time":4.4,"curve":"stepped"},{"time":4.4333,"x":1.66,"curve":"stepped"},{"time":4.4667,"y":-3.85,"curve":"stepped"},{"time":4.5,"x":2.57,"y":-3.85,"curve":"stepped"},{"time":4.5333,"y":-3.85,"curve":"stepped"},{"time":4.5667,"x":2.57,"y":-3.85,"curve":"stepped"},{"time":4.6,"y":-3.85,"curve":"stepped"},{"time":4.6333,"x":2.57,"y":-3.85,"curve":"stepped"},{"time":4.6667,"y":-3.85,"curve":"stepped"},{"time":4.7,"x":2.57,"y":-3.85,"curve":"stepped"},{"time":4.7333,"y":-3.85,"curve":"stepped"},{"time":4.7667,"x":2.57,"y":-3.85,"curve":"stepped"},{"time":4.8,"y":-3.85}]}}},"Sound_2":{"bones":{"bone":{"translate":[{"y":5.13,"curve":"stepped"},{"time":0.0333,"x":-2.57,"y":5.13,"curve":"stepped"},{"time":0.0667,"y":5.13,"curve":"stepped"},{"time":0.1,"x":-2.57,"y":5.13,"curve":"stepped"},{"time":0.1333,"y":5.13,"curve":"stepped"},{"time":0.1667,"x":-2.57,"y":5.13,"curve":"stepped"},{"time":0.2,"y":5.13,"curve":"stepped"},{"time":0.2333,"x":-2.57,"y":5.13,"curve":"stepped"},{"time":0.2667,"y":5.13,"curve":"stepped"},{"time":0.3,"x":-2.57,"y":5.13,"curve":"stepped"},{"time":0.3333,"y":5.13,"curve":"stepped"},{"time":0.3667,"x":-2.57,"y":5.13,"curve":"stepped"},{"time":0.4,"y":5.13,"curve":"stepped"},{"time":0.4333,"x":-2.57,"y":5.13,"curve":"stepped"},{"time":0.4667,"y":5.13,"curve":"stepped"},{"time":0.5,"x":-2.57,"y":5.13,"curve":"stepped"},{"time":0.5333,"y":5.13,"curve":"stepped"},{"time":0.5667,"x":-2.57,"y":5.13,"curve":"stepped"},{"time":0.6,"y":5.13,"curve":"stepped"},{"time":0.6333,"x":-2.57,"y":5.13,"curve":"stepped"},{"time":0.6667,"y":5.13,"curve":"stepped"},{"time":0.7,"x":-2.57,"y":5.13,"curve":"stepped"},{"time":0.7333,"y":5.13,"curve":"stepped"},{"time":0.7667,"x":-2.57,"y":5.13,"curve":"stepped"},{"time":0.8,"y":5.13,"curve":"stepped"},{"time":0.8333,"x":-2.57,"y":5.13,"curve":"stepped"},{"time":0.8667,"y":5.13,"curve":"stepped"},{"time":0.9,"x":-2.57,"y":5.13,"curve":"stepped"},{"time":0.9333,"y":5.13,"curve":"stepped"},{"time":0.9667,"x":-2.57,"y":5.13,"curve":"stepped"},{"time":1,"y":5.13,"curve":"stepped"},{"time":1.0333,"x":-2.57,"y":5.13,"curve":"stepped"},{"time":1.0667,"y":5.13,"curve":"stepped"},{"time":1.1,"x":-2.57,"y":5.13,"curve":"stepped"},{"time":1.1333,"y":5.13,"curve":"stepped"},{"time":1.1667,"x":-2.57,"y":5.13,"curve":"stepped"},{"time":1.2,"y":5.13,"curve":"stepped"},{"time":1.2333,"x":-2.57,"y":5.13,"curve":"stepped"},{"time":1.2667,"y":-3.85,"curve":"stepped"},{"time":1.3,"x":2.57,"y":-3.85,"curve":"stepped"},{"time":1.3333,"y":-3.85,"curve":"stepped"},{"time":1.3667,"x":2.57,"y":-3.85,"curve":"stepped"},{"time":1.4,"y":-3.85,"curve":"stepped"},{"time":1.4333,"x":2.57,"y":-3.85,"curve":"stepped"},{"time":1.4667,"y":-3.85,"curve":"stepped"},{"time":1.5,"x":2.57,"y":-3.85,"curve":"stepped"},{"time":1.5333,"y":-3.85,"curve":"stepped"},{"time":1.5667,"x":2.57,"y":-3.85,"curve":"stepped"},{"time":1.6,"y":-3.85,"curve":"stepped"},{"time":1.6333,"x":2.57,"y":-3.85,"curve":"stepped"},{"time":1.6667,"y":-3.85,"curve":"stepped"},{"time":1.7,"x":2.57,"y":-3.85,"curve":"stepped"},{"time":1.7333,"y":-3.85,"curve":"stepped"},{"time":1.7667,"x":2.57,"y":-3.85,"curve":"stepped"},{"time":1.8,"y":-3.85,"curve":"stepped"},{"time":1.8333,"x":2.57,"y":-3.85,"curve":"stepped"},{"time":1.8667,"y":-3.85,"curve":"stepped"},{"time":1.9,"x":2.57,"y":-3.85,"curve":"stepped"},{"time":1.9333,"y":5.13,"curve":"stepped"},{"time":1.9667,"x":-2.57,"y":5.13,"curve":"stepped"},{"time":2,"y":5.13,"curve":"stepped"},{"time":2.0333,"x":-2.57,"y":5.13,"curve":"stepped"},{"time":2.0667,"y":5.13,"curve":"stepped"},{"time":2.1,"x":-2.57,"y":5.13,"curve":"stepped"},{"time":2.1333,"y":5.13,"curve":"stepped"},{"time":2.1667,"x":-2.57,"y":5.13,"curve":"stepped"},{"time":2.2,"y":5.13,"curve":"stepped"},{"time":2.2333,"x":-2.57,"y":5.13,"curve":"stepped"},{"time":2.2667,"y":5.13,"curve":"stepped"},{"time":2.3,"x":1.66,"curve":"stepped"},{"time":2.3333,"curve":"stepped"},{"time":2.3667,"x":-2.49,"curve":"stepped"},{"time":2.4,"curve":"stepped"},{"time":2.4333,"x":1.66,"curve":"stepped"},{"time":2.4667,"curve":"stepped"},{"time":2.5,"x":-2.49,"curve":"stepped"},{"time":2.5333,"curve":"stepped"},{"time":2.5667,"x":1.66,"curve":"stepped"},{"time":2.6,"curve":"stepped"},{"time":2.6333,"x":-2.49,"curve":"stepped"},{"time":2.6667,"curve":"stepped"},{"time":2.7,"x":1.66,"curve":"stepped"},{"time":2.7333,"curve":"stepped"},{"time":2.7667,"x":-2.49,"curve":"stepped"},{"time":2.8,"y":5.13,"curve":"stepped"},{"time":2.8333,"x":-2.57,"y":5.13,"curve":"stepped"},{"time":2.8667,"y":5.13,"curve":"stepped"},{"time":2.9,"x":-2.57,"y":5.13,"curve":"stepped"},{"time":2.9333,"y":5.13,"curve":"stepped"},{"time":2.9667,"x":-2.57,"y":5.13,"curve":"stepped"},{"time":3,"y":5.13,"curve":"stepped"},{"time":3.0333,"x":-2.57,"y":5.13,"curve":"stepped"},{"time":3.0667,"y":5.13,"curve":"stepped"},{"time":3.1,"x":-2.57,"y":5.13,"curve":"stepped"},{"time":3.1333,"y":5.13,"curve":"stepped"},{"time":3.1667,"x":-2.57,"y":5.13,"curve":"stepped"},{"time":3.2,"y":5.13,"curve":"stepped"},{"time":3.2333,"x":-2.57,"y":5.13,"curve":"stepped"},{"time":3.2667,"y":5.13,"curve":"stepped"},{"time":3.3,"x":-2.57,"y":5.13,"curve":"stepped"},{"time":3.3333,"y":5.13,"curve":"stepped"},{"time":3.3667,"x":-2.57,"y":5.13,"curve":"stepped"},{"time":3.4,"y":5.13,"curve":"stepped"},{"time":3.4333,"x":-2.57,"y":5.13,"curve":"stepped"},{"time":3.4667,"y":5.13,"curve":"stepped"},{"time":3.5,"x":-2.57,"y":5.13,"curve":"stepped"},{"time":3.5333,"y":5.13,"curve":"stepped"},{"time":3.5667,"x":-2.57,"y":5.13,"curve":"stepped"},{"time":3.6,"y":5.13,"curve":"stepped"},{"time":3.6333,"x":-2.57,"y":5.13,"curve":"stepped"},{"time":3.6667,"y":5.13,"curve":"stepped"},{"time":3.7,"x":-2.57,"y":5.13,"curve":"stepped"},{"time":3.7333,"y":5.13,"curve":"stepped"},{"time":3.7667,"x":-2.57,"y":5.13,"curve":"stepped"},{"time":3.8,"y":5.13,"curve":"stepped"},{"time":3.8333,"x":-2.49,"curve":"stepped"},{"time":3.8667,"curve":"stepped"},{"time":3.9,"x":1.66,"curve":"stepped"},{"time":3.9333,"curve":"stepped"},{"time":3.9667,"x":-2.49,"curve":"stepped"},{"time":4,"curve":"stepped"},{"time":4.0333,"x":1.66,"curve":"stepped"},{"time":4.0667,"curve":"stepped"},{"time":4.1,"x":-2.49,"curve":"stepped"},{"time":4.1333,"curve":"stepped"},{"time":4.1667,"x":1.66,"curve":"stepped"},{"time":4.2,"curve":"stepped"},{"time":4.2333,"x":-2.49,"curve":"stepped"},{"time":4.2667,"curve":"stepped"},{"time":4.3,"x":1.66,"curve":"stepped"},{"time":4.3333,"curve":"stepped"},{"time":4.3667,"x":-2.49,"curve":"stepped"},{"time":4.4,"curve":"stepped"},{"time":4.4333,"x":1.66,"curve":"stepped"},{"time":4.4667,"y":-3.85,"curve":"stepped"},{"time":4.5,"x":2.57,"y":-3.85,"curve":"stepped"},{"time":4.5333,"y":-3.85,"curve":"stepped"},{"time":4.5667,"x":2.57,"y":-3.85,"curve":"stepped"},{"time":4.6,"y":-3.85,"curve":"stepped"},{"time":4.6333,"x":2.57,"y":-3.85,"curve":"stepped"},{"time":4.6667,"y":-3.85,"curve":"stepped"},{"time":4.7,"x":2.57,"y":-3.85,"curve":"stepped"},{"time":4.7333,"y":-3.85,"curve":"stepped"},{"time":4.7667,"x":2.57,"y":-3.85,"curve":"stepped"},{"time":4.8,"y":-3.85}]}}}}},[0]]],0,0,[0],[-1],[0]]
