[1,["fdPZSgKF1Da5S6usDoJU6d@6c48a"],0,[["sp.SkeletonData",["_name","_atlasText","textureNames","_skeletonJson","textures"],-1,3]],[[0,0,1,2,3,4,5]],[[0,"Sound_S_UFO","\r\nSound_S_UFO.png\r\nsize: 992, 287\r\nformat: RGBA8888\r\nfilter: Linear, Linear\r\nrepeat: none\r\n1\r\n  rotate: false\r\n  xy: 200, 3\r\n  size: 196, 282\r\n  orig: 196, 282\r\n  offset: 0, 0\r\n  index: -1\r\n2\r\n  rotate: false\r\n  xy: 794, 9\r\n  size: 196, 276\r\n  orig: 196, 276\r\n  offset: 0, 0\r\n  index: -1\r\n3\r\n  rotate: false\r\n  xy: 2, 2\r\n  size: 196, 283\r\n  orig: 196, 283\r\n  offset: 0, 0\r\n  index: -1\r\n4\r\n  rotate: false\r\n  xy: 398, 4\r\n  size: 196, 281\r\n  orig: 196, 281\r\n  offset: 0, 0\r\n  index: -1\r\n5\r\n  rotate: false\r\n  xy: 596, 8\r\n  size: 196, 277\r\n  orig: 196, 277\r\n  offset: 0, 0\r\n  index: -1\r\n",["Sound_S_UFO.png"],{"skeleton":{"hash":"uZeEjLUuC9E","spine":"3.8-from-4.0-from-4.1-from-4.2.37","x":-99.22,"y":0.49,"width":196,"height":276,"images":"C:\\Users\\006\\Desktop\\111","audio":"./audio"},"bones":[{"name":"root"},{"name":"bone","parent":"root","x":-0.98,"y":-18.51}],"slots":[{"name":"1","bone":"bone"},{"name":"2","bone":"bone","attachment":"2"},{"name":"3","bone":"bone"},{"name":"4","bone":"bone"},{"name":"5","bone":"bone"}],"skins":[{"name":"default","attachments":{"1":{"1":{"x":0.96,"y":160.69,"width":196,"height":282}},"2":{"2":{"x":-0.24,"y":157,"width":196,"height":276}},"3":{"3":{"x":1.14,"y":160.87,"width":196,"height":283}},"4":{"4":{"x":1.2,"y":159.77,"width":196,"height":281}},"5":{"5":{"x":-0.24,"y":157.93,"width":196,"height":277}}}}],"animations":{"Sound_1":{"slots":{"2":{"attachment":[{"time":0.1,"name":null},{"time":0.4333,"name":"2"},{"time":0.5333,"name":null},{"time":0.8667,"name":"2"},{"time":0.9667,"name":null},{"time":1.3,"name":"2"},{"time":1.4,"name":null},{"time":1.7333,"name":"2"},{"time":1.8333,"name":null},{"time":2.1667,"name":"2"},{"time":2.2667,"name":null},{"time":2.6,"name":"2"},{"time":2.7,"name":null},{"time":3,"name":"2"},{"time":3.1333,"name":null},{"time":3.4333,"name":"2"},{"time":3.5667,"name":null},{"time":3.8667,"name":"2"},{"time":4,"name":null},{"time":4.3,"name":"2"},{"time":4.4333,"name":null},{"time":4.7333,"name":"2"},{"time":4.8333,"name":null},{"time":5.1667,"name":"2"},{"time":5.2667,"name":null},{"time":5.6,"name":"2"},{"time":5.7,"name":null},{"time":6.0333,"name":"2"},{"time":6.1333,"name":null},{"time":6.4667,"name":"2"},{"time":6.5667,"name":null},{"time":6.9,"name":"2"}]},"3":{"attachment":[{"time":0.2,"name":"3"},{"time":0.3333,"name":null},{"time":0.6333,"name":"3"},{"time":0.7667,"name":null},{"time":1.0667,"name":"3"},{"time":1.2,"name":null},{"time":1.5,"name":"3"},{"time":1.6,"name":null},{"time":1.9333,"name":"3"},{"time":2.0333,"name":null},{"time":2.3667,"name":"3"},{"time":2.4667,"name":null},{"time":2.8,"name":"3"},{"time":2.9,"name":null},{"time":3.2333,"name":"3"},{"time":3.3333,"name":null},{"time":3.6667,"name":"3"},{"time":3.7667,"name":null},{"time":4.1,"name":"3"},{"time":4.2,"name":null},{"time":4.5333,"name":"3"},{"time":4.6333,"name":null},{"time":4.9667,"name":"3"},{"time":5.0667,"name":null},{"time":5.4,"name":"3"},{"time":5.5,"name":null},{"time":5.8333,"name":"3"},{"time":5.9333,"name":null},{"time":6.2333,"name":"3"},{"time":6.3667,"name":null},{"time":6.6667,"name":"3"},{"time":6.8,"name":null}]},"4":{"attachment":[{"time":0.1,"name":"4"},{"time":0.2,"name":null},{"time":0.3333,"name":"4"},{"time":0.4333,"name":null},{"time":0.5333,"name":"4"},{"time":0.6333,"name":null},{"time":0.7667,"name":"4"},{"time":0.8667,"name":null},{"time":0.9667,"name":"4"},{"time":1.0667,"name":null},{"time":1.2,"name":"4"},{"time":1.3,"name":null},{"time":1.4,"name":"4"},{"time":1.5,"name":null},{"time":1.6,"name":"4"},{"time":1.7333,"name":null},{"time":1.8333,"name":"4"},{"time":1.9333,"name":null},{"time":2.0333,"name":"4"},{"time":2.1667,"name":null},{"time":2.2667,"name":"4"},{"time":2.3667,"name":null},{"time":2.4667,"name":"4"},{"time":2.6,"name":null},{"time":2.7,"name":"4"},{"time":2.8,"name":null},{"time":2.9,"name":"4"},{"time":3,"name":null},{"time":3.1333,"name":"4"},{"time":3.2333,"name":null},{"time":3.3333,"name":"4"},{"time":3.4333,"name":null},{"time":3.5667,"name":"4"},{"time":3.6667,"name":null},{"time":3.7667,"name":"4"},{"time":3.8667,"name":null},{"time":4,"name":"4"},{"time":4.1,"name":null},{"time":4.2,"name":"4"},{"time":4.3,"name":null},{"time":4.4333,"name":"4"},{"time":4.5333,"name":null},{"time":4.6333,"name":"4"},{"time":4.7333,"name":null},{"time":4.8333,"name":"4"},{"time":4.9667,"name":null},{"time":5.0667,"name":"4"},{"time":5.1667,"name":null},{"time":5.2667,"name":"4"},{"time":5.4,"name":null},{"time":5.5,"name":"4"},{"time":5.6,"name":null},{"time":5.7,"name":"4"},{"time":5.8333,"name":null},{"time":5.9333,"name":"4"},{"time":6.0333,"name":null},{"time":6.1333,"name":"4"},{"time":6.2333,"name":null},{"time":6.3667,"name":"4"},{"time":6.4667,"name":null},{"time":6.5667,"name":"4"},{"time":6.6667,"name":null},{"time":6.8,"name":"4"},{"time":6.9,"name":null}]}}},"Sound_2":{"slots":{"2":{"attachment":[{"time":0.1,"name":null},{"time":0.4333,"name":"2"},{"time":0.5333,"name":null},{"time":0.8667,"name":"2"},{"time":0.9667,"name":null},{"time":1.3,"name":"2"},{"time":1.4,"name":null},{"time":1.7333,"name":"2"},{"time":1.8333,"name":null},{"time":2.1667,"name":"2"},{"time":2.2667,"name":null},{"time":2.6,"name":"2"},{"time":2.7,"name":null},{"time":3,"name":"2"},{"time":3.1333,"name":null},{"time":3.4333,"name":"2"},{"time":3.5667,"name":null},{"time":3.8667,"name":"2"},{"time":4,"name":null},{"time":4.3,"name":"2"},{"time":4.4333,"name":null},{"time":4.7333,"name":"2"},{"time":4.8333,"name":null},{"time":5.1667,"name":"2"},{"time":5.2667,"name":null},{"time":5.6,"name":"2"},{"time":5.7,"name":null},{"time":6.0333,"name":"2"},{"time":6.1333,"name":null},{"time":6.4667,"name":"2"},{"time":6.5667,"name":null},{"time":6.9,"name":"2"}]},"3":{"attachment":[{"time":0.2,"name":"3"},{"time":0.3333,"name":null},{"time":0.6333,"name":"3"},{"time":0.7667,"name":null},{"time":1.0667,"name":"3"},{"time":1.2,"name":null},{"time":1.5,"name":"3"},{"time":1.6,"name":null},{"time":1.9333,"name":"3"},{"time":2.0333,"name":null},{"time":2.3667,"name":"3"},{"time":2.4667,"name":null},{"time":2.8,"name":"3"},{"time":2.9,"name":null},{"time":3.2333,"name":"3"},{"time":3.3333,"name":null},{"time":3.6667,"name":"3"},{"time":3.7667,"name":null},{"time":4.1,"name":"3"},{"time":4.2,"name":null},{"time":4.5333,"name":"3"},{"time":4.6333,"name":null},{"time":4.9667,"name":"3"},{"time":5.0667,"name":null},{"time":5.4,"name":"3"},{"time":5.5,"name":null},{"time":5.8333,"name":"3"},{"time":5.9333,"name":null},{"time":6.2333,"name":"3"},{"time":6.3667,"name":null},{"time":6.6667,"name":"3"},{"time":6.8,"name":null}]},"4":{"attachment":[{"time":0.1,"name":"4"},{"time":0.2,"name":null},{"time":0.3333,"name":"4"},{"time":0.4333,"name":null},{"time":0.5333,"name":"4"},{"time":0.6333,"name":null},{"time":0.7667,"name":"4"},{"time":0.8667,"name":null},{"time":0.9667,"name":"4"},{"time":1.0667,"name":null},{"time":1.2,"name":"4"},{"time":1.3,"name":null},{"time":1.4,"name":"4"},{"time":1.5,"name":null},{"time":1.6,"name":"4"},{"time":1.7333,"name":null},{"time":1.8333,"name":"4"},{"time":1.9333,"name":null},{"time":2.0333,"name":"4"},{"time":2.1667,"name":null},{"time":2.2667,"name":"4"},{"time":2.3667,"name":null},{"time":2.4667,"name":"4"},{"time":2.6,"name":null},{"time":2.7,"name":"4"},{"time":2.8,"name":null},{"time":2.9,"name":"4"},{"time":3,"name":null},{"time":3.1333,"name":"4"},{"time":3.2333,"name":null},{"time":3.3333,"name":"4"},{"time":3.4333,"name":null},{"time":3.5667,"name":"4"},{"time":3.6667,"name":null},{"time":3.7667,"name":"4"},{"time":3.8667,"name":null},{"time":4,"name":"4"},{"time":4.1,"name":null},{"time":4.2,"name":"4"},{"time":4.3,"name":null},{"time":4.4333,"name":"4"},{"time":4.5333,"name":null},{"time":4.6333,"name":"4"},{"time":4.7333,"name":null},{"time":4.8333,"name":"4"},{"time":4.9667,"name":null},{"time":5.0667,"name":"4"},{"time":5.1667,"name":null},{"time":5.2667,"name":"4"},{"time":5.4,"name":null},{"time":5.5,"name":"4"},{"time":5.6,"name":null},{"time":5.7,"name":"4"},{"time":5.8333,"name":null},{"time":5.9333,"name":"4"},{"time":6.0333,"name":null},{"time":6.1333,"name":"4"},{"time":6.2333,"name":null},{"time":6.3667,"name":"4"},{"time":6.4667,"name":null},{"time":6.5667,"name":"4"},{"time":6.6667,"name":null},{"time":6.8,"name":"4"},{"time":6.9,"name":null}]}}}}},[0]]],0,0,[0],[-1],[0]]
