[1,["dc4uNNDKtKerSGwnYST6VV@6c48a"],0,[["sp.SkeletonData",["_name","_atlasText","textureNames","_skeletonJson","textures"],-1,3]],[[0,0,1,2,3,4,5]],[[0,"ech","\r\nech.png\r\nsize: 554, 211\r\nformat: RGBA8888\r\nfilter: Linear, Linear\r\nrepeat: none\r\nech/meo_ech_dau\r\n  rotate: false\r\n  xy: 2, 10\r\n  size: 241, 199\r\n  orig: 241, 199\r\n  offset: 0, 0\r\n  index: -1\r\nech/meo_ech_duoi\r\n  rotate: false\r\n  xy: 411, 44\r\n  size: 67, 45\r\n  orig: 67, 45\r\n  offset: 0, 0\r\n  index: -1\r\nech/meo_ech_mat\r\n  rotate: false\r\n  xy: 411, 153\r\n  size: 126, 56\r\n  orig: 126, 56\r\n  offset: 0, 0\r\n  index: -1\r\nech/meo_ech_mieng1\r\n  rotate: true\r\n  xy: 245, 6\r\n  size: 47, 65\r\n  orig: 47, 65\r\n  offset: 0, 0\r\n  index: -1\r\nech/meo_ech_mieng2\r\n  rotate: false\r\n  xy: 411, 91\r\n  size: 102, 60\r\n  orig: 102, 60\r\n  offset: 0, 0\r\n  index: -1\r\nech/meo_ech_mimat1\r\n  rotate: true\r\n  xy: 515, 95\r\n  size: 56, 37\r\n  orig: 56, 37\r\n  offset: 0, 0\r\n  index: -1\r\nech/meo_ech_mimat2\r\n  rotate: false\r\n  xy: 411, 5\r\n  size: 63, 37\r\n  orig: 63, 37\r\n  offset: 0, 0\r\n  index: -1\r\nech/meo_ech_nguoi1\r\n  rotate: true\r\n  xy: 509, 2\r\n  size: 24, 25\r\n  orig: 24, 25\r\n  offset: 0, 0\r\n  index: -1\r\nech/meo_ech_nguoi2\r\n  rotate: false\r\n  xy: 515, 28\r\n  size: 27, 25\r\n  orig: 27, 25\r\n  offset: 0, 0\r\n  index: -1\r\nech/meo_ech_tay1\r\n  rotate: false\r\n  xy: 480, 50\r\n  size: 33, 39\r\n  orig: 33, 39\r\n  offset: 0, 0\r\n  index: -1\r\nech/meo_ech_tay2\r\n  rotate: false\r\n  xy: 312, 14\r\n  size: 33, 39\r\n  orig: 33, 39\r\n  offset: 0, 0\r\n  index: -1\r\nech/meo_ech_than\r\n  rotate: false\r\n  xy: 245, 55\r\n  size: 111, 154\r\n  orig: 111, 154\r\n  offset: 0, 0\r\n  index: -1\r\nmeo_idle_raup\r\n  rotate: true\r\n  xy: 515, 55\r\n  size: 38, 31\r\n  orig: 40, 33\r\n  offset: 1, 1\r\n  index: -1\r\nmeo_idle_raut\r\n  rotate: true\r\n  xy: 476, 4\r\n  size: 38, 31\r\n  orig: 40, 33\r\n  offset: 1, 1\r\n  index: -1\r\nshadow\r\n  rotate: true\r\n  xy: 358, 4\r\n  size: 205, 51\r\n  orig: 207, 53\r\n  offset: 1, 1\r\n  index: -1\r\n",["ech.png"],{"skeleton":{"hash":"ThqeaLYhkm4","spine":"3.8-from-4.0-from-4.1-from-4.2.38","x":-124.76,"y":-7.45,"width":241,"height":315.04,"images":"C:/Users/006/Desktop/222","audio":"./images/20Track 3/"},"bones":[{"name":"root"},{"name":"bone","parent":"root","icon":"arrows"},{"name":"bone2","parent":"bone","length":137.48,"rotation":90},{"name":"bone2b2","parent":"bone2","length":116.41,"rotation":0.52,"x":142.79,"y":3.1},{"name":"bone2b3","parent":"bone2","length":22.23,"rotation":-173.69,"x":108.44,"y":26.91},{"name":"bone2b4","parent":"bone2","length":23.25,"rotation":175.51,"x":110.6,"y":-25.5},{"name":"bone2b6","parent":"bone2b2","x":65.94,"y":1.06},{"name":"bone2b5","parent":"bone2b6","x":-26.42,"y":-4.23},{"name":"bone3","parent":"bone2","length":21.06,"rotation":-68.2,"x":43.64,"y":-41.55},{"name":"bone2b11","parent":"bone2b6","rotation":-90,"x":-9.35,"y":11.14,"icon":"suiteHearts"},{"name":"bone2b12","parent":"bone2b6","rotation":-90,"x":2.36,"y":-61.34,"icon":"suiteHearts"},{"name":"bone2b16","parent":"bone2b6","rotation":0.92,"x":8.79,"y":22.7},{"name":"bone2b17","parent":"bone2b6","rotation":4.1,"x":20.98,"y":-43.84},{"name":"bone2b22","parent":"bone2b5","x":-35.87,"y":19.35},{"name":"bone2b18","parent":"bone2b16","x":-25.09,"y":0.54},{"name":"bone2b19","parent":"bone2b17","x":-24.66,"y":-1.3},{"name":"bone2b7","parent":"bone2b5","x":-32.25,"y":-0.75}],"slots":[{"name":"Group 67","bone":"root"},{"name":"shadow","bone":"bone"},{"name":"meo_idle_duoi","bone":"bone3","attachment":"ech/meo_ech_duoi"},{"name":"meo_idle_than","bone":"bone2","attachment":"ech/meo_ech_than"},{"name":"meo_idle_dau","bone":"bone2b2","attachment":"ech/meo_ech_dau"},{"name":"meo_ech_mat","bone":"bone2b6","attachment":"ech/meo_ech_mat"},{"name":"meo_chumchoe2_nguoi1","bone":"bone2b11","attachment":"ech/meo_ech_nguoi1"},{"name":"meo_chumchoe2_nguoi2","bone":"bone2b12","attachment":"ech/meo_ech_nguoi2"},{"name":"meo_idle_mieng","bone":"bone2b5","attachment":"ech/meo_ech_mieng1"},{"name":"meo_idle_tayt1","bone":"bone2b3","attachment":"ech/meo_ech_tay1"},{"name":"meo_idle_tayp1","bone":"bone2b4","attachment":"ech/meo_ech_tay2"},{"name":"meo_idle_raut2","bone":"bone2b2","attachment":"meo_idle_raut2"},{"name":"meo_idle_raup2","bone":"bone2b2","attachment":"meo_idle_raup2"},{"name":"meo_idle_bc10","bone":"bone2b6"},{"name":"meo_chumchoe2_mitrenp","bone":"bone2b17","attachment":"ech/meo_ech_mimat2"},{"name":"meo_chumchoe2_mitrent","bone":"bone2b16","attachment":"ech/meo_ech_mimat1"},{"name":"meo_ech_mieng2","bone":"bone2b5"}],"skins":[{"name":"default","attachments":{"meo_chumchoe2_mitrenp":{"ech/meo_ech_mimat2":{"type":"mesh","hull":13,"width":63,"height":37,"uvs":[0.87156,0.18031,1,0.45528,1,0.69297,0.76905,0.77765,0.5381,0.86233,0.35037,0.93117,0.16265,1,0,1,0,0.85261,0,0.54361,0.15117,0.17963,0.32746,0,0.66373,0,0.13044,0.80341,0.50813,0.64878,0.75407,0.55203,0.31929,0.72609,0.17025,0.43696,0.44016,0.29556,0.66854,0.2345],"triangles":[16,17,18,7,13,6,6,16,5,6,13,16,7,8,13,4,5,14,5,16,14,4,14,3,13,17,16,14,15,3,3,15,2,16,18,14,15,1,2,14,19,15,14,18,19,8,9,13,15,0,1,13,9,17,9,10,17,18,10,11,18,17,10,18,12,19,18,11,12,19,12,0,15,19,0],"vertices":[1,12,-6.58,-23.81,1,2,12,-17.37,-31.06,0.63453,15,7.29,-29.76,0.36547,1,15,-1.47,-29.05,1,1,15,-3.42,-14.29,1,1,15,-5.38,0.46,1,1,15,-6.96,12.45,1,1,15,-8.55,24.45,1,1,15,-7.72,34.66,1,2,12,-26.95,32.92,0.66925,15,-2.28,34.22,0.33075,1,12,-15.55,32,1,1,12,-2.9,21.42,1,1,12,2.83,9.82,1,1,12,1.13,-11.3,1,2,12,-25.8,24.58,0.12131,15,-1.13,25.88,0.87869,1,15,2.65,1.71,1,2,12,-19.69,-15.33,0.12,15,4.97,-14.03,0.88,1,15,0.76,13.79,1,2,12,-12.48,20.99,0.71429,15,12.18,22.29,0.28571,2,12,-8.64,3.62,0.69297,15,16.02,4.92,0.30703,2,12,-7.55,-10.9,0.61957,15,17.12,-9.6,0.38043],"edges":[18,20,20,22,22,24,24,0,0,2,12,14,2,4,14,16,16,18,16,26,2,30,30,28,4,6,6,8,26,32,32,28,8,10,10,12]}},"meo_chumchoe2_mitrent":{"ech/meo_ech_mimat1":{"type":"mesh","hull":12,"width":56,"height":37,"uvs":[0.87937,0.17772,1,0.44824,1,0.72412,0.79626,0.81228,0.50718,0.91201,0.17916,0.99999,0,1,0,0.79961,0,0.42505,0.15763,0.15453,0.37892,0,0.68946,0,0.1797,0.7823,0.46503,0.70791,0.75675,0.60344,0.17104,0.47018,0.45151,0.3946,0.6851,0.29784],"triangles":[14,16,17,6,7,5,4,12,13,4,5,12,5,7,12,4,14,3,4,13,14,3,14,2,7,15,12,12,15,13,14,1,2,15,16,13,14,13,16,14,17,0,16,10,17,14,0,1,15,9,16,9,10,16,17,11,0,17,10,11,8,9,15,7,8,15],"vertices":[1,11,-3.7,-21.61,1,2,11,-13.88,-28.11,0.92973,14,11.21,-28.65,0.07027,1,14,1.01,-28.39,1,1,14,-1.97,-16.9,1,1,14,-5.25,-0.63,1,1,14,-8.04,17.82,1,1,14,-7.79,27.85,1,2,11,-25.47,28.2,0.48857,14,-0.38,27.66,0.51143,1,11,-11.61,27.85,1,1,11,-1.83,18.78,1,1,11,3.57,6.25,1,1,11,3.14,-11.14,1,1,14,0.01,17.59,1,1,14,2.36,1.54,1,1,14,5.81,-14.89,1,2,11,-13.52,18.32,0.28277,14,11.57,17.78,0.71723,2,11,-11.12,2.55,0.23962,14,13.97,2.01,0.76038,2,11,-7.87,-10.62,0.29295,14,17.22,-11.16,0.70705],"edges":[16,18,18,20,20,22,22,0,0,2,10,12,2,4,12,14,14,16,14,24,24,26,26,28,28,2,8,10,4,6,6,8]}},"meo_chumchoe2_nguoi1":{"ech/meo_ech_nguoi1":{"x":-0.05,"y":0.08,"rotation":-0.52,"width":24,"height":25}},"meo_chumchoe2_nguoi2":{"ech/meo_ech_nguoi2":{"x":0.09,"y":0.98,"rotation":-0.52,"width":27,"height":25}},"meo_ech_mat":{"ech/meo_ech_mat":{"x":-7.15,"y":-12.16,"rotation":-90.52,"width":126,"height":56}},"meo_ech_mieng2":{"ech/meo_ech_mieng2":{"type":"mesh","hull":21,"width":102,"height":60,"uvs":[0.57795,0.14485,0.50721,0.14414,0.46841,0.33883,0.67723,0.34465,0.821,0.40478,0.93054,0.51535,1,0.70739,1,0.85369,0.89546,0.94931,0.78251,1,0.1935,1,0.06674,0.90034,0,0.79344,0,0.66471,0.07703,0.48237,0.21054,0.3815,0.38854,0.34077,0.43646,0.14342,0.38512,0.14291,0.39082,0,0.58366,0,0.07897,0.65701,0.10967,0.56527,0.22598,0.47511,0.38508,0.415,0.67073,0.43873,0.8196,0.50516,0.90131,0.59021,0.90583,0.6795,0.82252,0.75648,0.72108,0.81191,0.53995,0.84578,0.2746,0.81191,0.13833,0.7324],"triangles":[25,2,3,9,10,31,10,32,31,31,30,9,9,29,8,9,30,29,11,33,10,10,33,32,8,28,7,8,29,28,11,21,33,11,12,21,28,6,7,32,24,31,31,25,30,31,24,25,33,23,32,32,23,24,30,26,29,30,25,26,12,13,21,29,27,28,29,26,27,21,22,33,33,22,23,6,27,5,6,28,27,13,14,21,21,14,22,27,26,5,23,22,15,26,4,5,26,25,4,22,14,15,23,15,24,25,3,4,24,15,16,16,17,2,2,17,1,0,1,20,20,1,19,18,19,17,1,17,19,24,16,2,25,24,2],"vertices":[1,7,-4.49,-9.49,1,1,7,-4.38,-2.27,1,1,7,-16.03,1.79,1,2,7,-16.57,-19.5,0.19714,16,15.68,-18.75,0.80286,2,7,-20.31,-34.13,0.09714,16,11.94,-33.38,0.90286,2,7,-27.04,-45.25,0.09429,16,5.21,-44.5,0.90571,1,16,-6.38,-51.48,1,1,16,-15.16,-51.4,1,1,16,-20.8,-40.68,1,1,16,-23.73,-29.13,1,1,16,-23.19,30.94,1,1,16,-17.09,43.82,1,1,16,-10.62,50.57,1,2,7,-35.14,49.75,0.00007,16,-2.89,50.5,0.99993,2,7,-24.27,41.79,0.02379,16,7.98,42.54,0.97621,2,7,-18.35,28.12,0.50937,16,13.9,28.87,0.49063,1,7,-16.07,9.94,1,1,7,-4.27,4.95,1,1,7,-4.19,10.18,1,1,7,4.38,9.52,1,1,7,4.2,-10.15,1,2,7,-34.75,41.69,0.00082,16,-2.5,42.44,0.99918,1,16,2.97,39.26,1,2,7,-23.98,26.6,0.02412,16,8.27,27.34,0.97588,2,7,-20.52,10.33,0.65153,16,11.73,11.08,0.34847,2,7,-22.21,-18.79,0.00383,16,10.04,-18.04,0.99617,1,16,5.92,-33.19,1,1,16,0.74,-41.47,1,1,16,-4.62,-41.89,1,1,16,-9.16,-33.35,1,1,16,-12.39,-22.97,1,1,16,-14.26,-4.48,1,2,7,-44.23,21.82,0.00108,16,-11.98,22.57,0.99892,2,7,-39.33,35.68,0.00098,16,-7.08,36.42,0.99902],"edges":[38,36,38,40,0,40,36,34,34,32,32,30,30,28,28,26,0,2,2,34,2,4,4,6,6,8,8,10,10,12,24,26,20,22,22,24,18,20,12,14,14,16,16,18,42,44,44,46,46,48,48,50,50,52,52,54,54,56,56,58,58,60,60,62,62,64,64,66,66,42]}},"meo_idle_dau":{"ech/meo_ech_dau":{"x":65.31,"y":0.57,"rotation":-90.52,"width":241,"height":199}},"meo_idle_duoi":{"ech/meo_ech_duoi":{"x":31.9,"y":5.89,"rotation":-21.8,"width":67,"height":45}},"meo_idle_mieng":{"ech/meo_ech_mieng1":{"type":"mesh","hull":17,"width":47,"height":65,"uvs":[1,0.1388,0.86727,0.14088,0.75909,0.36073,0.86859,0.46133,0.86861,0.64223,0.80027,0.8993,0.55066,1,0.14207,0.99999,0,0.86762,0,0.66752,0.20719,0.43793,0.41767,0.33321,0.63733,0.32995,0.73454,0.14295,0.63586,0.1445,0.62996,0,1,0,0.17098,0.74356,0.2525,0.50716,0.44209,0.39637,0.61878,0.38676,0.73086,0.42453,0.79354,0.49541,0.76104,0.64042,0.63026,0.78964,0.25766,0.84503,0.44982,0.8543],"triangles":[20,11,12,20,12,2,19,11,20,21,20,2,10,11,19,21,2,3,22,21,3,18,10,19,22,20,21,22,3,4,23,22,4,9,10,18,17,9,18,20,23,19,22,23,20,23,18,19,24,18,23,26,17,18,26,25,17,18,24,26,8,9,17,8,17,25,5,23,4,24,23,5,7,8,25,6,26,24,6,24,5,7,25,26,6,7,26,1,15,16,0,1,16,13,15,1,14,15,13,2,13,1,12,13,2],"vertices":[1,7,-4.69,-7.56,1,1,7,-4.77,-1.32,1,2,7,-19.02,3.89,0.29338,13,16.85,-15.46,0.70662,2,7,-25.6,-1.19,0.11971,13,10.26,-20.55,0.88029,2,7,-37.36,-1.09,0.03612,13,-1.49,-20.44,0.96388,2,7,-54.04,2.27,0.0005,13,-18.17,-17.08,0.9995,1,13,-24.61,-5.29,1,1,13,-24.44,13.91,1,1,13,-15.77,20.51,1,1,13,-2.77,20.39,1,2,7,-23.8,29.88,0.01295,13,12.07,10.52,0.98705,2,7,-17.08,19.92,0.0754,13,18.78,0.57,0.9246,2,7,-16.96,9.6,0.28235,13,18.9,-9.76,0.71765,1,7,-4.85,4.92,1,1,7,-4.91,9.56,1,1,7,4.49,9.75,1,1,7,4.33,-7.64,1,1,13,-7.78,12.4,1,2,7,-28.32,27.79,0.00813,13,7.55,8.43,0.99187,2,7,-21.2,18.81,0.07077,13,14.67,-0.54,0.92923,2,7,-20.65,10.5,0.17866,13,15.22,-8.85,0.82134,2,7,-23.15,5.26,0.17302,13,12.72,-14.1,0.82698,2,7,-27.78,2.35,0.10528,13,8.08,-17,0.89472,2,7,-37.2,3.97,0.03229,13,-1.33,-15.39,0.96771,2,7,-46.84,10.2,0.002,13,-10.97,-9.15,0.998,1,13,-14.41,8.39,1,1,13,-15.1,-0.64,1],"edges":[30,32,30,28,0,32,26,28,0,2,2,26,2,4,4,6,6,8,12,14,12,10,10,8,18,20,20,22,22,24,24,26,24,4,14,16,16,18,34,36,36,38,38,40,40,42,42,44,44,46,46,48,50,34,48,52,52,50]}},"meo_idle_raup2":{"meo_idle_raup2":{"path":"meo_idle_raup","x":7.38,"y":-87.16,"rotation":-90.52,"width":40,"height":33}},"meo_idle_raut2":{"meo_idle_raut2":{"path":"meo_idle_raut","x":3.01,"y":91.89,"rotation":-90.52,"width":40,"height":33}},"meo_idle_tayp1":{"ech/meo_ech_tay2":{"x":33.07,"y":-1.45,"rotation":94.49,"width":33,"height":39}},"meo_idle_tayt1":{"ech/meo_ech_tay1":{"x":30.98,"y":4.9,"rotation":83.69,"width":33,"height":39}},"meo_idle_than":{"ech/meo_ech_than":{"x":69.55,"y":0.37,"rotation":-90,"width":111,"height":154}},"shadow":{"shadow":{"x":-5.98,"y":8.98,"width":207,"height":53}}}}],"events":{"6. Ếch nhái":{"audio":"6. Ếch nhái .mp3"}},"animations":{"1_play":{"slots":{"meo_ech_mieng2":{"attachment":[{"time":0.5667,"name":"ech/meo_ech_mieng2"},{"time":1.6667,"name":null},{"time":1.9333,"name":"ech/meo_ech_mieng2"},{"time":2.6667,"name":null},{"time":3.2333,"name":"ech/meo_ech_mieng2"},{"time":4.3,"name":null},{"time":4.6333,"name":"ech/meo_ech_mieng2"},{"time":5.2333,"name":null},{"time":5.8,"name":"ech/meo_ech_mieng2"},{"time":6.7667,"name":null},{"time":7.0333,"name":"ech/meo_ech_mieng2"},{"time":7.7667,"name":null},{"time":8.3,"name":"ech/meo_ech_mieng2"},{"time":9.3,"name":null},{"time":9.5333,"name":"ech/meo_ech_mieng2"}]},"meo_idle_mieng":{"attachment":[{"time":0.5667,"name":null},{"time":1.6667,"name":"ech/meo_ech_mieng1"},{"time":1.9333,"name":null},{"time":2.6667,"name":"ech/meo_ech_mieng1"},{"time":3.2333,"name":null},{"time":4.3,"name":"ech/meo_ech_mieng1"},{"time":4.6333,"name":null},{"time":5.2333,"name":"ech/meo_ech_mieng1"},{"time":5.8,"name":null},{"time":6.7667,"name":"ech/meo_ech_mieng1"},{"time":7.0333,"name":null},{"time":7.7667,"name":"ech/meo_ech_mieng1"},{"time":8.3,"name":null},{"time":9.3,"name":"ech/meo_ech_mieng1"},{"time":9.5333,"name":null}]}},"bones":{"bone2b2":{"translate":[{},{"time":0.1667,"x":10.32,"y":0.09,"curve":"stepped"},{"time":0.5667,"x":10.32,"y":0.09},{"time":0.6667,"curve":"stepped"},{"time":1.6},{"time":1.7667,"x":10.32,"y":0.09,"curve":"stepped"},{"time":1.9667,"x":10.32,"y":0.09},{"time":2.0667,"curve":"stepped"},{"time":2.6667},{"time":2.8333,"x":10.32,"y":0.09,"curve":"stepped"},{"time":3.2667,"x":10.32,"y":0.09},{"time":3.3667,"curve":"stepped"},{"time":4.1333},{"time":4.3,"x":10.32,"y":0.09,"curve":"stepped"},{"time":4.6333,"x":10.32,"y":0.09},{"time":4.7333,"curve":"stepped"},{"time":5.1667},{"time":5.3333,"x":10.32,"y":0.09,"curve":"stepped"},{"time":5.8,"x":10.32,"y":0.09},{"time":5.9,"curve":"stepped"},{"time":6.6667},{"time":6.8333,"x":10.32,"y":0.09,"curve":"stepped"},{"time":7.0667,"x":10.32,"y":0.09},{"time":7.1667,"curve":"stepped"},{"time":7.6667},{"time":7.8333,"x":10.32,"y":0.09,"curve":"stepped"},{"time":8.3,"x":10.32,"y":0.09},{"time":8.4,"curve":"stepped"},{"time":9.1333},{"time":9.3,"x":10.32,"y":0.09,"curve":"stepped"},{"time":9.6333,"x":10.32,"y":0.09},{"time":9.7333}]},"bone2b22":{"scale":[{"x":0.563,"y":0.563},{"time":0.1667,"x":1.323,"y":1.323},{"time":0.2667,"x":1.19,"y":1.19},{"time":0.3667,"x":1.323,"y":1.323},{"time":0.4667,"x":1.19,"y":1.19},{"time":0.5667,"x":1.323,"y":1.323},{"time":0.6667,"x":0.563,"y":0.563,"curve":"stepped"},{"time":1.6667,"x":0.563,"y":0.563},{"time":1.7667,"x":1.323,"y":1.323},{"time":1.8667,"x":1.19,"y":1.19},{"time":1.9667,"x":1.323,"y":1.323},{"time":2,"x":1.279,"y":1.279},{"time":2.6667,"x":0.563,"y":0.563},{"time":2.7667,"x":1.323,"y":1.323},{"time":2.8667,"x":1.19,"y":1.19},{"time":2.9667,"x":1.323,"y":1.323},{"time":3.0667,"x":1.19,"y":1.19},{"time":3.1667,"x":1.323,"y":1.323},{"time":3.2667,"x":0.563,"y":0.563,"curve":"stepped"},{"time":4.3,"x":0.563,"y":0.563},{"time":4.4,"x":1.323,"y":1.323},{"time":4.5,"x":1.19,"y":1.19},{"time":4.6,"x":1.323,"y":1.323},{"time":4.6333,"x":1.279,"y":1.279},{"time":5.2333,"x":0.563,"y":0.563},{"time":5.3333,"x":1.323,"y":1.323},{"time":5.4333,"x":1.19,"y":1.19},{"time":5.5333,"x":1.323,"y":1.323},{"time":5.6333,"x":1.19,"y":1.19},{"time":5.7333,"x":1.323,"y":1.323},{"time":5.8333,"x":0.563,"y":0.563,"curve":"stepped"},{"time":6.7667,"x":0.563,"y":0.563},{"time":6.8667,"x":1.323,"y":1.323},{"time":6.9667,"x":1.19,"y":1.19},{"time":7.0667,"x":1.323,"y":1.323},{"time":7.1,"x":1.279,"y":1.279},{"time":7.7667,"x":0.563,"y":0.563},{"time":7.8667,"x":1.323,"y":1.323},{"time":7.9667,"x":1.19,"y":1.19},{"time":8.0667,"x":1.323,"y":1.323},{"time":8.1667,"x":1.19,"y":1.19},{"time":8.2667,"x":1.323,"y":1.323},{"time":8.3667,"x":0.563,"y":0.563,"curve":"stepped"},{"time":9.3,"x":0.563,"y":0.563},{"time":9.4,"x":1.323,"y":1.323},{"time":9.5,"x":1.19,"y":1.19},{"time":9.6,"x":1.323,"y":1.323},{"time":9.6333,"x":1.279,"y":1.279},{"time":9.9667,"x":0.563,"y":0.563}]},"bone2b7":{"rotate":[{"angle":1.26,"curve":"stepped"},{"time":0.5667,"angle":1.26},{"time":0.6667,"curve":"stepped"},{"time":1.5667},{"time":1.6667,"angle":-26.11},{"time":1.9,"angle":1.26},{"time":2,"curve":"stepped"},{"time":2.5667},{"time":2.6667,"angle":-26.11},{"time":3.2333,"angle":1.26},{"time":3.3333,"curve":"stepped"},{"time":4.2},{"time":4.3,"angle":-26.11},{"time":4.5667,"angle":1.26},{"time":4.6667,"curve":"stepped"},{"time":5.1333},{"time":5.2333,"angle":-26.11},{"time":5.8,"angle":1.26},{"time":5.9,"curve":"stepped"},{"time":6.6667},{"time":6.7667,"angle":-26.11},{"time":7.0333,"angle":1.26},{"time":7.1333,"curve":"stepped"},{"time":7.6667},{"time":7.7667,"angle":-26.11},{"time":8.3,"angle":1.26},{"time":8.4,"curve":"stepped"},{"time":9.2},{"time":9.3,"angle":-26.11},{"time":9.6,"angle":1.26},{"time":9.7}],"translate":[{"x":-3.17,"y":17.55,"curve":"stepped"},{"time":0.5667,"x":-3.17,"y":17.55},{"time":0.6667,"curve":"stepped"},{"time":1.5667},{"time":1.6667,"x":-1.67,"y":19.24},{"time":1.9,"x":-3.17,"y":17.55},{"time":2,"curve":"stepped"},{"time":2.5667},{"time":2.6667,"x":-1.67,"y":19.24},{"time":3.2333,"x":-3.17,"y":17.55},{"time":3.3333,"curve":"stepped"},{"time":4.2},{"time":4.3,"x":-1.67,"y":19.24},{"time":4.5667,"x":-3.17,"y":17.55},{"time":4.6667,"curve":"stepped"},{"time":5.1333},{"time":5.2333,"x":-1.67,"y":19.24},{"time":5.8,"x":-3.17,"y":17.55},{"time":5.9,"curve":"stepped"},{"time":6.6667},{"time":6.7667,"x":-1.67,"y":19.24},{"time":7.0333,"x":-3.17,"y":17.55},{"time":7.1333,"curve":"stepped"},{"time":7.6667},{"time":7.7667,"x":-1.67,"y":19.24},{"time":8.3,"x":-3.17,"y":17.55},{"time":8.4,"curve":"stepped"},{"time":9.2},{"time":9.3,"x":-1.67,"y":19.24},{"time":9.6,"x":-3.17,"y":17.55},{"time":9.7}],"scale":[{"x":1.325,"y":0.368,"curve":"stepped"},{"time":0.5667,"x":1.325,"y":0.368},{"time":0.6667,"x":1.183,"y":1.092},{"time":0.8333},{"time":1.5667,"x":1.183,"y":1.092},{"time":1.6667,"x":0.615,"y":0.135},{"time":1.9,"x":1.325,"y":0.368},{"time":2,"x":1.183,"y":1.092},{"time":2.1667},{"time":2.5667,"x":1.183,"y":1.092},{"time":2.6667,"x":0.615,"y":0.135},{"time":3.2333,"x":1.325,"y":0.368},{"time":3.3333,"x":1.183,"y":1.092},{"time":3.5},{"time":4.2,"x":1.183,"y":1.092},{"time":4.3,"x":0.615,"y":0.135},{"time":4.5667,"x":1.325,"y":0.368},{"time":4.6667,"x":1.183,"y":1.092},{"time":4.8333},{"time":5.1333,"x":1.183,"y":1.092},{"time":5.2333,"x":0.615,"y":0.135},{"time":5.8,"x":1.325,"y":0.368},{"time":5.9,"x":1.183,"y":1.092},{"time":6.0667},{"time":6.6667,"x":1.183,"y":1.092},{"time":6.7667,"x":0.615,"y":0.135},{"time":7.0333,"x":1.325,"y":0.368},{"time":7.1333,"x":1.183,"y":1.092},{"time":7.3},{"time":7.6667,"x":1.183,"y":1.092},{"time":7.7667,"x":0.615,"y":0.135},{"time":8.3,"x":1.325,"y":0.368},{"time":8.4,"x":1.183,"y":1.092},{"time":8.5667},{"time":9.2,"x":1.183,"y":1.092},{"time":9.3,"x":0.615,"y":0.135},{"time":9.6,"x":1.325,"y":0.368},{"time":9.7,"x":1.183,"y":1.092},{"time":9.8667}]},"bone2b19":{"translate":[{},{"time":0.1667,"x":9.04},{"time":0.3333,"x":7.78,"curve":"stepped"},{"time":0.6667,"x":7.78},{"time":0.8333,"x":-3.85},{"time":1,"curve":"stepped"},{"time":1.6667},{"time":1.8333,"x":9.04},{"time":2,"x":7.78},{"time":2.1667,"x":-3.85},{"time":2.3333,"curve":"stepped"},{"time":2.6667},{"time":2.8333,"x":9.04},{"time":3,"x":7.78,"curve":"stepped"},{"time":3.3333,"x":7.78},{"time":3.5,"x":-3.85},{"time":3.6667,"curve":"stepped"},{"time":4.1667},{"time":4.3333,"x":9.04},{"time":4.5,"x":7.78,"curve":"stepped"},{"time":4.6667,"x":7.78},{"time":4.8333,"x":-3.85},{"time":5,"curve":"stepped"},{"time":5.2},{"time":5.3667,"x":9.04},{"time":5.5333,"x":7.78,"curve":"stepped"},{"time":5.7333,"x":7.78},{"time":5.9,"x":-3.85},{"time":6.0667,"curve":"stepped"},{"time":6.6667},{"time":6.8333,"x":9.04},{"time":7,"x":7.78,"curve":"stepped"},{"time":7.1,"x":7.78},{"time":7.2667,"x":-3.85},{"time":7.4333,"curve":"stepped"},{"time":7.7333},{"time":7.9,"x":9.04},{"time":8.0667,"x":7.78,"curve":"stepped"},{"time":8.3,"x":7.78},{"time":8.4667,"x":-3.85},{"time":8.6333,"curve":"stepped"},{"time":9.1},{"time":9.2667,"x":9.04},{"time":9.4333,"x":7.78,"curve":"stepped"},{"time":9.7,"x":7.78},{"time":9.8667,"x":-3.85},{"time":10.0333}]},"bone2b18":{"translate":[{},{"time":0.1667,"x":9.04},{"time":0.3333,"x":7.78,"curve":"stepped"},{"time":0.6667,"x":7.78},{"time":0.8333,"x":-3.85},{"time":1,"curve":"stepped"},{"time":1.6667},{"time":1.8333,"x":9.04},{"time":2,"x":7.78},{"time":2.1667,"x":-3.85},{"time":2.3333,"curve":"stepped"},{"time":2.6667},{"time":2.8333,"x":9.04},{"time":3,"x":7.78,"curve":"stepped"},{"time":3.3333,"x":7.78},{"time":3.5,"x":-3.85},{"time":3.6667,"curve":"stepped"},{"time":4.1667},{"time":4.3333,"x":9.04},{"time":4.5,"x":7.78,"curve":"stepped"},{"time":4.6667,"x":7.78},{"time":4.8333,"x":-3.85},{"time":5,"curve":"stepped"},{"time":5.2},{"time":5.3667,"x":9.04},{"time":5.5333,"x":7.78,"curve":"stepped"},{"time":5.7333,"x":7.78},{"time":5.9,"x":-3.85},{"time":6.0667,"curve":"stepped"},{"time":6.6667},{"time":6.8333,"x":9.04},{"time":7,"x":7.78,"curve":"stepped"},{"time":7.1,"x":7.78},{"time":7.2667,"x":-3.85},{"time":7.4333,"curve":"stepped"},{"time":7.7333},{"time":7.9,"x":9.04},{"time":8.0667,"x":7.78,"curve":"stepped"},{"time":8.3,"x":7.78},{"time":8.4667,"x":-3.85},{"time":8.6333,"curve":"stepped"},{"time":9.1},{"time":9.2667,"x":9.04},{"time":9.4333,"x":7.78,"curve":"stepped"},{"time":9.7,"x":7.78},{"time":9.8667,"x":-3.85},{"time":10.0333}]},"bone2b11":{"translate":[{},{"time":0.1667,"x":-6.94,"curve":"stepped"},{"time":0.6667,"x":-6.94},{"time":0.8333,"curve":"stepped"},{"time":1.6667},{"time":1.8333,"x":-6.94,"curve":"stepped"},{"time":2.1667,"x":-6.94},{"time":2.3333,"curve":"stepped"},{"time":2.6667},{"time":2.8333,"x":-6.94,"curve":"stepped"},{"time":3.3333,"x":-6.94},{"time":3.5,"curve":"stepped"},{"time":4.1667},{"time":4.3333,"x":-6.94,"curve":"stepped"},{"time":4.6667,"x":-6.94},{"time":4.8333,"curve":"stepped"},{"time":5.1667},{"time":5.3333,"x":-6.94,"curve":"stepped"},{"time":5.7333,"x":-6.94},{"time":5.9,"curve":"stepped"},{"time":6.6667},{"time":6.8333,"x":-6.94,"curve":"stepped"},{"time":7.1,"x":-6.94},{"time":7.2667,"curve":"stepped"},{"time":7.8333},{"time":8,"x":-6.94,"curve":"stepped"},{"time":8.3667,"x":-6.94},{"time":8.5333,"curve":"stepped"},{"time":9.2},{"time":9.3667,"x":-6.94,"curve":"stepped"},{"time":9.6667,"x":-6.94},{"time":9.8333}]},"bone2b12":{"translate":[{},{"time":0.1667,"x":-6.94,"curve":"stepped"},{"time":0.6667,"x":-6.94},{"time":0.8333,"curve":"stepped"},{"time":1.6667},{"time":1.8333,"x":-6.94,"curve":"stepped"},{"time":2.1667,"x":-6.94},{"time":2.3333,"curve":"stepped"},{"time":2.6667},{"time":2.8333,"x":-6.94,"curve":"stepped"},{"time":3.3333,"x":-6.94},{"time":3.5,"curve":"stepped"},{"time":4.1667},{"time":4.3333,"x":-6.94,"curve":"stepped"},{"time":4.6667,"x":-6.94},{"time":4.8333,"curve":"stepped"},{"time":5.1667},{"time":5.3333,"x":-6.94,"curve":"stepped"},{"time":5.7333,"x":-6.94},{"time":5.9,"curve":"stepped"},{"time":6.6667},{"time":6.8333,"x":-6.94,"curve":"stepped"},{"time":7.1,"x":-6.94},{"time":7.2667,"curve":"stepped"},{"time":7.8333},{"time":8,"x":-6.94,"curve":"stepped"},{"time":8.3667,"x":-6.94},{"time":8.5333,"curve":"stepped"},{"time":9.2},{"time":9.3667,"x":-6.94,"curve":"stepped"},{"time":9.6667,"x":-6.94},{"time":9.8333}]}},"events":[{"name":"6. Ếch nhái"}]},"2_idle":{"bones":{"bone2b7":{"translate":[{}]}}}}},[0]]],0,0,[0],[-1],[0]]
