[1,["7e7Zpd/YlCcYXpx1wyX6JH@6c48a"],0,[["sp.SkeletonData",["_name","_atlasText","textureNames","_skeletonJson","textures"],-1,3]],[[0,0,1,2,3,4,5]],[[0,"Sound_1_Purple","\r\nSound_1_Purple.png\r\nsize: 830, 837\r\nformat: RGBA8888\r\nfilter: Linear, Linear\r\nrepeat: none\r\n1\r\n  rotate: true\r\n  xy: 2, 670\r\n  size: 165, 274\r\n  orig: 165, 274\r\n  offset: 0, 0\r\n  index: -1\r\n10\r\n  rotate: true\r\n  xy: 278, 670\r\n  size: 165, 274\r\n  orig: 165, 274\r\n  offset: 0, 0\r\n  index: -1\r\n5\r\n  rotate: true\r\n  xy: 278, 670\r\n  size: 165, 274\r\n  orig: 165, 274\r\n  offset: 0, 0\r\n  index: -1\r\n11\r\n  rotate: true\r\n  xy: 554, 670\r\n  size: 165, 274\r\n  orig: 165, 274\r\n  offset: 0, 0\r\n  index: -1\r\n12\r\n  rotate: true\r\n  xy: 2, 503\r\n  size: 165, 269\r\n  orig: 165, 269\r\n  offset: 0, 0\r\n  index: -1\r\n13\r\n  rotate: true\r\n  xy: 273, 503\r\n  size: 165, 274\r\n  orig: 165, 274\r\n  offset: 0, 0\r\n  index: -1\r\n14\r\n  rotate: true\r\n  xy: 549, 503\r\n  size: 165, 274\r\n  orig: 165, 274\r\n  offset: 0, 0\r\n  index: -1\r\n15\r\n  rotate: true\r\n  xy: 2, 336\r\n  size: 165, 274\r\n  orig: 165, 274\r\n  offset: 0, 0\r\n  index: -1\r\n16\r\n  rotate: true\r\n  xy: 278, 336\r\n  size: 165, 270\r\n  orig: 165, 270\r\n  offset: 0, 0\r\n  index: -1\r\n2\r\n  rotate: true\r\n  xy: 550, 336\r\n  size: 165, 270\r\n  orig: 165, 270\r\n  offset: 0, 0\r\n  index: -1\r\n3\r\n  rotate: true\r\n  xy: 2, 169\r\n  size: 165, 274\r\n  orig: 165, 274\r\n  offset: 0, 0\r\n  index: -1\r\n4\r\n  rotate: true\r\n  xy: 278, 169\r\n  size: 165, 274\r\n  orig: 165, 274\r\n  offset: 0, 0\r\n  index: -1\r\n6\r\n  rotate: true\r\n  xy: 554, 169\r\n  size: 165, 273\r\n  orig: 165, 273\r\n  offset: 0, 0\r\n  index: -1\r\n7\r\n  rotate: true\r\n  xy: 2, 2\r\n  size: 165, 274\r\n  orig: 165, 274\r\n  offset: 0, 0\r\n  index: -1\r\n8\r\n  rotate: true\r\n  xy: 278, 2\r\n  size: 165, 274\r\n  orig: 165, 274\r\n  offset: 0, 0\r\n  index: -1\r\n9\r\n  rotate: true\r\n  xy: 554, 2\r\n  size: 165, 273\r\n  orig: 165, 273\r\n  offset: 0, 0\r\n  index: -1\r\n",["Sound_1_Purple.png"],{"skeleton":{"hash":"s4KjZl1kT3E","spine":"3.8-from-4.0-from-4.1-from-4.2.38","x":-73.2,"y":-0.53,"width":165,"height":274,"images":"C:\\Users\\006\\Desktop\\222","audio":"./audio"},"bones":[{"name":"root"}],"slots":[{"name":"7","bone":"root","attachment":"7"},{"name":"1","bone":"root"},{"name":"2","bone":"root"},{"name":"3","bone":"root"},{"name":"4","bone":"root"},{"name":"5","bone":"root"},{"name":"6","bone":"root"},{"name":"8","bone":"root"},{"name":"9","bone":"root"},{"name":"10","bone":"root"},{"name":"11","bone":"root"},{"name":"12","bone":"root"},{"name":"13","bone":"root"},{"name":"14","bone":"root"},{"name":"15","bone":"root"},{"name":"16","bone":"root"}],"skins":[{"name":"default","attachments":{"1":{"1":{"x":9.69,"y":137.25,"width":165,"height":274}},"2":{"2":{"x":11.65,"y":134.9,"width":165,"height":270}},"3":{"3":{"x":8.13,"y":136.08,"width":165,"height":274}},"4":{"4":{"x":9.69,"y":136.54,"width":165,"height":274}},"5":{"5":{"x":9.69,"y":136.08,"width":165,"height":274}},"6":{"6":{"x":6.17,"y":136.47,"width":165,"height":273}},"7":{"7":{"x":9.3,"y":136.47,"width":165,"height":274}},"8":{"8":{"x":9.3,"y":136.47,"width":165,"height":274}},"9":{"9":{"x":7.89,"y":135.76,"width":165,"height":273}},"10":{"10":{"x":10.09,"y":137.55,"width":165,"height":274}},"11":{"11":{"x":10.09,"y":136.47,"width":165,"height":274}},"12":{"12":{"x":8.91,"y":134.31,"width":165,"height":269}},"13":{"13":{"x":9.97,"y":136.08,"width":165,"height":274}},"14":{"14":{"x":9.49,"y":136.93,"width":165,"height":274}},"15":{"15":{"x":10.06,"y":136.47,"width":165,"height":274}},"16":{"16":{"x":9.69,"y":134.79,"width":165,"height":270}}}}],"animations":{"Sound_1":{"slots":{"2":{"attachment":[{"time":4,"name":"2"},{"time":4.1667,"name":null},{"time":4.3,"name":"2"},{"time":4.4667,"name":null}]},"3":{"attachment":[{"time":2.4,"name":"3"},{"time":2.5667,"name":null}]},"4":{"attachment":[{"time":4.6333,"name":"4"},{"time":4.8,"name":null}]},"5":{"attachment":[{"time":3.6667,"name":"5"},{"time":3.8333,"name":null}]},"7":{"attachment":[{"time":0.8,"name":null},{"time":0.9667,"name":"7"},{"time":1.6,"name":null},{"time":1.7667,"name":"7"},{"time":2.0667,"name":null},{"time":2.2333,"name":"7"},{"time":2.4,"name":null},{"time":4.8,"name":"7"}]},"8":{"attachment":[{"time":0.8,"name":"8"},{"time":0.9667,"name":null},{"time":1.6,"name":"8"},{"time":1.7667,"name":null},{"time":2.0667,"name":"8"},{"time":2.2333,"name":null}]},"9":{"attachment":[{"time":3.0333,"name":"9"},{"time":3.2,"name":null},{"time":3.3667,"name":"9"},{"time":3.5,"name":null},{"time":3.8333,"name":"9"},{"time":4,"name":null}]},"10":{"attachment":[{"time":3.5,"name":"10"},{"time":3.6667,"name":null}]},"12":{"attachment":[{"time":2.5667,"name":"12"},{"time":2.7333,"name":null}]},"14":{"attachment":[{"time":2.8667,"name":"14"},{"time":3.0333,"name":null}]},"15":{"attachment":[{"time":2.7333,"name":"15"},{"time":2.8667,"name":null},{"time":3.2,"name":"15"},{"time":3.3667,"name":null},{"time":4.1667,"name":"15"},{"time":4.3,"name":null}]},"16":{"attachment":[{"time":4.4667,"name":"16"},{"time":4.6333,"name":null}]}}},"Sound_2":{"slots":{"2":{"attachment":[{"time":4,"name":"2"},{"time":4.1667,"name":null},{"time":4.3,"name":"2"},{"time":4.4667,"name":null}]},"3":{"attachment":[{"time":2.4,"name":"3"},{"time":2.5667,"name":null}]},"4":{"attachment":[{"time":4.6333,"name":"4"},{"time":4.8,"name":null}]},"5":{"attachment":[{"time":3.6667,"name":"5"},{"time":3.8333,"name":null}]},"7":{"attachment":[{"time":0.8,"name":null},{"time":0.9667,"name":"7"},{"time":1.6,"name":null},{"time":1.7667,"name":"7"},{"time":2.0667,"name":null},{"time":2.2333,"name":"7"},{"time":2.4,"name":null},{"time":4.8,"name":"7"}]},"8":{"attachment":[{"time":0.8,"name":"8"},{"time":0.9667,"name":null},{"time":1.6,"name":"8"},{"time":1.7667,"name":null},{"time":2.0667,"name":"8"},{"time":2.2333,"name":null}]},"9":{"attachment":[{"time":3.0333,"name":"9"},{"time":3.2,"name":null},{"time":3.3667,"name":"9"},{"time":3.5,"name":null},{"time":3.8333,"name":"9"},{"time":4,"name":null}]},"10":{"attachment":[{"time":3.5,"name":"10"},{"time":3.6667,"name":null}]},"12":{"attachment":[{"time":2.5667,"name":"12"},{"time":2.7333,"name":null}]},"14":{"attachment":[{"time":2.8667,"name":"14"},{"time":3.0333,"name":null}]},"15":{"attachment":[{"time":2.7333,"name":"15"},{"time":2.8667,"name":null},{"time":3.2,"name":"15"},{"time":3.3667,"name":null},{"time":4.1667,"name":"15"},{"time":4.3,"name":null}]},"16":{"attachment":[{"time":4.4667,"name":"16"},{"time":4.6333,"name":null}]}}}}},[0]]],0,0,[0],[-1],[0]]
