[{"__type__":"cc.SpriteFrame","content":{"name":"游戏加载界面","texture":"0ePTjUNZ9DFZwjFCzGCgQ0","rect":[0,0,1920,1080],"offset":[0,0],"originalSize":[1920,1080],"capInsets":[0,0,0,0]}},{"__type__":"cc.SpriteFrame","content":{"name":"加载中","texture":"abiMp/CQtLdKCbtI34S863","rect":[46,36,200,47],"offset":[-4,9.5],"originalSize":[300,138],"capInsets":[0,0,0,0]}},{"__type__":"cc.SpriteFrame","content":{"name":"加载boss","texture":"2f+wjc/bFC9IyVkEFil7m+","rect":[242,85,481,222],"offset":[2.5,-16],"originalSize":[960,360],"capInsets":[0,0,0,0]}},{"__type__":"cc.SpriteFrame","content":{"name":"loading-animation_0","texture":"229M6RLblOwbAmVWCzYsY3","rect":[0,0,64,64],"offset":[0,0],"originalSize":[64,64],"capInsets":[0,0,0,0]}},{"__type__":"cc.SpriteFrame","content":{"name":"LoadingCompleteAnimation_0","texture":"18ixADdPdHaa7yhsK1WoQ/","rect":[0,0,256,256],"offset":[0,0],"originalSize":[256,256],"capInsets":[0,0,0,0]}},{"__type__":"cc.SpriteFrame","content":{"name":"加载条-2","texture":"10SWHmk/pOmpAVzzcA38Ii","rect":[133,73,97,97],"offset":[-335,1],"originalSize":[1033,245],"capInsets":[0,0,0,0]}},{"__type__":"cc.SpriteFrame","content":{"name":"加载框","texture":"c5Gz6k9shFZ5+Dwg3A1CHt","rect":[104,42,907,150],"offset":[41,5.5],"originalSize":[1033,245],"capInsets":[0,0,0,0]}},{"__type__":"cc.SpriteFrame","content":{"name":"加载条-1","texture":"edifunS+xDAK2VYWjJl7iI","rect":[226,101,771,41],"offset":[95,1],"originalSize":[1033,245],"capInsets":[0,0,0,0]}},[{"__type__":"cc.SceneAsset","_name":"loading","scene":{"__id__":1},"asyncLoadAssets":null},{"__type__":"cc.Scene","_name":"New Node","_children":[{"__id__":2}],"_active":false,"_anchorPoint":{"__type__":"cc.Vec2"},"_trs":{"__type__":"TypedArray","ctor":"Float64Array","array":[0,0,0,0,0,0,1,1,1,1]},"autoReleaseAssets":false},{"__type__":"cc.Node","_name":"Canvas","_parent":{"__id__":1},"_children":[{"__id__":3},{"__id__":4}],"_components":[{"__type__":"cc.Canvas","node":{"__id__":2}},{"__type__":"cc.Widget","node":{"__id__":2},"_alignFlags":45}],"_contentSize":{"__type__":"cc.Size","width":960,"height":640},"_trs":{"__type__":"TypedArray","ctor":"Float64Array","array":[480,320,0,0,0,0,1,1,1,1]},"_id":"a5esZu+45LA5mBpvttspPD"},{"__type__":"cc.Node","_name":"Main Camera","_parent":{"__id__":2},"_components":[{"__type__":"cc.Camera","node":{"__id__":3},"_clearFlags":7,"_depth":-1}],"_contentSize":{"__type__":"cc.Size","width":960,"height":640},"_trs":{"__type__":"TypedArray","ctor":"Float64Array","array":[0,0,520.4812676744476,0,0,0,1,1,1,1]}},{"__type__":"cc.Node","_name":"loading","_parent":{"__id__":2},"_children":[{"__id__":5},{"__id__":7}],"_components":[{"__type__":"cc.Sprite","node":{"__id__":4},"_materials":[{"__uuid__":"ecpdLyjvZBwrvm+cedCcQy"}],"_spriteFrame":{"__uuid__":"0aS47PFXRKuaYDR2PmSYFI"},"_sizeMode":0},{"__type__":"cc.Widget","node":{"__id__":4},"_alignFlags":45,"_originalWidth":2,"_originalHeight":2},{"__type__":"bf501zeIAhE9JNo1nFU55kt","node":{"__id__":4},"progress_bar":{"__id__":11},"loading_complete":{"__id__":9},"loading_animation":{"__id__":6}}],"_contentSize":{"__type__":"cc.Size","width":960,"height":640},"_trs":{"__type__":"TypedArray","ctor":"Float64Array","array":[0,0,0,0,0,0,1,1,1,1]},"_groupIndex":4,"groupIndex":4},{"__type__":"cc.Node","_name":"loading_animation1","_parent":{"__id__":4},"_active":false,"_components":[{"__id__":6},{"__type__":"cc.Widget","node":{"__id__":5},"_alignFlags":4,"_bottom":0.23,"_isAbsBottom":false}],"_color":{"__type__":"cc.Color","r":255,"g":35,"b":35},"_contentSize":{"__type__":"cc.Size","width":64,"height":64},"_trs":{"__type__":"TypedArray","ctor":"Float64Array","array":[0,-140.79999999999998,0,0,0,0,1,1,1,1]},"_groupIndex":4,"groupIndex":4},{"__type__":"cc.Sprite","node":{"__id__":5},"_materials":[{"__uuid__":"ecpdLyjvZBwrvm+cedCcQy"}],"_spriteFrame":{"__uuid__":"34/J9oUpVMcISbs9NWPPRB"}},{"__type__":"cc.Node","_name":"text","_parent":{"__id__":4},"_children":[{"__id__":8},{"__id__":10},{"__id__":13},{"__id__":14},{"__id__":15},{"__id__":16}],"_components":[{"__type__":"cc.Widget","node":{"__id__":7},"_alignFlags":18,"_verticalCenter":-24.051},{"__type__":"cc.Sprite","node":{"__id__":7},"_materials":[{"__uuid__":"ecpdLyjvZBwrvm+cedCcQy"}],"_spriteFrame":{"__uuid__":"95vTAcchRLSIZvuepwdM1N"}}],"_contentSize":{"__type__":"cc.Size","width":907,"height":150},"_trs":{"__type__":"TypedArray","ctor":"Float64Array","array":[0,-24.051,0,0,0,0,1,0.5,0.5,1]},"_groupIndex":4,"groupIndex":4},{"__type__":"cc.Node","_name":"loading_complete1","_parent":{"__id__":7},"_active":false,"_components":[{"__id__":9},{"__type__":"cc.Animation","node":{"__id__":8},"_defaultClip":{"__uuid__":"a5jx7/s0NFj5lD/mdvHXev"},"_clips":[{"__uuid__":"a5jx7/s0NFj5lD/mdvHXev"}]},{"__type__":"cc.Widget","node":{"__id__":8},"_alignFlags":33,"_right":-20,"_top":-256.597}],"_color":{"__type__":"cc.Color","r":255,"g":35,"b":35},"_contentSize":{"__type__":"cc.Size","width":256,"height":256},"_trs":{"__type__":"TypedArray","ctor":"Float64Array","array":[366,216.59699999999998,0,0,0,0,1,1,1,1]},"_groupIndex":4,"groupIndex":4},{"__type__":"cc.Sprite","node":{"__id__":8},"_materials":[{"__uuid__":"ecpdLyjvZBwrvm+cedCcQy"}],"_spriteFrame":{"__uuid__":"4esioT+AxDq6HOo76+UZ61"}},{"__type__":"cc.Node","_name":"loading_progressbar2","_parent":{"__id__":7},"_components":[{"__id__":11}],"_trs":{"__type__":"TypedArray","ctor":"Float64Array","array":[0,0,0,0,0,0,1,1,1,1]},"_groupIndex":4,"groupIndex":4},{"__type__":"cc.ProgressBar","node":{"__id__":10},"_N$totalLength":750,"_N$barSprite":{"__id__":12},"_N$progress":0},{"__type__":"cc.Sprite","node":{"__id__":13},"_materials":[{"__uuid__":"ecpdLyjvZBwrvm+cedCcQy"}],"_spriteFrame":{"__uuid__":"a83ZKGomNN46/cHe2YABoI"},"_sizeMode":0},{"__type__":"cc.Node","_name":"loading_progressbar","_parent":{"__id__":7},"_components":[{"__id__":12}],"_contentSize":{"__type__":"cc.Size","height":40},"_anchorPoint":{"__type__":"cc.Vec2","y":0.5},"_trs":{"__type__":"TypedArray","ctor":"Float64Array","array":[-330.749,-3.643,0,0,0,0,1,1,1,1]}},{"__type__":"cc.Node","_name":"加载条-2","_parent":{"__id__":7},"_components":[{"__type__":"cc.Sprite","node":{"__id__":14},"_materials":[{"__uuid__":"ecpdLyjvZBwrvm+cedCcQy"}],"_spriteFrame":{"__uuid__":"82FI1XEtlChpuuldTPvG+d"}}],"_contentSize":{"__type__":"cc.Size","width":97,"height":97},"_trs":{"__type__":"TypedArray","ctor":"Float64Array","array":[-374.193,-3.133,0,0,0,0,1,1,1,1]}},{"__type__":"cc.Node","_name":"加载中","_parent":{"__id__":7},"_components":[{"__type__":"cc.Sprite","node":{"__id__":15},"_materials":[{"__uuid__":"ecpdLyjvZBwrvm+cedCcQy"}],"_spriteFrame":{"__uuid__":"0ayTYssbpISJHvPdd2jJ6h"},"_sizeMode":0}],"_contentSize":{"__type__":"cc.Size","width":400,"height":90},"_trs":{"__type__":"TypedArray","ctor":"Float64Array","array":[0,99.324,0,0,0,0,1,1,1,1]}},{"__type__":"cc.Node","_name":"加载boss","_parent":{"__id__":7},"_components":[{"__type__":"cc.Sprite","node":{"__id__":16},"_materials":[{"__uuid__":"ecpdLyjvZBwrvm+cedCcQy"}],"_spriteFrame":{"__uuid__":"13tJrDxwZJt7O3jL57mx5V"}}],"_contentSize":{"__type__":"cc.Size","width":481,"height":222},"_trs":{"__type__":"TypedArray","ctor":"Float64Array","array":[0,-459.303,0,0,0,0,1,1,1,1]}}]]