[{"__type__":"cc.SpriteAtlas","_name":"new_happy_face_plist.plist","_spriteFrames":{"skin10_5":{"__uuid__":"935iiYXZ9BeJAnbubBhl+/"},"skin10_6":{"__uuid__":"61s+NcVAJCF42P2Y2ouKrd"},"skin11_5":{"__uuid__":"24wfX0WzhM8LeT0VxgjY1g"},"skin11_6":{"__uuid__":"d8FTTRPxxJHLd3Kd+1i2TK"}}},{"__type__":"cc.SpriteFrame","content":{"name":"skin11_5","texture":"1b109e968","rect":[422,3,413,422],"offset":[0,0],"originalSize":[413,422],"rotated":1,"capInsets":[0,0,0,0]}},{"__type__":"cc.SpriteFrame","content":{"name":"skin10_6","texture":"186d6527b","rect":[422,3,413,422],"offset":[0,0],"originalSize":[413,422],"rotated":1,"capInsets":[0,0,0,0]}},{"__type__":"cc.SpriteFrame","content":{"name":"skin10_5","texture":"19c058265","rect":[3,3,413,422],"offset":[0,0],"originalSize":[413,422],"capInsets":[0,0,0,0]}},{"__type__":"cc.SpriteFrame","content":{"name":"skin11_6","texture":"1f473e0cb","rect":[422,3,413,422],"offset":[0,0],"originalSize":[413,422],"rotated":1,"capInsets":[0,0,0,0]}}]