[1,["6bbAv96DhEza6vxDMbe4NH@6c48a"],0,[["sp.SkeletonData",["_name","_atlasText","textureNames","_skeletonJson","textures"],-1,3]],[[0,0,1,2,3,4,5]],[[0,"beatbox","\r\nbeatbox.png\r\nsize: 545, 212\r\nformat: RGBA8888\r\nfilter: Linear, Linear\r\nrepeat: none\r\nmeo_idle_raup\r\n  rotate: true\r\n  xy: 382, 131\r\n  size: 38, 31\r\n  orig: 40, 33\r\n  offset: 1, 1\r\n  index: -1\r\nmeo_idle_raut\r\n  rotate: true\r\n  xy: 471, 59\r\n  size: 38, 31\r\n  orig: 40, 33\r\n  offset: 1, 1\r\n  index: -1\r\nshadow\r\n  rotate: false\r\n  xy: 269, 3\r\n  size: 205, 51\r\n  orig: 207, 53\r\n  offset: 1, 1\r\n  index: -1\r\ntiengon/meo_on_dau\r\n  rotate: false\r\n  xy: 2, 2\r\n  size: 265, 208\r\n  orig: 265, 208\r\n  offset: 0, 0\r\n  index: -1\r\ntiengon/meo_on_duoi\r\n  rotate: false\r\n  xy: 476, 12\r\n  size: 67, 45\r\n  orig: 67, 45\r\n  offset: 0, 0\r\n  index: -1\r\ntiengon/meo_on_mat\r\n  rotate: true\r\n  xy: 417, 93\r\n  size: 117, 52\r\n  orig: 117, 52\r\n  offset: 0, 0\r\n  index: -1\r\ntiengon/meo_on_mieng\r\n  rotate: true\r\n  xy: 476, 99\r\n  size: 111, 63\r\n  orig: 111, 63\r\n  offset: 0, 0\r\n  index: -1\r\ntiengon/meo_on_mui\r\n  rotate: false\r\n  xy: 382, 101\r\n  size: 16, 28\r\n  orig: 16, 28\r\n  offset: 0, 0\r\n  index: -1\r\ntiengon/meo_on_nguoi1\r\n  rotate: false\r\n  xy: 400, 116\r\n  size: 13, 13\r\n  orig: 13, 13\r\n  offset: 0, 0\r\n  index: -1\r\ntiengon/meo_on_nguoi2\r\n  rotate: false\r\n  xy: 400, 116\r\n  size: 13, 13\r\n  orig: 13, 13\r\n  offset: 0, 0\r\n  index: -1\r\ntiengon/meo_on_tay1\r\n  rotate: false\r\n  xy: 382, 58\r\n  size: 33, 39\r\n  orig: 33, 39\r\n  offset: 0, 0\r\n  index: -1\r\ntiengon/meo_on_tay2\r\n  rotate: false\r\n  xy: 382, 171\r\n  size: 33, 39\r\n  orig: 33, 39\r\n  offset: 0, 0\r\n  index: -1\r\ntiengon/meo_on_than\r\n  rotate: false\r\n  xy: 269, 56\r\n  size: 111, 154\r\n  orig: 111, 154\r\n  offset: 0, 0\r\n  index: -1\r\n",["beatbox.png"],{"skeleton":{"hash":"VNXOiAEPDls","spine":"3.8-from-4.0-from-4.1-from-4.2.38","x":-134.59,"y":-7.45,"width":265,"height":336.04,"images":"C:/Users/006/Desktop/222","audio":"./images/20Track 3/"},"bones":[{"name":"root"},{"name":"bone","parent":"root","icon":"arrows"},{"name":"bone2","parent":"bone","length":137.48,"rotation":90},{"name":"bone2b2","parent":"bone2","length":116.41,"rotation":0.52,"x":142.79,"y":3.1},{"name":"bone2b3","parent":"bone2","length":22.23,"rotation":-173.69,"x":108.44,"y":26.91},{"name":"bone2b4","parent":"bone2","length":23.25,"rotation":175.51,"x":110.6,"y":-25.5},{"name":"bone2b6","parent":"bone2b2","x":65.94,"y":1.06},{"name":"bone2b5","parent":"bone2b6","x":-28.59,"y":-8.46},{"name":"bone3","parent":"bone2","length":21.06,"rotation":-68.2,"x":43.64,"y":-41.55},{"name":"bone2b11","parent":"bone2b6","rotation":-90,"x":21.29,"y":39.16,"icon":"suiteHearts"},{"name":"bone2b12","parent":"bone2b6","rotation":-90,"x":25.85,"y":-34.91,"icon":"suiteHearts"},{"name":"bone2b22","parent":"bone2b5","x":-15.77,"y":9.84}],"slots":[{"name":"Group 67","bone":"root"},{"name":"shadow","bone":"bone"},{"name":"meo_idle_duoi","bone":"bone3","attachment":"tiengon/meo_on_duoi"},{"name":"meo_idle_than","bone":"bone2","attachment":"tiengon/meo_on_than"},{"name":"meo_idle_dau","bone":"bone2b2","attachment":"tiengon/meo_on_dau"},{"name":"meo_ech_mat","bone":"bone2b6","attachment":"tiengon/meo_on_mat"},{"name":"meo_chumchoe2_nguoi1","bone":"bone2b11","attachment":"tiengon/meo_on_nguoi1"},{"name":"meo_chumchoe2_nguoi2","bone":"bone2b12","attachment":"tiengon/meo_on_nguoi2"},{"name":"meo_idle_mieng","bone":"bone2b22","attachment":"tiengon/meo_on_mieng"},{"name":"meo_idle_tayt1","bone":"bone2b3","attachment":"tiengon/meo_on_tay1"},{"name":"meo_idle_tayp1","bone":"bone2b4","attachment":"tiengon/meo_on_tay2"},{"name":"meo_idle_raut2","bone":"bone2b2","attachment":"meo_idle_raut2"},{"name":"meo_idle_raup2","bone":"bone2b2","attachment":"meo_idle_raup2"},{"name":"meo_idle_bc10","bone":"bone2b6"},{"name":"meo_ech_mieng2","bone":"bone2b5"},{"name":"meo_bogo_mieng3","bone":"bone2b5"},{"name":"meo_on_mui","bone":"bone2b6","attachment":"tiengon/meo_on_mui"}],"skins":[{"name":"default","attachments":{"meo_chumchoe2_nguoi1":{"tiengon/meo_on_nguoi1":{"x":-0.05,"y":0.08,"rotation":-0.52,"width":13,"height":13}},"meo_chumchoe2_nguoi2":{"tiengon/meo_on_nguoi2":{"x":0.09,"y":0.98,"rotation":-0.52,"width":13,"height":13}},"meo_ech_mat":{"tiengon/meo_on_mat":{"x":12.86,"y":5.52,"rotation":-90.52,"width":117,"height":52}},"meo_idle_dau":{"tiengon/meo_on_dau":{"x":81.79,"y":-1.75,"rotation":-90.52,"width":265,"height":208}},"meo_idle_duoi":{"tiengon/meo_on_duoi":{"x":31.9,"y":5.89,"rotation":-21.8,"width":67,"height":45}},"meo_idle_mieng":{"tiengon/meo_on_mieng":{"x":1.65,"y":0.8,"rotation":-90.52,"width":111,"height":63}},"meo_idle_raup2":{"meo_idle_raup2":{"path":"meo_idle_raup","x":7.38,"y":-87.16,"rotation":-90.52,"width":40,"height":33}},"meo_idle_raut2":{"meo_idle_raut2":{"path":"meo_idle_raut","x":3.01,"y":91.89,"rotation":-90.52,"width":40,"height":33}},"meo_idle_tayp1":{"tiengon/meo_on_tay2":{"x":33.07,"y":-1.45,"rotation":94.49,"width":33,"height":39}},"meo_idle_tayt1":{"tiengon/meo_on_tay1":{"x":30.98,"y":4.9,"rotation":83.69,"width":33,"height":39}},"meo_idle_than":{"tiengon/meo_on_than":{"x":69.55,"y":0.37,"rotation":-90,"width":111,"height":154}},"meo_on_mui":{"tiengon/meo_on_mui":{"x":1.68,"y":2.8,"rotation":-90.52,"width":16,"height":28}},"shadow":{"shadow":{"x":-5.98,"y":8.98,"width":207,"height":53}}}}],"events":{"20. Beatbox":{"audio":"20. Beatbox.mp3"}},"animations":{"1_play":{"bones":{"bone2b2":{"translate":[{},{"time":0.1,"x":-10.14,"y":-0.09},{"time":0.1667,"curve":"stepped"},{"time":0.5667},{"time":0.6667,"x":-10.14,"y":-0.09},{"time":0.7333,"curve":"stepped"},{"time":1.5667},{"time":1.6667,"x":-10.14,"y":-0.09},{"time":1.7333,"curve":"stepped"},{"time":1.9},{"time":2,"x":-10.14,"y":-0.09},{"time":2.0667,"curve":"stepped"},{"time":2.5},{"time":2.6,"x":-10.14,"y":-0.09},{"time":2.6667,"curve":"stepped"},{"time":3.1667},{"time":3.2667,"x":-10.14,"y":-0.09},{"time":3.3333,"curve":"stepped"},{"time":3.9667},{"time":4.0667,"x":-10.14,"y":-0.09},{"time":4.1333,"curve":"stepped"},{"time":4.3667},{"time":4.4667,"x":-10.14,"y":-0.09},{"time":4.5333,"curve":"stepped"},{"time":4.7},{"time":4.8,"x":-10.14,"y":-0.09},{"time":4.8667,"curve":"stepped"},{"time":5.0333},{"time":5.1333,"x":-10.14,"y":-0.09},{"time":5.2,"curve":"stepped"},{"time":5.6667},{"time":5.7667,"x":-10.14,"y":-0.09},{"time":5.8333,"curve":"stepped"},{"time":6.6667},{"time":6.7667,"x":-10.14,"y":-0.09},{"time":6.8333,"curve":"stepped"},{"time":7},{"time":7.1,"x":-10.14,"y":-0.09},{"time":7.1667,"curve":"stepped"},{"time":7.5},{"time":7.6,"x":-10.14,"y":-0.09},{"time":7.6667,"curve":"stepped"},{"time":8.1667},{"time":8.2667,"x":-10.14,"y":-0.09},{"time":8.3333,"curve":"stepped"},{"time":9.1667},{"time":9.2667,"x":-10.14,"y":-0.09},{"time":9.3333,"curve":"stepped"},{"time":9.5},{"time":9.6,"x":-10.14,"y":-0.09},{"time":9.6667,"curve":"stepped"},{"time":9.8333},{"time":9.9333,"x":-10.14,"y":-0.09},{"time":10}]},"bone2b22":{"scale":[{"x":0.207,"y":0.476},{"time":0.1,"x":0.977,"y":0.977},{"time":0.2,"x":0.688,"y":0.781},{"time":0.3333,"x":0.135,"y":0.781},{"time":0.5,"x":0.332,"y":0.285},{"time":0.6667,"x":0.332,"y":0.781},{"time":0.7667,"x":1.189,"y":0.549},{"time":0.9,"x":0.081,"y":0.807},{"time":1,"x":0.3},{"time":1.1,"x":0.666},{"time":1.2,"x":0.3},{"time":1.3,"x":0.666},{"time":1.4,"x":0.3},{"time":1.5333,"x":0.357,"y":0.219},{"time":1.6667,"x":1.064,"y":0.653},{"time":1.8,"x":0.332,"y":0.781},{"time":1.9,"x":0.971,"y":0.549},{"time":2,"x":0.3},{"time":2.1,"x":0.666},{"time":2.1667,"x":0.135,"y":0.781},{"time":2.3333,"x":0.332,"y":0.285},{"time":2.5,"x":0.207,"y":0.476},{"time":2.6,"x":0.977,"y":0.977},{"time":2.7,"x":0.781,"y":0.781},{"time":2.8333,"x":0.135,"y":0.781},{"time":3,"x":0.332,"y":0.285},{"time":3.1667,"x":0.332,"y":0.781},{"time":3.2667,"x":1.189,"y":0.549},{"time":3.4,"x":0.081,"y":0.807},{"time":3.5,"x":0.3},{"time":3.6,"x":0.666},{"time":3.7,"x":0.3},{"time":3.8,"x":0.666},{"time":3.9,"x":0.3},{"time":4.0333,"x":0.357,"y":0.219},{"time":4.1667,"x":1.064,"y":0.653},{"time":4.3,"x":0.332,"y":0.781},{"time":4.4,"x":0.971,"y":0.549},{"time":4.5,"x":0.3},{"time":4.6,"x":0.666},{"time":4.6667,"x":0.135,"y":0.781},{"time":4.8333,"x":0.332,"y":0.285},{"time":4.9667,"x":0.135,"y":0.781},{"time":5.1333,"x":0.332,"y":0.285},{"time":5.3333,"x":0.207,"y":0.476},{"time":5.4333,"x":0.977,"y":0.977},{"time":5.5333,"x":0.688,"y":0.781},{"time":5.6667,"x":0.135,"y":0.781},{"time":5.8333,"x":0.332,"y":0.285},{"time":6,"x":0.332,"y":0.781},{"time":6.1,"x":1.189,"y":0.549},{"time":6.2333,"x":0.081,"y":0.807},{"time":6.3333,"x":0.3},{"time":6.4333,"x":0.666},{"time":6.5333,"x":0.3},{"time":6.6333,"x":0.666},{"time":6.7333,"x":0.3,"y":0.23},{"time":6.8667,"x":0.357,"y":0.219},{"time":7,"x":1.064,"y":0.653},{"time":7.1333,"x":0.332,"y":0.781},{"time":7.2333,"x":0.971,"y":0.549},{"time":7.3333,"x":0.3},{"time":7.4333,"x":0.107},{"time":7.5,"x":0.135,"y":0.781},{"time":7.6667,"x":0.332,"y":0.285},{"time":7.8333,"x":0.337,"y":0.224},{"time":7.9333,"x":0.977,"y":0.977},{"time":8.0333,"x":0.688,"y":0.781},{"time":8.1667,"x":0.135,"y":0.781},{"time":8.3,"x":0.332,"y":0.285},{"time":8.4667,"x":0.332,"y":0.781},{"time":8.5667,"x":1.189,"y":0.549},{"time":8.7,"x":0.081,"y":0.807},{"time":8.8,"x":0.3},{"time":8.9,"x":0.666},{"time":9,"x":0.3},{"time":9.1,"x":0.666},{"time":9.1667,"x":0.3},{"time":9.3,"x":0.357,"y":0.219},{"time":9.4333,"x":1.064,"y":0.653},{"time":9.5667,"x":0.332,"y":0.781},{"time":9.6667,"x":0.971,"y":0.549},{"time":9.7667,"x":0.3},{"time":9.8667,"x":0.666},{"time":9.9333,"x":0.135,"y":0.781},{"time":10.1,"x":0.332,"y":0.285}]},"bone2b11":{"translate":[{"x":-12.47,"y":1.36},{"time":0.1667,"x":1.88,"y":0.61},{"time":0.3333,"x":-12.47,"y":1.36,"curve":"stepped"},{"time":0.6667,"x":-12.47,"y":1.36},{"time":0.8333,"x":1.88,"y":0.61},{"time":1,"x":-12.47,"y":1.36,"curve":"stepped"},{"time":1.6667,"x":-12.47,"y":1.36},{"time":1.8,"x":1.88,"y":0.61},{"time":1.9333,"x":-12.47,"y":1.36},{"time":2.0667,"x":1.88,"y":0.61},{"time":2.2,"x":-12.47,"y":1.36,"curve":"stepped"},{"time":2.5,"x":-12.47,"y":1.36},{"time":2.6333,"x":1.88,"y":0.61},{"time":2.7667,"x":-12.47,"y":1.36,"curve":"stepped"},{"time":3.1667,"x":-12.47,"y":1.36},{"time":3.3,"x":1.88,"y":0.61},{"time":3.4333,"x":-12.47,"y":1.36,"curve":"stepped"},{"time":4,"x":-12.47,"y":1.36},{"time":4.1333,"x":1.88,"y":0.61},{"time":4.2667,"x":-12.47,"y":1.36,"curve":"stepped"},{"time":4.5,"x":-12.47,"y":1.36},{"time":4.6333,"x":1.88,"y":0.61},{"time":4.7667,"x":-12.47,"y":1.36},{"time":4.9,"x":1.88,"y":0.61},{"time":5.0333,"x":-12.47,"y":1.36,"curve":"stepped"},{"time":5.2,"x":-12.47,"y":1.36},{"time":5.3333,"x":1.88,"y":0.61},{"time":5.4667,"x":-12.47,"y":1.36,"curve":"stepped"},{"time":5.6667,"x":-12.47,"y":1.36},{"time":5.8,"x":1.88,"y":0.61},{"time":5.9333,"x":-12.47,"y":1.36,"curve":"stepped"},{"time":6.6333,"x":-12.47,"y":1.36},{"time":6.7667,"x":1.88,"y":0.61},{"time":6.9,"x":-12.47,"y":1.36,"curve":"stepped"},{"time":7.0667,"x":-12.47,"y":1.36},{"time":7.2,"x":1.88,"y":0.61},{"time":7.3333,"x":-12.47,"y":1.36,"curve":"stepped"},{"time":7.5,"x":-12.47,"y":1.36},{"time":7.6333,"x":1.88,"y":0.61},{"time":7.7667,"x":-12.47,"y":1.36,"curve":"stepped"},{"time":8.2,"x":-12.47,"y":1.36},{"time":8.3333,"x":1.88,"y":0.61},{"time":8.4667,"x":-12.47,"y":1.36,"curve":"stepped"},{"time":9.0667,"x":-12.47,"y":1.36},{"time":9.2,"x":1.88,"y":0.61},{"time":9.3333,"x":-12.47,"y":1.36,"curve":"stepped"},{"time":9.7667,"x":-12.47,"y":1.36},{"time":9.9,"x":1.88,"y":0.61},{"time":10.0333,"x":-12.47,"y":1.36}]},"bone2b12":{"translate":[{"x":-12.47,"y":1.36},{"time":0.1667,"x":1.88,"y":0.61},{"time":0.3333,"x":-12.47,"y":1.36,"curve":"stepped"},{"time":0.6667,"x":-12.47,"y":1.36},{"time":0.8333,"x":1.88,"y":0.61},{"time":1,"x":-12.47,"y":1.36,"curve":"stepped"},{"time":1.6667,"x":-12.47,"y":1.36},{"time":1.8,"x":1.88,"y":0.61},{"time":1.9333,"x":-12.47,"y":1.36},{"time":2.0667,"x":1.88,"y":0.61},{"time":2.2,"x":-12.47,"y":1.36,"curve":"stepped"},{"time":2.5,"x":-12.47,"y":1.36},{"time":2.6333,"x":1.88,"y":0.61},{"time":2.7667,"x":-12.47,"y":1.36,"curve":"stepped"},{"time":3.1667,"x":-12.47,"y":1.36},{"time":3.3,"x":1.88,"y":0.61},{"time":3.4333,"x":-12.47,"y":1.36,"curve":"stepped"},{"time":4,"x":-12.47,"y":1.36},{"time":4.1333,"x":1.88,"y":0.61},{"time":4.2667,"x":-12.47,"y":1.36,"curve":"stepped"},{"time":4.5,"x":-12.47,"y":1.36},{"time":4.6333,"x":1.88,"y":0.61},{"time":4.7667,"x":-12.47,"y":1.36},{"time":4.9,"x":1.88,"y":0.61},{"time":5.0333,"x":-12.47,"y":1.36,"curve":"stepped"},{"time":5.2,"x":-12.47,"y":1.36},{"time":5.3333,"x":1.88,"y":0.61},{"time":5.4667,"x":-12.47,"y":1.36,"curve":"stepped"},{"time":5.6667,"x":-12.47,"y":1.36},{"time":5.8,"x":1.88,"y":0.61},{"time":5.9333,"x":-12.47,"y":1.36,"curve":"stepped"},{"time":6.6333,"x":-12.47,"y":1.36},{"time":6.7667,"x":1.88,"y":0.61},{"time":6.9,"x":-12.47,"y":1.36,"curve":"stepped"},{"time":7.0667,"x":-12.47,"y":1.36},{"time":7.2,"x":1.88,"y":0.61},{"time":7.3333,"x":-12.47,"y":1.36,"curve":"stepped"},{"time":7.5,"x":-12.47,"y":1.36},{"time":7.6333,"x":1.88,"y":0.61},{"time":7.7667,"x":-12.47,"y":1.36,"curve":"stepped"},{"time":8.2,"x":-12.47,"y":1.36},{"time":8.3333,"x":1.88,"y":0.61},{"time":8.4667,"x":-12.47,"y":1.36,"curve":"stepped"},{"time":9.0667,"x":-12.47,"y":1.36},{"time":9.2,"x":1.88,"y":0.61},{"time":9.3333,"x":-12.47,"y":1.36,"curve":"stepped"},{"time":9.7667,"x":-12.47,"y":1.36},{"time":9.9,"x":1.88,"y":0.61},{"time":10.0333,"x":-12.47,"y":1.36}]}},"events":[{"name":"20. Beatbox"}]},"2_idle":{}}},[0]]],0,0,[0],[-1],[0]]
