[1,["41qz0rVYNBy4giN/2dBNsu@6c48a"],0,[["sp.SkeletonData",["_name","_atlasText","textureNames","_skeletonJson","textures"],-1,3]],[[0,0,1,2,3,4,5]],[[0,"ken1","\r\nken1.png\r\nsize: 501, 282\r\nformat: RGBA8888\r\nfilter: Linear, Linear\r\nrepeat: none\r\nken1/meo_ken1_dau\r\n  rotate: false\r\n  xy: 2, 101\r\n  size: 265, 179\r\n  orig: 265, 179\r\n  offset: 0, 0\r\n  index: -1\r\nken1/meo_ken1_duoi\r\n  rotate: false\r\n  xy: 372, 79\r\n  size: 67, 45\r\n  orig: 67, 45\r\n  offset: 0, 0\r\n  index: -1\r\nken1/meo_ken1_ken\r\n  rotate: false\r\n  xy: 2, 5\r\n  size: 317, 94\r\n  orig: 317, 94\r\n  offset: 0, 0\r\n  index: -1\r\nken1/meo_ken1_mat\r\n  rotate: true\r\n  xy: 382, 126\r\n  size: 154, 64\r\n  orig: 154, 64\r\n  offset: 0, 0\r\n  index: -1\r\nken1/meo_ken1_mieng\r\n  rotate: false\r\n  xy: 321, 51\r\n  size: 49, 73\r\n  orig: 49, 73\r\n  offset: 0, 0\r\n  index: -1\r\nken1/meo_ken1_nguoi1\r\n  rotate: false\r\n  xy: 372, 38\r\n  size: 46, 39\r\n  orig: 46, 39\r\n  offset: 0, 0\r\n  index: -1\r\nken1/meo_ken1_nguoi2\r\n  rotate: true\r\n  xy: 321, 2\r\n  size: 47, 36\r\n  orig: 47, 36\r\n  offset: 0, 0\r\n  index: -1\r\nken1/meo_ken1_tay1\r\n  rotate: true\r\n  xy: 359, 3\r\n  size: 33, 39\r\n  orig: 33, 39\r\n  offset: 0, 0\r\n  index: -1\r\nken1/meo_ken1_tay2\r\n  rotate: true\r\n  xy: 400, 3\r\n  size: 33, 39\r\n  orig: 33, 39\r\n  offset: 0, 0\r\n  index: -1\r\nken1/meo_ken1_than\r\n  rotate: false\r\n  xy: 269, 126\r\n  size: 111, 154\r\n  orig: 111, 154\r\n  offset: 0, 0\r\n  index: -1\r\nmeo_idle_raup\r\n  rotate: false\r\n  xy: 420, 42\r\n  size: 38, 31\r\n  orig: 40, 33\r\n  offset: 1, 1\r\n  index: -1\r\nmeo_idle_raut\r\n  rotate: true\r\n  xy: 441, 2\r\n  size: 38, 31\r\n  orig: 40, 33\r\n  offset: 1, 1\r\n  index: -1\r\nshadow\r\n  rotate: true\r\n  xy: 448, 75\r\n  size: 205, 51\r\n  orig: 207, 53\r\n  offset: 1, 1\r\n  index: -1\r\n",["ken1.png"],{"skeleton":{"hash":"3vJlsWuHsP0","spine":"3.8-from-4.0-from-4.1-from-4.2.38","images":"C:/Users/006/Desktop/222","audio":"./images/20Track 3/"},"bones":[{"name":"root"},{"name":"bone","parent":"root","icon":"arrows"},{"name":"bone2","parent":"bone","length":137.48,"rotation":90},{"name":"bone2b2","parent":"bone2","length":116.41,"rotation":0.52,"x":142.79,"y":3.1},{"name":"bone2b3","parent":"bone2","length":22.23,"rotation":-173.69,"x":108.44,"y":26.91},{"name":"bone2b4","parent":"bone2","length":23.25,"rotation":175.51,"x":110.6,"y":-25.5},{"name":"bone2b6","parent":"bone2b2","x":65.94,"y":1.06},{"name":"bone2b5","parent":"bone2b2","x":51.78,"y":6.44},{"name":"bone3","parent":"bone2","length":21.06,"rotation":-68.2,"x":43.64,"y":-41.55},{"name":"bone2b11","parent":"bone2b6","rotation":-90,"x":-2.3,"y":55.72,"icon":"suiteHearts"},{"name":"bone2b12","parent":"bone2b6","rotation":-90,"x":6.12,"y":-33.61,"icon":"suiteHearts"},{"name":"bone2b22","parent":"bone2b5","x":-56.14,"y":-13.01},{"name":"bone2b7","parent":"bone2b2","x":58,"y":101.34},{"name":"bone2b8","parent":"bone2b2","x":57.23,"y":-99.54}],"slots":[{"name":"Group 67","bone":"root"},{"name":"shadow","bone":"bone"},{"name":"meo_ken1_ken","bone":"bone2b2","attachment":"ken1/meo_ken1_ken"},{"name":"meo_idle_duoi","bone":"bone3","attachment":"ken1/meo_ken1_duoi"},{"name":"meo_idle_than","bone":"bone2","attachment":"ken1/meo_ken1_than"},{"name":"meo_idle_dau","bone":"bone2b2","attachment":"ken1/meo_ken1_dau"},{"name":"meo_ech_mat","bone":"bone2b6","attachment":"ken1/meo_ken1_mat"},{"name":"meo_chumchoe2_nguoi1","bone":"bone2b11","attachment":"ken1/meo_ken1_nguoi1"},{"name":"meo_chumchoe2_nguoi2","bone":"bone2b12","attachment":"ken1/meo_ken1_nguoi2"},{"name":"meo_idle_mieng","bone":"bone2b5","attachment":"ken1/meo_ken1_mieng"},{"name":"meo_idle_tayt1","bone":"bone2b3","attachment":"ken1/meo_ken1_tay1"},{"name":"meo_idle_tayp1","bone":"bone2b4","attachment":"ken1/meo_ken1_tay2"},{"name":"meo_idle_raut2","bone":"bone2b2","attachment":"meo_idle_raut2"},{"name":"meo_idle_raup2","bone":"bone2b2","attachment":"meo_idle_raup2"},{"name":"meo_idle_bc10","bone":"bone2b6"},{"name":"meo_ech_mieng2","bone":"bone2b5"},{"name":"meo_bogo_mieng3","bone":"bone2b5"},{"name":"demo","bone":"root","color":"ffffff9a"},{"name":"demo2","bone":"root","color":"ffffffa8"}],"skins":[{"name":"default","attachments":{"meo_chumchoe2_nguoi1":{"ken1/meo_ken1_nguoi1":{"x":-0.05,"y":0.08,"rotation":-0.52,"width":46,"height":39}},"meo_chumchoe2_nguoi2":{"ken1/meo_ken1_nguoi2":{"x":0.09,"y":0.98,"rotation":-0.52,"width":47,"height":36}},"meo_ech_mat":{"ken1/meo_ken1_mat":{"x":1.97,"y":10.34,"rotation":-90.52,"width":154,"height":64}},"meo_idle_dau":{"ken1/meo_ken1_dau":{"x":67.1,"y":-0.88,"rotation":-90.52,"width":265,"height":179}},"meo_idle_duoi":{"ken1/meo_ken1_duoi":{"x":31.9,"y":5.89,"rotation":-21.8,"width":67,"height":45}},"meo_idle_mieng":{"ken1/meo_ken1_mieng":{"type":"mesh","hull":16,"width":49,"height":73,"uvs":[0.42327,0.08139,0.37947,0.11564,0.50235,0.38879,0.56974,0.6361,0.80772,0.72448,0.99999,0.86006,1,1,0,1,0,0.90051,0.2047,0.77108,0.43753,0.64636,0.38857,0.39699,0.2436,0.14712,0.06023,0.11974,0.06022,0,0.4178,0,0.09333,0.93828,0.52318,0.68024,0.93753,0.90928,0.50103,0.96059,0.28717,0.80759,0.75883,0.77384],"triangles":[15,12,14,1,15,0,12,13,14,15,1,12,11,12,1,2,11,1,10,11,2,10,2,3,17,10,3,21,3,4,17,3,21,20,9,10,20,10,17,21,4,5,18,21,5,16,8,9,16,9,20,19,20,17,19,17,21,19,21,18,16,20,19,7,8,16,18,5,6,19,18,6,7,16,19,6,7,19],"vertices":[2,11,55.01,3.78,0.00851,7,-1.13,-9.23,0.99149,2,11,52.53,5.95,0.02871,7,-3.61,-7.06,0.97129,2,11,32.53,0.11,0.44202,7,-23.6,-12.9,0.55798,2,11,14.45,-3.03,0.90228,7,-41.69,-16.04,0.09772,2,11,7.89,-14.63,0.99494,7,-48.24,-27.64,0.00506,1,11,-2.09,-23.96,1,1,11,-12.31,-23.87,1,1,11,-11.86,25.13,1,1,11,-4.6,25.06,1,2,11,4.76,14.95,0.99765,7,-51.38,1.94,0.00235,2,11,13.76,3.46,0.90109,7,-42.38,-9.55,0.09891,2,11,31.98,5.69,0.42214,7,-24.15,-7.32,0.57786,2,11,50.29,12.63,0.02744,7,-5.85,-0.38,0.97256,1,7,-3.77,8.59,1,1,7,4.97,8.51,1,2,11,60.95,4,0.00008,7,4.81,-9.01,0.99992,1,11,-7.4,20.52,1,2,11,11.25,-0.72,0.93481,7,-44.89,-13.73,0.06519,1,11,-5.66,-20.87,1,1,11,-9.21,0.55,1,2,11,2.06,10.93,0.99726,7,-54.08,-2.08,0.00274,2,11,4.31,-12.2,0.99602,7,-51.82,-25.21,0.00398],"edges":[12,14,26,28,28,30,0,30,26,24,14,16,0,2,2,24,12,10,24,22,22,20,2,4,4,6,16,18,18,20,10,8,8,6,20,6,36,38,38,32,32,40,40,34,34,42,42,36]}},"meo_idle_raup2":{"meo_idle_raup2":{"path":"meo_idle_raup","x":7.38,"y":-87.16,"rotation":-90.52,"width":40,"height":33}},"meo_idle_raut2":{"meo_idle_raut2":{"path":"meo_idle_raut","x":3.01,"y":91.89,"rotation":-90.52,"width":40,"height":33}},"meo_idle_tayp1":{"ken1/meo_ken1_tay2":{"x":30.78,"y":-2.75,"rotation":94.49,"width":33,"height":39}},"meo_idle_tayt1":{"ken1/meo_ken1_tay1":{"x":29.1,"y":3.87,"rotation":83.69,"width":33,"height":39}},"meo_idle_than":{"ken1/meo_ken1_than":{"x":69.55,"y":0.37,"rotation":-90,"width":111,"height":154}},"meo_ken1_ken":{"ken1/meo_ken1_ken":{"type":"mesh","hull":12,"width":317,"height":94,"uvs":[1,1,0.79963,1,0.6639,1,0.32064,1,0.19485,1,0,1,0,0,0.19805,0,0.32664,0,0.6669,0,0.8008,0,1,0],"triangles":[2,8,9,3,7,8,3,8,2,2,9,1,1,9,10,10,11,0,1,10,0,4,5,6,7,4,6,4,7,3],"vertices":[1,13,-49,-60,1,2,12,-49.2,-197.36,0.00011,13,-48.42,3.52,0.99989,1,3,9.2,-53,1,1,3,10.18,55.81,1,2,12,-47.46,-5.66,0.99989,13,-46.68,195.23,0.00011,1,12,-46.9,56.11,1,1,12,47.1,55.25,1,1,12,46.53,-7.52,1,1,3,104.16,53.06,1,1,3,103.18,-54.8,1,1,13,45.57,2.29,1,1,13,45,-60.85,1],"edges":[10,12,0,22,12,14,8,10,14,8,20,22,0,2,20,2,14,16,6,8,16,6,16,18,18,20,2,4,4,6,18,4]}},"shadow":{"shadow":{"x":-5.98,"y":8.98,"width":207,"height":53}}}}],"events":{"16. Kèn 1":{"audio":"16. Kèn 1.mp3"}},"animations":{"1_play":{"bones":{"bone2b7":{"scale":[{},{"time":0.1667,"x":1.385,"y":1.385},{"time":0.3333,"x":0.862,"y":0.862,"curve":"stepped"},{"time":0.5,"x":0.862,"y":0.862},{"time":0.6,"x":1.117,"y":1.117},{"time":0.7,"x":0.757,"y":0.757},{"time":0.7667,"x":1.223,"y":1.223},{"time":0.8667,"x":0.78,"y":0.78},{"time":1.0667,"x":1.213,"y":1.213},{"time":1.2,"x":0.688,"y":0.688},{"time":1.3333,"x":0.814,"y":0.814},{"time":1.4333,"x":1.365,"y":1.365},{"time":1.8333,"x":0.903,"y":0.903},{"time":1.9333,"x":1.42,"y":1.42},{"time":2.0333,"x":0.855,"y":0.855},{"time":2.1333,"x":1.223,"y":1.223},{"time":2.2333,"x":0.819,"y":0.819},{"time":2.3333,"x":1.26,"y":1.26},{"time":2.4333,"x":0.747,"y":0.747},{"time":2.5333,"x":0.477,"y":0.477},{"time":2.6667,"x":1.565,"y":1.565},{"time":3.1,"x":1.028,"y":1.028},{"time":3.2,"x":0.722,"y":0.722},{"time":3.3,"x":1.23,"y":1.23},{"time":3.4,"x":0.867,"y":0.867},{"time":3.5,"x":1.21,"y":1.21},{"time":3.6,"x":0.679,"y":0.679},{"time":3.7,"x":0.581,"y":0.581},{"time":3.8333,"x":0.771,"y":0.771},{"time":3.9333,"x":1.154,"y":1.154},{"time":4.0333,"x":0.844,"y":0.844},{"time":4.1333,"x":1.274,"y":1.274},{"time":4.2333,"x":0.776,"y":0.776},{"time":4.3333},{"time":4.8333,"x":1.57,"y":1.57},{"time":5,"x":0.96,"y":0.96},{"time":5.1,"x":0.717,"y":0.717},{"time":5.2,"x":1.267,"y":1.267},{"time":5.5667,"x":0.896,"y":0.896},{"time":5.6667,"x":1.314,"y":1.314},{"time":5.7667,"x":0.698,"y":0.698},{"time":5.8667,"x":1.266,"y":1.266},{"time":5.9667,"x":0.806,"y":0.806},{"time":6.0667,"x":1.291,"y":1.291},{"time":6.1667,"x":0.812,"y":0.812},{"time":6.2667,"x":0.664,"y":0.664},{"time":6.3667,"x":1.351,"y":1.351},{"time":6.7333,"x":0.889,"y":0.889},{"time":6.8333,"x":1.333,"y":1.333},{"time":6.9333,"x":0.834,"y":0.834},{"time":7.0333,"x":1.233,"y":1.233},{"time":7.1333,"x":0.813,"y":0.813},{"time":7.2333,"x":1.284,"y":1.284},{"time":7.3333,"x":0.895,"y":0.895},{"time":7.4333,"x":1.268,"y":1.268},{"time":7.5333,"x":0.714,"y":0.714},{"time":7.6333,"x":1.43,"y":1.43},{"time":8,"x":0.942,"y":0.942},{"time":8.1,"x":0.68,"y":0.68},{"time":8.2,"x":1.167,"y":1.167},{"time":8.3,"x":0.808,"y":0.808},{"time":8.4,"x":1.29,"y":1.29},{"time":8.5,"x":0.793,"y":0.793},{"time":8.6,"x":1.33,"y":1.33},{"time":8.8333,"x":0.713,"y":0.713},{"time":8.9333,"x":1.296,"y":1.296},{"time":9.0333,"x":0.951,"y":0.951},{"time":9.1333,"x":1.326,"y":1.326},{"time":9.2333,"x":0.9,"y":0.9},{"time":9.3333,"x":1.428,"y":1.428},{"time":9.4333,"x":1.167,"y":1.167},{"time":9.5333,"x":1.631,"y":1.631},{"time":9.6333,"x":1.091,"y":1.091},{"time":9.7333,"x":1.293,"y":1.293},{"time":10.1}]},"bone2b8":{"scale":[{},{"time":0.1667,"x":1.385,"y":1.385},{"time":0.3333,"x":0.862,"y":0.862,"curve":"stepped"},{"time":0.5,"x":0.862,"y":0.862},{"time":0.6,"x":1.117,"y":1.117},{"time":0.7,"x":0.757,"y":0.757},{"time":0.7667,"x":1.223,"y":1.223},{"time":0.8667,"x":0.78,"y":0.78},{"time":1.0667,"x":1.213,"y":1.213},{"time":1.2,"x":0.688,"y":0.688},{"time":1.3333,"x":0.814,"y":0.814},{"time":1.4333,"x":1.365,"y":1.365},{"time":1.8333,"x":0.903,"y":0.903},{"time":1.9333,"x":1.42,"y":1.42},{"time":2.0333,"x":0.855,"y":0.855},{"time":2.1333,"x":1.223,"y":1.223},{"time":2.2333,"x":0.819,"y":0.819},{"time":2.3333,"x":1.26,"y":1.26},{"time":2.4333,"x":0.747,"y":0.747},{"time":2.5333,"x":0.477,"y":0.477},{"time":2.6667,"x":1.565,"y":1.565},{"time":3.1,"x":1.028,"y":1.028},{"time":3.2,"x":0.722,"y":0.722},{"time":3.3,"x":1.23,"y":1.23},{"time":3.4,"x":0.867,"y":0.867},{"time":3.5,"x":1.21,"y":1.21},{"time":3.6,"x":0.679,"y":0.679},{"time":3.7,"x":0.581,"y":0.581},{"time":3.8333,"x":0.771,"y":0.771},{"time":3.9333,"x":1.154,"y":1.154},{"time":4.0333,"x":0.844,"y":0.844},{"time":4.1333,"x":1.274,"y":1.274},{"time":4.2333,"x":0.776,"y":0.776},{"time":4.3333},{"time":4.8333,"x":1.57,"y":1.57},{"time":5,"x":0.96,"y":0.96},{"time":5.1,"x":0.717,"y":0.717},{"time":5.2,"x":1.267,"y":1.267},{"time":5.5667,"x":0.896,"y":0.896},{"time":5.6667,"x":1.314,"y":1.314},{"time":5.7667,"x":0.698,"y":0.698},{"time":5.8667,"x":1.266,"y":1.266},{"time":5.9667,"x":0.806,"y":0.806},{"time":6.0667,"x":1.291,"y":1.291},{"time":6.1667,"x":0.812,"y":0.812},{"time":6.2667,"x":0.664,"y":0.664},{"time":6.3667,"x":1.351,"y":1.351},{"time":6.7333,"x":0.889,"y":0.889},{"time":6.8333,"x":1.333,"y":1.333},{"time":6.9333,"x":0.834,"y":0.834},{"time":7.0333,"x":1.233,"y":1.233},{"time":7.1333,"x":0.813,"y":0.813},{"time":7.2333,"x":1.284,"y":1.284},{"time":7.3333,"x":0.895,"y":0.895},{"time":7.4333,"x":1.268,"y":1.268},{"time":7.5333,"x":0.714,"y":0.714},{"time":7.6333,"x":1.43,"y":1.43},{"time":8,"x":0.942,"y":0.942},{"time":8.1,"x":0.68,"y":0.68},{"time":8.2,"x":1.167,"y":1.167},{"time":8.3,"x":0.808,"y":0.808},{"time":8.4,"x":1.29,"y":1.29},{"time":8.5,"x":0.793,"y":0.793},{"time":8.6,"x":1.33,"y":1.33},{"time":8.8333,"x":0.713,"y":0.713},{"time":8.9333,"x":1.296,"y":1.296},{"time":9.0333,"x":0.951,"y":0.951},{"time":9.1333,"x":1.326,"y":1.326},{"time":9.2333,"x":0.9,"y":0.9},{"time":9.3333,"x":1.428,"y":1.428},{"time":9.4333,"x":1.167,"y":1.167},{"time":9.5333,"x":1.631,"y":1.631},{"time":9.6333,"x":1.091,"y":1.091},{"time":9.7333,"x":1.293,"y":1.293},{"time":10.1}]},"bone2b2":{"rotate":[{},{"time":0.1,"angle":-10.47},{"time":0.2,"angle":1.19},{"time":0.5},{"time":0.6,"angle":-10.47},{"time":0.7},{"time":0.8,"angle":-10.47},{"time":0.9},{"time":1,"angle":-10.47},{"time":1.1},{"time":1.2,"angle":-10.47},{"time":1.3},{"time":1.4,"angle":-10.47},{"time":1.5,"angle":1.19},{"time":1.8333},{"time":1.9333,"angle":-10.47},{"time":2.0333},{"time":2.1333,"angle":-10.47},{"time":2.2333},{"time":2.3333,"angle":-10.47},{"time":2.4333},{"time":2.5333,"angle":-10.47},{"time":2.6333,"angle":1.19},{"time":3.1},{"time":3.2,"angle":-10.47},{"time":3.3},{"time":3.4,"angle":-10.47},{"time":3.5},{"time":3.6,"angle":-10.47},{"time":3.7},{"time":3.8,"angle":-10.47},{"time":3.9},{"time":4,"angle":-10.47},{"time":4.1},{"time":4.2,"angle":-10.47},{"time":4.3,"angle":1.19},{"time":5},{"time":5.1,"angle":-10.47},{"time":5.2,"angle":1.19},{"time":5.6667},{"time":5.7667,"angle":-10.47},{"time":5.8667},{"time":5.9667,"angle":-10.47},{"time":6.0667},{"time":6.1667,"angle":-10.47},{"time":6.2667},{"time":6.3667,"angle":-10.47},{"time":6.4667,"angle":1.19},{"time":6.8333},{"time":6.9333,"angle":-10.47},{"time":7.0333},{"time":7.1333,"angle":-10.47},{"time":7.2333},{"time":7.3333,"angle":-10.47},{"time":7.4333},{"time":7.5333,"angle":-10.47},{"time":7.6333},{"time":7.7333,"angle":-10.47},{"time":7.8333,"angle":1.19},{"time":8.1},{"time":8.2,"angle":-10.47},{"time":8.3},{"time":8.4,"angle":-10.47},{"time":8.5},{"time":8.6,"angle":-10.47},{"time":8.7},{"time":8.8,"angle":-10.47},{"time":8.9},{"time":9,"angle":-10.47},{"time":9.1},{"time":9.2,"angle":-10.47},{"time":9.3},{"time":9.4,"angle":-10.47},{"time":9.5},{"time":9.6,"angle":-10.47},{"time":9.7,"angle":1.19}]}},"events":[{"name":"16. Kèn 1"}]},"2_idle":{"bones":{"bone2b8":{"translate":[{}]}}}}},[0]]],0,0,[0],[-1],[0]]
