[1,["a5fRoKpJJKKbizXGxNUkiD@6c48a"],0,[["sp.SkeletonData",["_name","_atlasText","textureNames","_skeletonJson","textures"],-1,3]],[[0,0,1,2,3,4,5]],[[0,"Sound_2_Pin","\r\nSound_2_Pin.png\r\nsize: 834, 378\r\nformat: RGBA8888\r\nfilter: Linear, Linear\r\nrepeat: none\r\n1\r\n  rotate: true\r\n  xy: 2, 190\r\n  size: 186, 267\r\n  orig: 186, 272\r\n  offset: 0, 5\r\n  index: -1\r\n2\r\n  rotate: true\r\n  xy: 271, 190\r\n  size: 186, 267\r\n  orig: 186, 272\r\n  offset: 0, 5\r\n  index: -1\r\n3\r\n  rotate: true\r\n  xy: 540, 190\r\n  size: 186, 270\r\n  orig: 186, 275\r\n  offset: 0, 5\r\n  index: -1\r\n4\r\n  rotate: true\r\n  xy: 2, 2\r\n  size: 186, 273\r\n  orig: 186, 278\r\n  offset: 0, 5\r\n  index: -1\r\n5\r\n  rotate: true\r\n  xy: 277, 2\r\n  size: 186, 275\r\n  orig: 186, 280\r\n  offset: 0, 5\r\n  index: -1\r\n6\r\n  rotate: true\r\n  xy: 554, 2\r\n  size: 186, 278\r\n  orig: 186, 283\r\n  offset: 0, 5\r\n  index: -1\r\n",["Sound_2_Pin.png"],{"skeleton":{"hash":"6G3nzo5at9Q","spine":"3.8-from-4.0-from-4.1-from-4.2.38","images":"C:\\Users\\006\\Desktop\\222","audio":"./audio"},"bones":[{"name":"root"},{"name":"bone","parent":"root","x":0.01,"y":-36.04}],"slots":[{"name":"1","bone":"bone","attachment":"1"},{"name":"2","bone":"bone"},{"name":"3","bone":"bone"},{"name":"4","bone":"bone"},{"name":"5","bone":"bone"},{"name":"6","bone":"bone"}],"skins":[{"name":"default","attachments":{"1":{"1":{"x":7.93,"y":167.4,"width":186,"height":272}},"2":{"2":{"x":7.93,"y":167.95,"width":186,"height":272}},"3":{"3":{"x":7.93,"y":169.34,"width":186,"height":275}},"4":{"4":{"x":7.93,"y":170.45,"width":186,"height":278}},"5":{"5":{"x":7.93,"y":171,"width":186,"height":280}},"6":{"6":{"x":7.93,"y":172.39,"width":186,"height":283}}}}],"animations":{"Sound_1":{"slots":{"1":{"attachment":[{"time":0.1,"name":null},{"time":1.2,"name":"1"},{"time":1.3,"name":null},{"time":2.4,"name":"1"},{"time":2.5,"name":null},{"time":3.6,"name":"1"},{"time":3.7,"name":null},{"time":4.8,"name":"1"}]},"2":{"attachment":[{"time":0.1,"name":"2"},{"time":0.2,"name":null},{"time":1.0667,"name":"2"},{"time":1.2,"name":null},{"time":1.3,"name":"2"},{"time":1.4,"name":null},{"time":2.2667,"name":"2"},{"time":2.4,"name":null},{"time":2.5,"name":"2"},{"time":2.6,"name":null},{"time":3.4667,"name":"2"},{"time":3.6,"name":null},{"time":3.7,"name":"2"},{"time":3.8,"name":null},{"time":4.6667,"name":"2"},{"time":4.8,"name":null}]},"3":{"attachment":[{"time":0.2,"name":"3"},{"time":0.3,"name":null},{"time":0.9333,"name":"3"},{"time":1.0667,"name":null},{"time":1.4,"name":"3"},{"time":1.5,"name":null},{"time":2.1333,"name":"3"},{"time":2.2667,"name":null},{"time":2.6,"name":"3"},{"time":2.7,"name":null},{"time":3.3333,"name":"3"},{"time":3.4667,"name":null},{"time":3.8,"name":"3"},{"time":3.9,"name":null},{"time":4.5333,"name":"3"},{"time":4.6667,"name":null}]},"4":{"attachment":[{"time":0.3,"name":"4"},{"time":0.4333,"name":null},{"time":0.8,"name":"4"},{"time":0.9333,"name":null},{"time":1.5,"name":"4"},{"time":1.6333,"name":null},{"time":2,"name":"4"},{"time":2.1333,"name":null},{"time":2.7,"name":"4"},{"time":2.8333,"name":null},{"time":3.2,"name":"4"},{"time":3.3333,"name":null},{"time":3.9,"name":"4"},{"time":4.0333,"name":null},{"time":4.4,"name":"4"},{"time":4.5333,"name":null}]},"5":{"attachment":[{"time":0.4333,"name":"5"},{"time":0.5667,"name":null},{"time":0.6667,"name":"5"},{"time":0.8,"name":null},{"time":1.6333,"name":"5"},{"time":1.7667,"name":null},{"time":1.8667,"name":"5"},{"time":2,"name":null},{"time":2.8333,"name":"5"},{"time":2.9667,"name":null},{"time":3.0667,"name":"5"},{"time":3.2,"name":null},{"time":4.0333,"name":"5"},{"time":4.1667,"name":null},{"time":4.2667,"name":"5"},{"time":4.4,"name":null}]},"6":{"attachment":[{"time":0.5667,"name":"6"},{"time":0.6667,"name":null},{"time":1.7667,"name":"6"},{"time":1.8667,"name":null},{"time":2.9667,"name":"6"},{"time":3.0667,"name":null},{"time":4.1667,"name":"6"},{"time":4.2667,"name":null}]}}},"Sound_2":{"slots":{"1":{"attachment":[{"time":0.1,"name":null},{"time":1.2,"name":"1"},{"time":1.3,"name":null},{"time":2.4,"name":"1"},{"time":2.5,"name":null},{"time":3.6,"name":"1"},{"time":3.7,"name":null},{"time":4.8,"name":"1"}]},"2":{"attachment":[{"time":0.1,"name":"2"},{"time":0.2,"name":null},{"time":1.0667,"name":"2"},{"time":1.2,"name":null},{"time":1.3,"name":"2"},{"time":1.4,"name":null},{"time":2.2667,"name":"2"},{"time":2.4,"name":null},{"time":2.5,"name":"2"},{"time":2.6,"name":null},{"time":3.4667,"name":"2"},{"time":3.6,"name":null},{"time":3.7,"name":"2"},{"time":3.8,"name":null},{"time":4.6667,"name":"2"},{"time":4.8,"name":null}]},"3":{"attachment":[{"time":0.2,"name":"3"},{"time":0.3,"name":null},{"time":0.9333,"name":"3"},{"time":1.0667,"name":null},{"time":1.4,"name":"3"},{"time":1.5,"name":null},{"time":2.1333,"name":"3"},{"time":2.2667,"name":null},{"time":2.6,"name":"3"},{"time":2.7,"name":null},{"time":3.3333,"name":"3"},{"time":3.4667,"name":null},{"time":3.8,"name":"3"},{"time":3.9,"name":null},{"time":4.5333,"name":"3"},{"time":4.6667,"name":null}]},"4":{"attachment":[{"time":0.3,"name":"4"},{"time":0.4333,"name":null},{"time":0.8,"name":"4"},{"time":0.9333,"name":null},{"time":1.5,"name":"4"},{"time":1.6333,"name":null},{"time":2,"name":"4"},{"time":2.1333,"name":null},{"time":2.7,"name":"4"},{"time":2.8333,"name":null},{"time":3.2,"name":"4"},{"time":3.3333,"name":null},{"time":3.9,"name":"4"},{"time":4.0333,"name":null},{"time":4.4,"name":"4"},{"time":4.5333,"name":null}]},"5":{"attachment":[{"time":0.4333,"name":"5"},{"time":0.5667,"name":null},{"time":0.6667,"name":"5"},{"time":0.8,"name":null},{"time":1.6333,"name":"5"},{"time":1.7667,"name":null},{"time":1.8667,"name":"5"},{"time":2,"name":null},{"time":2.8333,"name":"5"},{"time":2.9667,"name":null},{"time":3.0667,"name":"5"},{"time":3.2,"name":null},{"time":4.0333,"name":"5"},{"time":4.1667,"name":null},{"time":4.2667,"name":"5"},{"time":4.4,"name":null}]},"6":{"attachment":[{"time":0.5667,"name":"6"},{"time":0.6667,"name":null},{"time":1.7667,"name":"6"},{"time":1.8667,"name":null},{"time":2.9667,"name":"6"},{"time":3.0667,"name":null},{"time":4.1667,"name":"6"},{"time":4.2667,"name":null}]}}}}},[0]]],0,0,[0],[-1],[0]]
