[1,["16R6sFf7FDoK+4EQ55a/iC@6c48a"],0,[["sp.SkeletonData",["_name","_atlasText","textureNames","_skeletonJson","textures"],-1,3]],[[0,0,1,2,3,4,5]],[[0,"Sound_H_Pink","\r\nSound_H_Pink.png\r\nsize: 1675, 305\r\nformat: RGBA8888\r\nfilter: Linear, Linear\r\nrepeat: none\r\n1\r\n  rotate: true\r\n  xy: 909, 3\r\n  size: 149, 307\r\n  orig: 149, 307\r\n  offset: 0, 0\r\n  index: -1\r\n10\r\n  rotate: true\r\n  xy: 2, 148\r\n  size: 155, 300\r\n  orig: 155, 300\r\n  offset: 0, 0\r\n  index: -1\r\n11\r\n  rotate: true\r\n  xy: 304, 2\r\n  size: 146, 301\r\n  orig: 146, 301\r\n  offset: 0, 0\r\n  index: -1\r\n2\r\n  rotate: true\r\n  xy: 304, 150\r\n  size: 153, 302\r\n  orig: 153, 302\r\n  offset: 0, 0\r\n  index: -1\r\n3\r\n  rotate: true\r\n  xy: 909, 154\r\n  size: 149, 308\r\n  orig: 149, 308\r\n  offset: 0, 0\r\n  index: -1\r\n4\r\n  rotate: false\r\n  xy: 1529, 2\r\n  size: 144, 301\r\n  orig: 144, 301\r\n  offset: 0, 0\r\n  index: -1\r\n5\r\n  rotate: true\r\n  xy: 1218, 5\r\n  size: 147, 303\r\n  orig: 147, 303\r\n  offset: 0, 0\r\n  index: -1\r\n6\r\n  rotate: true\r\n  xy: 608, 153\r\n  size: 150, 299\r\n  orig: 150, 299\r\n  offset: 0, 0\r\n  index: -1\r\n7\r\n  rotate: true\r\n  xy: 1219, 154\r\n  size: 149, 308\r\n  orig: 149, 308\r\n  offset: 0, 0\r\n  index: -1\r\n8\r\n  rotate: true\r\n  xy: 2, 2\r\n  size: 144, 299\r\n  orig: 144, 299\r\n  offset: 0, 0\r\n  index: -1\r\n9\r\n  rotate: true\r\n  xy: 608, 4\r\n  size: 147, 299\r\n  orig: 147, 299\r\n  offset: 0, 0\r\n  index: -1\r\n",["Sound_H_Pink.png"],{"skeleton":{"hash":"CfCGtyPokL8","spine":"3.8-from-4.0-from-4.1-from-4.2.37","x":-70.5,"y":0.39,"width":144,"height":301,"images":"C:\\Users\\006\\Desktop\\111","audio":"./audio"},"bones":[{"name":"root"},{"name":"bone","parent":"root","x":0.01,"y":-12.54}],"slots":[{"name":"1","bone":"bone"},{"name":"2","bone":"bone"},{"name":"3","bone":"bone"},{"name":"4","bone":"bone","attachment":"4"},{"name":"5","bone":"bone"},{"name":"6","bone":"bone"},{"name":"7","bone":"bone"},{"name":"8","bone":"bone"},{"name":"9","bone":"bone"},{"name":"10","bone":"bone"},{"name":"11","bone":"bone"}],"skins":[{"name":"default","attachments":{"1":{"1":{"x":-0.01,"y":166.17,"width":149,"height":307}},"2":{"2":{"x":-2.49,"y":163.83,"width":153,"height":302}},"3":{"3":{"x":1.24,"y":166.92,"width":149,"height":308}},"4":{"4":{"x":1.49,"y":163.43,"width":144,"height":301}},"5":{"5":{"x":1.74,"y":164.18,"width":147,"height":303}},"6":{"6":{"x":3.24,"y":162.68,"width":150,"height":299}},"7":{"7":{"x":-1.01,"y":166.67,"width":149,"height":308}},"8":{"8":{"x":2.99,"y":162.18,"width":144,"height":299}},"9":{"9":{"x":3.49,"y":161.93,"width":147,"height":299}},"10":{"10":{"x":3.98,"y":162.93,"width":155,"height":300}},"11":{"11":{"x":-1.26,"y":163.18,"width":146,"height":301}}}}],"animations":{"Sound_1":{"slots":{"2":{"attachment":[{"time":2.1333,"name":"2"},{"time":3.2667,"name":null},{"time":5.6667,"name":"2"},{"time":6.8,"name":null}]},"4":{"attachment":[{"name":null},{"time":1.8667,"name":"4"},{"time":2,"name":null},{"time":5.3333,"name":"4"},{"time":5.4667,"name":null}]},"5":{"attachment":[{"time":0.1333,"name":"5"},{"time":0.3,"name":null},{"time":3.5667,"name":"5"},{"time":3.7667,"name":null}]},"6":{"attachment":[{"time":0.3,"name":"6"},{"time":0.4333,"name":null},{"time":1.5667,"name":"6"},{"time":1.6667,"name":null},{"time":3.7667,"name":"6"},{"time":3.9,"name":null},{"time":5.0667,"name":"6"},{"time":5.2,"name":null}]},"8":{"attachment":[{"name":"8"},{"time":0.1333,"name":null},{"time":1.6667,"name":"8"},{"time":1.8667,"name":null},{"time":3.4333,"name":"8"},{"time":3.5667,"name":null},{"time":5.2,"name":"8"},{"time":5.3333,"name":null},{"time":6.9,"name":"8"}]},"10":{"attachment":[{"time":0.4333,"name":"10"},{"time":1.5667,"name":null},{"time":3.9,"name":"10"},{"time":5.0667,"name":null}]},"11":{"attachment":[{"time":2,"name":"11"},{"time":2.1333,"name":null},{"time":3.2667,"name":"11"},{"time":3.4333,"name":null},{"time":5.4667,"name":"11"},{"time":5.6667,"name":null},{"time":6.8,"name":"11"},{"time":6.9,"name":null}]}}},"Sound_2":{"slots":{"1":{"attachment":[{"time":5.3333,"name":"1"},{"time":5.4667,"name":null}]},"2":{"attachment":[{"time":2.1333,"name":"2"},{"time":3.2667,"name":null}]},"3":{"attachment":[{"time":5.4667,"name":"3"},{"time":5.5667,"name":null},{"time":5.6667,"name":"3"},{"time":5.7667,"name":null},{"time":5.8667,"name":"3"},{"time":5.9667,"name":null},{"time":6.0667,"name":"3"},{"time":6.1667,"name":null},{"time":6.2667,"name":"3"},{"time":6.3667,"name":null},{"time":6.4667,"name":"3"},{"time":6.5667,"name":null}]},"4":{"attachment":[{"name":null},{"time":1.8667,"name":"4"},{"time":2,"name":null}]},"5":{"attachment":[{"time":0.1333,"name":"5"},{"time":0.3,"name":null},{"time":3.5667,"name":"5"},{"time":3.7667,"name":null},{"time":6.8,"name":"5"},{"time":6.9333,"name":null}]},"6":{"attachment":[{"time":0.3,"name":"6"},{"time":0.4333,"name":null},{"time":1.5667,"name":"6"},{"time":1.6667,"name":null},{"time":3.7667,"name":"6"},{"time":3.9,"name":null},{"time":5.0667,"name":"6"},{"time":5.2,"name":null}]},"7":{"attachment":[{"time":5.5667,"name":"7"},{"time":5.6667,"name":null},{"time":5.7667,"name":"7"},{"time":5.8667,"name":null},{"time":5.9667,"name":"7"},{"time":6.0667,"name":null},{"time":6.1667,"name":"7"},{"time":6.2667,"name":null},{"time":6.3667,"name":"7"},{"time":6.4667,"name":null},{"time":6.5667,"name":"7"},{"time":6.8,"name":null}]},"8":{"attachment":[{"name":"8"},{"time":0.1333,"name":null},{"time":1.6667,"name":"8"},{"time":1.8667,"name":null},{"time":3.4333,"name":"8"},{"time":3.5667,"name":null},{"time":5.2,"name":"8"},{"time":5.3333,"name":null},{"time":6.9333,"name":"8"}]},"10":{"attachment":[{"time":0.4333,"name":"10"},{"time":1.5667,"name":null},{"time":3.9,"name":"10"},{"time":5.0667,"name":null}]},"11":{"attachment":[{"time":2,"name":"11"},{"time":2.1333,"name":null},{"time":3.2667,"name":"11"},{"time":3.4333,"name":null}]}}}}},[0]]],0,0,[0],[-1],[0]]
