[{"__type__":"cc.SpriteFrame","content":{"name":"Spikes","texture":"1ad92557e","rect":[120,875,256,128],"offset":[0,0],"originalSize":[256,128],"capInsets":[0,0,0,0]}},{"__type__":"cc.SpriteFrame","content":{"name":"861","texture":"1e1fca5a7","rect":[3,393,83,614],"offset":[0,0],"originalSize":[83,614],"capInsets":[0,0,0,0]}},{"__type__":"cc.SpriteFrame","content":{"name":"1","texture":"175b632e3","rect":[827,819,149,38],"offset":[0,0],"originalSize":[149,38],"capInsets":[0,0,0,0]}},{"__type__":"cc.SpriteFrame","content":{"name":"3","texture":"175b632e3","rect":[917,321,149,38],"offset":[0,0],"originalSize":[149,38],"rotated":1,"capInsets":[0,0,0,0]}},{"__type__":"cc.SpriteFrame","content":{"name":"water1401","texture":"45vQ2LoilCT7wEp2u2yWOh","rect":[0,0,1060,384],"offset":[0,0],"originalSize":[1060,384],"capInsets":[0,0,0,0]}},{"__type__":"cc.SpriteFrame","content":{"name":"Platform_Spikes","texture":"175b632e3","rect":[3,521,512,256],"offset":[0,0],"originalSize":[512,256],"capInsets":[0,0,0,0]}},{"__type__":"cc.SpriteFrame","content":{"name":"Bienbaolv","texture":"1ad92557e","rect":[150,521,300,300],"offset":[0,0],"originalSize":[300,300],"capInsets":[0,0,0,0]}},{"__type__":"cc.SpriteFrame","content":{"name":"coin_new","texture":"1ad92557e","rect":[762,789,64,64],"offset":[0,0],"originalSize":[64,64],"capInsets":[0,0,0,0]}},{"__type__":"cc.SpriteFrame","content":{"name":"Monving_Platform","texture":"175b632e3","rect":[3,783,512,128],"offset":[0,0],"originalSize":[512,128],"capInsets":[0,0,0,0]}},{"__type__":"cc.SpriteFrame","content":{"name":"2","texture":"175b632e3","rect":[961,321,148,38],"offset":[0,0],"originalSize":[148,38],"rotated":1,"capInsets":[0,0,0,0]}},{"__type__":"cc.SpriteFrame","content":{"name":"图层 61","texture":"b2MScKwz9BT4kInk3E86Db","rect":[0,0,754,776],"offset":[0,0],"originalSize":[754,776],"capInsets":[0,0,0,0]}},{"__type__":"cc.SpriteFrame","content":{"name":"宝箱","texture":"7dSXFgqK5GDrEvhcuoikN1","rect":[251,449,355,338],"offset":[0,0],"originalSize":[355,338],"rotated":1,"capInsets":[0,0,0,0]}},{"__type__":"cc.SpriteFrame","content":{"name":"Tronc","texture":"15af9cbc2","rect":[265,3,256,256],"offset":[0,0],"originalSize":[256,256],"capInsets":[0,0,0,0]}},{"__type__":"cc.SpriteFrame","content":{"name":"skin1_2","texture":"1f08b2bb3","rect":[243,850,100,100],"offset":[0,0],"originalSize":[128,128],"capInsets":[0,0,0,0]}},{"__type__":"cc.SpriteFrame","content":{"name":"normal3","texture":"40e7mc9GtLcqq6i0M7DIwi","rect":[0,0,256,256],"offset":[0,0],"originalSize":[256,256],"capInsets":[0,0,0,0]}},{"__type__":"cc.SpriteFrame","content":{"name":"fill 250","texture":"60cRc1qedPIaOD/FOZqzlm","rect":[607,1451,250,250],"offset":[0,0],"originalSize":[250,250],"capInsets":[0,0,0,0]}},{"__type__":"cc.SpriteFrame","content":{"name":"Round_Ennemy01","texture":"15af9cbc2","rect":[3,789,128,128],"offset":[0,0],"originalSize":[128,128],"capInsets":[0,0,0,0]}},[{"__type__":"cc.Prefab","_name":"Level-6","data":{"__id__":1}},{"__type__":"cc.Node","_name":"Level-6","_children":[{"__id__":2},{"__id__":34},{"__id__":59},{"__id__":60},{"__id__":62},{"__id__":109},{"__id__":110}],"_prefab":{"__type__":"cc.PrefabInfo","root":{"__id__":1},"asset":{"__uuid__":"baC4sry0lO4IDjagmK4bQj"},"fileId":"02IdyXtpFLMopuynqRF2CT"},"_anchorPoint":{"__type__":"cc.Vec2"},"_trs":{"__type__":"TypedArray","ctor":"Float64Array","array":[0,0,0,0,0,0,1,1,1,1]}},{"__type__":"cc.Node","_name":"indication","_parent":{"__id__":1},"_children":[{"__id__":3},{"__id__":4},{"__id__":5},{"__id__":7},{"__id__":9},{"__id__":11},{"__id__":13},{"__id__":20},{"__id__":21},{"__id__":22},{"__id__":23},{"__id__":24},{"__id__":25},{"__id__":26},{"__id__":27},{"__id__":28},{"__id__":29},{"__id__":30},{"__id__":31},{"__id__":32},{"__id__":33}],"_prefab":{"__type__":"cc.PrefabInfo","root":{"__id__":1},"asset":{"__uuid__":"baC4sry0lO4IDjagmK4bQj"},"fileId":"ebhhQMhTtO2ZyjgbJsGGuu"},"_anchorPoint":{"__type__":"cc.Vec2"},"_trs":{"__type__":"TypedArray","ctor":"Float64Array","array":[0,0,0,0,0,0,1,1,1,1]},"_groupIndex":1,"groupIndex":1},{"__type__":"cc.Node","_name":"block","_parent":{"__id__":2},"_components":[{"__type__":"cc.RigidBody","node":{"__id__":3},"_type":0,"_linearDamping":2},{"__type__":"cc.PhysicsBoxCollider","node":{"__id__":3},"_density":1000,"_friction":0,"_offset":{"__type__":"cc.Vec2","x":50,"y":300},"_size":{"__type__":"cc.Size","width":100,"height":600}}],"_prefab":{"__type__":"cc.PrefabInfo","root":{"__id__":1},"asset":{"__uuid__":"baC4sry0lO4IDjagmK4bQj"},"fileId":"9fr0ZTislF2Y7Ah7djxvQM"},"_contentSize":{"__type__":"cc.Size","width":100,"height":600},"_anchorPoint":{"__type__":"cc.Vec2"},"_trs":{"__type__":"TypedArray","ctor":"Float64Array","array":[-77.994,211.19,0,0,0,0,1,1,1,1]},"_groupIndex":1,"groupIndex":1},{"__type__":"cc.Node","_name":"block","_parent":{"__id__":2},"_components":[{"__type__":"cc.RigidBody","node":{"__id__":4},"_type":0,"_linearDamping":2},{"__type__":"cc.PhysicsBoxCollider","node":{"__id__":4},"_density":1000,"_friction":0,"_offset":{"__type__":"cc.Vec2","x":50,"y":300},"_size":{"__type__":"cc.Size","width":100,"height":600}}],"_prefab":{"__type__":"cc.PrefabInfo","root":{"__id__":1},"asset":{"__uuid__":"baC4sry0lO4IDjagmK4bQj"},"fileId":"85IxLooI5IeZ4pwx0aJdFA"},"_contentSize":{"__type__":"cc.Size","width":100,"height":600},"_anchorPoint":{"__type__":"cc.Vec2"},"_trs":{"__type__":"TypedArray","ctor":"Float64Array","array":[8172.072,227.75,0,0,0,0,1,1,1,1]},"_groupIndex":1,"groupIndex":1},{"__type__":"cc.Node","_name":"end_ind","_parent":{"__id__":2},"_children":[{"__id__":6}],"_components":[{"__type__":"cc.Sprite","_name":"end_ind<Sprite>","node":{"__id__":5},"_materials":[{"__uuid__":"ecpdLyjvZBwrvm+cedCcQy"}],"_spriteFrame":{"__uuid__":"49IsYC6zdLq4zW+H71Gv59"},"_sizeMode":0},{"__type__":"cc.RigidBody","node":{"__id__":5},"_type":0},{"__type__":"cc.PhysicsBoxCollider","node":{"__id__":5},"_sensor":true,"_offset":{"__type__":"cc.Vec2","y":150},"_size":{"__type__":"cc.Size","width":20,"height":500}},{"__type__":"41579J+mQ9OGKIgDuSf0wr1","node":{"__id__":5}}],"_prefab":{"__type__":"cc.PrefabInfo","root":{"__id__":1},"asset":{"__uuid__":"baC4sry0lO4IDjagmK4bQj"},"fileId":"194bCGSfhIi4BnOwrLaFqa"},"_contentSize":{"__type__":"cc.Size","width":168,"height":143},"_trs":{"__type__":"TypedArray","ctor":"Float64Array","array":[8002.889,293.788,0,0,0,0,1,1,1,1]},"_groupIndex":1,"groupIndex":1},{"__type__":"cc.Node","_name":"over","_parent":{"__id__":5},"_components":[{"__type__":"cc.Label","_name":"over<Label>","node":{"__id__":6},"_materials":[{"__uuid__":"ecpdLyjvZBwrvm+cedCcQy"}],"_useOriginalSize":false,"_string":"关卡-1","_N$string":"关卡-1","_fontSize":30,"_N$file":{"__uuid__":"b5NGPI3wRL+6w0kWBDf59a"},"_isSystemFontUsed":false,"_N$horizontalAlign":1,"_N$verticalAlign":1}],"_prefab":{"__type__":"cc.PrefabInfo","root":{"__id__":1},"asset":{"__uuid__":"baC4sry0lO4IDjagmK4bQj"},"fileId":"feVAJeXLJNgKIulXOmcVyd"},"_color":{"__type__":"cc.Color","r":90,"g":35,"b":35},"_contentSize":{"__type__":"cc.Size","width":66.56,"height":40},"_trs":{"__type__":"TypedArray","ctor":"Float64Array","array":[0,20,0,0,0,0,1,1,1,1]},"_groupIndex":1,"groupIndex":1},{"__type__":"cc.Node","_name":"flag_ind","_parent":{"__id__":2},"_children":[{"__id__":8}],"_components":[{"__type__":"cc.Sprite","_name":"flag_ind<Sprite>","node":{"__id__":7},"_materials":[{"__uuid__":"ecpdLyjvZBwrvm+cedCcQy"}],"_spriteFrame":{"__uuid__":"07zKmIceRAwZknsZDy1S/V"}},{"__type__":"cc.RigidBody","node":{"__id__":7},"_type":0,"enabledContactListener":true},{"__type__":"cc.PhysicsBoxCollider","node":{"__id__":7},"_sensor":true,"_size":{"__type__":"cc.Size","width":83,"height":614}},{"__type__":"6ad49RTzopHHLKa1XzEQETT","node":{"__id__":7}}],"_prefab":{"__type__":"cc.PrefabInfo","root":{"__id__":1},"asset":{"__uuid__":"baC4sry0lO4IDjagmK4bQj"},"fileId":"1ds+2SvylElYngEaCgfllP"},"_contentSize":{"__type__":"cc.Size","width":83,"height":614},"_trs":{"__type__":"TypedArray","ctor":"Float64Array","array":[2919.852,364.91,0,0,0,0,1,0.4,0.4,1]},"_groupIndex":1,"groupIndex":1},{"__type__":"cc.Node","_name":"flag","_parent":{"__id__":7},"_components":[{"__type__":"cc.Sprite","_name":"flag<Sprite>","node":{"__id__":8},"_materials":[{"__uuid__":"ecpdLyjvZBwrvm+cedCcQy"}],"_spriteFrame":{"__uuid__":"e33fRYcr9GP4j1b4ibM5Y8"}},{"__type__":"cc.Animation","node":{"__id__":8},"_defaultClip":{"__uuid__":"cbH2x9KCBJyaeYtYAInG18"},"_clips":[{"__uuid__":"cbH2x9KCBJyaeYtYAInG18"}],"playOnLoad":true}],"_prefab":{"__type__":"cc.PrefabInfo","root":{"__id__":1},"asset":{"__uuid__":"baC4sry0lO4IDjagmK4bQj"},"fileId":"26ZywgWG1DkbbXW8jdEgPC"},"_contentSize":{"__type__":"cc.Size","width":273,"height":192},"_trs":{"__type__":"TypedArray","ctor":"Float64Array","array":[-130,-120,0,0,0,0,1,1,1,1]},"_groupIndex":1,"groupIndex":1},{"__type__":"cc.Node","_name":"flag_ind2","_parent":{"__id__":2},"_children":[{"__id__":10}],"_components":[{"__type__":"cc.Sprite","_name":"flag_ind<Sprite>","node":{"__id__":9},"_materials":[{"__uuid__":"ecpdLyjvZBwrvm+cedCcQy"}],"_spriteFrame":{"__uuid__":"07zKmIceRAwZknsZDy1S/V"}},{"__type__":"cc.RigidBody","node":{"__id__":9},"_type":0,"enabledContactListener":true},{"__type__":"cc.PhysicsBoxCollider","node":{"__id__":9},"_sensor":true,"_size":{"__type__":"cc.Size","width":83,"height":614}},{"__type__":"6ad49RTzopHHLKa1XzEQETT","node":{"__id__":9}}],"_prefab":{"__type__":"cc.PrefabInfo","root":{"__id__":1},"asset":{"__uuid__":"baC4sry0lO4IDjagmK4bQj"},"fileId":"21VmbcXghDko0HvZWhOYnQ"},"_contentSize":{"__type__":"cc.Size","width":83,"height":614},"_trs":{"__type__":"TypedArray","ctor":"Float64Array","array":[6905.305,514.009,0,0,0,0,1,0.4,0.4,1]},"_groupIndex":1,"groupIndex":1},{"__type__":"cc.Node","_name":"flag","_parent":{"__id__":9},"_components":[{"__type__":"cc.Sprite","_name":"flag<Sprite>","node":{"__id__":10},"_materials":[{"__uuid__":"ecpdLyjvZBwrvm+cedCcQy"}],"_spriteFrame":{"__uuid__":"e33fRYcr9GP4j1b4ibM5Y8"}},{"__type__":"cc.Animation","node":{"__id__":10},"_defaultClip":{"__uuid__":"cbH2x9KCBJyaeYtYAInG18"},"_clips":[{"__uuid__":"cbH2x9KCBJyaeYtYAInG18"}],"playOnLoad":true}],"_prefab":{"__type__":"cc.PrefabInfo","root":{"__id__":1},"asset":{"__uuid__":"baC4sry0lO4IDjagmK4bQj"},"fileId":"179Zs6PitBE646JEkSNXxG"},"_contentSize":{"__type__":"cc.Size","width":273,"height":192},"_trs":{"__type__":"TypedArray","ctor":"Float64Array","array":[-130,-120,0,0,0,0,1,1,1,1]},"_groupIndex":1,"groupIndex":1},{"__type__":"cc.Node","_name":"start_ind","_parent":{"__id__":2},"_children":[{"__id__":12}],"_components":[{"__type__":"cc.Sprite","_name":"start_ind<Sprite>","node":{"__id__":11},"_materials":[{"__uuid__":"ecpdLyjvZBwrvm+cedCcQy"}],"_spriteFrame":{"__uuid__":"49IsYC6zdLq4zW+H71Gv59"},"_sizeMode":0},{"__type__":"c5ddfZAPb5I4rCMDbSaJibP","node":{"__id__":11}}],"_prefab":{"__type__":"cc.PrefabInfo","root":{"__id__":1},"asset":{"__uuid__":"baC4sry0lO4IDjagmK4bQj"},"fileId":"39FiCVnSdNb58pY5v2UaKo"},"_contentSize":{"__type__":"cc.Size","width":168,"height":143},"_trs":{"__type__":"TypedArray","ctor":"Float64Array","array":[480,304.323,0,0,0,0,1,1,1,1]},"_groupIndex":1,"groupIndex":1},{"__type__":"cc.Node","_name":"levelname","_parent":{"__id__":11},"_components":[{"__type__":"cc.Label","_name":"levelname<Label>","node":{"__id__":12},"_materials":[{"__uuid__":"ecpdLyjvZBwrvm+cedCcQy"}],"_useOriginalSize":false,"_string":"关卡-1","_N$string":"关卡-1","_fontSize":30,"_N$file":{"__uuid__":"b5NGPI3wRL+6w0kWBDf59a"},"_isSystemFontUsed":false,"_N$horizontalAlign":1,"_N$verticalAlign":1},{"__type__":"cc.Widget","node":{"__id__":12},"_alignFlags":16,"_left":45.66,"_right":45.66,"_originalWidth":76.68}],"_prefab":{"__type__":"cc.PrefabInfo","root":{"__id__":1},"asset":{"__uuid__":"baC4sry0lO4IDjagmK4bQj"},"fileId":"f77jYU2E1NcJfC05B/t2/e"},"_color":{"__type__":"cc.Color","r":155,"g":35,"b":35},"_contentSize":{"__type__":"cc.Size","width":66.56,"height":40},"_trs":{"__type__":"TypedArray","ctor":"Float64Array","array":[0,25,0,0,0,0,1,1,1,1]},"_groupIndex":1,"groupIndex":1},{"__type__":"cc.Node","_name":"spine_rope","_parent":{"__id__":2},"_children":[{"__id__":14},{"__id__":15},{"__id__":16},{"__id__":17},{"__id__":18}],"_prefab":{"__type__":"cc.PrefabInfo","root":{"__id__":1},"asset":{"__uuid__":"baC4sry0lO4IDjagmK4bQj"},"fileId":"abia1MVDBN8ZkRswDM7iqI"},"_trs":{"__type__":"TypedArray","ctor":"Float64Array","array":[0,0,0,0,0,0,1,1,1,1]}},{"__type__":"cc.Node","_name":"22","_parent":{"__id__":13},"_components":[{"__type__":"cc.Sprite","node":{"__id__":14},"_materials":[{"__uuid__":"ecpdLyjvZBwrvm+cedCcQy"}],"_spriteFrame":{"__uuid__":"e1+8qCijNApIitxE5DtK8v"},"_sizeMode":0}],"_prefab":{"__type__":"cc.PrefabInfo","root":{"__id__":1},"asset":{"__uuid__":"baC4sry0lO4IDjagmK4bQj"},"fileId":"e2akDAOr1D8bqODQ1PgMlX"},"_contentSize":{"__type__":"cc.Size","width":650,"height":17},"_trs":{"__type__":"TypedArray","ctor":"Float64Array","array":[2257.306,310.043,0,0,0,0.7071067811865475,0.7071067811865476,1,1,1]},"_eulerAngles":{"__type__":"cc.Vec3","z":90}},{"__type__":"cc.Node","_name":"Tronc","_parent":{"__id__":13},"_components":[{"__type__":"cc.Sprite","node":{"__id__":15},"_materials":[{"__uuid__":"ecpdLyjvZBwrvm+cedCcQy"}],"_spriteFrame":{"__uuid__":"87vL/FhttA9qwBvlwaFlzZ"},"_sizeMode":0},{"__type__":"cc.RigidBody","node":{"__id__":15},"_type":0},{"__type__":"cc.PhysicsBoxCollider","node":{"__id__":15},"_offset":{"__type__":"cc.Vec2","x":0.3,"y":-25.9},"_size":{"__type__":"cc.Size","width":75.3,"height":68.1}},{"__type__":"9eb3dMftBFB5rYzM0oqu+gg","node":{"__id__":15}}],"_prefab":{"__type__":"cc.PrefabInfo","root":{"__id__":1},"asset":{"__uuid__":"baC4sry0lO4IDjagmK4bQj"},"fileId":"a5FW6icV1MU4JztF7VFmFE"},"_contentSize":{"__type__":"cc.Size","width":120,"height":120},"_trs":{"__type__":"TypedArray","ctor":"Float64Array","array":[2258.1,617.768,0,0,0,1,6.123233995736766e-17,1,1,1]},"_eulerAngles":{"__type__":"cc.Vec3","z":180},"_groupIndex":9,"groupIndex":9},{"__type__":"cc.Node","_name":"Tronc","_parent":{"__id__":13},"_components":[{"__type__":"cc.Sprite","node":{"__id__":16},"_materials":[{"__uuid__":"ecpdLyjvZBwrvm+cedCcQy"}],"_spriteFrame":{"__uuid__":"87vL/FhttA9qwBvlwaFlzZ"},"_sizeMode":0},{"__type__":"cc.RigidBody","node":{"__id__":16},"_type":0},{"__type__":"cc.PhysicsBoxCollider","node":{"__id__":16},"_offset":{"__type__":"cc.Vec2","x":-0.1,"y":-26.4},"_size":{"__type__":"cc.Size","width":74.8,"height":67.3}}],"_prefab":{"__type__":"cc.PrefabInfo","root":{"__id__":1},"asset":{"__uuid__":"baC4sry0lO4IDjagmK4bQj"},"fileId":"d8y2ILfu1NfoBMYaY/J4Mp"},"_contentSize":{"__type__":"cc.Size","width":120,"height":120},"_trs":{"__type__":"TypedArray","ctor":"Float64Array","array":[2258.1,-14.889,0,0,0,0,1,1,1,1]},"_groupIndex":10,"groupIndex":10},{"__type__":"cc.Node","_name":"Platform_Spikes","_parent":{"__id__":13},"_components":[{"__type__":"cc.Sprite","node":{"__id__":17},"_materials":[{"__uuid__":"ecpdLyjvZBwrvm+cedCcQy"}],"_spriteFrame":{"__uuid__":"17CQOx37xJmrbUJEWwfM4v"},"_sizeMode":0},{"__type__":"cc.RigidBody","node":{"__id__":17},"_type":0,"enabledContactListener":true},{"__type__":"cc.PhysicsBoxCollider","node":{"__id__":17},"_offset":{"__type__":"cc.Vec2","y":-25.9},"_size":{"__type__":"cc.Size","width":250,"height":68.4}},{"__type__":"9eb3dMftBFB5rYzM0oqu+gg","node":{"__id__":17}}],"_prefab":{"__type__":"cc.PrefabInfo","root":{"__id__":1},"asset":{"__uuid__":"baC4sry0lO4IDjagmK4bQj"},"fileId":"e1tWXJSmJHP6Jg6GOgpEDi"},"_contentSize":{"__type__":"cc.Size","width":250,"height":120},"_trs":{"__type__":"TypedArray","ctor":"Float64Array","array":[2260.111,621.167,0,0,0,1,6.123233995736766e-17,1,1,1]},"_eulerAngles":{"__type__":"cc.Vec3","z":180},"_groupIndex":12,"groupIndex":12},{"__type__":"cc.Node","_name":"spine_ropes","_parent":{"__id__":13},"_children":[{"__id__":19}],"_components":[{"__type__":"cc.RigidBody","node":{"__id__":18},"_type":3,"_fixedRotation":true,"enabledContactListener":true},{"__type__":"cc.PhysicsBoxCollider","node":{"__id__":18},"_offset":{"__type__":"cc.Vec2","x":-1.4,"y":-160.7},"_size":{"__type__":"cc.Size","width":121.2,"height":177.1}},{"__type__":"2ab2dDuyoVD55bJ142OQgi/","node":{"__id__":18}},{"__type__":"cc.PhysicsBoxCollider","node":{"__id__":18},"tag":1,"_offset":{"__type__":"cc.Vec2","y":-149.3},"_size":{"__type__":"cc.Size","width":100,"height":249.7}}],"_prefab":{"__type__":"cc.PrefabInfo","root":{"__id__":1},"asset":{"__uuid__":"baC4sry0lO4IDjagmK4bQj"},"fileId":"b5WWakuQtAi5iWByC1TwEN"},"_trs":{"__type__":"TypedArray","ctor":"Float64Array","array":[2254.235,524.443,0,0,0,0,1,1,1,1]},"_groupIndex":3,"groupIndex":3},{"__type__":"cc.Node","_name":"Top_Down_Spikes","_parent":{"__id__":18},"_components":[{"__type__":"cc.Sprite","node":{"__id__":19},"_materials":[{"__uuid__":"ecpdLyjvZBwrvm+cedCcQy"}],"_spriteFrame":{"__uuid__":"e5m6Z10BZDFY2FZIfuRbT3"},"_sizeMode":0}],"_prefab":{"__type__":"cc.PrefabInfo","root":{"__id__":1},"asset":{"__uuid__":"baC4sry0lO4IDjagmK4bQj"},"fileId":"707AIYJMxJkq8YJckSV8f0"},"_contentSize":{"__type__":"cc.Size","width":250,"height":120},"_trs":{"__type__":"TypedArray","ctor":"Float64Array","array":[0,-150.198,0,0,0,0.7071067811865475,0.7071067811865476,1,1,1]},"_eulerAngles":{"__type__":"cc.Vec3","z":90}},{"__type__":"cc.Node","_name":"woodspike","_parent":{"__id__":2},"_components":[{"__type__":"cc.Sprite","node":{"__id__":20},"_materials":[{"__uuid__":"ecpdLyjvZBwrvm+cedCcQy"}],"_spriteFrame":{"__uuid__":"01jdVpuCxKTq4ybf0yhC+W"},"_sizeMode":0},{"__type__":"cc.RigidBody","node":{"__id__":20},"_type":0,"_allowSleep":false,"enabledContactListener":true},{"__type__":"cc.PhysicsBoxCollider","node":{"__id__":20},"_offset":{"__type__":"cc.Vec2","x":15.4,"y":2.2},"_size":{"__type__":"cc.Size","width":137.7,"height":66.4}},{"__type__":"1361dmY/GFDUryCEbVUptv1","node":{"__id__":20}}],"_prefab":{"__type__":"cc.PrefabInfo","root":{"__id__":1},"asset":{"__uuid__":"baC4sry0lO4IDjagmK4bQj"},"fileId":"b699HyRH9GAIYxyVwpnNWR"},"_contentSize":{"__type__":"cc.Size","width":200,"height":100},"_trs":{"__type__":"TypedArray","ctor":"Float64Array","array":[3290.313,268.639,0,0,0,0,1,1.5,1.5,1.5]},"_groupIndex":1,"groupIndex":1},{"__type__":"cc.Node","_name":"woodspike","_parent":{"__id__":2},"_components":[{"__type__":"cc.Sprite","node":{"__id__":21},"_materials":[{"__uuid__":"ecpdLyjvZBwrvm+cedCcQy"}],"_spriteFrame":{"__uuid__":"01jdVpuCxKTq4ybf0yhC+W"},"_sizeMode":0},{"__type__":"cc.RigidBody","node":{"__id__":21},"_type":0,"_allowSleep":false,"enabledContactListener":true},{"__type__":"cc.PhysicsBoxCollider","node":{"__id__":21},"_offset":{"__type__":"cc.Vec2","x":15.4,"y":2.2},"_size":{"__type__":"cc.Size","width":137.7,"height":66.4}},{"__type__":"1361dmY/GFDUryCEbVUptv1","node":{"__id__":21}}],"_prefab":{"__type__":"cc.PrefabInfo","root":{"__id__":1},"asset":{"__uuid__":"baC4sry0lO4IDjagmK4bQj"},"fileId":"36q+hX/mxPs6XV9jxnvynO"},"_contentSize":{"__type__":"cc.Size","width":200,"height":100},"_trs":{"__type__":"TypedArray","ctor":"Float64Array","array":[3538.936,268.639,0,0,0,0,1,1.5,1.5,1.5]},"_groupIndex":1,"groupIndex":1},{"__type__":"cc.Node","_name":"woodspike","_parent":{"__id__":2},"_components":[{"__type__":"cc.Sprite","node":{"__id__":22},"_materials":[{"__uuid__":"ecpdLyjvZBwrvm+cedCcQy"}],"_spriteFrame":{"__uuid__":"01jdVpuCxKTq4ybf0yhC+W"},"_sizeMode":0},{"__type__":"cc.RigidBody","node":{"__id__":22},"_type":0,"_allowSleep":false,"enabledContactListener":true},{"__type__":"cc.PhysicsBoxCollider","node":{"__id__":22},"_offset":{"__type__":"cc.Vec2","x":15.4,"y":2.2},"_size":{"__type__":"cc.Size","width":137.7,"height":66.4}},{"__type__":"1361dmY/GFDUryCEbVUptv1","node":{"__id__":22}}],"_prefab":{"__type__":"cc.PrefabInfo","root":{"__id__":1},"asset":{"__uuid__":"baC4sry0lO4IDjagmK4bQj"},"fileId":"d79837rZ5OFZBilPNoqvTx"},"_contentSize":{"__type__":"cc.Size","width":200,"height":100},"_trs":{"__type__":"TypedArray","ctor":"Float64Array","array":[3712.87,268.639,0,0,0,0,1,1.5,1.5,1.5]},"_groupIndex":1,"groupIndex":1},{"__type__":"cc.Node","_name":"Monving_Platform1","_parent":{"__id__":2},"_components":[{"__type__":"cc.Sprite","node":{"__id__":23},"_materials":[{"__uuid__":"ecpdLyjvZBwrvm+cedCcQy"}],"_spriteFrame":{"__uuid__":"76a0RIfttG2K7fn1W16Yx7"}},{"__type__":"cc.RigidBody","node":{"__id__":23},"_type":3,"enabledContactListener":true},{"__type__":"cc.PhysicsBoxCollider","node":{"__id__":23},"_friction":1,"_size":{"__type__":"cc.Size","width":512,"height":128}},{"__type__":"31977AyKO1LSa4pajhUke7N","node":{"__id__":23}}],"_prefab":{"__type__":"cc.PrefabInfo","root":{"__id__":1},"asset":{"__uuid__":"baC4sry0lO4IDjagmK4bQj"},"fileId":"30BDu/2PdIS7YXvDKI3PHY"},"_contentSize":{"__type__":"cc.Size","width":512,"height":128},"_trs":{"__type__":"TypedArray","ctor":"Float64Array","array":[3725.881,372.126,0,0,0,0,1,0.3,0.3,1]},"_groupIndex":3,"groupIndex":3},{"__type__":"cc.Node","_name":"woodspike","_parent":{"__id__":2},"_components":[{"__type__":"cc.Sprite","node":{"__id__":24},"_materials":[{"__uuid__":"ecpdLyjvZBwrvm+cedCcQy"}],"_spriteFrame":{"__uuid__":"01jdVpuCxKTq4ybf0yhC+W"},"_sizeMode":0},{"__type__":"cc.RigidBody","node":{"__id__":24},"_type":0,"_allowSleep":false,"enabledContactListener":true},{"__type__":"cc.PhysicsBoxCollider","node":{"__id__":24},"_offset":{"__type__":"cc.Vec2","x":15.4,"y":2.2},"_size":{"__type__":"cc.Size","width":137.7,"height":66.4}},{"__type__":"1361dmY/GFDUryCEbVUptv1","node":{"__id__":24}}],"_prefab":{"__type__":"cc.PrefabInfo","root":{"__id__":1},"asset":{"__uuid__":"baC4sry0lO4IDjagmK4bQj"},"fileId":"4cruTcmDdCJLPecAjdyQuZ"},"_contentSize":{"__type__":"cc.Size","width":200,"height":100},"_trs":{"__type__":"TypedArray","ctor":"Float64Array","array":[4301.604,268.639,0,0,0,0,1,1.5,1.5,1.5]},"_groupIndex":1,"groupIndex":1},{"__type__":"cc.Node","_name":"woodspike","_parent":{"__id__":2},"_components":[{"__type__":"cc.Sprite","node":{"__id__":25},"_materials":[{"__uuid__":"ecpdLyjvZBwrvm+cedCcQy"}],"_spriteFrame":{"__uuid__":"01jdVpuCxKTq4ybf0yhC+W"},"_sizeMode":0},{"__type__":"cc.RigidBody","node":{"__id__":25},"_type":0,"_allowSleep":false,"enabledContactListener":true},{"__type__":"cc.PhysicsBoxCollider","node":{"__id__":25},"_offset":{"__type__":"cc.Vec2","x":15.4,"y":2.2},"_size":{"__type__":"cc.Size","width":137.7,"height":66.4}},{"__type__":"1361dmY/GFDUryCEbVUptv1","node":{"__id__":25}}],"_prefab":{"__type__":"cc.PrefabInfo","root":{"__id__":1},"asset":{"__uuid__":"baC4sry0lO4IDjagmK4bQj"},"fileId":"9fpPjg8ptGd7IltAJzpKPN"},"_contentSize":{"__type__":"cc.Size","width":200,"height":100},"_trs":{"__type__":"TypedArray","ctor":"Float64Array","array":[4575.241,268.639,0,0,0,0,1,1.5,1.5,1.5]},"_groupIndex":1,"groupIndex":1},{"__type__":"cc.Node","_name":"woodspike","_parent":{"__id__":2},"_components":[{"__type__":"cc.Sprite","node":{"__id__":26},"_materials":[{"__uuid__":"ecpdLyjvZBwrvm+cedCcQy"}],"_spriteFrame":{"__uuid__":"01jdVpuCxKTq4ybf0yhC+W"},"_sizeMode":0},{"__type__":"cc.RigidBody","node":{"__id__":26},"_type":0,"_allowSleep":false,"enabledContactListener":true},{"__type__":"cc.PhysicsBoxCollider","node":{"__id__":26},"_offset":{"__type__":"cc.Vec2","x":15.4,"y":2.2},"_size":{"__type__":"cc.Size","width":137.7,"height":66.4}},{"__type__":"1361dmY/GFDUryCEbVUptv1","node":{"__id__":26}}],"_prefab":{"__type__":"cc.PrefabInfo","root":{"__id__":1},"asset":{"__uuid__":"baC4sry0lO4IDjagmK4bQj"},"fileId":"813QndbaVJc4aBpqprDwKm"},"_contentSize":{"__type__":"cc.Size","width":200,"height":100},"_trs":{"__type__":"TypedArray","ctor":"Float64Array","array":[4853.024,268.639,0,0,0,0,1,1.5,1.5,1.5]},"_groupIndex":1,"groupIndex":1},{"__type__":"cc.Node","_name":"woodspike","_parent":{"__id__":2},"_components":[{"__type__":"cc.Sprite","node":{"__id__":27},"_materials":[{"__uuid__":"ecpdLyjvZBwrvm+cedCcQy"}],"_spriteFrame":{"__uuid__":"01jdVpuCxKTq4ybf0yhC+W"},"_sizeMode":0},{"__type__":"cc.RigidBody","node":{"__id__":27},"_type":0,"_allowSleep":false,"enabledContactListener":true},{"__type__":"cc.PhysicsBoxCollider","node":{"__id__":27},"_offset":{"__type__":"cc.Vec2","x":15.4,"y":2.2},"_size":{"__type__":"cc.Size","width":137.7,"height":66.4}},{"__type__":"1361dmY/GFDUryCEbVUptv1","node":{"__id__":27}}],"_prefab":{"__type__":"cc.PrefabInfo","root":{"__id__":1},"asset":{"__uuid__":"baC4sry0lO4IDjagmK4bQj"},"fileId":"68PnfEbGNIwbvEf5HzkmuL"},"_contentSize":{"__type__":"cc.Size","width":200,"height":100},"_trs":{"__type__":"TypedArray","ctor":"Float64Array","array":[5132.537,268.639,0,0,0,0,1,1.5,1.5,1.5]},"_groupIndex":1,"groupIndex":1},{"__type__":"cc.Node","_name":"Monving_Platform2","_parent":{"__id__":2},"_components":[{"__type__":"cc.Sprite","node":{"__id__":28},"_materials":[{"__uuid__":"ecpdLyjvZBwrvm+cedCcQy"}],"_spriteFrame":{"__uuid__":"76a0RIfttG2K7fn1W16Yx7"}},{"__type__":"cc.RigidBody","node":{"__id__":28},"_type":3,"enabledContactListener":true},{"__type__":"cc.PhysicsBoxCollider","node":{"__id__":28},"_friction":1,"_size":{"__type__":"cc.Size","width":512,"height":128}},{"__type__":"31977AyKO1LSa4pajhUke7N","node":{"__id__":28}}],"_prefab":{"__type__":"cc.PrefabInfo","root":{"__id__":1},"asset":{"__uuid__":"baC4sry0lO4IDjagmK4bQj"},"fileId":"24OcZdDQ5NxrGCYdHyA0tC"},"_contentSize":{"__type__":"cc.Size","width":512,"height":128},"_trs":{"__type__":"TypedArray","ctor":"Float64Array","array":[4138.177,462.359,0,0,0,0,1,0.3,0.3,1]},"_groupIndex":3,"groupIndex":3},{"__type__":"cc.Node","_name":"woodspike","_parent":{"__id__":2},"_components":[{"__type__":"cc.Sprite","node":{"__id__":29},"_materials":[{"__uuid__":"ecpdLyjvZBwrvm+cedCcQy"}],"_spriteFrame":{"__uuid__":"01jdVpuCxKTq4ybf0yhC+W"},"_sizeMode":0},{"__type__":"cc.RigidBody","node":{"__id__":29},"_type":0,"_allowSleep":false,"enabledContactListener":true},{"__type__":"cc.PhysicsBoxCollider","node":{"__id__":29},"_offset":{"__type__":"cc.Vec2","x":15.4,"y":2.2},"_size":{"__type__":"cc.Size","width":137.7,"height":66.4}},{"__type__":"1361dmY/GFDUryCEbVUptv1","node":{"__id__":29}}],"_prefab":{"__type__":"cc.PrefabInfo","root":{"__id__":1},"asset":{"__uuid__":"baC4sry0lO4IDjagmK4bQj"},"fileId":"e3Ldb4INVKQa0dcV8Sbmc2"},"_contentSize":{"__type__":"cc.Size","width":200,"height":100},"_trs":{"__type__":"TypedArray","ctor":"Float64Array","array":[5634.555,268.639,0,0,0,0,1,1.5,1.5,1.5]},"_groupIndex":1,"groupIndex":1},{"__type__":"cc.Node","_name":"woodspike","_parent":{"__id__":2},"_components":[{"__type__":"cc.Sprite","node":{"__id__":30},"_materials":[{"__uuid__":"ecpdLyjvZBwrvm+cedCcQy"}],"_spriteFrame":{"__uuid__":"01jdVpuCxKTq4ybf0yhC+W"},"_sizeMode":0},{"__type__":"cc.RigidBody","node":{"__id__":30},"_type":0,"_allowSleep":false,"enabledContactListener":true},{"__type__":"cc.PhysicsBoxCollider","node":{"__id__":30},"_offset":{"__type__":"cc.Vec2","x":15.4,"y":2.2},"_size":{"__type__":"cc.Size","width":137.7,"height":66.4}},{"__type__":"1361dmY/GFDUryCEbVUptv1","node":{"__id__":30}}],"_prefab":{"__type__":"cc.PrefabInfo","root":{"__id__":1},"asset":{"__uuid__":"baC4sry0lO4IDjagmK4bQj"},"fileId":"1dYTt+w49D+YB45ko6MQSt"},"_contentSize":{"__type__":"cc.Size","width":200,"height":100},"_trs":{"__type__":"TypedArray","ctor":"Float64Array","array":[5883.809,268.639,0,0,0,0,1,1.5,1.5,1.5]},"_groupIndex":1,"groupIndex":1},{"__type__":"cc.Node","_name":"woodspike","_parent":{"__id__":2},"_components":[{"__type__":"cc.Sprite","node":{"__id__":31},"_materials":[{"__uuid__":"ecpdLyjvZBwrvm+cedCcQy"}],"_spriteFrame":{"__uuid__":"01jdVpuCxKTq4ybf0yhC+W"},"_sizeMode":0},{"__type__":"cc.RigidBody","node":{"__id__":31},"_type":0,"_allowSleep":false,"enabledContactListener":true},{"__type__":"cc.PhysicsBoxCollider","node":{"__id__":31},"_offset":{"__type__":"cc.Vec2","x":15.4,"y":2.2},"_size":{"__type__":"cc.Size","width":137.7,"height":66.4}},{"__type__":"1361dmY/GFDUryCEbVUptv1","node":{"__id__":31}}],"_prefab":{"__type__":"cc.PrefabInfo","root":{"__id__":1},"asset":{"__uuid__":"baC4sry0lO4IDjagmK4bQj"},"fileId":"58YrClpwpIR4zpyy7skw3A"},"_contentSize":{"__type__":"cc.Size","width":200,"height":100},"_trs":{"__type__":"TypedArray","ctor":"Float64Array","array":[6157.637,268.639,0,0,0,0,1,1.5,1.5,1.5]},"_groupIndex":1,"groupIndex":1},{"__type__":"cc.Node","_name":"Monving_Platform1","_parent":{"__id__":2},"_components":[{"__type__":"cc.Sprite","node":{"__id__":32},"_materials":[{"__uuid__":"ecpdLyjvZBwrvm+cedCcQy"}],"_spriteFrame":{"__uuid__":"76a0RIfttG2K7fn1W16Yx7"}},{"__type__":"cc.RigidBody","node":{"__id__":32},"_type":3,"enabledContactListener":true},{"__type__":"cc.PhysicsBoxCollider","node":{"__id__":32},"_friction":1,"_size":{"__type__":"cc.Size","width":512,"height":128}},{"__type__":"31977AyKO1LSa4pajhUke7N","node":{"__id__":32}}],"_prefab":{"__type__":"cc.PrefabInfo","root":{"__id__":1},"asset":{"__uuid__":"baC4sry0lO4IDjagmK4bQj"},"fileId":"d6KPJRezZBCYGWAFwdCx7T"},"_contentSize":{"__type__":"cc.Size","width":512,"height":128},"_trs":{"__type__":"TypedArray","ctor":"Float64Array","array":[5190.635,371.147,0,0,0,0,1,0.3,0.3,1]},"_groupIndex":3,"groupIndex":3},{"__type__":"cc.Node","_name":"Monving_Platform2","_parent":{"__id__":2},"_components":[{"__type__":"cc.Sprite","node":{"__id__":33},"_materials":[{"__uuid__":"ecpdLyjvZBwrvm+cedCcQy"}],"_spriteFrame":{"__uuid__":"76a0RIfttG2K7fn1W16Yx7"}},{"__type__":"cc.RigidBody","node":{"__id__":33},"_type":3,"enabledContactListener":true},{"__type__":"cc.PhysicsBoxCollider","node":{"__id__":33},"_friction":1,"_size":{"__type__":"cc.Size","width":512,"height":128}},{"__type__":"31977AyKO1LSa4pajhUke7N","node":{"__id__":33}}],"_prefab":{"__type__":"cc.PrefabInfo","root":{"__id__":1},"asset":{"__uuid__":"baC4sry0lO4IDjagmK4bQj"},"fileId":"c935nixnhMY6qC/3ODowTF"},"_contentSize":{"__type__":"cc.Size","width":512,"height":128},"_trs":{"__type__":"TypedArray","ctor":"Float64Array","array":[5579.33,470.651,0,0,0,0,1,0.3,0.3,1]},"_groupIndex":3,"groupIndex":3},{"__type__":"cc.Node","_name":"heros","_parent":{"__id__":1},"_children":[{"__id__":35},{"__id__":36}],"_prefab":{"__type__":"cc.PrefabInfo","root":{"__id__":1},"asset":{"__uuid__":"baC4sry0lO4IDjagmK4bQj"},"fileId":"8f6WG7GahAW5rfkAoUn1ru"},"_anchorPoint":{"__type__":"cc.Vec2"},"_trs":{"__type__":"TypedArray","ctor":"Float64Array","array":[0,0,0,0,0,0,1,1,1,1]},"_groupIndex":1,"groupIndex":1},{"__type__":"cc.Node","_name":"round_enemy_bomb","_parent":{"__id__":34},"_components":[{"__type__":"cc.Sprite","_name":"round_enemy<Sprite>","node":{"__id__":35},"_materials":[{"__uuid__":"ecpdLyjvZBwrvm+cedCcQy"}],"_spriteFrame":{"__uuid__":"b2dhMg3+ZNUZOZ1ZAU+zgL"},"_sizeMode":0},{"__type__":"cc.RigidBody","node":{"__id__":35},"_allowSleep":false,"_gravityScale":4,"_linearDamping":2,"_angularDamping":0.1,"enabledContactListener":true},{"__type__":"cc.PhysicsCircleCollider","node":{"__id__":35},"tag":3,"_density":2,"_friction":0.4,"_restitution":0.4,"_radius":45},{"__type__":"e14c478LIdDO4lEL1y1pOAL","node":{"__id__":35},"damageToGiveToPlayer":1,"forceToApply":30000,"jump_height":0,"isBomb":true,"bomb_timer":2,"bomb_effect":{"__uuid__":"9aRB9QCZlCbaWjBN0RAsO3"}},{"__type__":"acd38zgRtJBkoJjC48fiJKY","node":{"__id__":35},"bombeffect":{"__uuid__":"b0ysQ6zQtMiofcv9uOb2rp"}}],"_prefab":{"__type__":"cc.PrefabInfo","root":{"__id__":1},"asset":{"__uuid__":"baC4sry0lO4IDjagmK4bQj"},"fileId":"1fNNTYJ2FLbJVxJ1UKBuTb"},"_contentSize":{"__type__":"cc.Size","width":90,"height":90},"_trs":{"__type__":"TypedArray","ctor":"Float64Array","array":[1728.169,321.147,0,0,0,0,1,1,1,1]},"_groupIndex":1,"groupIndex":1},{"__type__":"cc.Node","_name":"coins","_parent":{"__id__":34},"_children":[{"__id__":37},{"__id__":42},{"__id__":43},{"__id__":44},{"__id__":45},{"__id__":46},{"__id__":47},{"__id__":48},{"__id__":49},{"__id__":50},{"__id__":51},{"__id__":52}],"_prefab":{"__type__":"cc.PrefabInfo","root":{"__id__":1},"asset":{"__uuid__":"baC4sry0lO4IDjagmK4bQj"},"fileId":"a7AYMo0OZC76iGTK4iRjVf"},"_anchorPoint":{"__type__":"cc.Vec2"},"_trs":{"__type__":"TypedArray","ctor":"Float64Array","array":[0,-34.561,0,0,0,0,1,1,1,1]},"_groupIndex":1,"groupIndex":1},{"__type__":"cc.Node","_name":"coin4","_parent":{"__id__":36},"_children":[{"__id__":38},{"__id__":39},{"__id__":40},{"__id__":41}],"_prefab":{"__type__":"cc.PrefabInfo","root":{"__id__":1},"asset":{"__uuid__":"baC4sry0lO4IDjagmK4bQj"},"fileId":"fcCw/FhzpL57DYoyr260Gv"},"_trs":{"__type__":"TypedArray","ctor":"Float64Array","array":[976.331,340,0,0,0,0,1,1,1,1]},"_groupIndex":1,"groupIndex":1},{"__type__":"cc.Node","_name":"coin","_parent":{"__id__":37},"_components":[{"__type__":"cc.Sprite","_name":"coin<Sprite>","node":{"__id__":38},"_materials":[{"__uuid__":"ecpdLyjvZBwrvm+cedCcQy"}],"_spriteFrame":{"__uuid__":"5fBaYM24ZPr4CKfNVUvrdH"},"_sizeMode":0},{"__type__":"cc.RigidBody","node":{"__id__":38},"_type":0,"_allowSleep":false,"enabledContactListener":true},{"__type__":"cc.PhysicsCircleCollider","node":{"__id__":38},"_sensor":true,"_restitution":0.2,"_radius":23},{"__type__":"069edsCLOBL15FM+XA6qGxf","node":{"__id__":38},"pickeffect":{"__uuid__":"2e0DSCaaJHNKIgvBUfLo/u"}}],"_prefab":{"__type__":"cc.PrefabInfo","root":{"__id__":1},"asset":{"__uuid__":"baC4sry0lO4IDjagmK4bQj"},"fileId":"43X+oO5jZJl7awUn9qxw0G"},"_contentSize":{"__type__":"cc.Size","width":46,"height":46},"_trs":{"__type__":"TypedArray","ctor":"Float64Array","array":[0,0,0,0,0,0,1,1,1,1]},"_groupIndex":1,"groupIndex":1},{"__type__":"cc.Node","_name":"coin copy","_parent":{"__id__":37},"_components":[{"__type__":"cc.Sprite","_name":"coin copy<Sprite>","node":{"__id__":39},"_materials":[{"__uuid__":"ecpdLyjvZBwrvm+cedCcQy"}],"_spriteFrame":{"__uuid__":"5fBaYM24ZPr4CKfNVUvrdH"},"_sizeMode":0},{"__type__":"cc.RigidBody","node":{"__id__":39},"_type":0,"_allowSleep":false,"enabledContactListener":true},{"__type__":"cc.PhysicsCircleCollider","node":{"__id__":39},"_sensor":true,"_restitution":0.2,"_radius":23},{"__type__":"069edsCLOBL15FM+XA6qGxf","node":{"__id__":39},"pickeffect":{"__uuid__":"2e0DSCaaJHNKIgvBUfLo/u"}}],"_prefab":{"__type__":"cc.PrefabInfo","root":{"__id__":1},"asset":{"__uuid__":"baC4sry0lO4IDjagmK4bQj"},"fileId":"b45WpDd2dDL4Vssgh3JDGW"},"_contentSize":{"__type__":"cc.Size","width":46,"height":46},"_trs":{"__type__":"TypedArray","ctor":"Float64Array","array":[80,0,0,0,0,0,1,1,1,1]},"_groupIndex":1,"groupIndex":1},{"__type__":"cc.Node","_name":"coin copy","_parent":{"__id__":37},"_components":[{"__type__":"cc.Sprite","_name":"coin copy<Sprite>","node":{"__id__":40},"_materials":[{"__uuid__":"ecpdLyjvZBwrvm+cedCcQy"}],"_spriteFrame":{"__uuid__":"5fBaYM24ZPr4CKfNVUvrdH"},"_sizeMode":0},{"__type__":"cc.RigidBody","node":{"__id__":40},"_type":0,"_allowSleep":false,"enabledContactListener":true},{"__type__":"cc.PhysicsCircleCollider","node":{"__id__":40},"_sensor":true,"_restitution":0.2,"_radius":23},{"__type__":"069edsCLOBL15FM+XA6qGxf","node":{"__id__":40},"pickeffect":{"__uuid__":"2e0DSCaaJHNKIgvBUfLo/u"}}],"_prefab":{"__type__":"cc.PrefabInfo","root":{"__id__":1},"asset":{"__uuid__":"baC4sry0lO4IDjagmK4bQj"},"fileId":"44TBsktUdNQae1tlKGmNn9"},"_contentSize":{"__type__":"cc.Size","width":46,"height":46},"_trs":{"__type__":"TypedArray","ctor":"Float64Array","array":[160,0,0,0,0,0,1,1,1,1]},"_groupIndex":1,"groupIndex":1},{"__type__":"cc.Node","_name":"coin copy","_parent":{"__id__":37},"_components":[{"__type__":"cc.Sprite","_name":"coin copy<Sprite>","node":{"__id__":41},"_materials":[{"__uuid__":"ecpdLyjvZBwrvm+cedCcQy"}],"_spriteFrame":{"__uuid__":"5fBaYM24ZPr4CKfNVUvrdH"},"_sizeMode":0},{"__type__":"cc.RigidBody","node":{"__id__":41},"_type":0,"_allowSleep":false,"enabledContactListener":true},{"__type__":"cc.PhysicsCircleCollider","node":{"__id__":41},"_sensor":true,"_restitution":0.2,"_radius":23},{"__type__":"069edsCLOBL15FM+XA6qGxf","node":{"__id__":41},"pickeffect":{"__uuid__":"2e0DSCaaJHNKIgvBUfLo/u"}}],"_prefab":{"__type__":"cc.PrefabInfo","root":{"__id__":1},"asset":{"__uuid__":"baC4sry0lO4IDjagmK4bQj"},"fileId":"c5hrH4hSlMWZTWxyGvSUEY"},"_contentSize":{"__type__":"cc.Size","width":46,"height":46},"_trs":{"__type__":"TypedArray","ctor":"Float64Array","array":[240,0,0,0,0,0,1,1,1,1]},"_groupIndex":1,"groupIndex":1},{"__type__":"cc.Node","_name":"coin","_parent":{"__id__":36},"_components":[{"__type__":"cc.Sprite","_name":"coin<Sprite>","node":{"__id__":42},"_materials":[{"__uuid__":"ecpdLyjvZBwrvm+cedCcQy"}],"_spriteFrame":{"__uuid__":"5fBaYM24ZPr4CKfNVUvrdH"},"_sizeMode":0},{"__type__":"cc.RigidBody","node":{"__id__":42},"_type":0,"_allowSleep":false,"enabledContactListener":true},{"__type__":"cc.PhysicsCircleCollider","node":{"__id__":42},"_sensor":true,"_restitution":0.2,"_radius":23},{"__type__":"069edsCLOBL15FM+XA6qGxf","node":{"__id__":42},"pickeffect":{"__uuid__":"2e0DSCaaJHNKIgvBUfLo/u"}}],"_prefab":{"__type__":"cc.PrefabInfo","root":{"__id__":1},"asset":{"__uuid__":"baC4sry0lO4IDjagmK4bQj"},"fileId":"ccjyTYUgtPgJ9WTFQJrohQ"},"_contentSize":{"__type__":"cc.Size","width":46,"height":46},"_trs":{"__type__":"TypedArray","ctor":"Float64Array","array":[1864.235,384.515,0,0,0,0,1,1,1,1]},"_groupIndex":1,"groupIndex":1},{"__type__":"cc.Node","_name":"coin copy","_parent":{"__id__":36},"_components":[{"__type__":"cc.Sprite","_name":"coin copy<Sprite>","node":{"__id__":43},"_materials":[{"__uuid__":"ecpdLyjvZBwrvm+cedCcQy"}],"_spriteFrame":{"__uuid__":"5fBaYM24ZPr4CKfNVUvrdH"},"_sizeMode":0},{"__type__":"cc.RigidBody","node":{"__id__":43},"_type":0,"_allowSleep":false,"enabledContactListener":true},{"__type__":"cc.PhysicsCircleCollider","node":{"__id__":43},"_sensor":true,"_restitution":0.2,"_radius":23},{"__type__":"069edsCLOBL15FM+XA6qGxf","node":{"__id__":43},"pickeffect":{"__uuid__":"2e0DSCaaJHNKIgvBUfLo/u"}}],"_prefab":{"__type__":"cc.PrefabInfo","root":{"__id__":1},"asset":{"__uuid__":"baC4sry0lO4IDjagmK4bQj"},"fileId":"2fuRh6yPVPGZfaRIfmV/Nm"},"_contentSize":{"__type__":"cc.Size","width":46,"height":46},"_trs":{"__type__":"TypedArray","ctor":"Float64Array","array":[1862.124,322.608,0,0,0,0,1,1,1,1]},"_groupIndex":1,"groupIndex":1},{"__type__":"cc.Node","_name":"coin copy","_parent":{"__id__":36},"_components":[{"__type__":"cc.Sprite","_name":"coin copy<Sprite>","node":{"__id__":44},"_materials":[{"__uuid__":"ecpdLyjvZBwrvm+cedCcQy"}],"_spriteFrame":{"__uuid__":"5fBaYM24ZPr4CKfNVUvrdH"},"_sizeMode":0},{"__type__":"cc.RigidBody","node":{"__id__":44},"_type":0,"_allowSleep":false,"enabledContactListener":true},{"__type__":"cc.PhysicsCircleCollider","node":{"__id__":44},"_sensor":true,"_restitution":0.2,"_radius":23},{"__type__":"069edsCLOBL15FM+XA6qGxf","node":{"__id__":44},"pickeffect":{"__uuid__":"2e0DSCaaJHNKIgvBUfLo/u"}}],"_prefab":{"__type__":"cc.PrefabInfo","root":{"__id__":1},"asset":{"__uuid__":"baC4sry0lO4IDjagmK4bQj"},"fileId":"ba8NLtb29I55iOjDGlA7/R"},"_contentSize":{"__type__":"cc.Size","width":46,"height":46},"_trs":{"__type__":"TypedArray","ctor":"Float64Array","array":[5364.164,346.257,0,0,0,0,1,1,1,1]},"_groupIndex":1,"groupIndex":1},{"__type__":"cc.Node","_name":"coin copy","_parent":{"__id__":36},"_components":[{"__type__":"cc.Sprite","_name":"coin copy<Sprite>","node":{"__id__":45},"_materials":[{"__uuid__":"ecpdLyjvZBwrvm+cedCcQy"}],"_spriteFrame":{"__uuid__":"5fBaYM24ZPr4CKfNVUvrdH"},"_sizeMode":0},{"__type__":"cc.RigidBody","node":{"__id__":45},"_type":0,"_allowSleep":false,"enabledContactListener":true},{"__type__":"cc.PhysicsCircleCollider","node":{"__id__":45},"_sensor":true,"_restitution":0.2,"_radius":23},{"__type__":"069edsCLOBL15FM+XA6qGxf","node":{"__id__":45},"pickeffect":{"__uuid__":"2e0DSCaaJHNKIgvBUfLo/u"}}],"_prefab":{"__type__":"cc.PrefabInfo","root":{"__id__":1},"asset":{"__uuid__":"baC4sry0lO4IDjagmK4bQj"},"fileId":"b7AeM/1ydB6Y+0xQALI2/1"},"_contentSize":{"__type__":"cc.Size","width":46,"height":46},"_trs":{"__type__":"TypedArray","ctor":"Float64Array","array":[2258.182,430.735,0,0,0,0,1,1,1,1]},"_groupIndex":1,"groupIndex":1},{"__type__":"cc.Node","_name":"coin copy","_parent":{"__id__":36},"_components":[{"__type__":"cc.Sprite","_name":"coin copy<Sprite>","node":{"__id__":46},"_materials":[{"__uuid__":"ecpdLyjvZBwrvm+cedCcQy"}],"_spriteFrame":{"__uuid__":"5fBaYM24ZPr4CKfNVUvrdH"},"_sizeMode":0},{"__type__":"cc.RigidBody","node":{"__id__":46},"_type":0,"_allowSleep":false,"enabledContactListener":true},{"__type__":"cc.PhysicsCircleCollider","node":{"__id__":46},"_sensor":true,"_restitution":0.2,"_radius":23},{"__type__":"069edsCLOBL15FM+XA6qGxf","node":{"__id__":46},"pickeffect":{"__uuid__":"2e0DSCaaJHNKIgvBUfLo/u"}}],"_prefab":{"__type__":"cc.PrefabInfo","root":{"__id__":1},"asset":{"__uuid__":"baC4sry0lO4IDjagmK4bQj"},"fileId":"c98y9JfpVOSYpZMUqjyZ2S"},"_contentSize":{"__type__":"cc.Size","width":46,"height":46},"_trs":{"__type__":"TypedArray","ctor":"Float64Array","array":[3387.583,468.735,0,0,0,0,1,1,1,1]},"_groupIndex":1,"groupIndex":1},{"__type__":"cc.Node","_name":"coin copy","_parent":{"__id__":36},"_components":[{"__type__":"cc.Sprite","_name":"coin copy<Sprite>","node":{"__id__":47},"_materials":[{"__uuid__":"ecpdLyjvZBwrvm+cedCcQy"}],"_spriteFrame":{"__uuid__":"5fBaYM24ZPr4CKfNVUvrdH"},"_sizeMode":0},{"__type__":"cc.RigidBody","node":{"__id__":47},"_type":0,"_allowSleep":false,"enabledContactListener":true},{"__type__":"cc.PhysicsCircleCollider","node":{"__id__":47},"_sensor":true,"_restitution":0.2,"_radius":23},{"__type__":"069edsCLOBL15FM+XA6qGxf","node":{"__id__":47},"pickeffect":{"__uuid__":"2e0DSCaaJHNKIgvBUfLo/u"}}],"_prefab":{"__type__":"cc.PrefabInfo","root":{"__id__":1},"asset":{"__uuid__":"baC4sry0lO4IDjagmK4bQj"},"fileId":"21MOHMWS5Poojwa2/nhUH6"},"_contentSize":{"__type__":"cc.Size","width":46,"height":46},"_trs":{"__type__":"TypedArray","ctor":"Float64Array","array":[3821.09,441.92,0,0,0,0,1,1,1,1]},"_groupIndex":1,"groupIndex":1},{"__type__":"cc.Node","_name":"coin copy","_parent":{"__id__":36},"_components":[{"__type__":"cc.Sprite","_name":"coin copy<Sprite>","node":{"__id__":48},"_materials":[{"__uuid__":"ecpdLyjvZBwrvm+cedCcQy"}],"_spriteFrame":{"__uuid__":"5fBaYM24ZPr4CKfNVUvrdH"},"_sizeMode":0},{"__type__":"cc.RigidBody","node":{"__id__":48},"_type":0,"_allowSleep":false,"enabledContactListener":true},{"__type__":"cc.PhysicsCircleCollider","node":{"__id__":48},"_sensor":true,"_restitution":0.2,"_radius":23},{"__type__":"069edsCLOBL15FM+XA6qGxf","node":{"__id__":48},"pickeffect":{"__uuid__":"2e0DSCaaJHNKIgvBUfLo/u"}}],"_prefab":{"__type__":"cc.PrefabInfo","root":{"__id__":1},"asset":{"__uuid__":"baC4sry0lO4IDjagmK4bQj"},"fileId":"32w7CfazRBPqiuAbwjImg0"},"_contentSize":{"__type__":"cc.Size","width":46,"height":46},"_trs":{"__type__":"TypedArray","ctor":"Float64Array","array":[4276.943,549.18,0,0,0,0,1,1,1,1]},"_groupIndex":1,"groupIndex":1},{"__type__":"cc.Node","_name":"coin copy","_parent":{"__id__":36},"_components":[{"__type__":"cc.Sprite","_name":"coin copy<Sprite>","node":{"__id__":49},"_materials":[{"__uuid__":"ecpdLyjvZBwrvm+cedCcQy"}],"_spriteFrame":{"__uuid__":"5fBaYM24ZPr4CKfNVUvrdH"},"_sizeMode":0},{"__type__":"cc.RigidBody","node":{"__id__":49},"_type":0,"_allowSleep":false,"enabledContactListener":true},{"__type__":"cc.PhysicsCircleCollider","node":{"__id__":49},"_sensor":true,"_restitution":0.2,"_radius":23},{"__type__":"069edsCLOBL15FM+XA6qGxf","node":{"__id__":49},"pickeffect":{"__uuid__":"2e0DSCaaJHNKIgvBUfLo/u"}}],"_prefab":{"__type__":"cc.PrefabInfo","root":{"__id__":1},"asset":{"__uuid__":"baC4sry0lO4IDjagmK4bQj"},"fileId":"20hU6SK+5BwJHALQAGL7Cq"},"_contentSize":{"__type__":"cc.Size","width":46,"height":46},"_trs":{"__type__":"TypedArray","ctor":"Float64Array","array":[5426.236,346.257,0,0,0,0,1,1,1,1]},"_groupIndex":1,"groupIndex":1},{"__type__":"cc.Node","_name":"coin copy","_parent":{"__id__":36},"_components":[{"__type__":"cc.Sprite","_name":"coin copy<Sprite>","node":{"__id__":50},"_materials":[{"__uuid__":"ecpdLyjvZBwrvm+cedCcQy"}],"_spriteFrame":{"__uuid__":"5fBaYM24ZPr4CKfNVUvrdH"},"_sizeMode":0},{"__type__":"cc.RigidBody","node":{"__id__":50},"_type":0,"_allowSleep":false,"enabledContactListener":true},{"__type__":"cc.PhysicsCircleCollider","node":{"__id__":50},"_sensor":true,"_restitution":0.2,"_radius":23},{"__type__":"069edsCLOBL15FM+XA6qGxf","node":{"__id__":50},"pickeffect":{"__uuid__":"2e0DSCaaJHNKIgvBUfLo/u"}}],"_prefab":{"__type__":"cc.PrefabInfo","root":{"__id__":1},"asset":{"__uuid__":"baC4sry0lO4IDjagmK4bQj"},"fileId":"f9lyiwfftFTba7DNY9wh6l"},"_contentSize":{"__type__":"cc.Size","width":46,"height":46},"_trs":{"__type__":"TypedArray","ctor":"Float64Array","array":[6555.159,292.438,0,0,0,0,1,1,1,1]},"_groupIndex":1,"groupIndex":1},{"__type__":"cc.Node","_name":"coin copy","_parent":{"__id__":36},"_components":[{"__type__":"cc.Sprite","_name":"coin copy<Sprite>","node":{"__id__":51},"_materials":[{"__uuid__":"ecpdLyjvZBwrvm+cedCcQy"}],"_spriteFrame":{"__uuid__":"5fBaYM24ZPr4CKfNVUvrdH"},"_sizeMode":0},{"__type__":"cc.RigidBody","node":{"__id__":51},"_type":0,"_allowSleep":false,"enabledContactListener":true},{"__type__":"cc.PhysicsCircleCollider","node":{"__id__":51},"_sensor":true,"_restitution":0.2,"_radius":23},{"__type__":"069edsCLOBL15FM+XA6qGxf","node":{"__id__":51},"pickeffect":{"__uuid__":"2e0DSCaaJHNKIgvBUfLo/u"}}],"_prefab":{"__type__":"cc.PrefabInfo","root":{"__id__":1},"asset":{"__uuid__":"baC4sry0lO4IDjagmK4bQj"},"fileId":"5cC20nGZ9A3bSNOTOrjQYx"},"_contentSize":{"__type__":"cc.Size","width":46,"height":46},"_trs":{"__type__":"TypedArray","ctor":"Float64Array","array":[6666.888,292.438,0,0,0,0,1,1,1,1]},"_groupIndex":1,"groupIndex":1},{"__type__":"cc.Node","_name":"coin6","_parent":{"__id__":36},"_children":[{"__id__":53},{"__id__":54},{"__id__":55},{"__id__":56},{"__id__":57},{"__id__":58}],"_prefab":{"__type__":"cc.PrefabInfo","root":{"__id__":1},"asset":{"__uuid__":"baC4sry0lO4IDjagmK4bQj"},"fileId":"bbfZm3YQxF14Ym6kRBTAzM"},"_trs":{"__type__":"TypedArray","ctor":"Float64Array","array":[6599.997,543.54,0,0,0,0,1,1,1,1]},"_groupIndex":1,"groupIndex":1},{"__type__":"cc.Node","_name":"coin copy","_parent":{"__id__":52},"_components":[{"__type__":"cc.Sprite","_name":"coin copy<Sprite>","node":{"__id__":53},"_materials":[{"__uuid__":"ecpdLyjvZBwrvm+cedCcQy"}],"_spriteFrame":{"__uuid__":"5fBaYM24ZPr4CKfNVUvrdH"},"_sizeMode":0},{"__type__":"cc.RigidBody","node":{"__id__":53},"_type":0,"_allowSleep":false,"enabledContactListener":true},{"__type__":"cc.PhysicsCircleCollider","node":{"__id__":53},"_sensor":true,"_restitution":0.2,"_radius":23},{"__type__":"069edsCLOBL15FM+XA6qGxf","node":{"__id__":53},"pickeffect":{"__uuid__":"2e0DSCaaJHNKIgvBUfLo/u"}}],"_prefab":{"__type__":"cc.PrefabInfo","root":{"__id__":1},"asset":{"__uuid__":"baC4sry0lO4IDjagmK4bQj"},"fileId":"3bcgDWcFdF5LHcHWGPNImh"},"_contentSize":{"__type__":"cc.Size","width":46,"height":46},"_trs":{"__type__":"TypedArray","ctor":"Float64Array","array":[-40,0,0,0,0,0,1,1,1,1]},"_groupIndex":1,"groupIndex":1},{"__type__":"cc.Node","_name":"coin copy","_parent":{"__id__":52},"_components":[{"__type__":"cc.Sprite","_name":"coin copy<Sprite>","node":{"__id__":54},"_materials":[{"__uuid__":"ecpdLyjvZBwrvm+cedCcQy"}],"_spriteFrame":{"__uuid__":"5fBaYM24ZPr4CKfNVUvrdH"},"_sizeMode":0},{"__type__":"cc.RigidBody","node":{"__id__":54},"_type":0,"_allowSleep":false,"enabledContactListener":true},{"__type__":"cc.PhysicsCircleCollider","node":{"__id__":54},"_sensor":true,"_restitution":0.2,"_radius":23},{"__type__":"069edsCLOBL15FM+XA6qGxf","node":{"__id__":54},"pickeffect":{"__uuid__":"2e0DSCaaJHNKIgvBUfLo/u"}}],"_prefab":{"__type__":"cc.PrefabInfo","root":{"__id__":1},"asset":{"__uuid__":"baC4sry0lO4IDjagmK4bQj"},"fileId":"9e4ynXzvRKz6Mgm0lvttU/"},"_contentSize":{"__type__":"cc.Size","width":46,"height":46},"_trs":{"__type__":"TypedArray","ctor":"Float64Array","array":[-40,80,0,0,0,0,1,1,1,1]},"_groupIndex":1,"groupIndex":1},{"__type__":"cc.Node","_name":"coin copy","_parent":{"__id__":52},"_components":[{"__type__":"cc.Sprite","_name":"coin copy<Sprite>","node":{"__id__":55},"_materials":[{"__uuid__":"ecpdLyjvZBwrvm+cedCcQy"}],"_spriteFrame":{"__uuid__":"5fBaYM24ZPr4CKfNVUvrdH"},"_sizeMode":0},{"__type__":"cc.RigidBody","node":{"__id__":55},"_type":0,"_allowSleep":false,"enabledContactListener":true},{"__type__":"cc.PhysicsCircleCollider","node":{"__id__":55},"_sensor":true,"_restitution":0.2,"_radius":23},{"__type__":"069edsCLOBL15FM+XA6qGxf","node":{"__id__":55},"pickeffect":{"__uuid__":"2e0DSCaaJHNKIgvBUfLo/u"}}],"_prefab":{"__type__":"cc.PrefabInfo","root":{"__id__":1},"asset":{"__uuid__":"baC4sry0lO4IDjagmK4bQj"},"fileId":"c6AMs6ZKxCEZ49mij0pEve"},"_contentSize":{"__type__":"cc.Size","width":46,"height":46},"_trs":{"__type__":"TypedArray","ctor":"Float64Array","array":[-40,-80,0,0,0,0,1,1,1,1]},"_groupIndex":1,"groupIndex":1},{"__type__":"cc.Node","_name":"coin copy","_parent":{"__id__":52},"_components":[{"__type__":"cc.Sprite","_name":"coin copy<Sprite>","node":{"__id__":56},"_materials":[{"__uuid__":"ecpdLyjvZBwrvm+cedCcQy"}],"_spriteFrame":{"__uuid__":"5fBaYM24ZPr4CKfNVUvrdH"},"_sizeMode":0},{"__type__":"cc.RigidBody","node":{"__id__":56},"_type":0,"_allowSleep":false,"enabledContactListener":true},{"__type__":"cc.PhysicsCircleCollider","node":{"__id__":56},"_sensor":true,"_restitution":0.2,"_radius":23},{"__type__":"069edsCLOBL15FM+XA6qGxf","node":{"__id__":56},"pickeffect":{"__uuid__":"2e0DSCaaJHNKIgvBUfLo/u"}}],"_prefab":{"__type__":"cc.PrefabInfo","root":{"__id__":1},"asset":{"__uuid__":"baC4sry0lO4IDjagmK4bQj"},"fileId":"fecvsCE6hBkovqJO/5Cugf"},"_contentSize":{"__type__":"cc.Size","width":46,"height":46},"_trs":{"__type__":"TypedArray","ctor":"Float64Array","array":[40,0,0,0,0,0,1,1,1,1]},"_groupIndex":1,"groupIndex":1},{"__type__":"cc.Node","_name":"coin copy","_parent":{"__id__":52},"_components":[{"__type__":"cc.Sprite","_name":"coin copy<Sprite>","node":{"__id__":57},"_materials":[{"__uuid__":"ecpdLyjvZBwrvm+cedCcQy"}],"_spriteFrame":{"__uuid__":"5fBaYM24ZPr4CKfNVUvrdH"},"_sizeMode":0},{"__type__":"cc.RigidBody","node":{"__id__":57},"_type":0,"_allowSleep":false,"enabledContactListener":true},{"__type__":"cc.PhysicsCircleCollider","node":{"__id__":57},"_sensor":true,"_restitution":0.2,"_radius":23},{"__type__":"069edsCLOBL15FM+XA6qGxf","node":{"__id__":57},"pickeffect":{"__uuid__":"2e0DSCaaJHNKIgvBUfLo/u"}}],"_prefab":{"__type__":"cc.PrefabInfo","root":{"__id__":1},"asset":{"__uuid__":"baC4sry0lO4IDjagmK4bQj"},"fileId":"2aUFHAqmZKCbGo0423uxKO"},"_contentSize":{"__type__":"cc.Size","width":46,"height":46},"_trs":{"__type__":"TypedArray","ctor":"Float64Array","array":[40,80,0,0,0,0,1,1,1,1]},"_groupIndex":1,"groupIndex":1},{"__type__":"cc.Node","_name":"coin copy","_parent":{"__id__":52},"_components":[{"__type__":"cc.Sprite","_name":"coin copy<Sprite>","node":{"__id__":58},"_materials":[{"__uuid__":"ecpdLyjvZBwrvm+cedCcQy"}],"_spriteFrame":{"__uuid__":"5fBaYM24ZPr4CKfNVUvrdH"},"_sizeMode":0},{"__type__":"cc.RigidBody","node":{"__id__":58},"_type":0,"_allowSleep":false,"enabledContactListener":true},{"__type__":"cc.PhysicsCircleCollider","node":{"__id__":58},"_sensor":true,"_restitution":0.2,"_radius":23},{"__type__":"069edsCLOBL15FM+XA6qGxf","node":{"__id__":58},"pickeffect":{"__uuid__":"2e0DSCaaJHNKIgvBUfLo/u"}}],"_prefab":{"__type__":"cc.PrefabInfo","root":{"__id__":1},"asset":{"__uuid__":"baC4sry0lO4IDjagmK4bQj"},"fileId":"537rGxtahGAL4bCHTCgj46"},"_contentSize":{"__type__":"cc.Size","width":46,"height":46},"_trs":{"__type__":"TypedArray","ctor":"Float64Array","array":[40,-80,0,0,0,0,1,1,1,1]},"_groupIndex":1,"groupIndex":1},{"__type__":"cc.Node","_name":"redball","_parent":{"__id__":1},"_components":[{"__type__":"cc.Sprite","_name":"redball<Sprite>","node":{"__id__":59},"_materials":[{"__uuid__":"ecpdLyjvZBwrvm+cedCcQy"}],"_spriteFrame":{"__uuid__":"8amSVup6xJdK42n8GJawo0"},"_sizeMode":0}],"_prefab":{"__type__":"cc.PrefabInfo","root":{"__id__":1},"asset":{"__uuid__":"baC4sry0lO4IDjagmK4bQj"},"fileId":"d01P8MZvRBdrBrwWIh8WtC"},"_contentSize":{"__type__":"cc.Size","width":70,"height":70},"_trs":{"__type__":"TypedArray","ctor":"Float64Array","array":[300,500,0,0,0,0,1,1,1,1]},"_groupIndex":1,"groupIndex":1},{"__type__":"cc.Node","_name":"water","_parent":{"__id__":1},"_children":[{"__id__":61}],"_components":[{"__type__":"3f7d7Fq0GJHmorMw7NXzmcC","node":{"__id__":60},"_enabled":false}],"_prefab":{"__type__":"cc.PrefabInfo","root":{"__id__":1},"asset":{"__uuid__":"baC4sry0lO4IDjagmK4bQj"},"fileId":"484PvV5GZPppj8R/v5VfZY"},"_opacity":0,"_trs":{"__type__":"TypedArray","ctor":"Float64Array","array":[486.199,-195.851,0,0,0,0,1,1,1,1]},"_groupIndex":2,"groupIndex":2},{"__type__":"cc.Node","_name":"water1","_parent":{"__id__":60},"_components":[{"__type__":"cc.Sprite","_name":"water1<Sprite>","node":{"__id__":61},"_materials":[{"__uuid__":"ecpdLyjvZBwrvm+cedCcQy"}],"_spriteFrame":{"__uuid__":"0db9rXK7BAuJhYB4L7U0Kf"},"_sizeMode":2},{"__type__":"019bfUOFLZAC62vrujK9eUg","node":{"__id__":61},"normalmap":{"__uuid__":"abTirDIrROorOQNbbLQEOw"},"fallin_effect":{"__uuid__":"08QeMWPQtOsIi8UzSsTttc"}},{"__type__":"2f15ftGjExIyrnz9ttHdx3T","node":{"__id__":61},"density":2.5}],"_prefab":{"__type__":"cc.PrefabInfo","root":{"__id__":1},"asset":{"__uuid__":"baC4sry0lO4IDjagmK4bQj"},"fileId":"8fKKOZ6adLYp4lcnlaUO3c"},"_contentSize":{"__type__":"cc.Size","width":1060,"height":384},"_trs":{"__type__":"TypedArray","ctor":"Float64Array","array":[1805.591,13.909,0,0,0,0,1,1,1,1]},"_groupIndex":2,"groupIndex":2},{"__type__":"cc.Node","_name":"map","_parent":{"__id__":1},"_children":[{"__id__":63},{"__id__":64},{"__id__":65},{"__id__":66},{"__id__":67},{"__id__":68},{"__id__":69},{"__id__":70},{"__id__":71},{"__id__":72},{"__id__":73},{"__id__":74},{"__id__":75},{"__id__":76},{"__id__":77},{"__id__":78},{"__id__":79},{"__id__":80},{"__id__":81},{"__id__":82},{"__id__":83},{"__id__":84},{"__id__":85},{"__id__":86},{"__id__":87},{"__id__":88},{"__id__":89},{"__id__":90},{"__id__":91},{"__id__":92},{"__id__":93},{"__id__":94},{"__id__":95},{"__id__":96},{"__id__":97},{"__id__":98},{"__id__":99},{"__id__":100},{"__id__":101},{"__id__":102},{"__id__":103},{"__id__":104},{"__id__":105},{"__id__":106},{"__id__":107},{"__id__":108}],"_components":[{"__type__":"cc.Widget","node":{"__id__":62},"_alignFlags":12,"_left":-100},{"__type__":"cc.RigidBody","node":{"__id__":62},"_type":0},{"__type__":"3f7d7Fq0GJHmorMw7NXzmcC","node":{"__id__":62}}],"_prefab":{"__type__":"cc.PrefabInfo","root":{"__id__":1},"asset":{"__uuid__":"baC4sry0lO4IDjagmK4bQj"},"fileId":"d58TOFy8NCXLI9iZp7v1V+"},"_contentSize":{"__type__":"cc.Size","width":9224,"height":637},"_anchorPoint":{"__type__":"cc.Vec2"},"_trs":{"__type__":"TypedArray","ctor":"Float64Array","array":[-100,0,0,0,0,0,1,1,1,1]},"_groupIndex":3,"groupIndex":3},{"__type__":"cc.Node","_name":"m1","_parent":{"__id__":62},"_components":[{"__type__":"cc.Sprite","_name":"m1<Sprite>","node":{"__id__":63},"_materials":[{"__uuid__":"ecpdLyjvZBwrvm+cedCcQy"}],"_spriteFrame":{"__uuid__":"acZOqs1FZMZZIp6IBnkhZP"},"_type":2,"_sizeMode":0},{"__type__":"cc.RigidBody","node":{"__id__":63},"_type":0},{"__type__":"cc.PhysicsBoxCollider","node":{"__id__":63},"_offset":{"__type__":"cc.Vec2","x":1000,"y":125},"_size":{"__type__":"cc.Size","width":2000,"height":250}}],"_prefab":{"__type__":"cc.PrefabInfo","root":{"__id__":1},"asset":{"__uuid__":"baC4sry0lO4IDjagmK4bQj"},"fileId":"3bDqj/hOVLZJsihqMChqpN"},"_contentSize":{"__type__":"cc.Size","width":2000,"height":250},"_anchorPoint":{"__type__":"cc.Vec2"},"_trs":{"__type__":"TypedArray","ctor":"Float64Array","array":[0,0,0,0,0,0,1,1,1,1]},"_groupIndex":3,"groupIndex":3},{"__type__":"cc.Node","_name":"m2","_parent":{"__id__":62},"_components":[{"__type__":"cc.Sprite","_name":"m2<Sprite>","node":{"__id__":64},"_materials":[{"__uuid__":"ecpdLyjvZBwrvm+cedCcQy"}],"_spriteFrame":{"__uuid__":"acZOqs1FZMZZIp6IBnkhZP"},"_type":2,"_sizeMode":0},{"__type__":"cc.RigidBody","node":{"__id__":64},"_type":0},{"__type__":"cc.PhysicsBoxCollider","node":{"__id__":64},"_offset":{"__type__":"cc.Vec2","x":125,"y":400},"_size":{"__type__":"cc.Size","width":250,"height":800}}],"_prefab":{"__type__":"cc.PrefabInfo","root":{"__id__":1},"asset":{"__uuid__":"baC4sry0lO4IDjagmK4bQj"},"fileId":"c2k0y+n4pMSbMYAt4wSJ4S"},"_contentSize":{"__type__":"cc.Size","width":250,"height":800},"_anchorPoint":{"__type__":"cc.Vec2"},"_trs":{"__type__":"TypedArray","ctor":"Float64Array","array":[2233.392,677.578,0,0,0,0,1,1,1,1]},"_groupIndex":3,"groupIndex":3},{"__type__":"cc.Node","_name":"m3","_parent":{"__id__":62},"_components":[{"__type__":"cc.Sprite","_name":"m3<Sprite>","node":{"__id__":65},"_materials":[{"__uuid__":"ecpdLyjvZBwrvm+cedCcQy"}],"_spriteFrame":{"__uuid__":"acZOqs1FZMZZIp6IBnkhZP"},"_type":2,"_sizeMode":0},{"__type__":"cc.RigidBody","node":{"__id__":65},"_type":0},{"__type__":"cc.PhysicsBoxCollider","node":{"__id__":65},"_offset":{"__type__":"cc.Vec2","x":4000,"y":125},"_size":{"__type__":"cc.Size","width":8000,"height":250}}],"_prefab":{"__type__":"cc.PrefabInfo","root":{"__id__":1},"asset":{"__uuid__":"baC4sry0lO4IDjagmK4bQj"},"fileId":"8f1HZfASFBaJRdf6JWIR9c"},"_contentSize":{"__type__":"cc.Size","width":8000,"height":250},"_anchorPoint":{"__type__":"cc.Vec2"},"_trs":{"__type__":"TypedArray","ctor":"Float64Array","array":[2679.009,0,0,0,0,0,1,1,1,1]},"_groupIndex":3,"groupIndex":3},{"__type__":"cc.Node","_name":"m4","_parent":{"__id__":62},"_components":[{"__type__":"cc.Sprite","_name":"m4<Sprite>","node":{"__id__":66},"_materials":[{"__uuid__":"ecpdLyjvZBwrvm+cedCcQy"}],"_spriteFrame":{"__uuid__":"acZOqs1FZMZZIp6IBnkhZP"},"_type":2,"_sizeMode":0},{"__type__":"cc.RigidBody","node":{"__id__":66},"_type":0},{"__type__":"cc.PhysicsBoxCollider","node":{"__id__":66},"_offset":{"__type__":"cc.Vec2","x":400,"y":200},"_size":{"__type__":"cc.Size","width":800,"height":400}}],"_prefab":{"__type__":"cc.PrefabInfo","root":{"__id__":1},"asset":{"__uuid__":"baC4sry0lO4IDjagmK4bQj"},"fileId":"e9Ro1njiFK1Idv8/TVqIDt"},"_contentSize":{"__type__":"cc.Size","width":800,"height":400},"_anchorPoint":{"__type__":"cc.Vec2"},"_trs":{"__type__":"TypedArray","ctor":"Float64Array","array":[6471.276,0,0,0,0,0,1,1,1,1]},"_groupIndex":3,"groupIndex":3},{"__type__":"cc.Node","_name":"m5","_parent":{"__id__":62},"_components":[{"__type__":"cc.Sprite","_name":"m5<Sprite>","node":{"__id__":67},"_materials":[{"__uuid__":"ecpdLyjvZBwrvm+cedCcQy"}],"_spriteFrame":{"__uuid__":"acZOqs1FZMZZIp6IBnkhZP"},"_type":2,"_sizeMode":0},{"__type__":"cc.RigidBody","node":{"__id__":67},"_type":0},{"__type__":"cc.PhysicsBoxCollider","node":{"__id__":67},"_offset":{"__type__":"cc.Vec2","x":125,"y":350},"_size":{"__type__":"cc.Size","width":250,"height":700}}],"_prefab":{"__type__":"cc.PrefabInfo","root":{"__id__":1},"asset":{"__uuid__":"baC4sry0lO4IDjagmK4bQj"},"fileId":"49QapRQItN6pBvWPT913t2"},"_contentSize":{"__type__":"cc.Size","width":250,"height":700},"_anchorPoint":{"__type__":"cc.Vec2"},"_trs":{"__type__":"TypedArray","ctor":"Float64Array","array":[7855.004,468.24,0,0,0,0,1,1,1,1]},"_groupIndex":3,"groupIndex":3},{"__type__":"cc.Node","_name":"2","_parent":{"__id__":62},"_components":[{"__type__":"cc.Sprite","node":{"__id__":68},"_materials":[{"__uuid__":"ecpdLyjvZBwrvm+cedCcQy"}],"_spriteFrame":{"__uuid__":"7c7Ms9PnhExqeoCq8Qd1CJ"},"_type":2,"_sizeMode":0}],"_prefab":{"__type__":"cc.PrefabInfo","root":{"__id__":1},"asset":{"__uuid__":"baC4sry0lO4IDjagmK4bQj"},"fileId":"88vdJSzRpACJq1KL2ynh5A"},"_contentSize":{"__type__":"cc.Size","width":300,"height":38},"_trs":{"__type__":"TypedArray","ctor":"Float64Array","array":[13.219,124.002,0,0,0,0.7071067811865475,0.7071067811865476,0.7,0.7,1]},"_eulerAngles":{"__type__":"cc.Vec3","z":90}},{"__type__":"cc.Node","_name":"2","_parent":{"__id__":62},"_components":[{"__type__":"cc.Sprite","node":{"__id__":69},"_materials":[{"__uuid__":"ecpdLyjvZBwrvm+cedCcQy"}],"_spriteFrame":{"__uuid__":"7c7Ms9PnhExqeoCq8Qd1CJ"},"_type":2,"_sizeMode":0}],"_prefab":{"__type__":"cc.PrefabInfo","root":{"__id__":1},"asset":{"__uuid__":"baC4sry0lO4IDjagmK4bQj"},"fileId":"14IQnKWkBG+arV6vpuYthO"},"_contentSize":{"__type__":"cc.Size","width":300,"height":38},"_trs":{"__type__":"TypedArray","ctor":"Float64Array","array":[1986.726,124.002,0,0,0,0.7071067811865475,0.7071067811865476,0.7,-0.7,1]},"_eulerAngles":{"__type__":"cc.Vec3","z":90}},{"__type__":"cc.Node","_name":"1","_parent":{"__id__":62},"_components":[{"__type__":"cc.Sprite","node":{"__id__":70},"_materials":[{"__uuid__":"ecpdLyjvZBwrvm+cedCcQy"}],"_spriteFrame":{"__uuid__":"08EE574AJCybEkYL4ikr+e"}}],"_prefab":{"__type__":"cc.PrefabInfo","root":{"__id__":1},"asset":{"__uuid__":"baC4sry0lO4IDjagmK4bQj"},"fileId":"3al5lrkgNDj4QNjWprAZnZ"},"_contentSize":{"__type__":"cc.Size","width":149,"height":38},"_trs":{"__type__":"TypedArray","ctor":"Float64Array","array":[50.817,236.714,0,0,0,0,1,0.7,0.7,1]}},{"__type__":"cc.Node","_name":"2","_parent":{"__id__":62},"_components":[{"__type__":"cc.Sprite","node":{"__id__":71},"_materials":[{"__uuid__":"ecpdLyjvZBwrvm+cedCcQy"}],"_spriteFrame":{"__uuid__":"7c7Ms9PnhExqeoCq8Qd1CJ"},"_type":2,"_sizeMode":0}],"_prefab":{"__type__":"cc.PrefabInfo","root":{"__id__":1},"asset":{"__uuid__":"baC4sry0lO4IDjagmK4bQj"},"fileId":"54BoVbhyxGYZpHblfeR3kV"},"_contentSize":{"__type__":"cc.Size","width":2700,"height":38},"_trs":{"__type__":"TypedArray","ctor":"Float64Array","array":[1018.729,236.691,0,0,0,0,1,0.7,0.7,1]}},{"__type__":"cc.Node","_name":"2","_parent":{"__id__":62},"_components":[{"__type__":"cc.Sprite","node":{"__id__":72},"_materials":[{"__uuid__":"ecpdLyjvZBwrvm+cedCcQy"}],"_spriteFrame":{"__uuid__":"7c7Ms9PnhExqeoCq8Qd1CJ"},"_type":2,"_sizeMode":0}],"_prefab":{"__type__":"cc.PrefabInfo","root":{"__id__":1},"asset":{"__uuid__":"baC4sry0lO4IDjagmK4bQj"},"fileId":"bepsqUXrtPb4pvTeV4NNqn"},"_contentSize":{"__type__":"cc.Size","width":200,"height":38},"_trs":{"__type__":"TypedArray","ctor":"Float64Array","array":[6485.315,317.784,0,0,0,0.7071067811865475,0.7071067811865476,0.7,0.7,1]},"_eulerAngles":{"__type__":"cc.Vec3","z":90}},{"__type__":"cc.Node","_name":"2","_parent":{"__id__":62},"_components":[{"__type__":"cc.Sprite","node":{"__id__":73},"_materials":[{"__uuid__":"ecpdLyjvZBwrvm+cedCcQy"}],"_spriteFrame":{"__uuid__":"7c7Ms9PnhExqeoCq8Qd1CJ"},"_type":2,"_sizeMode":0}],"_prefab":{"__type__":"cc.PrefabInfo","root":{"__id__":1},"asset":{"__uuid__":"baC4sry0lO4IDjagmK4bQj"},"fileId":"4epVkmY+1Bf799pLC9bN4Y"},"_contentSize":{"__type__":"cc.Size","width":200,"height":38},"_trs":{"__type__":"TypedArray","ctor":"Float64Array","array":[7257.924,311.512,0,0,0,0.7071067811865475,0.7071067811865476,0.7,-0.7,1]},"_eulerAngles":{"__type__":"cc.Vec3","z":90}},{"__type__":"cc.Node","_name":"3","_parent":{"__id__":62},"_components":[{"__type__":"cc.Sprite","node":{"__id__":74},"_materials":[{"__uuid__":"ecpdLyjvZBwrvm+cedCcQy"}],"_spriteFrame":{"__uuid__":"08zReD3OVE4pPID3tRZgQb"}}],"_prefab":{"__type__":"cc.PrefabInfo","root":{"__id__":1},"asset":{"__uuid__":"baC4sry0lO4IDjagmK4bQj"},"fileId":"152Eg9RmNE5afpg85eqza8"},"_contentSize":{"__type__":"cc.Size","width":149,"height":38},"_trs":{"__type__":"TypedArray","ctor":"Float64Array","array":[1949.73,236.899,0,0,0,0,1,0.7,0.7,1]}},{"__type__":"cc.Node","_name":"1","_parent":{"__id__":62},"_components":[{"__type__":"cc.Sprite","node":{"__id__":75},"_materials":[{"__uuid__":"ecpdLyjvZBwrvm+cedCcQy"}],"_spriteFrame":{"__uuid__":"08EE574AJCybEkYL4ikr+e"}}],"_prefab":{"__type__":"cc.PrefabInfo","root":{"__id__":1},"asset":{"__uuid__":"baC4sry0lO4IDjagmK4bQj"},"fileId":"bcqhgl8INDpotnx7D/weto"},"_contentSize":{"__type__":"cc.Size","width":149,"height":38},"_trs":{"__type__":"TypedArray","ctor":"Float64Array","array":[50.817,13.486,0,0,0,0,1,0.7,-0.7,1]}},{"__type__":"cc.Node","_name":"2","_parent":{"__id__":62},"_components":[{"__type__":"cc.Sprite","node":{"__id__":76},"_materials":[{"__uuid__":"ecpdLyjvZBwrvm+cedCcQy"}],"_spriteFrame":{"__uuid__":"7c7Ms9PnhExqeoCq8Qd1CJ"},"_type":2,"_sizeMode":0}],"_prefab":{"__type__":"cc.PrefabInfo","root":{"__id__":1},"asset":{"__uuid__":"baC4sry0lO4IDjagmK4bQj"},"fileId":"4bR6YGSMpHXbyqf8lhmZV/"},"_contentSize":{"__type__":"cc.Size","width":2700,"height":38},"_trs":{"__type__":"TypedArray","ctor":"Float64Array","array":[1018.729,13.463,0,0,0,0,1,0.7,-0.7,1]}},{"__type__":"cc.Node","_name":"2","_parent":{"__id__":62},"_components":[{"__type__":"cc.Sprite","node":{"__id__":77},"_materials":[{"__uuid__":"ecpdLyjvZBwrvm+cedCcQy"}],"_spriteFrame":{"__uuid__":"7c7Ms9PnhExqeoCq8Qd1CJ"},"_type":2,"_sizeMode":0}],"_prefab":{"__type__":"cc.PrefabInfo","root":{"__id__":1},"asset":{"__uuid__":"baC4sry0lO4IDjagmK4bQj"},"fileId":"99W+RBAihPl4oQsd769B/6"},"_contentSize":{"__type__":"cc.Size","width":310,"height":38},"_trs":{"__type__":"TypedArray","ctor":"Float64Array","array":[2692.266,120.61,0,0,0,0.7071067811865475,0.7071067811865476,0.7,0.7,1]},"_eulerAngles":{"__type__":"cc.Vec3","z":90}},{"__type__":"cc.Node","_name":"3","_parent":{"__id__":62},"_components":[{"__type__":"cc.Sprite","node":{"__id__":78},"_materials":[{"__uuid__":"ecpdLyjvZBwrvm+cedCcQy"}],"_spriteFrame":{"__uuid__":"08zReD3OVE4pPID3tRZgQb"}}],"_prefab":{"__type__":"cc.PrefabInfo","root":{"__id__":1},"asset":{"__uuid__":"baC4sry0lO4IDjagmK4bQj"},"fileId":"8eyMnpAeBOUb20iXKJOiP/"},"_contentSize":{"__type__":"cc.Size","width":149,"height":38},"_trs":{"__type__":"TypedArray","ctor":"Float64Array","array":[1949.73,13.671,0,0,0,0,1,0.7,-0.7,1]}},{"__type__":"cc.Node","_name":"1","_parent":{"__id__":62},"_components":[{"__type__":"cc.Sprite","node":{"__id__":79},"_materials":[{"__uuid__":"ecpdLyjvZBwrvm+cedCcQy"}],"_spriteFrame":{"__uuid__":"08EE574AJCybEkYL4ikr+e"}}],"_prefab":{"__type__":"cc.PrefabInfo","root":{"__id__":1},"asset":{"__uuid__":"baC4sry0lO4IDjagmK4bQj"},"fileId":"0d8iVClThPYL3DEmt45GDe"},"_contentSize":{"__type__":"cc.Size","width":149,"height":38},"_trs":{"__type__":"TypedArray","ctor":"Float64Array","array":[50.817,236.714,0,0,0,0,1,0.7,0.7,1]}},{"__type__":"cc.Node","_name":"1","_parent":{"__id__":62},"_components":[{"__type__":"cc.Sprite","node":{"__id__":80},"_materials":[{"__uuid__":"ecpdLyjvZBwrvm+cedCcQy"}],"_spriteFrame":{"__uuid__":"08EE574AJCybEkYL4ikr+e"}}],"_prefab":{"__type__":"cc.PrefabInfo","root":{"__id__":1},"asset":{"__uuid__":"baC4sry0lO4IDjagmK4bQj"},"fileId":"466TGbeKZN7YPghb6vsjTc"},"_contentSize":{"__type__":"cc.Size","width":149,"height":38},"_trs":{"__type__":"TypedArray","ctor":"Float64Array","array":[2730.471,236.658,0,0,0,0,1,0.7,0.7,1]}},{"__type__":"cc.Node","_name":"2","_parent":{"__id__":62},"_components":[{"__type__":"cc.Sprite","node":{"__id__":81},"_materials":[{"__uuid__":"ecpdLyjvZBwrvm+cedCcQy"}],"_spriteFrame":{"__uuid__":"7c7Ms9PnhExqeoCq8Qd1CJ"},"_type":2,"_sizeMode":0}],"_prefab":{"__type__":"cc.PrefabInfo","root":{"__id__":1},"asset":{"__uuid__":"baC4sry0lO4IDjagmK4bQj"},"fileId":"66W7xfiPdBpqdStELFp7Vn"},"_contentSize":{"__type__":"cc.Size","width":5300,"height":38},"_trs":{"__type__":"TypedArray","ctor":"Float64Array","array":[4604.769,236.716,0,0,0,0,1,0.7,0.7,1]}},{"__type__":"cc.Node","_name":"3","_parent":{"__id__":62},"_components":[{"__type__":"cc.Sprite","node":{"__id__":82},"_materials":[{"__uuid__":"ecpdLyjvZBwrvm+cedCcQy"}],"_spriteFrame":{"__uuid__":"08zReD3OVE4pPID3tRZgQb"}}],"_prefab":{"__type__":"cc.PrefabInfo","root":{"__id__":1},"asset":{"__uuid__":"baC4sry0lO4IDjagmK4bQj"},"fileId":"c1XfX5cclF2JOh/twu4FgT"},"_contentSize":{"__type__":"cc.Size","width":149,"height":38},"_trs":{"__type__":"TypedArray","ctor":"Float64Array","array":[6447.236,236.899,0,0,0,0,1,0.7,0.7,1]}},{"__type__":"cc.Node","_name":"1","_parent":{"__id__":62},"_components":[{"__type__":"cc.Sprite","node":{"__id__":83},"_materials":[{"__uuid__":"ecpdLyjvZBwrvm+cedCcQy"}],"_spriteFrame":{"__uuid__":"08EE574AJCybEkYL4ikr+e"}}],"_prefab":{"__type__":"cc.PrefabInfo","root":{"__id__":1},"asset":{"__uuid__":"baC4sry0lO4IDjagmK4bQj"},"fileId":"1eHwuNehhPvb6fA3tQfm82"},"_contentSize":{"__type__":"cc.Size","width":149,"height":38},"_trs":{"__type__":"TypedArray","ctor":"Float64Array","array":[6522.723,386.729,0,0,0,0,1,0.7,0.7,1]}},{"__type__":"cc.Node","_name":"2","_parent":{"__id__":62},"_components":[{"__type__":"cc.Sprite","node":{"__id__":84},"_materials":[{"__uuid__":"ecpdLyjvZBwrvm+cedCcQy"}],"_spriteFrame":{"__uuid__":"7c7Ms9PnhExqeoCq8Qd1CJ"},"_type":2,"_sizeMode":0}],"_prefab":{"__type__":"cc.PrefabInfo","root":{"__id__":1},"asset":{"__uuid__":"baC4sry0lO4IDjagmK4bQj"},"fileId":"d16tm/aFxMK7XiBWdNX/oZ"},"_contentSize":{"__type__":"cc.Size","width":1000,"height":38},"_trs":{"__type__":"TypedArray","ctor":"Float64Array","array":[6907.647,386.827,0,0,0,0,1,0.7,0.7,1]}},{"__type__":"cc.Node","_name":"2","_parent":{"__id__":62},"_components":[{"__type__":"cc.Sprite","node":{"__id__":85},"_materials":[{"__uuid__":"ecpdLyjvZBwrvm+cedCcQy"}],"_spriteFrame":{"__uuid__":"7c7Ms9PnhExqeoCq8Qd1CJ"},"_type":2,"_sizeMode":0}],"_prefab":{"__type__":"cc.PrefabInfo","root":{"__id__":1},"asset":{"__uuid__":"baC4sry0lO4IDjagmK4bQj"},"fileId":"efeBkRuMlJCLwBbUmDO0xY"},"_contentSize":{"__type__":"cc.Size","width":300,"height":38},"_trs":{"__type__":"TypedArray","ctor":"Float64Array","array":[10665.561,124.002,0,0,0,0.7071067811865475,0.7071067811865476,0.7,-0.7,1]},"_eulerAngles":{"__type__":"cc.Vec3","z":90}},{"__type__":"cc.Node","_name":"3","_parent":{"__id__":62},"_components":[{"__type__":"cc.Sprite","node":{"__id__":86},"_materials":[{"__uuid__":"ecpdLyjvZBwrvm+cedCcQy"}],"_spriteFrame":{"__uuid__":"08zReD3OVE4pPID3tRZgQb"}}],"_prefab":{"__type__":"cc.PrefabInfo","root":{"__id__":1},"asset":{"__uuid__":"baC4sry0lO4IDjagmK4bQj"},"fileId":"acpGG1WnNHfo6zxoIa3rgZ"},"_contentSize":{"__type__":"cc.Size","width":149,"height":38},"_trs":{"__type__":"TypedArray","ctor":"Float64Array","array":[7221.281,386.981,0,0,0,0,1,0.7,0.7,1]}},{"__type__":"cc.Node","_name":"1","_parent":{"__id__":62},"_components":[{"__type__":"cc.Sprite","node":{"__id__":87},"_materials":[{"__uuid__":"ecpdLyjvZBwrvm+cedCcQy"}],"_spriteFrame":{"__uuid__":"08EE574AJCybEkYL4ikr+e"}}],"_prefab":{"__type__":"cc.PrefabInfo","root":{"__id__":1},"asset":{"__uuid__":"baC4sry0lO4IDjagmK4bQj"},"fileId":"9fUlbAVB9Gmp/fijwUKhCH"},"_contentSize":{"__type__":"cc.Size","width":149,"height":38},"_trs":{"__type__":"TypedArray","ctor":"Float64Array","array":[2731.389,13.486,0,0,0,0,1,0.7,-0.7,1]}},{"__type__":"cc.Node","_name":"2","_parent":{"__id__":62},"_components":[{"__type__":"cc.Sprite","node":{"__id__":88},"_materials":[{"__uuid__":"ecpdLyjvZBwrvm+cedCcQy"}],"_spriteFrame":{"__uuid__":"7c7Ms9PnhExqeoCq8Qd1CJ"},"_type":2,"_sizeMode":0}],"_prefab":{"__type__":"cc.PrefabInfo","root":{"__id__":1},"asset":{"__uuid__":"baC4sry0lO4IDjagmK4bQj"},"fileId":"40pbVuguZC0JpRVqqr46Ho"},"_contentSize":{"__type__":"cc.Size","width":11200,"height":38},"_trs":{"__type__":"TypedArray","ctor":"Float64Array","array":[6696.293,13.262,0,0,0,0,1,0.7,-0.7,1]}},{"__type__":"cc.Node","_name":"3","_parent":{"__id__":62},"_components":[{"__type__":"cc.Sprite","node":{"__id__":89},"_materials":[{"__uuid__":"ecpdLyjvZBwrvm+cedCcQy"}],"_spriteFrame":{"__uuid__":"08zReD3OVE4pPID3tRZgQb"}}],"_prefab":{"__type__":"cc.PrefabInfo","root":{"__id__":1},"asset":{"__uuid__":"baC4sry0lO4IDjagmK4bQj"},"fileId":"92bJ/2bkBAgKH+C2mP8RIy"},"_contentSize":{"__type__":"cc.Size","width":149,"height":38},"_trs":{"__type__":"TypedArray","ctor":"Float64Array","array":[10628.299,13.671,0,0,0,0,1,0.7,-0.7,1]}},{"__type__":"cc.Node","_name":"3","_parent":{"__id__":62},"_components":[{"__type__":"cc.Sprite","node":{"__id__":90},"_materials":[{"__uuid__":"ecpdLyjvZBwrvm+cedCcQy"}],"_spriteFrame":{"__uuid__":"08zReD3OVE4pPID3tRZgQb"}}],"_prefab":{"__type__":"cc.PrefabInfo","root":{"__id__":1},"asset":{"__uuid__":"baC4sry0lO4IDjagmK4bQj"},"fileId":"caRutFYGtOe6Bf6RUqTro2"},"_contentSize":{"__type__":"cc.Size","width":149,"height":38},"_trs":{"__type__":"TypedArray","ctor":"Float64Array","array":[10627.757,236.899,0,0,0,0,1,0.7,0.7,1]}},{"__type__":"cc.Node","_name":"2","_parent":{"__id__":62},"_components":[{"__type__":"cc.Sprite","node":{"__id__":91},"_materials":[{"__uuid__":"ecpdLyjvZBwrvm+cedCcQy"}],"_spriteFrame":{"__uuid__":"7c7Ms9PnhExqeoCq8Qd1CJ"},"_type":2,"_sizeMode":0}],"_prefab":{"__type__":"cc.PrefabInfo","root":{"__id__":1},"asset":{"__uuid__":"baC4sry0lO4IDjagmK4bQj"},"fileId":"0fw8D8kiBC5bkOgWNDt01E"},"_contentSize":{"__type__":"cc.Size","width":4750,"height":38},"_trs":{"__type__":"TypedArray","ctor":"Float64Array","array":[8924.199,236.691,0,0,0,0,1,0.7,0.7,1]}},{"__type__":"cc.Node","_name":"2","_parent":{"__id__":62},"_components":[{"__type__":"cc.Sprite","node":{"__id__":92},"_materials":[{"__uuid__":"ecpdLyjvZBwrvm+cedCcQy"}],"_spriteFrame":{"__uuid__":"7c7Ms9PnhExqeoCq8Qd1CJ"},"_type":2,"_sizeMode":0}],"_prefab":{"__type__":"cc.PrefabInfo","root":{"__id__":1},"asset":{"__uuid__":"baC4sry0lO4IDjagmK4bQj"},"fileId":"a4MjtjFvxK+JrYTMAUMqMO"},"_contentSize":{"__type__":"cc.Size","width":1100,"height":38},"_trs":{"__type__":"TypedArray","ctor":"Float64Array","array":[2246.743,1079.344,0,0,0,0.7071067811865475,0.7071067811865476,0.7,0.7,1]},"_eulerAngles":{"__type__":"cc.Vec3","z":90}},{"__type__":"cc.Node","_name":"1","_parent":{"__id__":62},"_components":[{"__type__":"cc.Sprite","node":{"__id__":93},"_materials":[{"__uuid__":"ecpdLyjvZBwrvm+cedCcQy"}],"_spriteFrame":{"__uuid__":"08EE574AJCybEkYL4ikr+e"}}],"_prefab":{"__type__":"cc.PrefabInfo","root":{"__id__":1},"asset":{"__uuid__":"baC4sry0lO4IDjagmK4bQj"},"fileId":"8ea7ere9ZNWKWZ+4BuqUcH"},"_contentSize":{"__type__":"cc.Size","width":149,"height":38},"_trs":{"__type__":"TypedArray","ctor":"Float64Array","array":[7299.348,236.548,0,0,0,0,1,0.7,0.7,1]}},{"__type__":"cc.Node","_name":"2","_parent":{"__id__":62},"_components":[{"__type__":"cc.Sprite","node":{"__id__":94},"_materials":[{"__uuid__":"ecpdLyjvZBwrvm+cedCcQy"}],"_spriteFrame":{"__uuid__":"7c7Ms9PnhExqeoCq8Qd1CJ"},"_type":2,"_sizeMode":0}],"_prefab":{"__type__":"cc.PrefabInfo","root":{"__id__":1},"asset":{"__uuid__":"baC4sry0lO4IDjagmK4bQj"},"fileId":"83EkoeJalMtrazLRFttwah"},"_contentSize":{"__type__":"cc.Size","width":100,"height":38},"_trs":{"__type__":"TypedArray","ctor":"Float64Array","array":[2351.105,1464.417,0,0,0,0,1,0.7,0.7,1]}},{"__type__":"cc.Node","_name":"1","_parent":{"__id__":62},"_components":[{"__type__":"cc.Sprite","node":{"__id__":95},"_materials":[{"__uuid__":"ecpdLyjvZBwrvm+cedCcQy"}],"_spriteFrame":{"__uuid__":"08EE574AJCybEkYL4ikr+e"}}],"_prefab":{"__type__":"cc.PrefabInfo","root":{"__id__":1},"asset":{"__uuid__":"baC4sry0lO4IDjagmK4bQj"},"fileId":"d9DczrGNNObb42e6EM2RhX"},"_contentSize":{"__type__":"cc.Size","width":149,"height":38},"_trs":{"__type__":"TypedArray","ctor":"Float64Array","array":[2284.887,1464.246,0,0,0,0,1,0.7,0.7,1]}},{"__type__":"cc.Node","_name":"3","_parent":{"__id__":62},"_components":[{"__type__":"cc.Sprite","node":{"__id__":96},"_materials":[{"__uuid__":"ecpdLyjvZBwrvm+cedCcQy"}],"_spriteFrame":{"__uuid__":"08zReD3OVE4pPID3tRZgQb"}}],"_prefab":{"__type__":"cc.PrefabInfo","root":{"__id__":1},"asset":{"__uuid__":"baC4sry0lO4IDjagmK4bQj"},"fileId":"e2noMdqX1My5XOHeWJ9rV2"},"_contentSize":{"__type__":"cc.Size","width":149,"height":38},"_trs":{"__type__":"TypedArray","ctor":"Float64Array","array":[2432.533,1464.423,0,0,0,0,1,0.7,0.7,1]}},{"__type__":"cc.Node","_name":"1","_parent":{"__id__":62},"_components":[{"__type__":"cc.Sprite","node":{"__id__":97},"_materials":[{"__uuid__":"ecpdLyjvZBwrvm+cedCcQy"}],"_spriteFrame":{"__uuid__":"08EE574AJCybEkYL4ikr+e"}}],"_prefab":{"__type__":"cc.PrefabInfo","root":{"__id__":1},"asset":{"__uuid__":"baC4sry0lO4IDjagmK4bQj"},"fileId":"78QTt9+cVMyqhZb4sotCXB"},"_contentSize":{"__type__":"cc.Size","width":149,"height":38},"_trs":{"__type__":"TypedArray","ctor":"Float64Array","array":[2284.971,686.646,0,0,0,0,1,0.7,-0.7,1]}},{"__type__":"cc.Node","_name":"2","_parent":{"__id__":62},"_components":[{"__type__":"cc.Sprite","node":{"__id__":98},"_materials":[{"__uuid__":"ecpdLyjvZBwrvm+cedCcQy"}],"_spriteFrame":{"__uuid__":"7c7Ms9PnhExqeoCq8Qd1CJ"},"_type":2,"_sizeMode":0}],"_prefab":{"__type__":"cc.PrefabInfo","root":{"__id__":1},"asset":{"__uuid__":"baC4sry0lO4IDjagmK4bQj"},"fileId":"299hQfJcdAS6xIGgBAFiTL"},"_contentSize":{"__type__":"cc.Size","width":100,"height":38},"_trs":{"__type__":"TypedArray","ctor":"Float64Array","array":[2351.105,686.466,0,0,0,0,1,0.7,-0.7,1]}},{"__type__":"cc.Node","_name":"3","_parent":{"__id__":62},"_components":[{"__type__":"cc.Sprite","node":{"__id__":99},"_materials":[{"__uuid__":"ecpdLyjvZBwrvm+cedCcQy"}],"_spriteFrame":{"__uuid__":"08zReD3OVE4pPID3tRZgQb"}}],"_prefab":{"__type__":"cc.PrefabInfo","root":{"__id__":1},"asset":{"__uuid__":"baC4sry0lO4IDjagmK4bQj"},"fileId":"3fcK/SEndPVIHwBSaQVTHO"},"_contentSize":{"__type__":"cc.Size","width":149,"height":38},"_trs":{"__type__":"TypedArray","ctor":"Float64Array","array":[2432.533,686.431,0,0,0,0,1,0.7,-0.7,1]}},{"__type__":"cc.Node","_name":"2","_parent":{"__id__":62},"_components":[{"__type__":"cc.Sprite","node":{"__id__":100},"_materials":[{"__uuid__":"ecpdLyjvZBwrvm+cedCcQy"}],"_spriteFrame":{"__uuid__":"7c7Ms9PnhExqeoCq8Qd1CJ"},"_type":2,"_sizeMode":0}],"_prefab":{"__type__":"cc.PrefabInfo","root":{"__id__":1},"asset":{"__uuid__":"baC4sry0lO4IDjagmK4bQj"},"fileId":"37O6IsON5C9obSepQPFNLX"},"_contentSize":{"__type__":"cc.Size","width":950,"height":38},"_trs":{"__type__":"TypedArray","ctor":"Float64Array","array":[7868.333,817.077,0,0,0,0.7071067811865475,0.7071067811865476,0.7,0.7,1]},"_eulerAngles":{"__type__":"cc.Vec3","z":90}},{"__type__":"cc.Node","_name":"2","_parent":{"__id__":62},"_components":[{"__type__":"cc.Sprite","node":{"__id__":101},"_materials":[{"__uuid__":"ecpdLyjvZBwrvm+cedCcQy"}],"_spriteFrame":{"__uuid__":"7c7Ms9PnhExqeoCq8Qd1CJ"},"_type":2,"_sizeMode":0}],"_prefab":{"__type__":"cc.PrefabInfo","root":{"__id__":1},"asset":{"__uuid__":"baC4sry0lO4IDjagmK4bQj"},"fileId":"293GA1vPxM27xb4CI13i1p"},"_contentSize":{"__type__":"cc.Size","width":1100,"height":38},"_trs":{"__type__":"TypedArray","ctor":"Float64Array","array":[2470.086,1079.344,0,0,0,0.7071067811865475,0.7071067811865476,0.7,-0.7,1]},"_eulerAngles":{"__type__":"cc.Vec3","z":90}},{"__type__":"cc.Node","_name":"2","_parent":{"__id__":62},"_components":[{"__type__":"cc.Sprite","node":{"__id__":102},"_materials":[{"__uuid__":"ecpdLyjvZBwrvm+cedCcQy"}],"_spriteFrame":{"__uuid__":"7c7Ms9PnhExqeoCq8Qd1CJ"},"_type":2,"_sizeMode":0}],"_prefab":{"__type__":"cc.PrefabInfo","root":{"__id__":1},"asset":{"__uuid__":"baC4sry0lO4IDjagmK4bQj"},"fileId":"aejKBvFbJGDYEX7SeZX+ns"},"_contentSize":{"__type__":"cc.Size","width":100,"height":38},"_trs":{"__type__":"TypedArray","ctor":"Float64Array","array":[7973.374,1154.914,0,0,0,0,1,0.7,0.7,1]}},{"__type__":"cc.Node","_name":"1","_parent":{"__id__":62},"_components":[{"__type__":"cc.Sprite","node":{"__id__":103},"_materials":[{"__uuid__":"ecpdLyjvZBwrvm+cedCcQy"}],"_spriteFrame":{"__uuid__":"08EE574AJCybEkYL4ikr+e"}}],"_prefab":{"__type__":"cc.PrefabInfo","root":{"__id__":1},"asset":{"__uuid__":"baC4sry0lO4IDjagmK4bQj"},"fileId":"c2W5nbB+tNybVXmyFdnx8o"},"_contentSize":{"__type__":"cc.Size","width":149,"height":38},"_trs":{"__type__":"TypedArray","ctor":"Float64Array","array":[7907.156,1154.743,0,0,0,0,1,0.7,0.7,1]}},{"__type__":"cc.Node","_name":"3","_parent":{"__id__":62},"_components":[{"__type__":"cc.Sprite","node":{"__id__":104},"_materials":[{"__uuid__":"ecpdLyjvZBwrvm+cedCcQy"}],"_spriteFrame":{"__uuid__":"08zReD3OVE4pPID3tRZgQb"}}],"_prefab":{"__type__":"cc.PrefabInfo","root":{"__id__":1},"asset":{"__uuid__":"baC4sry0lO4IDjagmK4bQj"},"fileId":"47y6rPWk9LZZrUQW5cTrb2"},"_contentSize":{"__type__":"cc.Size","width":149,"height":38},"_trs":{"__type__":"TypedArray","ctor":"Float64Array","array":[8054.802,1154.92,0,0,0,0,1,0.7,0.7,1]}},{"__type__":"cc.Node","_name":"2","_parent":{"__id__":62},"_components":[{"__type__":"cc.Sprite","node":{"__id__":105},"_materials":[{"__uuid__":"ecpdLyjvZBwrvm+cedCcQy"}],"_spriteFrame":{"__uuid__":"7c7Ms9PnhExqeoCq8Qd1CJ"},"_type":2,"_sizeMode":0}],"_prefab":{"__type__":"cc.PrefabInfo","root":{"__id__":1},"asset":{"__uuid__":"baC4sry0lO4IDjagmK4bQj"},"fileId":"ecXc9nU/9KG69razOyUztn"},"_contentSize":{"__type__":"cc.Size","width":100,"height":38},"_trs":{"__type__":"TypedArray","ctor":"Float64Array","array":[7973.374,481.517,0,0,0,0,1,0.7,-0.7,1]}},{"__type__":"cc.Node","_name":"1","_parent":{"__id__":62},"_components":[{"__type__":"cc.Sprite","node":{"__id__":106},"_materials":[{"__uuid__":"ecpdLyjvZBwrvm+cedCcQy"}],"_spriteFrame":{"__uuid__":"08EE574AJCybEkYL4ikr+e"}}],"_prefab":{"__type__":"cc.PrefabInfo","root":{"__id__":1},"asset":{"__uuid__":"baC4sry0lO4IDjagmK4bQj"},"fileId":"7cJYO9cv9IYIXp2Emom+0D"},"_contentSize":{"__type__":"cc.Size","width":149,"height":38},"_trs":{"__type__":"TypedArray","ctor":"Float64Array","array":[7907.156,481.346,0,0,0,0,1,0.7,-0.7,1]}},{"__type__":"cc.Node","_name":"3","_parent":{"__id__":62},"_components":[{"__type__":"cc.Sprite","node":{"__id__":107},"_materials":[{"__uuid__":"ecpdLyjvZBwrvm+cedCcQy"}],"_spriteFrame":{"__uuid__":"08zReD3OVE4pPID3tRZgQb"}}],"_prefab":{"__type__":"cc.PrefabInfo","root":{"__id__":1},"asset":{"__uuid__":"baC4sry0lO4IDjagmK4bQj"},"fileId":"16qD1J95tPUZy/PDSHvAEz"},"_contentSize":{"__type__":"cc.Size","width":149,"height":38},"_trs":{"__type__":"TypedArray","ctor":"Float64Array","array":[8054.802,481.523,0,0,0,0,1,0.7,-0.7,1]}},{"__type__":"cc.Node","_name":"2","_parent":{"__id__":62},"_components":[{"__type__":"cc.Sprite","node":{"__id__":108},"_materials":[{"__uuid__":"ecpdLyjvZBwrvm+cedCcQy"}],"_spriteFrame":{"__uuid__":"7c7Ms9PnhExqeoCq8Qd1CJ"},"_type":2,"_sizeMode":0}],"_prefab":{"__type__":"cc.PrefabInfo","root":{"__id__":1},"asset":{"__uuid__":"baC4sry0lO4IDjagmK4bQj"},"fileId":"e2V5udzW1EU4qytJ3pLTBn"},"_contentSize":{"__type__":"cc.Size","width":950,"height":38},"_trs":{"__type__":"TypedArray","ctor":"Float64Array","array":[8091.617,817.077,0,0,0,0.7071067811865475,0.7071067811865476,0.7,-0.7,1]},"_eulerAngles":{"__type__":"cc.Vec3","z":90}},{"__type__":"cc.Node","_name":"points","_parent":{"__id__":1},"_children":[{"__type__":"cc.Node","_name":"p1","_parent":{"__id__":109},"_prefab":{"__type__":"cc.PrefabInfo","root":{"__id__":1},"asset":{"__uuid__":"baC4sry0lO4IDjagmK4bQj"},"fileId":"313vo2bUhBmL4ISOSwWfdm"},"_trs":{"__type__":"TypedArray","ctor":"Float64Array","array":[480,420,0,0,0,0,1,1,1,1]}},{"__type__":"cc.Node","_name":"p1","_parent":{"__id__":109},"_prefab":{"__type__":"cc.PrefabInfo","root":{"__id__":1},"asset":{"__uuid__":"baC4sry0lO4IDjagmK4bQj"},"fileId":"61xuuGPcpHcqyiw/SbQJt/"},"_trs":{"__type__":"TypedArray","ctor":"Float64Array","array":[6344.093,420,0,0,0,0,1,1,1,1]}},{"__type__":"cc.Node","_name":"p1","_parent":{"__id__":109},"_prefab":{"__type__":"cc.PrefabInfo","root":{"__id__":1},"asset":{"__uuid__":"baC4sry0lO4IDjagmK4bQj"},"fileId":"e1W0RA549A7LnqAdNUcG79"},"_trs":{"__type__":"TypedArray","ctor":"Float64Array","array":[6376.79,570,0,0,0,0,1,1,1,1]}},{"__type__":"cc.Node","_name":"p1","_parent":{"__id__":109},"_prefab":{"__type__":"cc.PrefabInfo","root":{"__id__":1},"asset":{"__uuid__":"baC4sry0lO4IDjagmK4bQj"},"fileId":"4exAolIyNI+JdZUCweHfxH"},"_trs":{"__type__":"TypedArray","ctor":"Float64Array","array":[7143.348,570,0,0,0,0,1,1,1,1]}},{"__type__":"cc.Node","_name":"p1","_parent":{"__id__":109},"_prefab":{"__type__":"cc.PrefabInfo","root":{"__id__":1},"asset":{"__uuid__":"baC4sry0lO4IDjagmK4bQj"},"fileId":"a2Yb1vn7RChokLIH8g4XeK"},"_trs":{"__type__":"TypedArray","ctor":"Float64Array","array":[7179.678,420,0,0,0,0,1,1,1,1]}}],"_components":[{"__type__":"f6f92o9xoBI1aLPMvQN70M5","node":{"__id__":109}}],"_prefab":{"__type__":"cc.PrefabInfo","root":{"__id__":1},"asset":{"__uuid__":"baC4sry0lO4IDjagmK4bQj"},"fileId":"d68KbbpGlGQ59wv++5xUFY"},"_trs":{"__type__":"TypedArray","ctor":"Float64Array","array":[0,0,0,0,0,0,1,1,1,1]}},{"__type__":"cc.Node","_name":"box_box","_parent":{"__id__":1},"_children":[{"__id__":111},{"__id__":112}],"_prefab":{"__type__":"cc.PrefabInfo","root":{"__id__":1},"asset":{"__uuid__":"baC4sry0lO4IDjagmK4bQj"},"fileId":"523cBR3B5Dt5JZQ4vhmI9N"},"_trs":{"__type__":"TypedArray","ctor":"Float64Array","array":[0,0,0,0,0,0,1,1,1,1]}},{"__type__":"cc.Node","_name":"dazzle","_parent":{"__id__":110},"_components":[{"__type__":"cc.Sprite","node":{"__id__":111},"_materials":[{"__uuid__":"ecpdLyjvZBwrvm+cedCcQy"}],"_spriteFrame":{"__uuid__":"7dtBpkOKJCOYRMql8o1GeZ"}},{"__type__":"843e4uJ/vROcKYcmAz/qlZ2","node":{"__id__":111}}],"_prefab":{"__type__":"cc.PrefabInfo","root":{"__id__":1},"asset":{"__uuid__":"baC4sry0lO4IDjagmK4bQj"},"fileId":"aaxsGidhFPkJxT0yD5QpS/"},"_contentSize":{"__type__":"cc.Size","width":754,"height":776},"_trs":{"__type__":"TypedArray","ctor":"Float64Array","array":[7073.165,472.032,0,0,0,0,1,0.3,0.3,0.3]}},{"__type__":"cc.Node","_name":"box","_parent":{"__id__":110},"_components":[{"__type__":"cc.Sprite","node":{"__id__":112},"_materials":[{"__uuid__":"ecpdLyjvZBwrvm+cedCcQy"}],"_spriteFrame":{"__uuid__":"823gTGBOpFeLMMhNRG59zv"}},{"__type__":"cc.RigidBody","node":{"__id__":112},"_type":0},{"__type__":"cc.PhysicsBoxCollider","node":{"__id__":112},"_size":{"__type__":"cc.Size","width":355,"height":338}}],"_prefab":{"__type__":"cc.PrefabInfo","root":{"__id__":1},"asset":{"__uuid__":"baC4sry0lO4IDjagmK4bQj"},"fileId":"6ef8ylYPdFyqQt2Ba1AfeW"},"_contentSize":{"__type__":"cc.Size","width":355,"height":338},"_trs":{"__type__":"TypedArray","ctor":"Float64Array","array":[7073.165,472.032,0,0,0,0,1,0.3,0.3,0.3]},"_groupIndex":1,"groupIndex":1}],{"__type__":"cc.SpriteFrame","content":{"name":"22","texture":"baL4mQu65NfqiUJaK8sD+X","rect":[2,2,1260,17],"offset":[0,0],"originalSize":[1260,17],"capInsets":[0,0,0,0]}},{"__type__":"cc.SpriteFrame","content":{"name":"flag_0","texture":"1e1fca5a7","rect":[290,745,273,192],"offset":[0,0],"originalSize":[273,192],"rotated":1,"capInsets":[0,0,0,0]}},{"__type__":"cc.SpriteFrame","content":{"name":"Top_Down_Spikes","texture":"1ad92557e","rect":[265,3,512,256],"offset":[0,0],"originalSize":[512,256],"rotated":1,"capInsets":[0,0,0,0]}}]