[[{"__type__":"cc.Prefab","_name":"redball-6","data":{"__id__":1}},{"__type__":"cc.Node","_name":"redball","_components":[{"__type__":"cc.Sprite","_name":"redball<Sprite>","node":{"__id__":1},"_materials":[{"__uuid__":"ecpdLyjvZBwrvm+cedCcQy"}],"_spriteFrame":{"__uuid__":"b07O8yiDpI2I+CVg1iPEaG"},"_sizeMode":0},{"__type__":"cc.RigidBody","node":{"__id__":1},"_allowSleep":false,"_gravityScale":4,"_linearDamping":2.5,"_angularDamping":0.2,"enabledContactListener":true},{"__type__":"cc.PhysicsCircleCollider","node":{"__id__":1},"tag":1,"_density":2,"_friction":0.3,"_offset":{"__type__":"cc.Vec2","x":0.2,"y":-1.5},"_radius":36},{"__type__":"dfa8blogb5HLonvKfid+4Lr","node":{"__id__":1},"dead_effect":{"__uuid__":"b83SG/oxpMbZ/bRF36oVqI"},"block":{"__uuid__":"d5PC5HPfFDCJHr0LiXcNBs"},"move_force":12600,"jump_force":1000},{"__type__":"cc.Animation","node":{"__id__":1},"_defaultClip":{"__uuid__":"7eJ3k/CZ5GHZpCJlpjIKIU"},"_clips":[{"__uuid__":"7eJ3k/CZ5GHZpCJlpjIKIU"}]}],"_prefab":{"__type__":"cc.PrefabInfo","root":{"__id__":1},"asset":{"__uuid__":"319c/Ak9dHNZbC4hW13n97"},"fileId":"a8aHD+xuhO+KmsK9U2he6U"},"_contentSize":{"__type__":"cc.Size","width":80,"height":80},"_trs":{"__type__":"TypedArray","ctor":"Float64Array","array":[500,400,0,0,0,0,1,1,1,1]},"_groupIndex":1,"groupIndex":1}],{"__type__":"cc.AnimationClip","_name":"face6","_duration":0.43333333333333335,"curveData":{"comps":{"cc.Sprite":{"spriteFrame":[{"frame":0,"value":{"__uuid__":"b07O8yiDpI2I+CVg1iPEaG"}},{"frame":0.08333333333333333,"value":{"__uuid__":"c1uvabL1tGn4S7UFPaFIP+"}},{"frame":0.16666666666666666,"value":{"__uuid__":"dcygxQSUhHsqfyyyvp9cOI"}},{"frame":0.25,"value":{"__uuid__":"97kMd83e5Bio0up4vQS7lW"}},{"frame":0.3333333333333333,"value":{"__uuid__":"dcygxQSUhHsqfyyyvp9cOI"}},{"frame":0.4166666666666667,"value":{"__uuid__":"97kMd83e5Bio0up4vQS7lW"}}]}}}},{"__type__":"cc.SpriteFrame","content":{"name":"表情3","texture":"56yNg3QONCaqfc4Mo2hIcU","rect":[2,417,413,422],"offset":[0,0],"originalSize":[413,422],"rotated":1,"capInsets":[0,0,0,0]}},{"__type__":"cc.SpriteFrame","content":{"name":"表情","texture":"56yNg3QONCaqfc4Mo2hIcU","rect":[426,832,413,422],"offset":[0,0],"originalSize":[413,422],"rotated":1,"capInsets":[0,0,0,0]}},{"__type__":"cc.SpriteFrame","content":{"name":"表情1","texture":"56yNg3QONCaqfc4Mo2hIcU","rect":[2,832,413,422],"offset":[0,0],"originalSize":[413,422],"rotated":1,"capInsets":[0,0,0,0]}},{"__type__":"cc.SpriteFrame","content":{"name":"表情2","texture":"56yNg3QONCaqfc4Mo2hIcU","rect":[426,417,413,422],"offset":[0,0],"originalSize":[413,422],"rotated":1,"capInsets":[0,0,0,0]}}]