[[{"__type__":"cc.Prefab","_name":"spear","data":{"__id__":1}},{"__type__":"cc.Node","_name":"spear","_children":[{"__id__":2},{"__id__":3},{"__id__":4},{"__id__":5},{"__id__":6}],"_active":false,"_prefab":{"__type__":"cc.PrefabInfo","root":{"__id__":1},"asset":{"__uuid__":"4aUr3cqS5FnYShpyKAobuM"},"fileId":"96i3k5a4RHULqTnPNatrrH"},"_trs":{"__type__":"TypedArray","ctor":"Float64Array","array":[781,362,0,0,0,0,1,1,1,1.25]},"_groupIndex":7,"groupIndex":7},{"__type__":"cc.Node","_name":"bossspear2","_parent":{"__id__":1},"_components":[{"__type__":"cc.Sprite","node":{"__id__":2},"_materials":[{"__uuid__":"ecpdLyjvZBwrvm+cedCcQy"}],"_spriteFrame":{"__uuid__":"e6JjC8zIBMxITjr+LzlqpE"}},{"__type__":"cc.RigidBody","node":{"__id__":2},"_type":3,"enabledContactListener":true},{"__type__":"cc.PhysicsPolygonCollider","node":{"__id__":2},"_sensor":true,"points":[{"__type__":"cc.Vec2","x":-50,"y":-50},{"__type__":"cc.Vec2","x":50,"y":-50},{"__type__":"cc.Vec2","x":50,"y":50},{"__type__":"cc.Vec2","x":-50,"y":50}]},{"__type__":"5f14aRfRhBNoo7qk5OmvlfO","node":{"__id__":2}}],"_prefab":{"__type__":"cc.PrefabInfo","root":{"__id__":1},"asset":{"__uuid__":"4aUr3cqS5FnYShpyKAobuM"},"fileId":"a3+5e9WBZLkpQ9AcfvTgmW"},"_contentSize":{"__type__":"cc.Size","width":415,"height":44},"_trs":{"__type__":"TypedArray","ctor":"Float64Array","array":[-14.703,0,0,0,0,0,1,0.3,0.3,1]},"_groupIndex":7,"groupIndex":7},{"__type__":"cc.Node","_name":"bossspear2","_parent":{"__id__":1},"_components":[{"__type__":"cc.Sprite","node":{"__id__":3},"_materials":[{"__uuid__":"ecpdLyjvZBwrvm+cedCcQy"}],"_spriteFrame":{"__uuid__":"e6JjC8zIBMxITjr+LzlqpE"}},{"__type__":"cc.RigidBody","node":{"__id__":3},"_type":3,"enabledContactListener":true},{"__type__":"cc.PhysicsPolygonCollider","node":{"__id__":3},"_sensor":true,"points":[{"__type__":"cc.Vec2","x":-50,"y":-50},{"__type__":"cc.Vec2","x":50,"y":-50},{"__type__":"cc.Vec2","x":50,"y":50},{"__type__":"cc.Vec2","x":-50,"y":50}]},{"__type__":"5f14aRfRhBNoo7qk5OmvlfO","node":{"__id__":3}}],"_prefab":{"__type__":"cc.PrefabInfo","root":{"__id__":1},"asset":{"__uuid__":"4aUr3cqS5FnYShpyKAobuM"},"fileId":"96yMfnmEtMSrDOxYuKGM57"},"_contentSize":{"__type__":"cc.Size","width":415,"height":44},"_trs":{"__type__":"TypedArray","ctor":"Float64Array","array":[39.41,0,0,0,0,1,6.123233995736766e-17,0.3,0.3,1]},"_eulerAngles":{"__type__":"cc.Vec3","z":180},"_groupIndex":7,"groupIndex":7},{"__type__":"cc.Node","_name":"bossspear2","_parent":{"__id__":1},"_components":[{"__type__":"cc.Sprite","node":{"__id__":4},"_materials":[{"__uuid__":"ecpdLyjvZBwrvm+cedCcQy"}],"_spriteFrame":{"__uuid__":"e6JjC8zIBMxITjr+LzlqpE"}},{"__type__":"cc.RigidBody","node":{"__id__":4},"_type":3,"enabledContactListener":true},{"__type__":"cc.PhysicsPolygonCollider","node":{"__id__":4},"_sensor":true,"points":[{"__type__":"cc.Vec2","x":-50,"y":-50},{"__type__":"cc.Vec2","x":50,"y":-50},{"__type__":"cc.Vec2","x":50,"y":50},{"__type__":"cc.Vec2","x":-50,"y":50}]},{"__type__":"5f14aRfRhBNoo7qk5OmvlfO","node":{"__id__":4}}],"_prefab":{"__type__":"cc.PrefabInfo","root":{"__id__":1},"asset":{"__uuid__":"4aUr3cqS5FnYShpyKAobuM"},"fileId":"12BuA0Aj9JnZKVR9gYGeoV"},"_contentSize":{"__type__":"cc.Size","width":415,"height":44},"_trs":{"__type__":"TypedArray","ctor":"Float64Array","array":[11.518,26.203,0,0,0,-0.7071067811865475,0.7071067811865476,0.3,0.3,1]},"_eulerAngles":{"__type__":"cc.Vec3","z":-90},"_groupIndex":7,"groupIndex":7},{"__type__":"cc.Node","_name":"bossspear2","_parent":{"__id__":1},"_components":[{"__type__":"cc.Sprite","node":{"__id__":5},"_materials":[{"__uuid__":"ecpdLyjvZBwrvm+cedCcQy"}],"_spriteFrame":{"__uuid__":"e6JjC8zIBMxITjr+LzlqpE"}},{"__type__":"cc.RigidBody","node":{"__id__":5},"_type":3,"enabledContactListener":true},{"__type__":"cc.PhysicsPolygonCollider","node":{"__id__":5},"_sensor":true,"points":[{"__type__":"cc.Vec2","x":-50,"y":-50},{"__type__":"cc.Vec2","x":50,"y":-50},{"__type__":"cc.Vec2","x":50,"y":50},{"__type__":"cc.Vec2","x":-50,"y":50}]},{"__type__":"5f14aRfRhBNoo7qk5OmvlfO","node":{"__id__":5}}],"_prefab":{"__type__":"cc.PrefabInfo","root":{"__id__":1},"asset":{"__uuid__":"4aUr3cqS5FnYShpyKAobuM"},"fileId":"d7qhRzcVNJrLmpIEP6ULD9"},"_contentSize":{"__type__":"cc.Size","width":415,"height":44},"_trs":{"__type__":"TypedArray","ctor":"Float64Array","array":[-9.237,17.671,0,0,0,-0.3826834323650898,0.9238795325112867,0.3,0.3,1]},"_eulerAngles":{"__type__":"cc.Vec3","z":-45},"_groupIndex":7,"groupIndex":7},{"__type__":"cc.Node","_name":"bossspear2","_parent":{"__id__":1},"_components":[{"__type__":"cc.Sprite","node":{"__id__":6},"_materials":[{"__uuid__":"ecpdLyjvZBwrvm+cedCcQy"}],"_spriteFrame":{"__uuid__":"e6JjC8zIBMxITjr+LzlqpE"}},{"__type__":"cc.RigidBody","node":{"__id__":6},"_type":3,"enabledContactListener":true},{"__type__":"cc.PhysicsPolygonCollider","node":{"__id__":6},"_sensor":true,"points":[{"__type__":"cc.Vec2","x":-50,"y":-50},{"__type__":"cc.Vec2","x":50,"y":-50},{"__type__":"cc.Vec2","x":50,"y":50},{"__type__":"cc.Vec2","x":-50,"y":50}]},{"__type__":"5f14aRfRhBNoo7qk5OmvlfO","node":{"__id__":6}}],"_prefab":{"__type__":"cc.PrefabInfo","root":{"__id__":1},"asset":{"__uuid__":"4aUr3cqS5FnYShpyKAobuM"},"fileId":"e3aXf1qKVH9bdHlGDUtm+y"},"_contentSize":{"__type__":"cc.Size","width":415,"height":44},"_trs":{"__type__":"TypedArray","ctor":"Float64Array","array":[32.646,20.063,0,0,0,-0.9238795325112867,0.38268343236508984,0.3,0.3,1]},"_eulerAngles":{"__type__":"cc.Vec3","z":-135},"_groupIndex":7,"groupIndex":7}],[{"__type__":"cc.Prefab","_name":"square_enemy","data":{"__id__":1}},{"__type__":"cc.Node","_name":"square_enemy","_children":[{"__id__":2}],"_components":[{"__type__":"cc.Sprite","node":{"__id__":1},"_materials":[{"__uuid__":"ecpdLyjvZBwrvm+cedCcQy"}],"_spriteFrame":{"__uuid__":"e5cN6YwURLurU2fFTl79fW"},"_sizeMode":0},{"__type__":"cc.RigidBody","node":{"__id__":1},"_linearDamping":0.2,"enabledContactListener":true},{"__type__":"cc.PhysicsBoxCollider","node":{"__id__":1},"_friction":0.5,"_size":{"__type__":"cc.Size","width":95,"height":95}},{"__type__":"d0933z+TVtA7YrxtIlT8W9u","node":{"__id__":1},"point1":300,"point2":100,"damageToGiveToPlayer":1,"angular_velocity":150},{"__type__":"acd38zgRtJBkoJjC48fiJKY","node":{"__id__":1},"bombeffect":{"__uuid__":"b0ysQ6zQtMiofcv9uOb2rp"}}],"_prefab":{"__type__":"cc.PrefabInfo","root":{"__id__":1},"asset":{"__uuid__":"543m3M/ZlFL4NuAm0JXTAL"},"fileId":"7a2mA4sRRAdZx+ieLHWYEL"},"_contentSize":{"__type__":"cc.Size","width":95,"height":95},"_trs":{"__type__":"TypedArray","ctor":"Float64Array","array":[1921.466,356.1,0,0,0,0,1,1,1,1]},"_groupIndex":3,"groupIndex":3},{"__type__":"cc.Node","_name":"bombeffect","_parent":{"__id__":1},"_active":false,"_components":[{"__type__":"cc.ParticleSystem","node":{"__id__":2},"_materials":[{"__uuid__":"ecpdLyjvZBwrvm+cedCcQy"}],"_custom":true,"_file":{"__uuid__":"fbVQCbYZJN7ZapAHG/T0Q8"},"_spriteFrame":{"__uuid__":"bctwiSIL5AU7KSd7s29KcV"},"autoRemoveOnFinish":true,"duration":0.1,"emissionRate":600,"lifeVar":1.5,"_startColor":{"__type__":"cc.Color","r":255,"g":255,"b":219,"a":219},"_startColorVar":{"__type__":"cc.Color","a":40},"_endColor":{"__type__":"cc.Color","r":255,"g":255,"b":209,"a":0},"_endColorVar":{"__type__":"cc.Color","a":0},"angle":0,"angleVar":360,"startSize":150,"startSizeVar":50,"endSize":250,"endSizeVar":70,"startSpinVar":40,"endSpinVar":90,"posVar":{"__type__":"cc.Vec2","x":100,"y":200},"_positionType":1,"positionType":1,"gravity":{"__type__":"cc.Vec2","y":50},"speed":100,"tangentialAccel":0}],"_prefab":{"__type__":"cc.PrefabInfo","root":{"__id__":1},"asset":{"__uuid__":"543m3M/ZlFL4NuAm0JXTAL"},"fileId":"25mjVJS6ROy4Eh5p7SavgE"},"_trs":{"__type__":"TypedArray","ctor":"Float64Array","array":[0,0,0,0,0,0,1,1,1,1]}}],[{"__type__":"cc.Prefab","_name":"round_enemy","data":{"__id__":1}},{"__type__":"cc.Node","_name":"round_enemy","_components":[{"__type__":"cc.Sprite","_name":"round_enemy<Sprite>","node":{"__id__":1},"_materials":[{"__uuid__":"ecpdLyjvZBwrvm+cedCcQy"}],"_spriteFrame":{"__uuid__":"b2dhMg3+ZNUZOZ1ZAU+zgL"},"_sizeMode":0},{"__type__":"cc.RigidBody","node":{"__id__":1},"_allowSleep":false,"_gravityScale":4,"_linearDamping":1,"_angularDamping":0.1,"enabledContactListener":true},{"__type__":"cc.PhysicsCircleCollider","node":{"__id__":1},"_density":2,"_friction":0.4,"_restitution":0.4,"_radius":45},{"__type__":"e14c478LIdDO4lEL1y1pOAL","node":{"__id__":1},"damageToGiveToPlayer":1,"distanceToPlayer":250,"forceToApply":20000,"jump_height":200,"max_move_speed":120,"isBomb":true,"distance_bomb":100,"bomb_timer":4,"bomb_effect":{"__uuid__":"9aRB9QCZlCbaWjBN0RAsO3"}},{"__type__":"acd38zgRtJBkoJjC48fiJKY","node":{"__id__":1},"bombeffect":{"__uuid__":"b0ysQ6zQtMiofcv9uOb2rp"}}],"_prefab":{"__type__":"cc.PrefabInfo","root":{"__id__":1},"asset":{"__uuid__":"7fVepg5W9HrJHvj0mS/jxD"},"fileId":"5dVEiPe8JN7pBn1qrAo9+i"},"_contentSize":{"__type__":"cc.Size","width":90,"height":90},"_trs":{"__type__":"TypedArray","ctor":"Float64Array","array":[1944.648,322.907,0,0,0,0,1,1,1,1]},"_groupIndex":3,"groupIndex":3}],{"__type__":"cc.SpriteFrame","content":{"name":"Round_Ennemy01","texture":"166c691fb","rect":[3,693,128,128],"offset":[0,0],"originalSize":[128,128],"capInsets":[0,0,0,0]}},{"__type__":"cc.SpriteFrame","content":{"name":"smoke1","texture":"baKp5FfjhBbIbSFV/OlgiN","rect":[1,2,62,60],"offset":[0,0],"originalSize":[64,64],"capInsets":[0,0,0,0]}},{"__type__":"cc.SpriteFrame","content":{"name":"Square_enemy","texture":"166c691fb","rect":[196,265,126,128],"offset":[0,0],"originalSize":[128,128],"capInsets":[0,0,0,0]}},{"__type__":"cc.SpriteFrame","content":{"name":"bossspear2","texture":"01WjLOmihEz6uz6sG524eY","rect":[0,0,415,44],"offset":[0,0],"originalSize":[415,44],"capInsets":[0,0,0,0]}}]