[{"__type__":"cc.SpriteFrame","content":{"name":"表情3","texture":"f1ypW5jzlK25vPeTLla+lQ","rect":[2,417,413,422],"offset":[0,0],"originalSize":[413,422],"rotated":1,"capInsets":[0,0,0,0]}},{"__type__":"cc.SpriteFrame","content":{"name":"表情1","texture":"f1ypW5jzlK25vPeTLla+lQ","rect":[2,832,413,422],"offset":[0,0],"originalSize":[413,422],"rotated":1,"capInsets":[0,0,0,0]}},{"__type__":"cc.SpriteAtlas","_name":"8_skin_plist.plist","_spriteFrames":{"表情":{"__uuid__":"c36ZaRU9xOlqmTV8M035ip"},"表情1":{"__uuid__":"4exlsPiZVCv7LaVT/iMBvc"},"表情2":{"__uuid__":"a6R57uJgFMx587aK8fE7lc"},"表情3":{"__uuid__":"26ZnhLeDJKvo2eMrVLxpdd"},"表情4":{"__uuid__":"e8IWcf2EZLA7spk6X+XQMc"},"表情5":{"__uuid__":"9b2tle+lVDc4WeRjbsIL1s"}}},{"__type__":"cc.SpriteFrame","content":{"name":"表情5","texture":"f1ypW5jzlK25vPeTLla+lQ","rect":[2,2,413,422],"offset":[0,0],"originalSize":[413,422],"rotated":1,"capInsets":[0,0,0,0]}},{"__type__":"cc.SpriteFrame","content":{"name":"表情2","texture":"f1ypW5jzlK25vPeTLla+lQ","rect":[426,417,413,422],"offset":[0,0],"originalSize":[413,422],"rotated":1,"capInsets":[0,0,0,0]}},{"__type__":"cc.SpriteFrame","content":{"name":"表情","texture":"f1ypW5jzlK25vPeTLla+lQ","rect":[426,832,413,422],"offset":[0,0],"originalSize":[413,422],"rotated":1,"capInsets":[0,0,0,0]}},{"__type__":"cc.SpriteFrame","content":{"name":"表情4","texture":"f1ypW5jzlK25vPeTLla+lQ","rect":[426,2,413,422],"offset":[0,0],"originalSize":[413,422],"rotated":1,"capInsets":[0,0,0,0]}}]