[{"__type__":"cc.SpriteFrame","content":{"name":"表情","texture":"9a1j9J9KJAppP+7bE2zJP7","rect":[426,832,413,422],"offset":[0,0],"originalSize":[413,422],"rotated":1,"capInsets":[0,0,0,0]}},{"__type__":"cc.SpriteFrame","content":{"name":"表情3","texture":"9a1j9J9KJAppP+7bE2zJP7","rect":[2,417,413,422],"offset":[0,0],"originalSize":[413,422],"rotated":1,"capInsets":[0,0,0,0]}},{"__type__":"cc.SpriteFrame","content":{"name":"表情4","texture":"9a1j9J9KJAppP+7bE2zJP7","rect":[426,2,413,422],"offset":[0,0],"originalSize":[413,422],"rotated":1,"capInsets":[0,0,0,0]}},{"__type__":"cc.SpriteFrame","content":{"name":"表情1","texture":"9a1j9J9KJAppP+7bE2zJP7","rect":[2,832,413,422],"offset":[0,0],"originalSize":[413,422],"rotated":1,"capInsets":[0,0,0,0]}},{"__type__":"cc.SpriteAtlas","_name":"9_skin_plist.plist","_spriteFrames":{"表情":{"__uuid__":"25yyHlPQVHP7GeiZjINN7C"},"表情1":{"__uuid__":"a3S2rg2QtN6bBhosfdmflB"},"表情2":{"__uuid__":"ec3j2m1kdP8LeGc3nDSQpe"},"表情3":{"__uuid__":"4d0EqIi2VCm4ZRDhXl70C5"},"表情4":{"__uuid__":"68oRgk8LFJ0q+0IQFUfSKI"},"表情5":{"__uuid__":"cejsbcbu9J2bbjyaoiITkL"}}},{"__type__":"cc.SpriteFrame","content":{"name":"表情5","texture":"9a1j9J9KJAppP+7bE2zJP7","rect":[2,2,413,422],"offset":[0,0],"originalSize":[413,422],"rotated":1,"capInsets":[0,0,0,0]}},{"__type__":"cc.SpriteFrame","content":{"name":"表情2","texture":"9a1j9J9KJAppP+7bE2zJP7","rect":[426,417,413,422],"offset":[0,0],"originalSize":[413,422],"rotated":1,"capInsets":[0,0,0,0]}}]