[1,["72HLYjkXtBMJv0uYLXfOqW@6c48a"],0,[["sp.SkeletonData",["_name","_atlasText","textureNames","_skeletonJson","textures"],-1,3]],[[0,0,1,2,3,4,5]],[[0,"Sound_2_Robot","\r\nSound_2_Robot.png\r\nsize: 1541, 264\r\nformat: RGBA8888\r\nfilter: Linear, Linear\r\nrepeat: none\r\n1\r\n  rotate: false\r\n  xy: 344, 5\r\n  size: 169, 257\r\n  orig: 178, 296\r\n  offset: 9, 7\r\n  index: -1\r\n2\r\n  rotate: false\r\n  xy: 2, 2\r\n  size: 169, 260\r\n  orig: 180, 296\r\n  offset: 11, 7\r\n  index: -1\r\n3\r\n  rotate: false\r\n  xy: 173, 2\r\n  size: 169, 260\r\n  orig: 180, 296\r\n  offset: 11, 7\r\n  index: -1\r\n4\r\n  rotate: false\r\n  xy: 515, 5\r\n  size: 169, 257\r\n  orig: 180, 296\r\n  offset: 11, 7\r\n  index: -1\r\n5\r\n  rotate: false\r\n  xy: 686, 5\r\n  size: 169, 257\r\n  orig: 180, 296\r\n  offset: 11, 7\r\n  index: -1\r\n6\r\n  rotate: false\r\n  xy: 857, 5\r\n  size: 169, 257\r\n  orig: 180, 296\r\n  offset: 11, 7\r\n  index: -1\r\n7\r\n  rotate: false\r\n  xy: 1028, 5\r\n  size: 169, 257\r\n  orig: 180, 296\r\n  offset: 11, 7\r\n  index: -1\r\n8\r\n  rotate: false\r\n  xy: 1199, 5\r\n  size: 169, 257\r\n  orig: 180, 296\r\n  offset: 11, 7\r\n  index: -1\r\n9\r\n  rotate: false\r\n  xy: 1370, 5\r\n  size: 169, 257\r\n  orig: 182, 296\r\n  offset: 13, 7\r\n  index: -1\r\n",["Sound_2_Robot.png"],{"skeleton":{"hash":"x1pGiF4bM9E","spine":"3.8-from-4.0-from-4.1-from-4.2.38","images":"C:\\Users\\006\\Desktop\\222","audio":"./audio"},"bones":[{"name":"root"},{"name":"bone","parent":"root","x":-1.19,"y":-22.21}],"slots":[{"name":"1","bone":"bone"},{"name":"2","bone":"bone"},{"name":"3","bone":"bone"},{"name":"4","bone":"bone","attachment":"4"},{"name":"5","bone":"bone"},{"name":"6","bone":"bone"},{"name":"7","bone":"bone"},{"name":"8","bone":"bone"},{"name":"9","bone":"bone"}],"skins":[{"name":"default","attachments":{"1":{"1":{"x":1.19,"y":162.45,"width":178,"height":296}},"2":{"2":{"x":2.04,"y":162.45,"width":180,"height":296}},"3":{"3":{"x":2.25,"y":162.48,"width":180,"height":296}},"4":{"4":{"x":2.45,"y":162.58,"width":180,"height":296}},"5":{"5":{"x":2.25,"y":161.84,"width":180,"height":296}},"6":{"6":{"x":2.04,"y":162.04,"width":180,"height":296}},"7":{"7":{"x":2.37,"y":162.25,"width":180,"height":296}},"8":{"8":{"x":2.33,"y":162.17,"width":180,"height":296}},"9":{"9":{"x":3.51,"y":161.76,"width":182,"height":296}}}}],"animations":{"Sound_1":{"slots":{"1":{"attachment":[{"time":0.2333,"name":"1"},{"time":0.3333,"name":null},{"time":1.0333,"name":"1"},{"time":1.1333,"name":null},{"time":1.9333,"name":"1"},{"time":2.0333,"name":null},{"time":2.6,"name":"1"},{"time":2.7,"name":null},{"time":3.8333,"name":"1"},{"time":3.9667,"name":null}]},"2":{"attachment":[{"time":0.1,"name":"2"},{"time":0.2333,"name":null},{"time":0.9,"name":"2"},{"time":1.0333,"name":null},{"time":2.5,"name":"2"},{"time":2.6,"name":null},{"time":2.9333,"name":"2"},{"time":3.0667,"name":null},{"time":3.4,"name":"2"},{"time":3.5,"name":null}]},"3":{"attachment":[{"time":0.5667,"name":"3"},{"time":0.6667,"name":null},{"time":1.7,"name":"3"},{"time":1.8,"name":null},{"time":3.0667,"name":"3"},{"time":3.1667,"name":null},{"time":4.3,"name":"3"},{"time":4.8,"name":null}]},"4":{"attachment":[{"time":0.1,"name":null},{"time":0.4667,"name":"4"},{"time":0.5667,"name":null},{"time":0.8,"name":"4"},{"time":0.9,"name":null},{"time":2.3667,"name":"4"},{"time":2.5,"name":null},{"time":2.8333,"name":"4"},{"time":2.9333,"name":null},{"time":3.2667,"name":"4"},{"time":3.4,"name":null},{"time":4.8,"name":"4"}]},"5":{"attachment":[{"time":1.5667,"name":"5"},{"time":1.7,"name":null},{"time":2.2667,"name":"5"},{"time":2.3667,"name":null},{"time":3.7333,"name":"5"},{"time":3.8333,"name":null},{"time":4.2,"name":"5"},{"time":4.3,"name":null}]},"6":{"attachment":[{"time":0.3333,"name":"6"},{"time":0.4667,"name":null},{"time":1.1333,"name":"6"},{"time":1.2333,"name":null},{"time":1.3667,"name":"6"},{"time":1.4667,"name":null},{"time":2.0333,"name":"6"},{"time":2.1333,"name":null},{"time":2.7,"name":"6"},{"time":2.8333,"name":null},{"time":3.5,"name":"6"},{"time":3.6333,"name":null},{"time":3.9667,"name":"6"},{"time":4.0667,"name":null}]},"7":{"attachment":[{"time":0.6667,"name":"7"},{"time":0.8,"name":null},{"time":1.8,"name":"7"},{"time":1.9333,"name":null},{"time":3.1667,"name":"7"},{"time":3.2667,"name":null}]},"9":{"attachment":[{"time":1.2333,"name":"9"},{"time":1.3667,"name":null},{"time":1.4667,"name":"9"},{"time":1.5667,"name":null},{"time":2.1333,"name":"9"},{"time":2.2667,"name":null},{"time":3.6333,"name":"9"},{"time":3.7333,"name":null},{"time":4.0667,"name":"9"},{"time":4.2,"name":null}]}}},"Sound_2":{"slots":{"1":{"attachment":[{"time":0.2333,"name":"1"},{"time":0.3333,"name":null},{"time":1.0333,"name":"1"},{"time":1.1333,"name":null},{"time":1.9333,"name":"1"},{"time":2.0333,"name":null},{"time":2.6,"name":"1"},{"time":2.7,"name":null},{"time":3.8333,"name":"1"},{"time":3.9667,"name":null}]},"2":{"attachment":[{"time":0.1,"name":"2"},{"time":0.2333,"name":null},{"time":0.9,"name":"2"},{"time":1.0333,"name":null},{"time":2.5,"name":"2"},{"time":2.6,"name":null},{"time":2.9333,"name":"2"},{"time":3.0667,"name":null},{"time":3.4,"name":"2"},{"time":3.5,"name":null}]},"3":{"attachment":[{"time":0.5667,"name":"3"},{"time":0.6667,"name":null},{"time":1.7,"name":"3"},{"time":1.8,"name":null},{"time":3.0667,"name":"3"},{"time":3.1667,"name":null},{"time":4.3,"name":"3"},{"time":4.8,"name":null}]},"4":{"attachment":[{"time":0.1,"name":null},{"time":0.4667,"name":"4"},{"time":0.5667,"name":null},{"time":0.8,"name":"4"},{"time":0.9,"name":null},{"time":2.3667,"name":"4"},{"time":2.5,"name":null},{"time":2.8333,"name":"4"},{"time":2.9333,"name":null},{"time":3.2667,"name":"4"},{"time":3.4,"name":null},{"time":4.8,"name":"4"}]},"5":{"attachment":[{"time":1.5667,"name":"5"},{"time":1.7,"name":null},{"time":2.2667,"name":"5"},{"time":2.3667,"name":null},{"time":3.7333,"name":"5"},{"time":3.8333,"name":null},{"time":4.2,"name":"5"},{"time":4.3,"name":null}]},"6":{"attachment":[{"time":0.3333,"name":"6"},{"time":0.4667,"name":null},{"time":1.1333,"name":"6"},{"time":1.2333,"name":null},{"time":1.3667,"name":"6"},{"time":1.4667,"name":null},{"time":2.0333,"name":"6"},{"time":2.1333,"name":null},{"time":2.7,"name":"6"},{"time":2.8333,"name":null},{"time":3.5,"name":"6"},{"time":3.6333,"name":null},{"time":3.9667,"name":"6"},{"time":4.0667,"name":null}]},"7":{"attachment":[{"time":0.6667,"name":"7"},{"time":0.8,"name":null},{"time":1.8,"name":"7"},{"time":1.9333,"name":null},{"time":3.1667,"name":"7"},{"time":3.2667,"name":null}]},"9":{"attachment":[{"time":1.2333,"name":"9"},{"time":1.3667,"name":null},{"time":1.4667,"name":"9"},{"time":1.5667,"name":null},{"time":2.1333,"name":"9"},{"time":2.2667,"name":null},{"time":3.6333,"name":"9"},{"time":3.7333,"name":null},{"time":4.0667,"name":"9"},{"time":4.2,"name":null}]}}}}},[0]]],0,0,[0],[-1],[0]]
