[1,["54xH8J1J1OPodLUPY7PS9D@6c48a"],0,[["sp.SkeletonData",["_name","_atlasText","textureNames","_skeletonJson","textures"],-1,3]],[[0,0,1,2,3,4,5]],[[0,"Sound_2_Orange","\r\nSound_2_Orange.png\r\nsize: 1087, 256\r\nformat: RGBA8888\r\nfilter: Linear, Linear\r\nrepeat: none\r\n1\r\n  rotate: false\r\n  xy: 467, 6\r\n  size: 153, 248\r\n  orig: 153, 267\r\n  offset: 0, 2\r\n  index: -1\r\n2\r\n  rotate: false\r\n  xy: 157, 4\r\n  size: 153, 250\r\n  orig: 153, 267\r\n  offset: 0, 2\r\n  index: -1\r\n3\r\n  rotate: false\r\n  xy: 312, 4\r\n  size: 153, 250\r\n  orig: 153, 267\r\n  offset: 0, 2\r\n  index: -1\r\n4\r\n  rotate: false\r\n  xy: 622, 6\r\n  size: 153, 248\r\n  orig: 153, 267\r\n  offset: 0, 2\r\n  index: -1\r\n5\r\n  rotate: false\r\n  xy: 2, 2\r\n  size: 153, 252\r\n  orig: 153, 267\r\n  offset: 0, 2\r\n  index: -1\r\n6\r\n  rotate: false\r\n  xy: 932, 11\r\n  size: 153, 243\r\n  orig: 153, 267\r\n  offset: 0, 2\r\n  index: -1\r\n7\r\n  rotate: false\r\n  xy: 777, 8\r\n  size: 153, 246\r\n  orig: 153, 267\r\n  offset: 0, 2\r\n  index: -1\r\n",["Sound_2_Orange.png"],{"skeleton":{"hash":"5z39gkBP6UA","spine":"3.8-from-4.0-from-4.1-from-4.2.38","images":"C:\\Users\\006\\Desktop\\222","audio":"./audio"},"bones":[{"name":"root"},{"name":"bone","parent":"root","x":-0.5,"y":-30.5}],"slots":[{"name":"1","bone":"bone","attachment":"1"},{"name":"2","bone":"bone"},{"name":"3","bone":"bone"},{"name":"4","bone":"bone"},{"name":"5","bone":"bone"},{"name":"6","bone":"bone"},{"name":"7","bone":"bone"}],"skins":[{"name":"default","attachments":{"1":{"1":{"x":3.4,"y":161.04,"width":153,"height":267}},"2":{"2":{"x":3.22,"y":161.49,"width":153,"height":267}},"3":{"3":{"x":3.22,"y":161.22,"width":153,"height":267}},"4":{"4":{"x":3.4,"y":161.49,"width":153,"height":267}},"5":{"5":{"x":3.4,"y":161.39,"width":153,"height":267}},"6":{"6":{"x":3.22,"y":161.39,"width":153,"height":267}},"7":{"7":{"x":3.4,"y":161.22,"width":153,"height":267}}}}],"animations":{"Sound_1":{"slots":{"1":{"attachment":[{"time":0.1,"name":null},{"time":0.7333,"name":"1"},{"time":0.8,"name":null},{"time":1.4333,"name":"1"},{"time":1.5333,"name":null},{"time":2.1667,"name":"1"},{"time":2.2333,"name":null},{"time":2.8667,"name":"1"},{"time":2.9667,"name":null},{"time":3.5333,"name":"1"},{"time":3.6333,"name":null},{"time":4.2333,"name":"1"},{"time":4.3333,"name":null}]},"2":{"attachment":[{"time":0.4333,"name":"2"},{"time":0.5333,"name":null},{"time":1.1667,"name":"2"},{"time":1.2667,"name":null},{"time":1.9,"name":"2"},{"time":1.9667,"name":null},{"time":2.6,"name":"2"},{"time":2.7,"name":null},{"time":3.3333,"name":"2"},{"time":3.4,"name":null},{"time":3.9667,"name":"2"},{"time":4.0667,"name":null},{"time":4.7,"name":"2"},{"time":4.8,"name":null}]},"3":{"attachment":[{"time":0.5333,"name":"3"},{"time":0.8,"name":null},{"time":1.2667,"name":"3"},{"time":1.5333,"name":null},{"time":1.9667,"name":"3"},{"time":2.2333,"name":null},{"time":2.7,"name":"3"},{"time":2.9667,"name":null},{"time":3.4,"name":"3"},{"time":3.6333,"name":null},{"time":4.0667,"name":"3"},{"time":4.3333,"name":null},{"time":4.8,"name":"3"}]},"4":{"attachment":[{"time":0.1,"name":"4"},{"time":0.1667,"name":null},{"time":0.8,"name":"4"},{"time":0.9,"name":null},{"time":1.5333,"name":"4"},{"time":1.6,"name":null},{"time":2.2333,"name":"4"},{"time":2.3333,"name":null},{"time":2.9667,"name":"4"},{"time":3.0667,"name":null},{"time":3.6333,"name":"4"},{"time":3.7,"name":null},{"time":4.3333,"name":"4"},{"time":4.4333,"name":null}]},"5":{"attachment":[{"time":0.1667,"name":"5"},{"time":0.2667,"name":null},{"time":0.9,"name":"5"},{"time":1,"name":null},{"time":1.6,"name":"5"},{"time":1.7,"name":null},{"time":2.3333,"name":"5"},{"time":2.4333,"name":null},{"time":3.0667,"name":"5"},{"time":3.1333,"name":null},{"time":3.7,"name":"5"},{"time":3.8,"name":null},{"time":4.4333,"name":"5"},{"time":4.5333,"name":null}]},"6":{"attachment":[{"time":0.2667,"name":"6"},{"time":0.3667,"name":null},{"time":1,"name":"6"},{"time":1.0667,"name":null},{"time":1.7,"name":"6"},{"time":1.8,"name":null},{"time":2.4333,"name":"6"},{"time":2.5,"name":null},{"time":3.1333,"name":"6"},{"time":3.2333,"name":null},{"time":3.8,"name":"6"},{"time":3.9,"name":null},{"time":4.5333,"name":"6"},{"time":4.6,"name":null}]},"7":{"attachment":[{"time":0.3667,"name":"7"},{"time":0.4333,"name":null},{"time":1.0667,"name":"7"},{"time":1.1667,"name":null},{"time":1.8,"name":"7"},{"time":1.9,"name":null},{"time":2.5,"name":"7"},{"time":2.6,"name":null},{"time":3.2333,"name":"7"},{"time":3.3333,"name":null},{"time":3.9,"name":"7"},{"time":3.9667,"name":null},{"time":4.6,"name":"7"},{"time":4.7,"name":null}]}}},"Sound_2":{"slots":{"1":{"attachment":[{"time":0.1,"name":null},{"time":0.7333,"name":"1"},{"time":0.8,"name":null},{"time":1.4333,"name":"1"},{"time":1.5333,"name":null},{"time":2.1667,"name":"1"},{"time":2.2333,"name":null},{"time":2.8667,"name":"1"},{"time":2.9667,"name":null},{"time":3.5333,"name":"1"},{"time":3.6333,"name":null},{"time":4.2333,"name":"1"},{"time":4.3333,"name":null},{"time":4.8,"name":"1"}]},"2":{"attachment":[{"time":0.4333,"name":"2"},{"time":0.5333,"name":null},{"time":1.1667,"name":"2"},{"time":1.2667,"name":null},{"time":1.9,"name":"2"},{"time":1.9667,"name":null},{"time":2.6,"name":"2"},{"time":2.7,"name":null},{"time":3.3333,"name":"2"},{"time":3.4,"name":null},{"time":3.9667,"name":"2"},{"time":4.0667,"name":null},{"time":4.7,"name":"2"},{"time":4.8,"name":null}]},"3":{"attachment":[{"time":0.5333,"name":"3"},{"time":0.7333,"name":null},{"time":1.2667,"name":"3"},{"time":1.4333,"name":null},{"time":1.9667,"name":"3"},{"time":2.1667,"name":null},{"time":2.7,"name":"3"},{"time":2.8667,"name":null},{"time":3.4,"name":"3"},{"time":3.5333,"name":null},{"time":4.0667,"name":"3"},{"time":4.2333,"name":null}]},"4":{"attachment":[{"time":0.1,"name":"4"},{"time":0.1667,"name":null},{"time":0.8,"name":"4"},{"time":0.9,"name":null},{"time":1.5333,"name":"4"},{"time":1.6,"name":null},{"time":2.2333,"name":"4"},{"time":2.3333,"name":null},{"time":2.9667,"name":"4"},{"time":3.0667,"name":null},{"time":3.6333,"name":"4"},{"time":3.7,"name":null},{"time":4.3333,"name":"4"},{"time":4.4333,"name":null}]},"5":{"attachment":[{"time":0.1667,"name":"5"},{"time":0.2667,"name":null},{"time":0.9,"name":"5"},{"time":1,"name":null},{"time":1.6,"name":"5"},{"time":1.7,"name":null},{"time":2.3333,"name":"5"},{"time":2.4333,"name":null},{"time":3.0667,"name":"5"},{"time":3.1333,"name":null},{"time":3.7,"name":"5"},{"time":3.8,"name":null},{"time":4.4333,"name":"5"},{"time":4.5333,"name":null}]},"6":{"attachment":[{"time":0.2667,"name":"6"},{"time":0.3667,"name":null},{"time":1,"name":"6"},{"time":1.0667,"name":null},{"time":1.7,"name":"6"},{"time":1.8,"name":null},{"time":2.4333,"name":"6"},{"time":2.5,"name":null},{"time":3.1333,"name":"6"},{"time":3.2333,"name":null},{"time":3.8,"name":"6"},{"time":3.9,"name":null},{"time":4.5333,"name":"6"},{"time":4.6,"name":null}]},"7":{"attachment":[{"time":0.3667,"name":"7"},{"time":0.4333,"name":null},{"time":1.0667,"name":"7"},{"time":1.1667,"name":null},{"time":1.8,"name":"7"},{"time":1.9,"name":null},{"time":2.5,"name":"7"},{"time":2.6,"name":null},{"time":3.2333,"name":"7"},{"time":3.3333,"name":null},{"time":3.9,"name":"7"},{"time":3.9667,"name":null},{"time":4.6,"name":"7"},{"time":4.7,"name":null}]}}}}},[0]]],0,0,[0],[-1],[0]]
