[1,["00bciWEDtF7pn2+73JsNj7@6c48a"],0,[["sp.SkeletonData",["_name","_atlasText","textureNames","_skeletonJson","textures"],-1,3]],[[0,0,1,2,3,4,5]],[[0,"Sound_2_Navi","\r\nSound_2_Navi.png\r\nsize: 1547, 292\r\nformat: RGBA8888\r\nfilter: Linear, Linear\r\nrepeat: none\r\n1\r\n  rotate: true\r\n  xy: 2, 147\r\n  size: 143, 307\r\n  orig: 143, 307\r\n  offset: 0, 0\r\n  index: -1\r\n10\r\n  rotate: true\r\n  xy: 311, 147\r\n  size: 143, 304\r\n  orig: 143, 304\r\n  offset: 0, 0\r\n  index: -1\r\n2\r\n  rotate: true\r\n  xy: 617, 147\r\n  size: 143, 307\r\n  orig: 143, 307\r\n  offset: 0, 0\r\n  index: -1\r\n3\r\n  rotate: true\r\n  xy: 926, 147\r\n  size: 143, 310\r\n  orig: 143, 310\r\n  offset: 0, 0\r\n  index: -1\r\n4\r\n  rotate: true\r\n  xy: 1238, 147\r\n  size: 143, 307\r\n  orig: 143, 307\r\n  offset: 0, 0\r\n  index: -1\r\n5\r\n  rotate: true\r\n  xy: 2, 2\r\n  size: 143, 304\r\n  orig: 143, 304\r\n  offset: 0, 0\r\n  index: -1\r\n6\r\n  rotate: true\r\n  xy: 308, 2\r\n  size: 143, 303\r\n  orig: 143, 303\r\n  offset: 0, 0\r\n  index: -1\r\n7\r\n  rotate: true\r\n  xy: 613, 2\r\n  size: 143, 307\r\n  orig: 143, 307\r\n  offset: 0, 0\r\n  index: -1\r\n8\r\n  rotate: true\r\n  xy: 922, 2\r\n  size: 143, 306\r\n  orig: 143, 306\r\n  offset: 0, 0\r\n  index: -1\r\n9\r\n  rotate: true\r\n  xy: 1230, 2\r\n  size: 143, 307\r\n  orig: 143, 307\r\n  offset: 0, 0\r\n  index: -1\r\n",["Sound_2_Navi.png"],{"skeleton":{"hash":"lXWMCzcr6ec","spine":"3.8-from-4.0-from-4.1-from-4.2.38","images":"C:\\Users\\006\\Desktop\\222","audio":"./audio"},"bones":[{"name":"root"},{"name":"bone","parent":"root","x":-0.38,"y":-13.83}],"slots":[{"name":"1","bone":"bone"},{"name":"2","bone":"bone","attachment":"2"},{"name":"3","bone":"bone"},{"name":"4","bone":"bone"},{"name":"5","bone":"bone"},{"name":"6","bone":"bone"},{"name":"7","bone":"bone"},{"name":"8","bone":"bone"},{"name":"9","bone":"bone"},{"name":"10","bone":"bone"}],"skins":[{"name":"default","attachments":{"1":{"1":{"x":3.95,"y":167.04,"width":143,"height":307}},"2":{"2":{"x":3.82,"y":167.11,"width":143,"height":307}},"3":{"3":{"x":3.72,"y":168.57,"width":143,"height":310}},"4":{"4":{"x":3.72,"y":166.9,"width":143,"height":307}},"5":{"5":{"x":3.53,"y":165.3,"width":143,"height":304}},"6":{"6":{"x":3.72,"y":165.05,"width":143,"height":303}},"7":{"7":{"x":3.72,"y":167.04,"width":143,"height":307}},"8":{"8":{"x":3.72,"y":166.23,"width":143,"height":306}},"9":{"9":{"x":3.72,"y":166.57,"width":143,"height":307}},"10":{"10":{"x":3.72,"y":164.78,"width":143,"height":304}}}}],"animations":{"Sound_1":{"slots":{"2":{"attachment":[{"time":1.7333,"name":null},{"time":4.8,"name":"2"}]},"4":{"attachment":[{"time":1.7333,"name":"4"},{"time":2,"name":null},{"time":4.2667,"name":"4"},{"time":4.5333,"name":null}]},"5":{"attachment":[{"time":2.9,"name":"5"},{"time":4.2667,"name":null}]},"8":{"attachment":[{"time":2.4667,"name":"8"},{"time":2.9,"name":null}]},"10":{"attachment":[{"time":2,"name":"10"},{"time":2.4667,"name":null},{"time":4.5333,"name":"10"},{"time":4.8,"name":null}]}}},"Sound_2":{"slots":{"2":{"attachment":[{"time":1.7333,"name":null},{"time":4.8,"name":"2"}]},"4":{"attachment":[{"time":1.7333,"name":"4"},{"time":2,"name":null},{"time":4.4667,"name":"4"},{"time":4.6667,"name":null}]},"5":{"attachment":[{"time":2.9,"name":"5"},{"time":3.5,"name":null}]},"8":{"attachment":[{"time":2.4667,"name":"8"},{"time":2.9,"name":null},{"time":3.5,"name":"8"},{"time":4.4667,"name":null}]},"10":{"attachment":[{"time":2,"name":"10"},{"time":2.4667,"name":null},{"time":4.6667,"name":"10"},{"time":4.8,"name":null}]}}}}},[0]]],0,0,[0],[-1],[0]]
