[1,["13wCbGUJBN75A5iBzBJISR@6c48a"],0,[["sp.SkeletonData",["_name","_atlasText","textureNames","_skeletonJson","textures"],-1,3]],[[0,0,1,2,3,4,5]],[[0,"Sound_S_White","\r\nSound_S_White.png\r\nsize: 1500, 492\r\nformat: RGBA8888\r\nfilter: Linear, Linear\r\nrepeat: none\r\n1\r\n  rotate: false\r\n  xy: 945, 204\r\n  size: 183, 286\r\n  orig: 183, 286\r\n  offset: 0, 0\r\n  index: -1\r\n10\r\n  rotate: true\r\n  xy: 2, 2\r\n  size: 193, 291\r\n  orig: 193, 291\r\n  offset: 0, 0\r\n  index: -1\r\n11\r\n  rotate: false\r\n  xy: 575, 199\r\n  size: 183, 291\r\n  orig: 183, 291\r\n  offset: 0, 0\r\n  index: -1\r\n12\r\n  rotate: false\r\n  xy: 1130, 205\r\n  size: 183, 285\r\n  orig: 183, 285\r\n  offset: 0, 0\r\n  index: -1\r\n13\r\n  rotate: true\r\n  xy: 593, 14\r\n  size: 183, 288\r\n  orig: 183, 288\r\n  offset: 0, 0\r\n  index: -1\r\n2\r\n  rotate: true\r\n  xy: 883, 17\r\n  size: 183, 287\r\n  orig: 183, 287\r\n  offset: 0, 0\r\n  index: -1\r\n3\r\n  rotate: false\r\n  xy: 387, 200\r\n  size: 186, 290\r\n  orig: 186, 290\r\n  offset: 0, 0\r\n  index: -1\r\n4\r\n  rotate: false\r\n  xy: 760, 202\r\n  size: 183, 288\r\n  orig: 183, 288\r\n  offset: 0, 0\r\n  index: -1\r\n5\r\n  rotate: true\r\n  xy: 295, 14\r\n  size: 183, 296\r\n  orig: 183, 296\r\n  offset: 0, 0\r\n  index: -1\r\n6\r\n  rotate: false\r\n  xy: 2, 197\r\n  size: 193, 293\r\n  orig: 193, 293\r\n  offset: 0, 0\r\n  index: -1\r\n7\r\n  rotate: true\r\n  xy: 1172, 20\r\n  size: 183, 285\r\n  orig: 183, 285\r\n  offset: 0, 0\r\n  index: -1\r\n8\r\n  rotate: false\r\n  xy: 1315, 205\r\n  size: 183, 285\r\n  orig: 183, 285\r\n  offset: 0, 0\r\n  index: -1\r\n9\r\n  rotate: false\r\n  xy: 197, 199\r\n  size: 188, 291\r\n  orig: 188, 291\r\n  offset: 0, 0\r\n  index: -1\r\n",["Sound_S_White.png"],{"skeleton":{"hash":"jm/S9XPaYp4","spine":"3.8-from-4.0-from-4.1-from-4.2.37","x":-87.86,"y":0.81,"width":183,"height":285,"images":"C:\\Users\\006\\Desktop\\111","audio":"./audio"},"bones":[{"name":"root"}],"slots":[{"name":"1","bone":"root"},{"name":"2","bone":"root"},{"name":"3","bone":"root"},{"name":"4","bone":"root"},{"name":"5","bone":"root"},{"name":"6","bone":"root"},{"name":"7","bone":"root"},{"name":"8","bone":"root","attachment":"8"},{"name":"9","bone":"root"},{"name":"10","bone":"root"},{"name":"11","bone":"root"},{"name":"12","bone":"root"},{"name":"13","bone":"root"}],"skins":[{"name":"default","attachments":{"1":{"1":{"x":3.39,"y":143.77,"width":183,"height":286}},"2":{"2":{"x":6.46,"y":144.28,"width":183,"height":287}},"3":{"3":{"x":2.96,"y":145.81,"width":186,"height":290}},"4":{"4":{"x":11.64,"y":144.8,"width":183,"height":288}},"5":{"5":{"x":-3.46,"y":148.74,"width":183,"height":296}},"6":{"6":{"x":19.68,"y":147.27,"width":193,"height":293}},"7":{"7":{"x":3.83,"y":143.28,"width":183,"height":285}},"8":{"8":{"x":3.64,"y":143.31,"width":183,"height":285}},"9":{"9":{"x":11.1,"y":146.32,"width":188,"height":291}},"10":{"10":{"x":-9.34,"y":146.3,"width":193,"height":291}},"11":{"11":{"x":-2.39,"y":146.29,"width":183,"height":291}},"12":{"12":{"x":3.6,"y":143.23,"width":183,"height":285}},"13":{"13":{"x":10.63,"y":144.73,"width":183,"height":288}}}}],"animations":{"Sound_1":{"slots":{"1":{"attachment":[{"time":0.3333,"name":"1"},{"time":0.4333,"name":null},{"time":0.6667,"name":"1"},{"time":0.7667,"name":null},{"time":1.1667,"name":"1"},{"time":1.2,"name":null},{"time":1.6333,"name":"1"},{"time":1.6667,"name":null},{"time":1.8,"name":"1"},{"time":1.8333,"name":null},{"time":3.3,"name":"1"},{"time":3.3333,"name":null},{"time":3.4,"name":"1"},{"time":3.4333,"name":null},{"time":3.4667,"name":"1"},{"time":3.5,"name":null},{"time":3.6,"name":"1"},{"time":3.6333,"name":null},{"time":3.8,"name":"1"},{"time":3.8333,"name":null},{"time":4.5667,"name":"1"},{"time":4.6667,"name":null},{"time":4.7667,"name":"1"},{"time":4.9667,"name":null},{"time":6.2667,"name":"1"},{"time":6.3667,"name":null},{"time":6.6667,"name":"1"},{"time":6.7667,"name":null}]},"2":{"attachment":[{"time":0.2,"name":"2"},{"time":0.3333,"name":null},{"time":0.4333,"name":"2"},{"time":0.5667,"name":null},{"time":1.2333,"name":"2"},{"time":1.2667,"name":null},{"time":1.3,"name":"2"},{"time":1.3333,"name":null},{"time":1.6,"name":"2"},{"time":1.6333,"name":null},{"time":2.9,"name":"2"},{"time":3.0333,"name":null},{"time":3.5667,"name":"2"},{"time":3.6,"name":null},{"time":3.6333,"name":"2"},{"time":3.6667,"name":null},{"time":3.9667,"name":"2"},{"time":4.1667,"name":null},{"time":4.4667,"name":"2"},{"time":4.5667,"name":null},{"time":6.1667,"name":"2"},{"time":6.2667,"name":null}]},"3":{"attachment":[{"time":1.1333,"name":"3"},{"time":1.1667,"name":null},{"time":1.3667,"name":"3"},{"time":1.4,"name":null},{"time":1.4667,"name":"3"},{"time":1.5,"name":null},{"time":1.9333,"name":"3"},{"time":2.0333,"name":null},{"time":3.8333,"name":"3"},{"time":3.8667,"name":null},{"time":4.1667,"name":"3"},{"time":4.2667,"name":null},{"time":5.1667,"name":"3"},{"time":5.2667,"name":null}]},"4":{"attachment":[{"time":0.7667,"name":"4"},{"time":0.8667,"name":null},{"time":1.0667,"name":"4"},{"time":1.1,"name":null},{"time":1.4,"name":"4"},{"time":1.4333,"name":null},{"time":2.0333,"name":"4"},{"time":2.1333,"name":null},{"time":3.2667,"name":"4"},{"time":3.3,"name":null},{"time":3.4333,"name":"4"},{"time":3.4667,"name":null},{"time":3.5,"name":"4"},{"time":3.5333,"name":null},{"time":3.7,"name":"4"},{"time":3.7333,"name":null},{"time":3.8667,"name":"4"},{"time":3.9,"name":null},{"time":4.2667,"name":"4"},{"time":4.3667,"name":null},{"time":4.9667,"name":"4"},{"time":5.0667,"name":null},{"time":5.2667,"name":"4"},{"time":5.3667,"name":null},{"time":6.7667,"name":"4"},{"time":6.8667,"name":null}]},"5":{"attachment":[{"time":0.9667,"name":"5"},{"time":1.0333,"name":null},{"time":1.5,"name":"5"},{"time":1.5333,"name":null},{"time":1.8333,"name":"5"},{"time":1.9333,"name":null},{"time":2.1333,"name":"5"},{"time":2.2333,"name":null},{"time":2.4667,"name":"5"},{"time":2.6,"name":null},{"time":3.3667,"name":"5"},{"time":3.4,"name":null},{"time":3.7667,"name":"5"},{"time":3.8,"name":null},{"time":5.0667,"name":"5"},{"time":5.1667,"name":null},{"time":5.9667,"name":"5"},{"time":6.0667,"name":null}]},"6":{"attachment":[{"time":1.2,"name":"6"},{"time":1.2333,"name":null},{"time":1.7333,"name":"6"},{"time":1.7667,"name":null},{"time":3.1667,"name":"6"},{"time":3.2667,"name":null},{"time":3.9,"name":"6"},{"time":3.9333,"name":null},{"time":4.6667,"name":"6"},{"time":4.7667,"name":null},{"time":5.3667,"name":"6"},{"time":5.4667,"name":null},{"time":6.5667,"name":"6"},{"time":6.6667,"name":null},{"time":6.8667,"name":"6"},{"time":6.9667,"name":null}]},"7":{"attachment":[{"time":1.1,"name":"7"},{"time":1.1333,"name":null},{"time":2.2333,"name":"7"},{"time":2.3667,"name":null},{"time":2.8,"name":"7"},{"time":2.9,"name":null},{"time":5.6667,"name":"7"},{"time":5.7667,"name":null},{"time":5.8667,"name":"7"},{"time":5.9667,"name":null}]},"8":{"attachment":[{"time":0.1,"name":null},{"time":1.2667,"name":"8"},{"time":1.3,"name":null},{"time":1.5333,"name":"8"},{"time":1.5667,"name":null},{"time":1.6667,"name":"8"},{"time":1.7,"name":null},{"time":1.7667,"name":"8"},{"time":1.8,"name":null},{"time":3.9333,"name":"8"},{"time":3.9667,"name":null},{"time":4.7667,"name":"8"},{"time":4.8667,"name":null}]},"9":{"attachment":[{"time":0.5667,"name":"9"},{"time":0.6667,"name":null},{"time":1.3333,"name":"9"},{"time":1.3667,"name":null},{"time":3.6667,"name":"9"},{"time":3.7,"name":null},{"time":5.4667,"name":"9"},{"time":5.5667,"name":null}]},"10":{"attachment":[{"time":0.8667,"name":"10"},{"time":0.9667,"name":null},{"time":1.0333,"name":"10"},{"time":1.0667,"name":null},{"time":1.4333,"name":"10"},{"time":1.4667,"name":null},{"time":2.3667,"name":"10"},{"time":2.4667,"name":null},{"time":2.6,"name":"10"},{"time":2.7,"name":null},{"time":3.0333,"name":"10"},{"time":3.1667,"name":null},{"time":3.3333,"name":"10"},{"time":3.3667,"name":null},{"time":3.5333,"name":"10"},{"time":3.5667,"name":null},{"time":3.7333,"name":"10"},{"time":3.7667,"name":null},{"time":5.5667,"name":"10"},{"time":5.6667,"name":null},{"time":5.7667,"name":"10"},{"time":5.8667,"name":null},{"time":6.4667,"name":"10"},{"time":6.5667,"name":null},{"time":6.9667,"name":"10"}]},"12":{"attachment":[{"time":0.1,"name":"12"},{"time":0.2,"name":null},{"time":1.5667,"name":"12"},{"time":1.6,"name":null},{"time":1.7,"name":"12"},{"time":1.7333,"name":null},{"time":4.3667,"name":"12"},{"time":4.4667,"name":null},{"time":6.0667,"name":"12"},{"time":6.1667,"name":null}]},"13":{"attachment":[{"time":2.7,"name":"13"},{"time":2.8,"name":null},{"time":6.3667,"name":"13"},{"time":6.4667,"name":null}]}}},"Sound_2":{"slots":{"1":{"attachment":[{"time":0.3333,"name":"1"},{"time":0.4333,"name":null},{"time":0.6667,"name":"1"},{"time":0.7667,"name":null},{"time":1.1667,"name":"1"},{"time":1.2,"name":null},{"time":1.6333,"name":"1"},{"time":1.6667,"name":null},{"time":1.8,"name":"1"},{"time":1.8333,"name":null},{"time":3.3,"name":"1"},{"time":3.3333,"name":null},{"time":3.4,"name":"1"},{"time":3.4333,"name":null},{"time":3.4667,"name":"1"},{"time":3.5,"name":null},{"time":3.6,"name":"1"},{"time":3.6333,"name":null},{"time":3.8,"name":"1"},{"time":3.8333,"name":null},{"time":4.5667,"name":"1"},{"time":4.6667,"name":null},{"time":4.7667,"name":"1"},{"time":4.9667,"name":null},{"time":6.2667,"name":"1"},{"time":6.3667,"name":null},{"time":6.6667,"name":"1"},{"time":6.7667,"name":null}]},"2":{"attachment":[{"time":0.2,"name":"2"},{"time":0.3333,"name":null},{"time":0.4333,"name":"2"},{"time":0.5667,"name":null},{"time":1.2333,"name":"2"},{"time":1.2667,"name":null},{"time":1.3,"name":"2"},{"time":1.3333,"name":null},{"time":1.6,"name":"2"},{"time":1.6333,"name":null},{"time":2.9,"name":"2"},{"time":3.0333,"name":null},{"time":3.5667,"name":"2"},{"time":3.6,"name":null},{"time":3.6333,"name":"2"},{"time":3.6667,"name":null},{"time":3.9667,"name":"2"},{"time":4.1667,"name":null},{"time":4.4667,"name":"2"},{"time":4.5667,"name":null},{"time":6.1667,"name":"2"},{"time":6.2667,"name":null}]},"3":{"attachment":[{"time":1.1333,"name":"3"},{"time":1.1667,"name":null},{"time":1.3667,"name":"3"},{"time":1.4,"name":null},{"time":1.4667,"name":"3"},{"time":1.5,"name":null},{"time":1.9333,"name":"3"},{"time":2.0333,"name":null},{"time":3.8333,"name":"3"},{"time":3.8667,"name":null},{"time":4.1667,"name":"3"},{"time":4.2667,"name":null},{"time":5.1667,"name":"3"},{"time":5.2667,"name":null}]},"4":{"attachment":[{"time":0.7667,"name":"4"},{"time":0.8667,"name":null},{"time":1.0667,"name":"4"},{"time":1.1,"name":null},{"time":1.4,"name":"4"},{"time":1.4333,"name":null},{"time":2.0333,"name":"4"},{"time":2.1333,"name":null},{"time":3.2667,"name":"4"},{"time":3.3,"name":null},{"time":3.4333,"name":"4"},{"time":3.4667,"name":null},{"time":3.5,"name":"4"},{"time":3.5333,"name":null},{"time":3.7,"name":"4"},{"time":3.7333,"name":null},{"time":3.8667,"name":"4"},{"time":3.9,"name":null},{"time":4.2667,"name":"4"},{"time":4.3667,"name":null},{"time":4.9667,"name":"4"},{"time":5.0667,"name":null},{"time":5.2667,"name":"4"},{"time":5.3667,"name":null},{"time":6.7667,"name":"4"},{"time":6.8667,"name":null}]},"5":{"attachment":[{"time":0.9667,"name":"5"},{"time":1.0333,"name":null},{"time":1.5,"name":"5"},{"time":1.5333,"name":null},{"time":1.8333,"name":"5"},{"time":1.9333,"name":null},{"time":2.1333,"name":"5"},{"time":2.2333,"name":null},{"time":2.4667,"name":"5"},{"time":2.6,"name":null},{"time":3.3667,"name":"5"},{"time":3.4,"name":null},{"time":3.7667,"name":"5"},{"time":3.8,"name":null},{"time":5.0667,"name":"5"},{"time":5.1667,"name":null},{"time":5.9667,"name":"5"},{"time":6.0667,"name":null}]},"6":{"attachment":[{"time":1.2,"name":"6"},{"time":1.2333,"name":null},{"time":1.7333,"name":"6"},{"time":1.7667,"name":null},{"time":3.1667,"name":"6"},{"time":3.2667,"name":null},{"time":3.9,"name":"6"},{"time":3.9333,"name":null},{"time":4.6667,"name":"6"},{"time":4.7667,"name":null},{"time":5.3667,"name":"6"},{"time":5.4667,"name":null},{"time":6.5667,"name":"6"},{"time":6.6667,"name":null},{"time":6.8667,"name":"6"},{"time":6.9667,"name":null}]},"7":{"attachment":[{"time":1.1,"name":"7"},{"time":1.1333,"name":null},{"time":2.2333,"name":"7"},{"time":2.3667,"name":null},{"time":2.8,"name":"7"},{"time":2.9,"name":null},{"time":5.6667,"name":"7"},{"time":5.7667,"name":null},{"time":5.8667,"name":"7"},{"time":5.9667,"name":null}]},"8":{"attachment":[{"time":0.1,"name":null},{"time":1.2667,"name":"8"},{"time":1.3,"name":null},{"time":1.5333,"name":"8"},{"time":1.5667,"name":null},{"time":1.6667,"name":"8"},{"time":1.7,"name":null},{"time":1.7667,"name":"8"},{"time":1.8,"name":null},{"time":3.9333,"name":"8"},{"time":3.9667,"name":null},{"time":4.7667,"name":"8"},{"time":4.8667,"name":null}]},"9":{"attachment":[{"time":0.5667,"name":"9"},{"time":0.6667,"name":null},{"time":1.3333,"name":"9"},{"time":1.3667,"name":null},{"time":3.6667,"name":"9"},{"time":3.7,"name":null},{"time":5.4667,"name":"9"},{"time":5.5667,"name":null}]},"10":{"attachment":[{"time":0.8667,"name":"10"},{"time":0.9667,"name":null},{"time":1.0333,"name":"10"},{"time":1.0667,"name":null},{"time":1.4333,"name":"10"},{"time":1.4667,"name":null},{"time":2.3667,"name":"10"},{"time":2.4667,"name":null},{"time":2.6,"name":"10"},{"time":2.7,"name":null},{"time":3.0333,"name":"10"},{"time":3.1667,"name":null},{"time":3.3333,"name":"10"},{"time":3.3667,"name":null},{"time":3.5333,"name":"10"},{"time":3.5667,"name":null},{"time":3.7333,"name":"10"},{"time":3.7667,"name":null},{"time":5.5667,"name":"10"},{"time":5.6667,"name":null},{"time":5.7667,"name":"10"},{"time":5.8667,"name":null},{"time":6.4667,"name":"10"},{"time":6.5667,"name":null},{"time":6.9667,"name":"10"}]},"12":{"attachment":[{"time":0.1,"name":"12"},{"time":0.2,"name":null},{"time":1.5667,"name":"12"},{"time":1.6,"name":null},{"time":1.7,"name":"12"},{"time":1.7333,"name":null},{"time":4.3667,"name":"12"},{"time":4.4667,"name":null},{"time":6.0667,"name":"12"},{"time":6.1667,"name":null}]},"13":{"attachment":[{"time":2.7,"name":"13"},{"time":2.8,"name":null},{"time":6.3667,"name":"13"},{"time":6.4667,"name":null}]}}}}},[0]]],0,0,[0],[-1],[0]]
