[1,["65infyNOVP+KET3QZFT5tX@6c48a"],0,[["sp.SkeletonData",["_name","_atlasText","textureNames","_skeletonJson","textures"],-1,3]],[[0,0,1,2,3,4,5]],[[0,"Sound_1_PC","\r\nSound_1_PC.png\r\nsize: 1664, 491\r\nformat: RGBA8888\r\nfilter: Linear, Linear\r\nrepeat: none\r\n1\r\n  rotate: true\r\n  xy: 2, 328\r\n  size: 161, 275\r\n  orig: 161, 275\r\n  offset: 0, 0\r\n  index: -1\r\n10\r\n  rotate: true\r\n  xy: 279, 328\r\n  size: 161, 275\r\n  orig: 161, 275\r\n  offset: 0, 0\r\n  index: -1\r\n11\r\n  rotate: true\r\n  xy: 556, 328\r\n  size: 161, 275\r\n  orig: 161, 275\r\n  offset: 0, 0\r\n  index: -1\r\n12\r\n  rotate: true\r\n  xy: 833, 328\r\n  size: 161, 275\r\n  orig: 161, 275\r\n  offset: 0, 0\r\n  index: -1\r\n13\r\n  rotate: true\r\n  xy: 1110, 328\r\n  size: 161, 275\r\n  orig: 161, 275\r\n  offset: 0, 0\r\n  index: -1\r\n14\r\n  rotate: true\r\n  xy: 1387, 328\r\n  size: 161, 275\r\n  orig: 161, 275\r\n  offset: 0, 0\r\n  index: -1\r\n15\r\n  rotate: true\r\n  xy: 2, 165\r\n  size: 161, 275\r\n  orig: 161, 275\r\n  offset: 0, 0\r\n  index: -1\r\n16\r\n  rotate: true\r\n  xy: 279, 165\r\n  size: 161, 275\r\n  orig: 161, 275\r\n  offset: 0, 0\r\n  index: -1\r\n17\r\n  rotate: true\r\n  xy: 556, 165\r\n  size: 161, 275\r\n  orig: 161, 275\r\n  offset: 0, 0\r\n  index: -1\r\n18\r\n  rotate: true\r\n  xy: 833, 165\r\n  size: 161, 275\r\n  orig: 161, 275\r\n  offset: 0, 0\r\n  index: -1\r\n2\r\n  rotate: true\r\n  xy: 1110, 165\r\n  size: 161, 275\r\n  orig: 161, 275\r\n  offset: 0, 0\r\n  index: -1\r\n3\r\n  rotate: true\r\n  xy: 1387, 165\r\n  size: 161, 275\r\n  orig: 161, 275\r\n  offset: 0, 0\r\n  index: -1\r\n4\r\n  rotate: true\r\n  xy: 2, 2\r\n  size: 161, 275\r\n  orig: 161, 275\r\n  offset: 0, 0\r\n  index: -1\r\n5\r\n  rotate: true\r\n  xy: 279, 2\r\n  size: 161, 275\r\n  orig: 161, 275\r\n  offset: 0, 0\r\n  index: -1\r\n6\r\n  rotate: true\r\n  xy: 556, 2\r\n  size: 161, 275\r\n  orig: 161, 275\r\n  offset: 0, 0\r\n  index: -1\r\n7\r\n  rotate: true\r\n  xy: 833, 2\r\n  size: 161, 275\r\n  orig: 161, 275\r\n  offset: 0, 0\r\n  index: -1\r\n8\r\n  rotate: true\r\n  xy: 1110, 2\r\n  size: 161, 275\r\n  orig: 161, 275\r\n  offset: 0, 0\r\n  index: -1\r\n9\r\n  rotate: true\r\n  xy: 1387, 2\r\n  size: 161, 275\r\n  orig: 161, 275\r\n  offset: 0, 0\r\n  index: -1\r\n",["Sound_1_PC.png"],{"skeleton":{"hash":"xSn02noezNA","spine":"3.8-from-4.0-from-4.1-from-4.2.38","images":"C:\\Users\\006\\Desktop\\222","audio":"./audio"},"bones":[{"name":"root"},{"name":"bone","parent":"root","x":-1.07,"y":-19.33}],"slots":[{"name":"1","bone":"bone","attachment":"1"},{"name":"2","bone":"bone"},{"name":"3","bone":"bone"},{"name":"4","bone":"bone"},{"name":"5","bone":"bone"},{"name":"6","bone":"bone"},{"name":"7","bone":"bone"},{"name":"8","bone":"bone"},{"name":"9","bone":"bone"},{"name":"10","bone":"bone"},{"name":"11","bone":"bone"},{"name":"12","bone":"bone"},{"name":"13","bone":"bone"},{"name":"14","bone":"bone"},{"name":"15","bone":"bone"},{"name":"16","bone":"bone"},{"name":"17","bone":"bone"},{"name":"18","bone":"bone"}],"skins":[{"name":"default","attachments":{"1":{"1":{"x":1.07,"y":154.75,"width":161,"height":275}},"2":{"2":{"x":1.07,"y":154.75,"width":161,"height":275}},"3":{"3":{"x":1.07,"y":154.75,"width":161,"height":275}},"4":{"4":{"x":1.07,"y":154.75,"width":161,"height":275}},"5":{"5":{"x":1.07,"y":154.75,"width":161,"height":275}},"6":{"6":{"x":1.07,"y":154.75,"width":161,"height":275}},"7":{"7":{"x":1.07,"y":154.75,"width":161,"height":275}},"8":{"8":{"x":1.07,"y":154.75,"width":161,"height":275}},"9":{"9":{"x":1.07,"y":154.75,"width":161,"height":275}},"10":{"10":{"x":1.07,"y":154.75,"width":161,"height":275}},"11":{"11":{"x":1.07,"y":154.75,"width":161,"height":275}},"12":{"12":{"x":1.07,"y":154.75,"width":161,"height":275}},"13":{"13":{"x":1.07,"y":154.75,"width":161,"height":275}},"14":{"14":{"x":1.07,"y":154.75,"width":161,"height":275}},"15":{"15":{"x":1.07,"y":154.75,"width":161,"height":275}},"16":{"16":{"x":1.07,"y":154.75,"width":161,"height":275}},"17":{"17":{"x":1.07,"y":154.75,"width":161,"height":275}},"18":{"18":{"x":1.07,"y":154.75,"width":161,"height":275}}}}],"animations":{"Sound_1":{"slots":{"1":{"attachment":[{"time":0.2,"name":null},{"time":0.4,"name":"1"},{"time":1.0667,"name":null}]},"2":{"attachment":[{"time":1.0667,"name":"2"},{"time":1.2667,"name":null}]},"3":{"attachment":[{"time":1.2667,"name":"3"},{"time":1.5333,"name":null}]},"4":{"attachment":[{"time":1.5333,"name":"4"},{"time":1.8,"name":null}]},"5":{"attachment":[{"time":1.8,"name":"5"},{"time":2.1333,"name":null}]},"6":{"attachment":[{"time":2.1333,"name":"6"},{"time":2.4667,"name":null}]},"7":{"attachment":[{"time":2.4667,"name":"7"},{"time":2.8,"name":null}]},"8":{"attachment":[{"time":2.8,"name":"8"},{"time":3.0667,"name":null},{"time":3.3667,"name":"8"},{"time":3.6667,"name":null}]},"9":{"attachment":[{"time":3.0667,"name":"9"},{"time":3.3667,"name":null}]},"10":{"attachment":[{"time":3.6667,"name":"10"},{"time":3.9667,"name":null},{"time":4.2667,"name":"10"},{"time":4.5333,"name":null},{"time":4.8,"name":"10"}]},"11":{"attachment":[{"time":3.9667,"name":"11"},{"time":4.2667,"name":null},{"time":4.5333,"name":"11"},{"time":4.8,"name":null}]},"18":{"attachment":[{"time":0.2,"name":"18"},{"time":0.4,"name":null}]}}},"Sound_2":{"slots":{"1":{"attachment":[{"name":null},{"time":0.4,"name":"1"},{"time":1.0667,"name":null},{"time":4.8,"name":"1"}]},"5":{"attachment":[{"time":1.8,"name":"5"},{"time":2.1333,"name":null}]},"10":{"attachment":[{"time":2.4667,"name":"10"},{"time":2.8,"name":null},{"time":3.0667,"name":"10"},{"time":3.3667,"name":null},{"time":3.6667,"name":"10"},{"time":3.9,"name":null}]},"11":{"attachment":[{"time":2.1333,"name":"11"},{"time":2.4667,"name":null},{"time":2.8,"name":"11"},{"time":3.0667,"name":null},{"time":3.3667,"name":"11"},{"time":3.6667,"name":null}]},"12":{"attachment":[{"name":"12"},{"time":0.2,"name":null}]},"13":{"attachment":[{"time":0.2,"name":"13"},{"time":1.0667,"name":null}]},"14":{"attachment":[{"time":1.0667,"name":"14"},{"time":1.2667,"name":null},{"time":1.5333,"name":"14"},{"time":1.8,"name":null}]},"15":{"attachment":[{"time":1.2667,"name":"15"},{"time":1.5333,"name":null},{"time":1.8,"name":"15"},{"time":2.1333,"name":null}]},"16":{"attachment":[{"time":3.9,"name":"16"},{"time":4.3,"name":null}]},"17":{"attachment":[{"time":4.3,"name":"17"},{"time":4.8,"name":null}]}}}}},[0]]],0,0,[0],[-1],[0]]
