[1,["0aEwHVXcBBCZ286Q2hTdls@6c48a"],0,[["sp.SkeletonData",["_name","_atlasText","textureNames","_skeletonJson","textures"],-1,3]],[[0,0,1,2,3,4,5]],[[0,"bogo","\r\nbogo.png\r\nsize: 714, 183\r\nformat: RGBA8888\r\nfilter: Linear, Linear\r\nrepeat: none\r\nbogo/meo_bogo_dau\r\n  rotate: false\r\n  xy: 2, 2\r\n  size: 265, 179\r\n  orig: 265, 179\r\n  offset: 0, 0\r\n  index: -1\r\nbogo/meo_bogo_duoi\r\n  rotate: true\r\n  xy: 524, 61\r\n  size: 67, 45\r\n  orig: 67, 45\r\n  offset: 0, 0\r\n  index: -1\r\nbogo/meo_bogo_mat\r\n  rotate: false\r\n  xy: 382, 81\r\n  size: 140, 47\r\n  orig: 140, 47\r\n  offset: 0, 0\r\n  index: -1\r\nbogo/meo_bogo_mieng1\r\n  rotate: true\r\n  xy: 524, 17\r\n  size: 42, 69\r\n  orig: 42, 69\r\n  offset: 0, 0\r\n  index: -1\r\nbogo/meo_bogo_mieng2\r\n  rotate: true\r\n  xy: 462, 10\r\n  size: 69, 60\r\n  orig: 69, 60\r\n  offset: 0, 0\r\n  index: -1\r\nbogo/meo_bogo_mieng3\r\n  rotate: true\r\n  xy: 382, 13\r\n  size: 66, 78\r\n  orig: 66, 78\r\n  offset: 0, 0\r\n  index: -1\r\nbogo/meo_bogo_nguoi1\r\n  rotate: false\r\n  xy: 269, 2\r\n  size: 24, 23\r\n  orig: 24, 23\r\n  offset: 0, 0\r\n  index: -1\r\nbogo/meo_bogo_nguoi2\r\n  rotate: true\r\n  xy: 571, 111\r\n  size: 17, 16\r\n  orig: 17, 16\r\n  offset: 0, 0\r\n  index: -1\r\nbogo/meo_bogo_tay1\r\n  rotate: false\r\n  xy: 595, 35\r\n  size: 33, 39\r\n  orig: 33, 39\r\n  offset: 0, 0\r\n  index: -1\r\nbogo/meo_bogo_tay2\r\n  rotate: false\r\n  xy: 630, 35\r\n  size: 33, 39\r\n  orig: 33, 39\r\n  offset: 0, 0\r\n  index: -1\r\nbogo/meo_bogo_than\r\n  rotate: false\r\n  xy: 269, 27\r\n  size: 111, 154\r\n  orig: 111, 154\r\n  offset: 0, 0\r\n  index: -1\r\nbogo/meo_bogo_xo\r\n  rotate: true\r\n  xy: 589, 76\r\n  size: 105, 123\r\n  orig: 105, 123\r\n  offset: 0, 0\r\n  index: -1\r\nmeo_idle_raup\r\n  rotate: false\r\n  xy: 665, 43\r\n  size: 38, 31\r\n  orig: 40, 33\r\n  offset: 1, 1\r\n  index: -1\r\nmeo_idle_raut\r\n  rotate: false\r\n  xy: 595, 2\r\n  size: 38, 31\r\n  orig: 40, 33\r\n  offset: 1, 1\r\n  index: -1\r\nshadow\r\n  rotate: false\r\n  xy: 382, 130\r\n  size: 205, 51\r\n  orig: 207, 53\r\n  offset: 1, 1\r\n  index: -1\r\n",["bogo.png"],{"skeleton":{"hash":"oCLxwC9mbLI","spine":"3.8-from-4.0-from-4.1-from-4.2.38","x":-134.74,"y":-7.45,"width":265,"height":340.89,"images":"C:/Users/006/Desktop/222","audio":"./images/20Track 3/"},"bones":[{"name":"root"},{"name":"bone","parent":"root","icon":"arrows"},{"name":"bone2","parent":"bone","length":137.48,"rotation":90},{"name":"bone2b2","parent":"bone2","length":116.41,"rotation":0.52,"x":142.79,"y":3.1},{"name":"bone2b3","parent":"bone2","length":22.23,"rotation":-173.69,"x":108.44,"y":26.91},{"name":"bone2b4","parent":"bone2","length":23.25,"rotation":175.51,"x":110.6,"y":-25.5},{"name":"bone2b6","parent":"bone2b2","x":65.94,"y":1.06},{"name":"bone2b5","parent":"bone2b6","x":-28.59,"y":-8.46},{"name":"bone3","parent":"bone2","length":21.06,"rotation":-68.2,"x":43.64,"y":-41.55},{"name":"bone2b11","parent":"bone2b6","rotation":-90,"x":-23.38,"y":38.63,"icon":"suiteHearts"},{"name":"bone2b12","parent":"bone2b6","rotation":-90,"x":-21.54,"y":-43.32,"icon":"suiteHearts"},{"name":"bone2b22","parent":"bone2b5","x":-40.15,"y":-2.6},{"name":"bone2b8","parent":"bone2b2","rotation":-18.25,"x":109.24,"y":-49.3}],"slots":[{"name":"Group 67","bone":"root"},{"name":"shadow","bone":"bone"},{"name":"meo_idle_duoi","bone":"bone3","attachment":"bogo/meo_bogo_duoi"},{"name":"meo_idle_than","bone":"bone2","attachment":"bogo/meo_bogo_than"},{"name":"meo_idle_dau","bone":"bone2b2","attachment":"bogo/meo_bogo_dau"},{"name":"meo_ech_mat","bone":"bone2b6","attachment":"bogo/meo_bogo_mat"},{"name":"meo_chumchoe2_nguoi1","bone":"bone2b11","attachment":"bogo/meo_bogo_nguoi1"},{"name":"meo_chumchoe2_nguoi2","bone":"bone2b12","attachment":"bogo/meo_bogo_nguoi2"},{"name":"meo_idle_mieng","bone":"bone2b5","attachment":"bogo/meo_bogo_mieng1"},{"name":"meo_idle_tayt1","bone":"bone2b3","attachment":"bogo/meo_bogo_tay1"},{"name":"meo_idle_tayp1","bone":"bone2b4","attachment":"bogo/meo_bogo_tay2"},{"name":"meo_idle_raut2","bone":"bone2b2","attachment":"meo_idle_raut2"},{"name":"meo_idle_raup2","bone":"bone2b2","attachment":"meo_idle_raup2"},{"name":"meo_idle_bc10","bone":"bone2b6"},{"name":"meo_ech_mieng2","bone":"bone2b5"},{"name":"meo_bogo_mieng3","bone":"bone2b5"},{"name":"meo_bogo_xo","bone":"bone2b8","attachment":"bogo/meo_bogo_xo"},{"name":"demo","bone":"root","color":"ffffff9a"}],"skins":[{"name":"default","attachments":{"meo_bogo_mieng3":{"bogo/meo_bogo_mieng3":{"type":"mesh","hull":28,"width":66,"height":78,"uvs":[0.55975,0.09909,0.52308,0.10589,0.55166,0.21214,0.64862,0.21152,0.7936,0.21059,0.88847,0.30077,0.88844,0.42674,0.88842,0.5527,0.88955,0.63608,1,0.63135,1,0.89456,0.9319,0.94728,0.86379,1,0.14995,1,0.07497,0.92336,0,0.84672,0,0.73302,0.11485,0.71938,0.11625,0.61983,0.11492,0.45893,0.11359,0.29802,0.21993,0.20586,0.34328,0.20729,0.46664,0.20871,0.44892,0.11964,0.33809,0.1402,0.33202,0,0.55773,0,0.1335,0.81398,0.24429,0.89698,0.76747,0.89643,0.86491,0.81405,0.17299,0.78959,0.16914,0.32926,0.25016,0.25744,0.70416,0.25961,0.82892,0.32926,0.83149,0.76348,0.7466,0.84945,0.26945,0.84945],"triangles":[23,1,2,34,21,22,35,3,4,2,3,35,23,2,35,34,22,23,35,34,23,20,21,34,36,4,5,35,4,36,33,20,34,6,36,5,19,20,33,7,36,6,18,33,32,37,36,7,37,7,8,18,19,33,32,33,39,17,18,32,28,17,32,31,37,8,28,15,16,28,16,17,35,37,39,37,35,36,38,37,31,35,33,34,38,39,37,35,39,33,31,8,9,10,31,9,30,38,31,29,32,39,28,32,29,30,29,39,30,39,38,14,15,28,14,28,29,11,31,10,30,31,11,13,14,29,12,30,11,13,29,30,12,13,30,27,24,26,1,27,0,1,24,27,25,26,24,23,24,1],"vertices":[1,7,-3.56,-7.39,1,1,7,-4.07,-4.96,1,1,11,27.78,-4.17,1,1,11,27.77,-10.57,1,1,11,27.76,-20.14,1,1,11,20.67,-26.34,1,1,11,10.84,-26.25,1,1,11,1.02,-26.16,1,1,11,-5.49,-26.17,1,2,7,-45.34,-36.06,0.00066,11,-5.18,-33.47,0.99934,1,11,-25.71,-33.28,1,1,11,-29.79,-28.75,1,1,11,-33.86,-24.22,1,1,11,-33.43,22.9,1,1,11,-27.41,27.79,1,1,11,-21.38,32.68,1,1,11,-12.52,32.6,1,2,7,-51.67,22.42,0.00088,11,-11.52,25.01,0.99912,1,11,-3.76,24.85,1,1,11,8.79,24.82,1,1,11,21.34,24.8,1,1,11,28.47,17.71,1,1,11,28.28,9.57,1,1,11,28.1,1.43,1,1,7,-5.1,-0.06,1,1,7,-6.63,7.27,1,1,7,4.3,7.57,1,2,7,4.17,-7.32,0.99928,11,44.32,-4.73,0.00072,1,11,-18.91,23.85,1,1,11,-25.45,16.6,1,1,11,-25.72,-17.93,1,1,11,-19.35,-24.42,1,2,7,-57.19,18.63,0.00007,11,-17.03,21.23,0.99993,1,11,18.88,21.15,1,1,11,24.43,15.76,1,1,11,23.99,-14.21,1,1,11,18.48,-22.39,1,2,7,-55.54,-24.85,0.00029,11,-15.39,-22.25,0.99971,1,11,-22.04,-16.59,1,1,11,-21.76,14.9,1],"edges":[52,50,52,54,0,54,50,48,48,46,0,2,2,48,2,4,8,10,42,40,30,32,24,26,18,20,32,34,34,36,14,16,16,18,26,28,28,30,20,22,22,24,10,12,12,14,36,38,38,40,42,44,44,46,4,6,6,8,34,56,56,58,58,60,60,62,62,16,64,66,66,68,68,70,70,72,72,74,74,76,76,78,78,64]}},"meo_bogo_xo":{"bogo/meo_bogo_xo":{"x":19.39,"y":3.29,"rotation":-72.27,"width":105,"height":123}},"meo_chumchoe2_nguoi1":{"bogo/meo_bogo_nguoi1":{"x":-0.05,"y":0.08,"rotation":-0.52,"width":24,"height":23}},"meo_chumchoe2_nguoi2":{"bogo/meo_bogo_nguoi2":{"x":0.09,"y":0.98,"rotation":-0.52,"width":17,"height":16}},"meo_ech_mat":{"bogo/meo_bogo_mat":{"x":-24.85,"y":-6,"rotation":-90.52,"width":140,"height":47}},"meo_ech_mieng2":{"bogo/meo_bogo_mieng2":{"type":"mesh","hull":18,"width":69,"height":60,"uvs":[0.55515,0.10111,0.52307,0.11513,0.55975,0.28774,0.71044,0.3831,0.88968,0.57982,1,0.76561,1,0.8828,0.75968,0.95363,0.43231,0.99999,0,1,0,0.87196,0.18554,0.63015,0.34028,0.4457,0.47791,0.28492,0.45701,0.144,0.35888,0.1869,0.35607,0.00001,0.55495,0.00001,0.0566,0.92604,0.19581,0.72031,0.39375,0.48047,0.52335,0.33833,0.67455,0.45011,0.85216,0.65574,0.96496,0.8172,0.73575,0.8793,0.42135,0.93174],"triangles":[21,13,2,20,12,13,22,2,3,21,2,22,21,20,13,22,3,4,23,22,4,20,19,11,20,11,12,23,4,5,24,23,5,10,11,19,25,22,23,25,23,24,24,5,6,18,10,19,20,25,26,22,20,21,25,20,22,19,20,26,18,19,26,7,25,24,7,24,6,8,26,25,8,25,7,9,10,18,8,9,18,8,18,26,13,1,2,17,14,16,1,17,0,1,14,17,15,16,14,13,14,1],"vertices":[1,7,-1.88,-6.8,1,1,7,-2.71,-4.58,1,1,11,27.07,-4.42,1,1,11,21.25,-14.76,1,1,11,9.34,-27.02,1,2,7,-42.03,-37.13,0.00173,11,-1.88,-34.53,0.99827,2,7,-49.06,-37.07,0.00001,11,-8.91,-34.47,0.99999,1,11,-13.01,-17.85,1,1,11,-15.58,4.76,1,1,11,-15.31,34.59,1,1,11,-7.63,34.52,1,1,11,6.76,21.59,1,1,11,17.73,10.81,1,1,11,27.29,1.23,1,1,7,-4.4,0,1,1,7,-6.91,6.79,1,1,7,4.31,6.88,1,1,7,4.18,-6.84,1,1,11,-10.91,30.65,1,1,11,1.35,20.93,1,1,11,15.61,7.14,1,1,11,24.06,-1.88,1,1,11,17.26,-12.25,1,1,11,4.81,-24.39,1,2,7,-45.11,-34.68,0.0008,11,-4.95,-32.09,0.9992,2,7,-48.69,-18.84,0.0008,11,-8.53,-16.24,0.9992,1,11,-11.48,5.48,1],"edges":[32,30,32,34,0,34,30,28,28,26,0,2,2,28,2,4,18,20,20,22,26,24,24,22,6,4,10,8,8,6,10,12,14,12,14,16,16,18,36,38,38,40,40,42,42,44,44,46,46,48,48,50,50,52,52,36]}},"meo_idle_dau":{"bogo/meo_bogo_dau":{"x":66.05,"y":-1.46,"rotation":-90.52,"width":265,"height":179}},"meo_idle_duoi":{"bogo/meo_bogo_duoi":{"x":31.9,"y":5.89,"rotation":-21.8,"width":67,"height":45}},"meo_idle_mieng":{"bogo/meo_bogo_mieng1":{"type":"mesh","hull":23,"width":42,"height":69,"uvs":[0.46726,0.09795,0.40207,0.11164,0.46268,0.23537,0.64223,0.24898,0.81821,0.34447,0.90815,0.45883,0.92706,0.63861,1,0.72802,0.99999,0.80792,0.86911,0.92947,0.70988,1,0.28446,1,0.12171,0.93392,0,0.8502,0,0.65373,0,0.45725,0.05702,0.3698,0.18802,0.28405,0.33422,0.24108,0.30281,0.13248,0.13835,0.16701,0.1223,0,0.46039,0,0.15176,0.79732,0.38411,0.88795,0.57391,0.87998,0.7719,0.78935,0.10896,0.70255,0.06631,0.5199,0.20796,0.35023,0.39074,0.28533,0.66796,0.315,0.81724,0.4652,0.83704,0.62281,0.27803,0.8101,0.52479,0.82493,0.72737,0.74798],"triangles":[2,18,1,30,18,2,4,31,3,2,3,31,30,2,31,30,29,17,30,17,18,16,17,29,32,31,4,32,4,5,28,16,29,15,16,28,33,32,5,33,5,6,14,15,28,36,27,28,14,28,27,31,32,30,32,28,29,26,6,7,6,36,33,6,26,36,27,34,23,32,29,30,28,32,33,28,33,36,14,27,23,8,26,7,27,35,34,36,35,27,13,14,23,26,25,35,26,35,36,24,34,35,24,35,25,23,34,24,9,26,8,25,26,9,12,13,23,12,23,24,11,12,24,10,25,9,11,24,25,10,11,25,22,19,21,1,22,0,1,19,22,20,21,19,18,19,1],"vertices":[1,7,-2.64,-7.08,1,1,7,-3.56,-4.33,1,1,11,28.04,-4.21,1,1,11,27.03,-11.74,1,1,11,20.38,-19.07,1,1,11,12.45,-22.77,1,1,11,0.04,-23.46,1,1,11,-6.16,-26.46,1,2,7,-51.83,-29.01,0.00062,11,-11.67,-26.41,0.99938,1,11,-20.01,-20.84,1,1,11,-24.81,-14.11,1,1,11,-24.65,3.76,1,1,11,-20.03,10.55,1,1,11,-14.21,15.61,1,1,11,-0.65,15.49,1,1,11,12.91,15.37,1,1,11,18.92,12.92,1,1,11,24.79,7.36,1,1,11,27.69,1.19,1,1,7,-4.96,-0.15,1,1,7,-7.28,6.78,1,1,7,4.25,7.35,1,1,7,4.13,-6.85,1,1,11,-10.61,9.21,1,1,11,-16.96,-0.5,1,1,11,-16.48,-8.47,1,1,11,-10.3,-16.84,1,1,11,-4.06,10.94,1,1,11,8.56,12.62,1,1,11,20.21,6.56,1,1,11,24.62,-1.15,1,1,11,22.47,-12.78,1,1,11,12.05,-18.95,1,1,11,1.16,-19.68,1,1,11,-11.54,3.91,1,1,11,-12.66,-6.44,1,2,7,-47.59,-17.6,0.00227,11,-7.43,-15,0.99773],"edges":[42,40,42,44,0,44,40,38,38,36,0,2,2,38,2,4,4,6,6,8,8,10,10,12,12,14,30,32,32,34,34,36,20,22,14,16,22,24,24,26,16,18,18,20,26,28,28,30,28,46,46,48,48,50,50,52,52,12,54,56,56,58,58,60,60,62,62,64,64,66,54,68,68,70,70,72,72,66]}},"meo_idle_raup2":{"meo_idle_raup2":{"path":"meo_idle_raup","x":7.38,"y":-87.16,"rotation":-90.52,"width":40,"height":33}},"meo_idle_raut2":{"meo_idle_raut2":{"path":"meo_idle_raut","x":3.01,"y":91.89,"rotation":-90.52,"width":40,"height":33}},"meo_idle_tayp1":{"bogo/meo_bogo_tay2":{"x":33.07,"y":-1.45,"rotation":94.49,"width":33,"height":39}},"meo_idle_tayt1":{"bogo/meo_bogo_tay1":{"x":30.98,"y":4.9,"rotation":83.69,"width":33,"height":39}},"meo_idle_than":{"bogo/meo_bogo_than":{"x":69.55,"y":0.37,"rotation":-90,"width":111,"height":154}},"shadow":{"shadow":{"x":-5.98,"y":8.98,"width":207,"height":53}}}}],"events":{"10. Bộ gõ":{"audio":"10. Bộ gõ.mp3"}},"animations":{"1_play":{"slots":{"meo_bogo_mieng3":{"attachment":[{"name":"bogo/meo_bogo_mieng3"},{"time":0.3333,"name":null},{"time":0.6667,"name":"bogo/meo_bogo_mieng3"},{"time":1,"name":null},{"time":1.6,"name":"bogo/meo_bogo_mieng3"},{"time":1.8333,"name":null},{"time":2.6,"name":"bogo/meo_bogo_mieng3"},{"time":2.9333,"name":null},{"time":3.0667,"name":"bogo/meo_bogo_mieng3"},{"time":3.2667,"name":null},{"time":3.7333,"name":"bogo/meo_bogo_mieng3"},{"time":4.2,"name":null},{"time":4.3333,"name":"bogo/meo_bogo_mieng3"},{"time":4.5,"name":null},{"time":4.8,"name":"bogo/meo_bogo_mieng3"},{"time":5.1333,"name":null},{"time":5.5,"name":"bogo/meo_bogo_mieng3"},{"time":5.8,"name":null},{"time":6.1333,"name":"bogo/meo_bogo_mieng3"},{"time":6.3333,"name":null},{"time":6.8667,"name":"bogo/meo_bogo_mieng3"},{"time":7.0667,"name":null},{"time":7.6667,"name":"bogo/meo_bogo_mieng3"},{"time":7.8,"name":null},{"time":8.1333,"name":"bogo/meo_bogo_mieng3"},{"time":8.2667,"name":null},{"time":8.3333,"name":"bogo/meo_bogo_mieng3"},{"time":8.6,"name":null},{"time":9,"name":"bogo/meo_bogo_mieng3"},{"time":9.4667,"name":null}]},"meo_ech_mieng2":{"attachment":[{"time":0.3333,"name":"bogo/meo_bogo_mieng2"},{"time":0.5,"name":null},{"time":1,"name":"bogo/meo_bogo_mieng2"},{"time":1.3333,"name":null},{"time":1.8333,"name":"bogo/meo_bogo_mieng2"},{"time":1.9667,"name":null},{"time":2.9333,"name":"bogo/meo_bogo_mieng2"},{"time":3.0667,"name":null},{"time":3.5333,"name":"bogo/meo_bogo_mieng2"},{"time":3.7333,"name":null},{"time":4.2,"name":"bogo/meo_bogo_mieng2"},{"time":4.3333,"name":null},{"time":4.5,"name":"bogo/meo_bogo_mieng2"},{"time":4.5333,"name":null},{"time":5.1333,"name":"bogo/meo_bogo_mieng2"},{"time":5.3333,"name":null},{"time":5.8,"name":"bogo/meo_bogo_mieng2"},{"time":6.1333,"name":null},{"time":6.3333,"name":"bogo/meo_bogo_mieng2"},{"time":6.8667,"name":null},{"time":7.8,"name":"bogo/meo_bogo_mieng2"},{"time":8,"name":null},{"time":8.2667,"name":"bogo/meo_bogo_mieng2"},{"time":8.3333,"name":null},{"time":8.6,"name":"bogo/meo_bogo_mieng2"},{"time":9,"name":null},{"time":9.4667,"name":"bogo/meo_bogo_mieng2"}]},"meo_idle_mieng":{"attachment":[{"time":0.3333,"name":null},{"time":0.5,"name":"bogo/meo_bogo_mieng1"},{"time":0.6667,"name":null},{"time":1.3333,"name":"bogo/meo_bogo_mieng1"},{"time":1.6,"name":null},{"time":1.9667,"name":"bogo/meo_bogo_mieng1"},{"time":2.6,"name":null},{"time":3.2667,"name":"bogo/meo_bogo_mieng1"},{"time":3.5333,"name":null},{"time":4.5333,"name":"bogo/meo_bogo_mieng1"},{"time":4.8,"name":null},{"time":5.3333,"name":"bogo/meo_bogo_mieng1"},{"time":5.5,"name":null},{"time":7.0667,"name":"bogo/meo_bogo_mieng1"},{"time":7.6667,"name":null},{"time":8,"name":"bogo/meo_bogo_mieng1"},{"time":8.1333,"name":null}]}},"bones":{"bone":{"translate":[{"time":10.1}]},"bone2b22":{"scale":[{},{"time":0.0667,"x":1.212,"y":1.212},{"time":0.1333},{"time":0.2,"x":1.212,"y":1.212},{"time":0.2667,"curve":"stepped"},{"time":0.3333},{"time":0.4,"x":1.212,"y":1.212},{"time":0.4667},{"time":0.5333,"x":1.212,"y":1.212},{"time":0.6,"curve":"stepped"},{"time":0.6667},{"time":0.7333,"x":1.212,"y":1.212},{"time":0.8},{"time":0.8667,"x":1.212,"y":1.212},{"time":0.9333,"curve":"stepped"},{"time":1},{"time":1.0667,"x":1.212,"y":1.212},{"time":1.1333},{"time":1.2,"x":1.212,"y":1.212},{"time":1.2667,"curve":"stepped"},{"time":1.3333},{"time":1.4,"x":1.212,"y":1.212},{"time":1.4667},{"time":1.5333,"x":1.212,"y":1.212},{"time":1.6,"curve":"stepped"},{"time":1.6667},{"time":1.7333,"x":1.212,"y":1.212},{"time":1.8},{"time":1.8667,"x":1.212,"y":1.212},{"time":1.9333},{"time":2,"x":1.212,"y":1.212},{"time":2.6},{"time":2.6667,"x":1.212,"y":1.212},{"time":2.7333},{"time":2.8,"x":1.212,"y":1.212},{"time":2.8667,"curve":"stepped"},{"time":2.9333},{"time":3,"x":1.212,"y":1.212},{"time":3.0667},{"time":3.1333,"x":1.212,"y":1.212},{"time":3.2,"curve":"stepped"},{"time":3.2667},{"time":3.3333,"x":1.212,"y":1.212},{"time":3.4},{"time":3.4667,"x":1.212,"y":1.212},{"time":3.5333,"curve":"stepped"},{"time":3.6},{"time":3.6667,"x":1.212,"y":1.212},{"time":3.7333},{"time":3.8,"x":1.212,"y":1.212},{"time":3.8667,"curve":"stepped"},{"time":3.9333},{"time":4,"x":1.212,"y":1.212},{"time":4.0667},{"time":4.1333,"x":1.212,"y":1.212},{"time":4.2,"curve":"stepped"},{"time":4.2667},{"time":4.3333,"x":1.212,"y":1.212},{"time":4.4},{"time":4.4667,"x":1.212,"y":1.212},{"time":4.5333},{"time":4.6,"x":1.212,"y":1.212},{"time":4.8},{"time":4.8667,"x":1.212,"y":1.212},{"time":4.9333},{"time":5,"x":1.212,"y":1.212},{"time":5.0667,"curve":"stepped"},{"time":5.1333},{"time":5.2,"x":1.212,"y":1.212},{"time":5.2667},{"time":5.3333,"x":1.212,"y":1.212},{"time":5.4,"curve":"stepped"},{"time":5.4667},{"time":5.5333,"x":1.212,"y":1.212},{"time":5.6},{"time":5.6667,"x":1.212,"y":1.212},{"time":5.7333,"curve":"stepped"},{"time":5.8},{"time":5.8667,"x":1.212,"y":1.212},{"time":5.9333},{"time":6,"x":1.212,"y":1.212},{"time":6.0667,"curve":"stepped"},{"time":6.1333},{"time":6.2,"x":1.212,"y":1.212},{"time":6.2667},{"time":6.3333,"x":1.212,"y":1.212},{"time":6.4,"curve":"stepped"},{"time":6.4667},{"time":6.5333,"x":1.212,"y":1.212},{"time":6.6},{"time":6.6667,"x":1.212,"y":1.212},{"time":6.7333},{"time":6.8,"x":1.212,"y":1.212},{"time":6.8667},{"time":6.9333,"x":1.212,"y":1.212},{"time":7},{"time":7.0667,"x":1.212,"y":1.212},{"time":7.1333},{"time":7.2,"x":1.212,"y":1.212},{"time":7.6667},{"time":7.7333,"x":1.212,"y":1.212},{"time":7.8},{"time":7.8667,"x":1.212,"y":1.212},{"time":7.9333,"curve":"stepped"},{"time":8},{"time":8.0667,"x":1.212,"y":1.212},{"time":8.1333},{"time":8.2,"x":1.212,"y":1.212},{"time":8.2667,"curve":"stepped"},{"time":8.3333},{"time":8.4,"x":1.212,"y":1.212},{"time":8.4667},{"time":8.5333,"x":1.212,"y":1.212},{"time":8.6,"curve":"stepped"},{"time":8.6667},{"time":8.7333,"x":1.212,"y":1.212},{"time":8.8},{"time":8.8667,"x":1.212,"y":1.212},{"time":8.9333,"curve":"stepped"},{"time":9},{"time":9.0667,"x":1.212,"y":1.212},{"time":9.1333},{"time":9.2,"x":1.212,"y":1.212},{"time":9.2667,"curve":"stepped"},{"time":9.3333},{"time":9.4,"x":1.212,"y":1.212},{"time":9.4667},{"time":9.5333,"x":1.212,"y":1.212},{"time":9.6},{"time":9.6667,"x":1.212,"y":1.212},{"time":9.7333},{"time":9.8,"x":1.212,"y":1.212},{"time":9.8667},{"time":9.9333,"x":1.212,"y":1.212},{"time":10},{"time":10.0667,"x":1.212,"y":1.212}]},"bone2b2":{"rotate":[{},{"time":0.0667,"angle":-5.43,"curve":"stepped"},{"time":1.9333,"angle":-5.43},{"time":2,"curve":"stepped"},{"time":2.6},{"time":2.6667,"angle":7.62,"curve":"stepped"},{"time":4.5333,"angle":7.62},{"time":4.6,"curve":"stepped"},{"time":4.8},{"time":4.8667,"angle":-5.43,"curve":"stepped"},{"time":7.2,"angle":-5.43},{"time":7.2667,"curve":"stepped"},{"time":7.6},{"time":7.6667,"angle":7.62,"curve":"stepped"},{"time":10,"angle":7.62},{"time":10.0667}],"translate":[{},{"time":0.0667,"x":5.42,"y":0.05},{"time":0.1333},{"time":0.2,"x":5.42,"y":0.05},{"time":0.2667},{"time":0.3333,"x":5.42,"y":0.05},{"time":0.4},{"time":0.4667,"x":5.42,"y":0.05},{"time":0.5333},{"time":0.6,"x":5.42,"y":0.05},{"time":0.6667},{"time":0.7333,"x":5.42,"y":0.05},{"time":0.8},{"time":0.8667,"x":5.42,"y":0.05},{"time":0.9333},{"time":1,"x":5.42,"y":0.05},{"time":1.0667},{"time":1.1333,"x":5.42,"y":0.05},{"time":1.2},{"time":1.2667,"x":5.42,"y":0.05},{"time":1.3333},{"time":1.4,"x":5.42,"y":0.05},{"time":1.4667},{"time":1.5333,"x":5.42,"y":0.05},{"time":1.6},{"time":1.6667,"x":5.42,"y":0.05},{"time":1.7333},{"time":1.8,"x":5.42,"y":0.05},{"time":1.8667},{"time":1.9333,"x":5.42,"y":0.05},{"time":2,"curve":"stepped"},{"time":2.6},{"time":2.6667,"x":5.42,"y":0.05},{"time":2.7333},{"time":2.8,"x":5.42,"y":0.05},{"time":2.8667},{"time":2.9333,"x":5.42,"y":0.05},{"time":3},{"time":3.0667,"x":5.42,"y":0.05},{"time":3.1333},{"time":3.2,"x":5.42,"y":0.05},{"time":3.2667},{"time":3.3333,"x":5.42,"y":0.05},{"time":3.4},{"time":3.4667,"x":5.42,"y":0.05},{"time":3.5333},{"time":3.6,"x":5.42,"y":0.05},{"time":3.6667},{"time":3.7333,"x":5.42,"y":0.05},{"time":3.8},{"time":3.8667,"x":5.42,"y":0.05},{"time":3.9333},{"time":4,"x":5.42,"y":0.05},{"time":4.0667},{"time":4.1333,"x":5.42,"y":0.05},{"time":4.2},{"time":4.2667,"x":5.42,"y":0.05},{"time":4.3333},{"time":4.4,"x":5.42,"y":0.05},{"time":4.4667},{"time":4.5333,"x":5.42,"y":0.05},{"time":4.6,"curve":"stepped"},{"time":4.8},{"time":4.8667,"x":5.42,"y":0.05},{"time":4.9333},{"time":5,"x":5.42,"y":0.05},{"time":5.0667},{"time":5.1333,"x":5.42,"y":0.05},{"time":5.2},{"time":5.2667,"x":5.42,"y":0.05},{"time":5.3333},{"time":5.4,"x":5.42,"y":0.05},{"time":5.4667},{"time":5.5333,"x":5.42,"y":0.05},{"time":5.6},{"time":5.6667,"x":5.42,"y":0.05},{"time":5.7333},{"time":5.8,"x":5.42,"y":0.05},{"time":5.8667},{"time":5.9333,"x":5.42,"y":0.05},{"time":6},{"time":6.0667,"x":5.42,"y":0.05},{"time":6.1333},{"time":6.2,"x":5.42,"y":0.05},{"time":6.2667},{"time":6.3333,"x":5.42,"y":0.05},{"time":6.4},{"time":6.4667,"x":5.42,"y":0.05},{"time":6.5333},{"time":6.6,"x":5.42,"y":0.05},{"time":6.6667},{"time":6.7333,"x":5.42,"y":0.05},{"time":6.8,"curve":"stepped"},{"time":6.8667},{"time":6.9333,"x":5.42,"y":0.05},{"time":7},{"time":7.0667,"x":5.42,"y":0.05},{"time":7.1333},{"time":7.2,"x":5.42,"y":0.05},{"time":7.2667,"curve":"stepped"},{"time":7.6},{"time":7.6667,"x":5.42,"y":0.05},{"time":7.7333},{"time":7.8,"x":5.42,"y":0.05},{"time":7.8667},{"time":7.9333,"x":5.42,"y":0.05},{"time":8},{"time":8.0667,"x":5.42,"y":0.05},{"time":8.1333},{"time":8.2,"x":5.42,"y":0.05},{"time":8.2667},{"time":8.3333,"x":5.42,"y":0.05},{"time":8.4},{"time":8.4667,"x":5.42,"y":0.05},{"time":8.5333},{"time":8.6,"x":5.42,"y":0.05},{"time":8.6667},{"time":8.7333,"x":5.42,"y":0.05},{"time":8.8},{"time":8.8667,"x":5.42,"y":0.05},{"time":8.9333},{"time":9,"x":5.42,"y":0.05},{"time":9.0667},{"time":9.1333,"x":5.42,"y":0.05},{"time":9.2},{"time":9.2667,"x":5.42,"y":0.05},{"time":9.3333},{"time":9.4,"x":5.42,"y":0.05},{"time":9.4667},{"time":9.5333,"x":5.42,"y":0.05},{"time":9.6,"curve":"stepped"},{"time":9.6667},{"time":9.7333,"x":5.42,"y":0.05},{"time":9.8},{"time":9.8667,"x":5.42,"y":0.05},{"time":9.9333},{"time":10,"x":5.42,"y":0.05},{"time":10.0667}]},"bone2b11":{"translate":[{"x":-9.11},{"time":0.0667,"x":3.95},{"time":0.1667,"x":3.95,"y":-15.3},{"time":0.2333,"x":3.95,"y":3.11},{"time":0.3333,"x":3.95},{"time":0.4,"x":3.95,"y":-15.3,"curve":"stepped"},{"time":0.5,"x":3.95,"y":-15.3},{"time":0.5667,"x":3.95,"y":3.11,"curve":"stepped"},{"time":0.6667,"x":3.95,"y":3.11},{"time":0.7333,"x":-9.11,"curve":"stepped"},{"time":1,"x":-9.11},{"time":1.0667,"x":3.95,"curve":"stepped"},{"time":1.1667,"x":3.95},{"time":1.2333,"x":3.95,"y":-15.3,"curve":"stepped"},{"time":1.3333,"x":3.95,"y":-15.3},{"time":1.4,"x":3.95,"y":3.11,"curve":"stepped"},{"time":1.5,"x":3.95,"y":3.11},{"time":1.5667,"x":-9.11,"curve":"stepped"},{"time":1.6667,"x":-9.11},{"time":1.7333,"x":3.95,"curve":"stepped"},{"time":1.8333,"x":3.95},{"time":1.9,"x":3.95,"y":-15.3,"curve":"stepped"},{"time":2,"x":3.95,"y":-15.3},{"time":2.0667,"x":3.95,"y":3.11,"curve":"stepped"},{"time":2.6,"x":3.95,"y":3.11},{"time":2.6667,"x":-9.11},{"time":2.7333,"x":3.95,"curve":"stepped"},{"time":2.8333,"x":3.95},{"time":2.9,"x":3.95,"y":-15.3,"curve":"stepped"},{"time":3,"x":3.95,"y":-15.3},{"time":3.0667,"x":3.95,"y":3.11,"curve":"stepped"},{"time":3.1667,"x":3.95,"y":3.11},{"time":3.2333,"x":-9.11,"curve":"stepped"},{"time":3.3333,"x":-9.11},{"time":3.4,"x":3.95,"curve":"stepped"},{"time":3.5,"x":3.95},{"time":3.5667,"x":3.95,"y":-15.3,"curve":"stepped"},{"time":3.6667,"x":3.95,"y":-15.3},{"time":3.7333,"x":3.95,"y":3.11,"curve":"stepped"},{"time":3.8333,"x":3.95,"y":3.11},{"time":3.9,"x":-9.11,"curve":"stepped"},{"time":4,"x":-9.11},{"time":4.0667,"x":3.95,"curve":"stepped"},{"time":4.1667,"x":3.95},{"time":4.2333,"x":3.95,"y":-15.3,"curve":"stepped"},{"time":4.3333,"x":3.95,"y":-15.3},{"time":4.4,"x":3.95,"y":3.11,"curve":"stepped"},{"time":4.5,"x":3.95,"y":3.11},{"time":4.5667,"x":-9.11,"curve":"stepped"},{"time":4.8,"x":-9.11},{"time":4.8667,"x":3.95},{"time":4.9667,"x":3.95,"y":-15.3},{"time":5.0333,"x":3.95,"y":3.11},{"time":5.1333,"x":3.95},{"time":5.2,"x":3.95,"y":-15.3,"curve":"stepped"},{"time":5.3,"x":3.95,"y":-15.3},{"time":5.3667,"x":3.95,"y":3.11,"curve":"stepped"},{"time":5.4667,"x":3.95,"y":3.11},{"time":5.5333,"x":-9.11},{"time":5.6,"x":3.95},{"time":5.7,"x":3.95,"y":-15.3},{"time":5.7667,"x":3.95,"y":3.11},{"time":5.8667,"x":3.95},{"time":5.9333,"x":3.95,"y":-15.3,"curve":"stepped"},{"time":6.0333,"x":3.95,"y":-15.3},{"time":6.1,"x":3.95,"y":3.11,"curve":"stepped"},{"time":6.2,"x":3.95,"y":3.11},{"time":6.2667,"x":-9.11},{"time":6.3333,"x":3.95},{"time":6.4333,"x":3.95,"y":-15.3},{"time":6.5,"x":3.95,"y":3.11},{"time":6.6,"x":3.95},{"time":6.6667,"x":3.95,"y":-15.3,"curve":"stepped"},{"time":6.7667,"x":3.95,"y":-15.3},{"time":6.8333,"x":3.95,"y":3.11,"curve":"stepped"},{"time":6.9333,"x":3.95,"y":3.11},{"time":7,"x":-9.11},{"time":7.1,"x":3.95,"y":-15.3},{"time":7.1667,"x":3.95,"y":3.11},{"time":7.6667,"x":-9.11},{"time":7.7333,"x":3.95},{"time":7.8333,"x":3.95,"y":-15.3},{"time":7.9,"x":3.95,"y":3.11},{"time":8,"x":3.95},{"time":8.0667,"x":3.95,"y":-15.3,"curve":"stepped"},{"time":8.1667,"x":3.95,"y":-15.3},{"time":8.2333,"x":3.95,"y":3.11,"curve":"stepped"},{"time":8.3333,"x":3.95,"y":3.11},{"time":8.4,"x":-9.11},{"time":8.4667,"x":3.95},{"time":8.5667,"x":3.95,"y":-15.3},{"time":8.6333,"x":3.95,"y":3.11},{"time":8.7333,"x":3.95},{"time":8.8,"x":3.95,"y":-15.3,"curve":"stepped"},{"time":8.9,"x":3.95,"y":-15.3},{"time":8.9667,"x":3.95,"y":3.11,"curve":"stepped"},{"time":9.0667,"x":3.95,"y":3.11},{"time":9.1333,"x":-9.11},{"time":9.2,"x":3.95},{"time":9.3,"x":3.95,"y":-15.3},{"time":9.3667,"x":3.95,"y":3.11},{"time":9.4667,"x":3.95},{"time":9.5333,"x":3.95,"y":-15.3,"curve":"stepped"},{"time":9.6333,"x":3.95,"y":-15.3},{"time":9.7,"x":3.95,"y":3.11,"curve":"stepped"},{"time":9.8,"x":3.95,"y":3.11},{"time":9.8667,"x":-9.11},{"time":9.9333,"x":3.95,"y":-15.3},{"time":10,"x":3.95,"y":3.11},{"time":10.0667,"x":3.95,"y":-15.3}]},"bone2b12":{"translate":[{"x":-9.11},{"time":0.0667,"x":3.95},{"time":0.1667,"x":3.95,"y":-15.3},{"time":0.2333,"x":3.95,"y":3.11},{"time":0.3333,"x":3.95},{"time":0.4,"x":3.95,"y":-15.3,"curve":"stepped"},{"time":0.5,"x":3.95,"y":-15.3},{"time":0.5667,"x":3.95,"y":3.11,"curve":"stepped"},{"time":0.6667,"x":3.95,"y":3.11},{"time":0.7333,"x":-9.11,"curve":"stepped"},{"time":1,"x":-9.11},{"time":1.0667,"x":3.95,"curve":"stepped"},{"time":1.1667,"x":3.95},{"time":1.2333,"x":3.95,"y":-15.3,"curve":"stepped"},{"time":1.3333,"x":3.95,"y":-15.3},{"time":1.4,"x":3.95,"y":3.11,"curve":"stepped"},{"time":1.5,"x":3.95,"y":3.11},{"time":1.5667,"x":-9.11,"curve":"stepped"},{"time":1.6667,"x":-9.11},{"time":1.7333,"x":3.95,"curve":"stepped"},{"time":1.8333,"x":3.95},{"time":1.9,"x":3.95,"y":-15.3,"curve":"stepped"},{"time":2,"x":3.95,"y":-15.3},{"time":2.0667,"x":3.95,"y":3.11,"curve":"stepped"},{"time":2.6,"x":3.95,"y":3.11},{"time":2.6667,"x":-9.11},{"time":2.7333,"x":3.95,"curve":"stepped"},{"time":2.8333,"x":3.95},{"time":2.9,"x":3.95,"y":-15.3,"curve":"stepped"},{"time":3,"x":3.95,"y":-15.3},{"time":3.0667,"x":3.95,"y":3.11,"curve":"stepped"},{"time":3.1667,"x":3.95,"y":3.11},{"time":3.2333,"x":-9.11,"curve":"stepped"},{"time":3.3333,"x":-9.11},{"time":3.4,"x":3.95,"curve":"stepped"},{"time":3.5,"x":3.95},{"time":3.5667,"x":3.95,"y":-15.3,"curve":"stepped"},{"time":3.6667,"x":3.95,"y":-15.3},{"time":3.7333,"x":3.95,"y":3.11,"curve":"stepped"},{"time":3.8333,"x":3.95,"y":3.11},{"time":3.9,"x":-9.11,"curve":"stepped"},{"time":4,"x":-9.11},{"time":4.0667,"x":3.95,"curve":"stepped"},{"time":4.1667,"x":3.95},{"time":4.2333,"x":3.95,"y":-15.3,"curve":"stepped"},{"time":4.3333,"x":3.95,"y":-15.3},{"time":4.4,"x":3.95,"y":3.11,"curve":"stepped"},{"time":4.5,"x":3.95,"y":3.11},{"time":4.5667,"x":-9.11,"curve":"stepped"},{"time":4.8,"x":-9.11},{"time":4.8667,"x":3.95},{"time":4.9667,"x":3.95,"y":-15.3},{"time":5.0333,"x":3.95,"y":3.11},{"time":5.1333,"x":3.95},{"time":5.2,"x":3.95,"y":-15.3,"curve":"stepped"},{"time":5.3,"x":3.95,"y":-15.3},{"time":5.3667,"x":3.95,"y":3.11,"curve":"stepped"},{"time":5.4667,"x":3.95,"y":3.11},{"time":5.5333,"x":-9.11},{"time":5.6,"x":3.95},{"time":5.7,"x":3.95,"y":-15.3},{"time":5.7667,"x":3.95,"y":3.11},{"time":5.8667,"x":3.95},{"time":5.9333,"x":3.95,"y":-15.3,"curve":"stepped"},{"time":6.0333,"x":3.95,"y":-15.3},{"time":6.1,"x":3.95,"y":3.11,"curve":"stepped"},{"time":6.2,"x":3.95,"y":3.11},{"time":6.2667,"x":-9.11},{"time":6.3333,"x":3.95},{"time":6.4333,"x":3.95,"y":-15.3},{"time":6.5,"x":3.95,"y":3.11},{"time":6.6,"x":3.95},{"time":6.6667,"x":3.95,"y":-15.3,"curve":"stepped"},{"time":6.7667,"x":3.95,"y":-15.3},{"time":6.8333,"x":3.95,"y":3.11,"curve":"stepped"},{"time":6.9333,"x":3.95,"y":3.11},{"time":7,"x":-9.11},{"time":7.1,"x":3.95,"y":-15.3},{"time":7.1667,"x":3.95,"y":3.11},{"time":7.6667,"x":-9.11},{"time":7.7333,"x":3.95},{"time":7.8333,"x":3.95,"y":-15.3},{"time":7.9,"x":3.95,"y":3.11},{"time":8,"x":3.95},{"time":8.0667,"x":3.95,"y":-15.3,"curve":"stepped"},{"time":8.1667,"x":3.95,"y":-15.3},{"time":8.2333,"x":3.95,"y":3.11,"curve":"stepped"},{"time":8.3333,"x":3.95,"y":3.11},{"time":8.4,"x":-9.11},{"time":8.4667,"x":3.95},{"time":8.5667,"x":3.95,"y":-15.3},{"time":8.6333,"x":3.95,"y":3.11},{"time":8.7333,"x":3.95},{"time":8.8,"x":3.95,"y":-15.3,"curve":"stepped"},{"time":8.9,"x":3.95,"y":-15.3},{"time":8.9667,"x":3.95,"y":3.11,"curve":"stepped"},{"time":9.0667,"x":3.95,"y":3.11},{"time":9.1333,"x":-9.11},{"time":9.2,"x":3.95},{"time":9.3,"x":3.95,"y":-15.3},{"time":9.3667,"x":3.95,"y":3.11},{"time":9.4667,"x":3.95},{"time":9.5333,"x":3.95,"y":-15.3,"curve":"stepped"},{"time":9.6333,"x":3.95,"y":-15.3},{"time":9.7,"x":3.95,"y":3.11,"curve":"stepped"},{"time":9.8,"x":3.95,"y":3.11},{"time":9.8667,"x":-9.11},{"time":9.9333,"x":3.95,"y":-15.3},{"time":10,"x":3.95,"y":3.11},{"time":10.0667,"x":3.95,"y":-15.3}]},"bone2b8":{"rotate":[{},{"time":0.0667,"angle":7.68},{"time":0.1333},{"time":0.2,"angle":7.68},{"time":0.2667},{"time":0.3333,"angle":7.68},{"time":0.4},{"time":0.4667,"angle":7.68},{"time":0.5333},{"time":0.6,"angle":7.68},{"time":0.6667},{"time":0.7333,"angle":7.68},{"time":0.8},{"time":0.8667,"angle":7.68},{"time":0.9333},{"time":1,"angle":7.68},{"time":1.0667},{"time":1.1333,"angle":7.68},{"time":1.2},{"time":1.2667,"angle":7.68},{"time":1.3333},{"time":1.4,"angle":7.68},{"time":1.4667},{"time":1.5333,"angle":7.68},{"time":1.6},{"time":1.6667,"angle":7.68},{"time":1.7333},{"time":1.8,"angle":7.68},{"time":1.8667},{"time":1.9333,"angle":7.68},{"time":2},{"time":2.0667,"angle":7.68,"curve":"stepped"},{"time":2.6},{"time":2.6667,"angle":7.68},{"time":2.7333},{"time":2.8,"angle":7.68},{"time":2.8667},{"time":2.9333,"angle":7.68},{"time":3},{"time":3.0667,"angle":7.68},{"time":3.1333},{"time":3.2,"angle":7.68},{"time":3.2667},{"time":3.3333,"angle":7.68},{"time":3.4},{"time":3.4667,"angle":7.68},{"time":3.5333},{"time":3.6,"angle":7.68},{"time":3.6667},{"time":3.7333,"angle":7.68},{"time":3.8},{"time":3.8667,"angle":7.68},{"time":3.9333},{"time":4,"angle":7.68},{"time":4.0667},{"time":4.1333,"angle":7.68},{"time":4.2},{"time":4.2667,"angle":7.68},{"time":4.3333},{"time":4.4,"angle":7.68},{"time":4.4667},{"time":4.5333,"angle":7.68},{"time":4.6},{"time":4.6667,"angle":7.68},{"time":4.7333},{"time":4.8,"angle":7.68},{"time":4.8667},{"time":4.9333,"angle":7.68},{"time":5},{"time":5.0667,"angle":7.68},{"time":5.1333},{"time":5.2,"angle":7.68},{"time":5.2667},{"time":5.3333,"angle":7.68},{"time":5.4},{"time":5.4667,"angle":7.68},{"time":5.5333},{"time":5.6,"angle":7.68},{"time":5.6667},{"time":5.7333,"angle":7.68},{"time":5.8},{"time":5.8667,"angle":7.68},{"time":5.9333},{"time":6,"angle":7.68},{"time":6.0667},{"time":6.1333,"angle":7.68},{"time":6.2},{"time":6.2667,"angle":7.68},{"time":6.3333},{"time":6.4,"angle":7.68},{"time":6.4667},{"time":6.5333,"angle":7.68},{"time":6.6},{"time":6.6667,"angle":7.68},{"time":6.7333},{"time":6.8,"angle":7.68},{"time":6.8667},{"time":6.9333,"angle":7.68},{"time":7},{"time":7.0667,"angle":7.68},{"time":7.1333},{"time":7.2,"angle":7.68},{"time":7.2667},{"time":7.3333,"angle":7.68,"curve":"stepped"},{"time":7.7333,"angle":7.68},{"time":7.8},{"time":7.8667,"angle":7.68},{"time":7.9333},{"time":8,"angle":7.68},{"time":8.0667},{"time":8.1333,"angle":7.68},{"time":8.2},{"time":8.2667,"angle":7.68},{"time":8.3333},{"time":8.4,"angle":7.68},{"time":8.4667},{"time":8.5333,"angle":7.68},{"time":8.6},{"time":8.6667,"angle":7.68},{"time":8.7333},{"time":8.8,"angle":7.68},{"time":8.8667},{"time":8.9333,"angle":7.68},{"time":9},{"time":9.0667,"angle":7.68},{"time":9.1333},{"time":9.2,"angle":7.68},{"time":9.2667},{"time":9.3333,"angle":7.68},{"time":9.4},{"time":9.4667,"angle":7.68},{"time":9.5333},{"time":9.6,"angle":7.68},{"time":9.6667},{"time":9.7333,"angle":7.68},{"time":9.8},{"time":9.8667,"angle":7.68},{"time":9.9333},{"time":10,"angle":7.68},{"time":10.0667}]}},"events":[{"name":"10. Bộ gõ"}]},"2_idle":{"bones":{"bone2b8":{"translate":[{}]}}}}},[0]]],0,0,[0],[-1],[0]]
