[{"__type__":"cc.SpriteFrame","content":{"name":"LoadingCompleteAnimation_4","texture":"18ixADdPdHaa7yhsK1WoQ/","rect":[0,512,256,256],"offset":[0,0],"originalSize":[256,256],"capInsets":[0,0,0,0]}},{"__type__":"cc.SpriteFrame","content":{"name":"LoadingCompleteAnimation_7","texture":"18ixADdPdHaa7yhsK1WoQ/","rect":[256,768,256,256],"offset":[0,0],"originalSize":[256,256],"capInsets":[0,0,0,0]}},{"__type__":"cc.SpriteFrame","content":{"name":"LoadingCompleteAnimation_2","texture":"18ixADdPdHaa7yhsK1WoQ/","rect":[0,256,256,256],"offset":[0,0],"originalSize":[256,256],"capInsets":[0,0,0,0]}},{"__type__":"cc.SpriteFrame","content":{"name":"LoadingCompleteAnimation_1","texture":"18ixADdPdHaa7yhsK1WoQ/","rect":[256,0,256,256],"offset":[0,0],"originalSize":[256,256],"capInsets":[0,0,0,0]}},{"__type__":"cc.SpriteFrame","content":{"name":"LoadingCompleteAnimation_9","texture":"18ixADdPdHaa7yhsK1WoQ/","rect":[256,1024,256,256],"offset":[0,0],"originalSize":[256,256],"capInsets":[0,0,0,0]}},{"__type__":"cc.SpriteFrame","content":{"name":"LoadingCompleteAnimation_3","texture":"18ixADdPdHaa7yhsK1WoQ/","rect":[256,256,256,256],"offset":[0,0],"originalSize":[256,256],"capInsets":[0,0,0,0]}},{"__type__":"cc.SpriteFrame","content":{"name":"LoadingCompleteAnimation_0","texture":"18ixADdPdHaa7yhsK1WoQ/","rect":[0,0,256,256],"offset":[0,0],"originalSize":[256,256],"capInsets":[0,0,0,0]}},{"__type__":"cc.SpriteFrame","content":{"name":"LoadingCompleteAnimation_6","texture":"18ixADdPdHaa7yhsK1WoQ/","rect":[0,768,256,256],"offset":[0,0],"originalSize":[256,256],"capInsets":[0,0,0,0]}},{"__type__":"cc.SpriteFrame","content":{"name":"LoadingCompleteAnimation_5","texture":"18ixADdPdHaa7yhsK1WoQ/","rect":[256,512,256,256],"offset":[0,0],"originalSize":[256,256],"capInsets":[0,0,0,0]}},{"__type__":"cc.SpriteAtlas","_name":"load_complete.plist","_spriteFrames":{"LoadingCompleteAnimation_0":{"__uuid__":"4esioT+AxDq6HOo76+UZ61"},"LoadingCompleteAnimation_1":{"__uuid__":"35I4f6tHtC+LB/urp/mqru"},"LoadingCompleteAnimation_10":{"__uuid__":"f8UTB3v1ZArpadX0mJlsAq"},"LoadingCompleteAnimation_2":{"__uuid__":"162/g2sSND7alMqQgK62Jo"},"LoadingCompleteAnimation_3":{"__uuid__":"46vwNlmzZHypR5OMH3t5EG"},"LoadingCompleteAnimation_4":{"__uuid__":"02X/NpuF9AapKyDT/8Rj8f"},"LoadingCompleteAnimation_5":{"__uuid__":"e6L287JTZOgIQcYR6ySD4d"},"LoadingCompleteAnimation_6":{"__uuid__":"a2OEwkDd5LBKsIUASbvu8D"},"LoadingCompleteAnimation_7":{"__uuid__":"0casM2n3pPHa4jIZevXdkb"},"LoadingCompleteAnimation_8":{"__uuid__":"fbbkkLUNBJ2KFCzt7Jb2RI"},"LoadingCompleteAnimation_9":{"__uuid__":"36W3L1vGlHWqCICSOQwC7w"}}},{"__type__":"cc.SpriteFrame","content":{"name":"LoadingCompleteAnimation_10","texture":"18ixADdPdHaa7yhsK1WoQ/","rect":[0,1280,256,256],"offset":[0,0],"originalSize":[256,256],"capInsets":[0,0,0,0]}},{"__type__":"cc.SpriteFrame","content":{"name":"LoadingCompleteAnimation_8","texture":"18ixADdPdHaa7yhsK1WoQ/","rect":[0,1024,256,256],"offset":[0,0],"originalSize":[256,256],"capInsets":[0,0,0,0]}}]