[{"__type__":"cc.SpriteFrame","content":{"name":"表情1","texture":"7dFGAHT7xPfYF5GxODiD4T","rect":[2,832,413,422],"offset":[0,0],"originalSize":[413,422],"rotated":1,"capInsets":[0,0,0,0]}},{"__type__":"cc.SpriteFrame","content":{"name":"表情2","texture":"7dFGAHT7xPfYF5GxODiD4T","rect":[426,417,413,422],"offset":[0,0],"originalSize":[413,422],"rotated":1,"capInsets":[0,0,0,0]}},{"__type__":"cc.SpriteFrame","content":{"name":"表情3","texture":"7dFGAHT7xPfYF5GxODiD4T","rect":[2,417,413,422],"offset":[0,0],"originalSize":[413,422],"rotated":1,"capInsets":[0,0,0,0]}},{"__type__":"cc.SpriteFrame","content":{"name":"表情5","texture":"7dFGAHT7xPfYF5GxODiD4T","rect":[2,2,413,422],"offset":[0,0],"originalSize":[413,422],"rotated":1,"capInsets":[0,0,0,0]}},{"__type__":"cc.SpriteFrame","content":{"name":"表情4","texture":"7dFGAHT7xPfYF5GxODiD4T","rect":[426,2,413,422],"offset":[0,0],"originalSize":[413,422],"rotated":1,"capInsets":[0,0,0,0]}},{"__type__":"cc.SpriteFrame","content":{"name":"表情","texture":"7dFGAHT7xPfYF5GxODiD4T","rect":[426,832,413,422],"offset":[0,0],"originalSize":[413,422],"rotated":1,"capInsets":[0,0,0,0]}},{"__type__":"cc.SpriteAtlas","_name":"11_skin_plist.plist","_spriteFrames":{"表情":{"__uuid__":"afBb4ixgpPcJooa0YFR6mW"},"表情1":{"__uuid__":"13cSygNuNL7YSKU+T/cMay"},"表情2":{"__uuid__":"249gVWPFZO1qDouEgdmdz5"},"表情3":{"__uuid__":"57XdBiM9VMAIUNuohm/XBP"},"表情4":{"__uuid__":"9f8Yli/hBNI7VWNQiaGGcy"},"表情5":{"__uuid__":"80nbq7jsdDEbonRHX1pRRy"}}}]