[{"__type__":"cc.SpriteFrame","content":{"name":"font_0","texture":"1e1fca5a7","rect":[286,3,255,200],"offset":[-0.5,28],"originalSize":[256,256],"rotated":1,"capInsets":[0,0,0,0]}},{"__type__":"cc.BitmapFont","_name":"font","spriteFrame":{"__uuid__":"9dJbxl1c5IxJLiXc9GN3Go"},"fontSize":32,"_fntConfig":{"commonHeight":32,"fontSize":32,"atlasName":"font_0.png","fontDefDictionary":{"45":{"rect":{"x":237,"y":22,"width":9,"height":3},"xOffset":1,"yOffset":17,"xAdvance":11},"48":{"rect":{"x":237,"y":0,"width":14,"height":21},"xOffset":0,"yOffset":6,"xAdvance":15},"49":{"rect":{"x":247,"y":152,"width":8,"height":20},"xOffset":2,"yOffset":6,"xAdvance":15},"50":{"rect":{"x":64,"y":178,"width":13,"height":20},"xOffset":1,"yOffset":6,"xAdvance":15},"51":{"rect":{"x":233,"y":152,"width":13,"height":21},"xOffset":1,"yOffset":6,"xAdvance":15},"52":{"rect":{"x":78,"y":178,"width":16,"height":19},"xOffset":-1,"yOffset":7,"xAdvance":15},"53":{"rect":{"x":50,"y":178,"width":13,"height":20},"xOffset":1,"yOffset":7,"xAdvance":15},"54":{"rect":{"x":234,"y":103,"width":13,"height":21},"xOffset":1,"yOffset":6,"xAdvance":15},"55":{"rect":{"x":95,"y":178,"width":13,"height":19},"xOffset":1,"yOffset":7,"xAdvance":15},"56":{"rect":{"x":234,"y":26,"width":14,"height":21},"xOffset":0,"yOffset":6,"xAdvance":15},"57":{"rect":{"x":234,"y":48,"width":14,"height":21},"xOffset":0,"yOffset":6,"xAdvance":15},"19968":{"rect":{"x":109,"y":178,"width":25,"height":3},"xOffset":0,"yOffset":15,"xAdvance":25},"19978":{"rect":{"x":52,"y":154,"width":25,"height":23},"xOffset":0,"yOffset":5,"xAdvance":25},"19981":{"rect":{"x":0,"y":154,"width":25,"height":23},"xOffset":0,"yOffset":7,"xAdvance":25},"20048":{"rect":{"x":229,"y":128,"width":25,"height":23},"xOffset":0,"yOffset":6,"xAdvance":25},"20080":{"rect":{"x":230,"y":78,"width":25,"height":24},"xOffset":0,"yOffset":6,"xAdvance":25},"20102":{"rect":{"x":26,"y":178,"width":23,"height":22},"xOffset":1,"yOffset":7,"xAdvance":25},"20316":{"rect":{"x":208,"y":26,"width":25,"height":25},"xOffset":0,"yOffset":5,"xAdvance":25},"20572":{"rect":{"x":0,"y":52,"width":25,"height":25},"xOffset":0,"yOffset":5,"xAdvance":25},"20813":{"rect":{"x":26,"y":52,"width":25,"height":25},"xOffset":0,"yOffset":5,"xAdvance":25},"20851":{"rect":{"x":81,"y":0,"width":25,"height":25},"xOffset":0,"yOffset":5,"xAdvance":25},"20877":{"rect":{"x":0,"y":104,"width":25,"height":24},"xOffset":0,"yOffset":6,"xAdvance":25},"20987":{"rect":{"x":104,"y":52,"width":25,"height":25},"xOffset":0,"yOffset":5,"xAdvance":25},"21152":{"rect":{"x":155,"y":78,"width":24,"height":25},"xOffset":0,"yOffset":5,"xAdvance":25},"21345":{"rect":{"x":130,"y":52,"width":25,"height":25},"xOffset":0,"yOffset":5,"xAdvance":25},"21363":{"rect":{"x":153,"y":129,"width":23,"height":24},"xOffset":1,"yOffset":6,"xAdvance":25},"21435":{"rect":{"x":182,"y":52,"width":25,"height":25},"xOffset":0,"yOffset":5,"xAdvance":25},"21462":{"rect":{"x":26,"y":104,"width":25,"height":24},"xOffset":0,"yOffset":6,"xAdvance":25},"21487":{"rect":{"x":0,"y":178,"width":25,"height":22},"xOffset":0,"yOffset":7,"xAdvance":25},"21495":{"rect":{"x":156,"y":154,"width":25,"height":23},"xOffset":0,"yOffset":6,"xAdvance":25},"21512":{"rect":{"x":26,"y":78,"width":25,"height":25},"xOffset":0,"yOffset":5,"xAdvance":25},"21543":{"rect":{"x":208,"y":153,"width":24,"height":23},"xOffset":1,"yOffset":6,"xAdvance":25},"21578":{"rect":{"x":52,"y":104,"width":25,"height":24},"xOffset":0,"yOffset":5,"xAdvance":25},"21629":{"rect":{"x":78,"y":78,"width":25,"height":25},"xOffset":0,"yOffset":5,"xAdvance":25},"21830":{"rect":{"x":104,"y":78,"width":25,"height":25},"xOffset":0,"yOffset":5,"xAdvance":25},"21862":{"rect":{"x":104,"y":129,"width":24,"height":24},"xOffset":1,"yOffset":5,"xAdvance":25},"22797":{"rect":{"x":156,"y":26,"width":25,"height":25},"xOffset":0,"yOffset":5,"xAdvance":25},"22833":{"rect":{"x":78,"y":52,"width":25,"height":25},"xOffset":0,"yOffset":5,"xAdvance":25},"24038":{"rect":{"x":130,"y":154,"width":25,"height":23},"xOffset":0,"yOffset":5,"xAdvance":25},"24065":{"rect":{"x":129,"y":129,"width":23,"height":24},"xOffset":1,"yOffset":6,"xAdvance":25},"24191":{"rect":{"x":78,"y":104,"width":25,"height":24},"xOffset":0,"yOffset":5,"xAdvance":25},"24215":{"rect":{"x":54,"y":0,"width":26,"height":25},"xOffset":-1,"yOffset":5,"xAdvance":25},"24320":{"rect":{"x":177,"y":129,"width":25,"height":23},"xOffset":0,"yOffset":7,"xAdvance":25},"25345":{"rect":{"x":130,"y":104,"width":25,"height":24},"xOffset":0,"yOffset":5,"xAdvance":25},"25903":{"rect":{"x":52,"y":78,"width":25,"height":25},"xOffset":0,"yOffset":5,"xAdvance":25},"25928":{"rect":{"x":27,"y":0,"width":26,"height":25},"xOffset":0,"yOffset":5,"xAdvance":25},"26242":{"rect":{"x":107,"y":0,"width":25,"height":25},"xOffset":0,"yOffset":5,"xAdvance":25},"26377":{"rect":{"x":0,"y":78,"width":25,"height":25},"xOffset":0,"yOffset":5,"xAdvance":25},"26463":{"rect":{"x":208,"y":52,"width":25,"height":25},"xOffset":0,"yOffset":5,"xAdvance":25},"27425":{"rect":{"x":156,"y":52,"width":25,"height":25},"xOffset":0,"yOffset":5,"xAdvance":25},"27493":{"rect":{"x":52,"y":52,"width":25,"height":25},"xOffset":0,"yOffset":5,"xAdvance":25},"27809":{"rect":{"x":52,"y":26,"width":25,"height":25},"xOffset":0,"yOffset":5,"xAdvance":25},"27963":{"rect":{"x":182,"y":26,"width":25,"height":25},"xOffset":0,"yOffset":5,"xAdvance":25},"28857":{"rect":{"x":156,"y":104,"width":25,"height":24},"xOffset":0,"yOffset":5,"xAdvance":25},"29983":{"rect":{"x":203,"y":129,"width":25,"height":23},"xOffset":0,"yOffset":5,"xAdvance":25},"30465":{"rect":{"x":130,"y":26,"width":25,"height":25},"xOffset":0,"yOffset":5,"xAdvance":25},"30475":{"rect":{"x":182,"y":104,"width":25,"height":24},"xOffset":0,"yOffset":6,"xAdvance":25},"31227":{"rect":{"x":104,"y":26,"width":25,"height":25},"xOffset":0,"yOffset":5,"xAdvance":25},"31435":{"rect":{"x":26,"y":154,"width":25,"height":23},"xOffset":0,"yOffset":5,"xAdvance":25},"32467":{"rect":{"x":78,"y":26,"width":25,"height":25},"xOffset":0,"yOffset":5,"xAdvance":25},"32622":{"rect":{"x":78,"y":154,"width":25,"height":23},"xOffset":0,"yOffset":6,"xAdvance":25},"33021":{"rect":{"x":104,"y":104,"width":25,"height":24},"xOffset":0,"yOffset":5,"xAdvance":25},"33410":{"rect":{"x":26,"y":26,"width":25,"height":25},"xOffset":0,"yOffset":5,"xAdvance":25},"33719":{"rect":{"x":0,"y":26,"width":25,"height":25},"xOffset":0,"yOffset":5,"xAdvance":25},"35266":{"rect":{"x":104,"y":154,"width":25,"height":23},"xOffset":0,"yOffset":6,"xAdvance":25},"35282":{"rect":{"x":180,"y":78,"width":23,"height":25},"xOffset":0,"yOffset":5,"xAdvance":25},"35774":{"rect":{"x":208,"y":103,"width":25,"height":24},"xOffset":0,"yOffset":6,"xAdvance":25},"35797":{"rect":{"x":211,"y":0,"width":25,"height":25},"xOffset":0,"yOffset":5,"xAdvance":25},"35831":{"rect":{"x":0,"y":129,"width":25,"height":24},"xOffset":0,"yOffset":5,"xAdvance":25},"35874":{"rect":{"x":26,"y":129,"width":25,"height":24},"xOffset":0,"yOffset":5,"xAdvance":25},"36133":{"rect":{"x":185,"y":0,"width":25,"height":25},"xOffset":0,"yOffset":5,"xAdvance":25},"36141":{"rect":{"x":130,"y":78,"width":24,"height":25},"xOffset":0,"yOffset":5,"xAdvance":25},"36153":{"rect":{"x":159,"y":0,"width":25,"height":25},"xOffset":0,"yOffset":5,"xAdvance":25},"36275":{"rect":{"x":52,"y":129,"width":25,"height":24},"xOffset":0,"yOffset":6,"xAdvance":25},"36339":{"rect":{"x":0,"y":0,"width":26,"height":25},"xOffset":0,"yOffset":5,"xAdvance":25},"36807":{"rect":{"x":78,"y":129,"width":25,"height":24},"xOffset":0,"yOffset":5,"xAdvance":25},"37327":{"rect":{"x":182,"y":153,"width":25,"height":23},"xOffset":0,"yOffset":6,"xAdvance":25},"37329":{"rect":{"x":204,"y":78,"width":25,"height":24},"xOffset":0,"yOffset":5,"xAdvance":25},"38899":{"rect":{"x":133,"y":0,"width":25,"height":25},"xOffset":0,"yOffset":5,"xAdvance":25},"65281":{"rect":{"x":249,"y":22,"width":5,"height":20},"xOffset":4,"yOffset":7,"xAdvance":25},"65292":{"rect":{"x":234,"y":70,"width":5,"height":7},"xOffset":3,"yOffset":23,"xAdvance":25},"65306":{"rect":{"x":249,"y":43,"width":5,"height":15},"xOffset":4,"yOffset":12,"xAdvance":25}},"kerningDict":{}}}]