[1,["c4V08T3r9FTpY0BCtEtRxC@6c48a"],0,[["sp.SkeletonData",["_name","_atlasText","textureNames","_skeletonJson","textures"],-1,3]],[[0,0,1,2,3,4,5]],[[0,"trong_don","\r\ntrong_don.png\r\nsize: 221, 454\r\nformat: RGBA8888\r\nfilter: Linear, Linear\r\nrepeat: none\r\n1\r\n  rotate: true\r\n  xy: 158, 49\r\n  size: 64, 50\r\n  orig: 66, 52\r\n  offset: 1, 1\r\n  index: -1\r\n10\r\n  rotate: true\r\n  xy: 2, 74\r\n  size: 111, 154\r\n  orig: 113, 156\r\n  offset: 1, 1\r\n  index: -1\r\n11\r\n  rotate: false\r\n  xy: 148, 2\r\n  size: 67, 45\r\n  orig: 69, 47\r\n  offset: 1, 1\r\n  index: -1\r\n2\r\n  rotate: true\r\n  xy: 158, 115\r\n  size: 70, 52\r\n  orig: 72, 54\r\n  offset: 1, 1\r\n  index: -1\r\n3\r\n  rotate: true\r\n  xy: 2, 4\r\n  size: 68, 75\r\n  orig: 68, 89\r\n  offset: 0, 0\r\n  index: -1\r\n3 copy\r\n  rotate: true\r\n  xy: 183, 279\r\n  size: 51, 24\r\n  orig: 51, 24\r\n  offset: 0, 0\r\n  index: -1\r\n4\r\n  rotate: false\r\n  xy: 79, 25\r\n  size: 67, 47\r\n  orig: 69, 49\r\n  offset: 1, 1\r\n  index: -1\r\n5\r\n  rotate: false\r\n  xy: 183, 373\r\n  size: 33, 39\r\n  orig: 35, 41\r\n  offset: 1, 1\r\n  index: -1\r\n6\r\n  rotate: false\r\n  xy: 183, 332\r\n  size: 33, 39\r\n  orig: 35, 41\r\n  offset: 1, 1\r\n  index: -1\r\n7\r\n  rotate: true\r\n  xy: 183, 239\r\n  size: 38, 32\r\n  orig: 40, 34\r\n  offset: 1, 1\r\n  index: -1\r\n8\r\n  rotate: true\r\n  xy: 183, 414\r\n  size: 38, 36\r\n  orig: 40, 38\r\n  offset: 1, 1\r\n  index: -1\r\n9\r\n  rotate: true\r\n  xy: 2, 187\r\n  size: 265, 179\r\n  orig: 267, 181\r\n  offset: 1, 1\r\n  index: -1\r\n",["trong_don.png"],{"skeleton":{"hash":"hLTG28bLO0g","spine":"3.8-from-4.0-from-4.1-from-4.2.38","images":"C:/Users/006/Desktop/222","audio":"../20Track 3/"},"bones":[{"name":"root"},{"name":"bone","parent":"root"},{"name":"9","parent":"bone","length":136.24,"rotation":91.36,"x":-4.35,"y":127.01},{"name":"2","parent":"9","x":87.32,"y":39.99},{"name":"1","parent":"9","x":94.86,"y":-32.49},{"name":"3","parent":"9","x":73.13,"y":-2.76},{"name":"4","parent":"3","x":-67.84,"y":22.98},{"name":"5","parent":"3","x":-67.4,"y":-18.34},{"name":"7","parent":"9","length":17.75,"rotation":-125.87,"x":33.75,"y":-75.26},{"name":"8","parent":"9","length":25.4,"rotation":126.66,"x":31.3,"y":76.62}],"slots":[{"name":"11","bone":"bone","attachment":"11"},{"name":"10","bone":"bone","attachment":"10"},{"name":"9","bone":"9","attachment":"9"},{"name":"8","bone":"8","attachment":"8"},{"name":"7","bone":"7","attachment":"7"},{"name":"6","bone":"bone","attachment":"6"},{"name":"5","bone":"bone","attachment":"5"},{"name":"4","bone":"9","attachment":"4"},{"name":"3","bone":"3"},{"name":"3 copy2","bone":"3","attachment":"3 copy"},{"name":"2","bone":"2","attachment":"2"},{"name":"1","bone":"1","attachment":"1"},{"name":"3 copy","bone":"root"}],"skins":[{"name":"default","attachments":{"1":{"1":{"x":-13.29,"y":-2.49,"rotation":-91.36,"width":66,"height":52}},"2":{"2":{"x":-8.81,"y":7.12,"rotation":-91.36,"width":72,"height":54}},"3":{"3":{"type":"mesh","hull":19,"width":68,"height":89,"uvs":[0,0.78615,0.06526,0.60035,0.12188,0.43914,0.1785,0.27793,0.28292,0.26611,0.38347,0.24247,0.46081,0.20997,0.51109,0.16565,0.58843,0.21884,0.69285,0.24838,0.81273,0.26611,0.86834,0.42406,0.92396,0.58201,1,0.79796,1,1,0.75748,1,0.51496,1,0.18238,1,0,1,0.17077,0.78024,0.49949,0.77728,0.75086,0.77728,0.21331,0.60296,0.49562,0.60295,0.73539,0.6,0.24425,0.46408,0.48402,0.44931,0.68511,0.44044],"triangles":[15,13,14,16,21,15,15,21,13,16,20,21,21,12,13,20,24,21,20,23,24,21,24,12,23,27,24,23,26,27,24,11,12,24,27,11,17,20,16,20,19,22,22,23,20,17,0,19,20,17,19,17,18,0,0,1,19,19,1,22,1,2,22,22,25,23,22,2,25,25,26,23,2,3,25,25,4,26,27,9,10,4,5,26,25,3,4,5,6,26,6,7,8,26,6,8,27,8,9,26,8,27,27,10,11],"vertices":[3,5,-62.34,36.49,0.14571,6,5.5,13.51,0.85183,7,5.06,54.83,0.00246,2,5,-45.91,31.66,0.27429,6,21.92,8.68,0.72571,2,5,-31.66,27.47,0.55114,6,36.18,4.48,0.44886,1,5,-17.41,23.28,1,1,5,-16.53,16.16,1,1,5,-14.58,9.27,1,1,5,-11.82,3.94,1,1,5,-7.96,0.43,1,1,5,-12.81,-4.71,1,1,5,-15.61,-11.75,1,1,5,-17.38,-19.86,1,2,5,-31.53,-23.31,0.52996,7,35.87,-4.97,0.47004,2,5,-45.67,-26.75,0.32515,7,21.73,-8.41,0.67485,3,5,-65.01,-31.47,0.05777,6,2.83,-54.45,0.03742,7,2.39,-13.12,0.90481,1,7,-15.59,-12.7,1,2,5,-82.59,-14.55,0.06571,7,-15.2,3.79,0.93429,2,6,-14.36,-21.05,0.48148,7,-14.8,20.28,0.51852,3,5,-81.66,24.55,0.04571,6,-13.82,1.56,0.93544,7,-14.26,42.89,0.01884,1,6,-13.53,13.96,1,3,5,-62.09,24.87,0.08857,6,5.75,1.88,0.88951,7,5.31,43.21,0.02192,2,6,5.48,-20.47,0.50168,7,5.04,20.86,0.49832,2,5,-62.76,-14.57,0.12571,7,4.63,3.77,0.87429,2,5,-46.38,21.6,0.2,6,21.45,-1.38,0.8,2,6,21,-20.58,0.49366,7,20.56,20.75,0.50634,2,5,-46.97,-13.9,0.25006,7,20.43,4.44,0.74994,2,5,-34.08,19.2,0.42235,6,33.76,-3.78,0.57765,3,5,-33.15,2.87,0.31882,6,34.69,-20.11,0.33658,7,34.24,21.21,0.3446,2,5,-32.69,-10.82,0.46456,7,34.71,7.52,0.53544],"edges":[6,8,8,10,10,12,12,14,14,16,16,18,18,20,0,36,26,28,0,2,24,26,6,4,4,2,20,22,22,24,34,36,32,34,28,30,30,32]}},"4":{"4":{"x":132.04,"y":5.33,"rotation":-91.36,"width":69,"height":49}},"5":{"5":{"x":21.17,"y":78.88,"width":35,"height":41}},"6":{"6":{"x":-18.83,"y":78.88,"width":35,"height":41}},"7":{"7":{"x":16.13,"y":-1.23,"rotation":34.51,"width":40,"height":34}},"8":{"8":{"x":18.8,"y":1.92,"rotation":141.98,"width":40,"height":38}},"9":{"9":{"x":82.79,"y":-4.5,"rotation":-91.36,"width":267,"height":181}},"10":{"10":{"x":-0.83,"y":70.38,"width":113,"height":156}},"11":{"11":{"x":69.17,"y":60.88,"width":69,"height":47}},"3 copy2":{"3 copy":{"x":-7.56,"y":-0.26,"rotation":-91.36,"width":51,"height":24}}}}],"events":{"1":{},"2":{}},"animations":{"1_play":{"slots":{"3":{"attachment":[{"time":7.5667,"name":"3"},{"time":10.1,"name":null}]}},"bones":{"4":{"translate":[{"time":7.5667,"x":32.35,"y":-0.77},{"time":7.6333,"curve":"stepped"},{"time":7.7},{"time":7.7667,"x":23.11,"y":-0.3},{"time":7.8333},{"time":7.9,"x":32.35,"y":-0.77},{"time":7.9667,"curve":"stepped"},{"time":8.0333},{"time":8.1,"x":23.11,"y":-0.3},{"time":8.1667},{"time":8.2,"x":32.35,"y":-0.77},{"time":8.2667},{"time":8.3333,"x":23.11,"y":-0.3},{"time":8.4,"curve":"stepped"},{"time":8.5},{"time":8.6,"x":23.11,"y":-0.3},{"time":8.6667},{"time":8.8333,"x":32.35,"y":-0.77},{"time":8.9},{"time":9,"x":23.11,"y":-0.3},{"time":9.0667,"curve":"stepped"},{"time":9.2},{"time":9.3,"x":23.11,"y":-0.3},{"time":9.4},{"time":9.5,"x":23.11,"y":-0.3},{"time":9.6},{"time":9.7,"x":23.11,"y":-0.3},{"time":9.8333},{"time":9.9333,"x":2.98,"y":1.27},{"time":10.1,"x":32.35,"y":-0.77}]},"5":{"translate":[{"time":7.5667,"x":32.35,"y":-0.77},{"time":7.6333},{"time":7.7,"x":19.3,"y":1.5},{"time":7.7667,"x":0.63,"y":-2.08},{"time":7.8333},{"time":7.9,"x":32.35,"y":-0.77},{"time":7.9667},{"time":8.0333,"x":19.3,"y":1.5},{"time":8.1,"x":0.63,"y":-2.08},{"time":8.1667},{"time":8.2,"x":32.35,"y":-0.77},{"time":8.2667},{"time":8.3333,"x":0.63,"y":-2.08},{"time":8.4},{"time":8.5,"x":19.3,"y":1.5},{"time":8.6,"x":0.63,"y":-2.08},{"time":8.6667},{"time":8.8333,"x":32.35,"y":-0.77},{"time":8.9},{"time":9,"x":0.63,"y":-2.08},{"time":9.0667},{"time":9.2,"x":19.3,"y":1.5},{"time":9.3,"x":0.63,"y":-2.08},{"time":9.4,"x":19.3,"y":1.5},{"time":9.5,"x":0.63,"y":-2.08},{"time":9.6,"x":19.3,"y":1.5},{"time":9.7,"x":0.63,"y":-2.08},{"time":9.8333,"x":19.3,"y":1.5},{"time":9.9333,"x":0.63,"y":-2.08},{"time":10.1,"x":32.35,"y":-0.77}]},"7":{"rotate":[{"time":7.5667},{"time":7.6333,"angle":15.63},{"time":7.7667,"angle":-1.91},{"time":7.9667},{"time":8.0333,"angle":15.63},{"time":8.1667,"angle":-1.91},{"time":8.2667},{"time":8.3333,"angle":15.63},{"time":8.4667,"angle":-1.91},{"time":8.6},{"time":8.6667,"angle":15.63},{"time":8.8,"angle":-1.91},{"time":8.9},{"time":8.9667,"angle":15.63},{"time":9.1,"angle":-1.91},{"time":9.2},{"time":9.3,"angle":15.63},{"time":9.4,"angle":-1.91},{"time":9.5333},{"time":9.6333,"angle":15.63},{"time":9.7333,"angle":-1.91},{"time":9.8333},{"time":9.9333,"angle":15.63},{"time":10.0333,"angle":-1.91}]},"8":{"rotate":[{"time":7.5667},{"time":7.6333,"angle":-14.71},{"time":7.7667,"angle":0.24},{"time":7.9667},{"time":8.0333,"angle":-14.71},{"time":8.1667,"angle":0.24},{"time":8.2667},{"time":8.3333,"angle":-14.71},{"time":8.4667,"angle":0.24},{"time":8.6},{"time":8.6667,"angle":-14.71},{"time":8.8,"angle":0.24},{"time":8.9},{"time":8.9667,"angle":-14.71},{"time":9.1,"angle":0.24},{"time":9.2},{"time":9.3,"angle":-14.71},{"time":9.4,"angle":0.24},{"time":9.5333},{"time":9.6333,"angle":-14.71},{"time":9.7333,"angle":0.24},{"time":9.8333},{"time":9.9333,"angle":-14.71},{"time":10.0333,"angle":0.24}]},"9":{"rotate":[{"time":7.5667},{"time":7.6333,"angle":5.09},{"time":7.8667,"angle":-7.68},{"time":7.9667,"angle":-0.28},{"time":8.2,"angle":-3.93},{"time":8.3333,"angle":1.45},{"time":8.5},{"time":8.5667,"angle":-3.08},{"time":8.7,"angle":1.43},{"time":8.8333,"angle":-3.08},{"time":9,"angle":1.43},{"time":9.1333,"angle":-3.08},{"time":9.2333,"angle":1.43},{"time":9.3667,"angle":-3.08},{"time":9.5333,"angle":1.43},{"time":9.6667,"angle":-3.08},{"time":9.8333,"angle":1.43},{"time":9.9667,"angle":-3.08},{"time":10.1}],"translate":[{"time":7.5667},{"time":7.6333,"y":-4.32,"curve":"stepped"},{"time":8.2,"y":-4.32},{"time":8.3333,"curve":"stepped"},{"time":8.5},{"time":8.5667,"y":-4.32},{"time":8.7,"curve":"stepped"},{"time":9.2333},{"time":9.3,"y":-4.32},{"time":9.3667},{"time":9.4333,"y":-4.32},{"time":9.5333},{"time":9.6,"y":-4.32},{"time":9.6667},{"time":9.7333,"y":-4.32},{"time":9.8333},{"time":9.9,"y":-4.32},{"time":9.9667},{"time":10.0333,"y":-4.32},{"time":10.1}]}},"events":[{"time":7.6333,"name":"1"},{"time":7.8667,"name":"2"},{"time":7.9667,"name":"1"},{"time":8.2,"name":"2"},{"time":8.2667,"name":"1"},{"time":8.5,"name":"2"},{"time":8.6,"name":"1"},{"time":8.8333,"name":"2"},{"time":8.9,"name":"1"},{"time":9,"name":"2"},{"time":9.2,"name":"1"},{"time":9.3,"name":"1"},{"time":9.3667,"name":"1"},{"time":9.4667,"name":"1"},{"time":9.5333,"name":"1"},{"time":9.7,"name":"1"},{"time":9.8333,"name":"1"},{"time":10,"name":"1"}]},"2_idle":{"bones":{"8":{"scale":[{}]}}}}},[0]]],0,0,[0],[-1],[0]]
