[1,["78VNcBmaVGk6bRG22E0+z9@6c48a"],0,[["sp.SkeletonData",["_name","_atlasText","textureNames","_skeletonJson","textures"],-1,3]],[[0,0,1,2,3,4,5]],[[0,"Sound_H_Sun","\r\nSound_H_Sun.png\r\nsize: 1278, 196\r\nformat: RGBA8888\r\nfilter: Linear, Linear\r\nrepeat: none\r\n1\r\n  rotate: true\r\n  xy: 2, 2\r\n  size: 192, 181\r\n  orig: 192, 267\r\n  offset: 0, 86\r\n  index: -1\r\n2\r\n  rotate: true\r\n  xy: 368, 2\r\n  size: 192, 180\r\n  orig: 192, 267\r\n  offset: 0, 87\r\n  index: -1\r\n3\r\n  rotate: true\r\n  xy: 550, 2\r\n  size: 192, 180\r\n  orig: 192, 267\r\n  offset: 0, 87\r\n  index: -1\r\n4\r\n  rotate: true\r\n  xy: 185, 2\r\n  size: 192, 181\r\n  orig: 192, 267\r\n  offset: 0, 86\r\n  index: -1\r\n5\r\n  rotate: true\r\n  xy: 732, 2\r\n  size: 192, 180\r\n  orig: 192, 267\r\n  offset: 0, 87\r\n  index: -1\r\n6\r\n  rotate: true\r\n  xy: 914, 2\r\n  size: 192, 180\r\n  orig: 192, 267\r\n  offset: 0, 87\r\n  index: -1\r\n7\r\n  rotate: true\r\n  xy: 1096, 2\r\n  size: 192, 180\r\n  orig: 192, 267\r\n  offset: 0, 87\r\n  index: -1\r\n",["Sound_H_Sun.png"],{"skeleton":{"hash":"oet9KqvGKKk","spine":"3.8-from-4.0-from-4.1-from-4.2.37","x":-96,"y":0.64,"width":192,"height":267,"images":"C:\\Users\\006\\Desktop\\111","audio":"./audio"},"bones":[{"name":"root"},{"name":"bone","parent":"root","x":-2.52,"y":-20.11}],"slots":[{"name":"1","bone":"bone"},{"name":"2","bone":"bone"},{"name":"3","bone":"bone"},{"name":"4","bone":"bone"},{"name":"5","bone":"bone"},{"name":"6","bone":"bone"},{"name":"7","bone":"bone","attachment":"7"}],"skins":[{"name":"default","attachments":{"1":{"1":{"x":2.52,"y":154.25,"width":192,"height":267}},"2":{"2":{"x":2.52,"y":154.25,"width":192,"height":267}},"3":{"3":{"x":2.52,"y":154.25,"width":192,"height":267}},"4":{"4":{"x":2.52,"y":154.25,"width":192,"height":267}},"5":{"5":{"x":2.52,"y":154.25,"width":192,"height":267}},"6":{"6":{"x":2.52,"y":154.25,"width":192,"height":267}},"7":{"7":{"x":2.52,"y":154.25,"width":192,"height":267}}}}],"animations":{"Sound_1":{"slots":{"1":{"attachment":[{"time":0.1,"name":"1"},{"time":0.2333,"name":null},{"time":1.0333,"name":"1"},{"time":1.1333,"name":null},{"time":1.8333,"name":"1"},{"time":1.9667,"name":null},{"time":2.7667,"name":"1"},{"time":2.8667,"name":null},{"time":3.5667,"name":"1"},{"time":3.6667,"name":null},{"time":4.4667,"name":"1"},{"time":4.6,"name":null},{"time":5.3,"name":"1"},{"time":5.4,"name":null},{"time":6.2,"name":"1"},{"time":6.3333,"name":null}]},"2":{"attachment":[{"time":0.9333,"name":"2"},{"time":1.0333,"name":null},{"time":2.6333,"name":"2"},{"time":2.7667,"name":null},{"time":4.3667,"name":"2"},{"time":4.4667,"name":null},{"time":6.1,"name":"2"},{"time":6.2,"name":null}]},"3":{"attachment":[{"time":0.2333,"name":"3"},{"time":0.3333,"name":null},{"time":1.1333,"name":"3"},{"time":1.2667,"name":null},{"time":1.9667,"name":"3"},{"time":2.0667,"name":null},{"time":2.8667,"name":"3"},{"time":3,"name":null},{"time":3.6667,"name":"3"},{"time":3.8,"name":null},{"time":4.6,"name":"3"},{"time":4.7,"name":null},{"time":5.4,"name":"3"},{"time":5.5,"name":null},{"time":6.3333,"name":"3"},{"time":6.4333,"name":null}]},"4":{"attachment":[{"time":0.4667,"name":"4"},{"time":0.5667,"name":null},{"time":1.3667,"name":"4"},{"time":1.5,"name":null},{"time":2.1667,"name":"4"},{"time":2.3,"name":null},{"time":3.1,"name":"4"},{"time":3.2,"name":null},{"time":3.9,"name":"4"},{"time":4.0333,"name":null},{"time":4.8333,"name":"4"},{"time":4.9333,"name":null},{"time":5.6333,"name":"4"},{"time":5.7333,"name":null},{"time":6.5333,"name":"4"},{"time":6.6667,"name":null}]},"5":{"attachment":[{"time":0.5667,"name":"5"},{"time":0.7,"name":null},{"time":1.5,"name":"5"},{"time":1.6,"name":null},{"time":2.3,"name":"5"},{"time":2.4,"name":null},{"time":3.2,"name":"5"},{"time":3.3333,"name":null},{"time":4.0333,"name":"5"},{"time":4.1333,"name":null},{"time":4.9333,"name":"5"},{"time":5.0667,"name":null},{"time":5.7333,"name":"5"},{"time":5.8667,"name":null},{"time":6.6667,"name":"5"},{"time":6.7667,"name":null}]},"6":{"attachment":[{"time":0.7,"name":"6"},{"time":0.8,"name":null},{"time":1.6,"name":"6"},{"time":1.7333,"name":null},{"time":2.4,"name":"6"},{"time":2.5333,"name":null},{"time":3.3333,"name":"6"},{"time":3.4333,"name":null},{"time":4.1333,"name":"6"},{"time":4.2333,"name":null},{"time":5.0667,"name":"6"},{"time":5.1667,"name":null},{"time":5.8667,"name":"6"},{"time":5.9667,"name":null},{"time":6.7667,"name":"6"},{"time":6.9,"name":null}]},"7":{"attachment":[{"time":0.1,"name":null},{"time":0.3333,"name":"7"},{"time":0.4667,"name":null},{"time":0.8,"name":"7"},{"time":0.9333,"name":null},{"time":1.2667,"name":"7"},{"time":1.3667,"name":null},{"time":1.7333,"name":"7"},{"time":1.8333,"name":null},{"time":2.0667,"name":"7"},{"time":2.1667,"name":null},{"time":2.5333,"name":"7"},{"time":2.6333,"name":null},{"time":3,"name":"7"},{"time":3.1,"name":null},{"time":3.4333,"name":"7"},{"time":3.5667,"name":null},{"time":3.8,"name":"7"},{"time":3.9,"name":null},{"time":4.2333,"name":"7"},{"time":4.3667,"name":null},{"time":4.7,"name":"7"},{"time":4.8333,"name":null},{"time":5.1667,"name":"7"},{"time":5.3,"name":null},{"time":5.5,"name":"7"},{"time":5.6333,"name":null},{"time":5.9667,"name":"7"},{"time":6.1,"name":null},{"time":6.4333,"name":"7"},{"time":6.5333,"name":null},{"time":6.9,"name":"7"}]}}},"Sound_2":{"slots":{"1":{"attachment":[{"time":0.1,"name":"1"},{"time":0.2333,"name":null},{"time":1.0333,"name":"1"},{"time":1.1333,"name":null},{"time":1.8333,"name":"1"},{"time":1.9667,"name":null},{"time":2.7667,"name":"1"},{"time":2.8667,"name":null},{"time":3.5667,"name":"1"},{"time":3.6667,"name":null},{"time":4.4667,"name":"1"},{"time":4.6,"name":null},{"time":5.3,"name":"1"},{"time":5.4,"name":null},{"time":6.2,"name":"1"},{"time":6.3333,"name":null}]},"2":{"attachment":[{"time":0.9333,"name":"2"},{"time":1.0333,"name":null},{"time":2.6333,"name":"2"},{"time":2.7667,"name":null},{"time":4.3667,"name":"2"},{"time":4.4667,"name":null},{"time":6.1,"name":"2"},{"time":6.2,"name":null}]},"3":{"attachment":[{"time":0.2333,"name":"3"},{"time":0.3333,"name":null},{"time":1.1333,"name":"3"},{"time":1.2667,"name":null},{"time":1.9667,"name":"3"},{"time":2.0667,"name":null},{"time":2.8667,"name":"3"},{"time":3,"name":null},{"time":3.6667,"name":"3"},{"time":3.8,"name":null},{"time":4.6,"name":"3"},{"time":4.7,"name":null},{"time":5.4,"name":"3"},{"time":5.5,"name":null},{"time":6.3333,"name":"3"},{"time":6.4333,"name":null}]},"4":{"attachment":[{"time":0.4667,"name":"4"},{"time":0.5667,"name":null},{"time":1.3667,"name":"4"},{"time":1.5,"name":null},{"time":2.1667,"name":"4"},{"time":2.3,"name":null},{"time":3.1,"name":"4"},{"time":3.2,"name":null},{"time":3.9,"name":"4"},{"time":4.0333,"name":null},{"time":4.8333,"name":"4"},{"time":4.9333,"name":null},{"time":5.6333,"name":"4"},{"time":5.7333,"name":null},{"time":6.5333,"name":"4"},{"time":6.6667,"name":null}]},"5":{"attachment":[{"time":0.5667,"name":"5"},{"time":0.7,"name":null},{"time":1.5,"name":"5"},{"time":1.6,"name":null},{"time":2.3,"name":"5"},{"time":2.4,"name":null},{"time":3.2,"name":"5"},{"time":3.3333,"name":null},{"time":4.0333,"name":"5"},{"time":4.1333,"name":null},{"time":4.9333,"name":"5"},{"time":5.0667,"name":null},{"time":5.7333,"name":"5"},{"time":5.8667,"name":null},{"time":6.6667,"name":"5"},{"time":6.7667,"name":null}]},"6":{"attachment":[{"time":0.7,"name":"6"},{"time":0.8,"name":null},{"time":1.6,"name":"6"},{"time":1.7333,"name":null},{"time":2.4,"name":"6"},{"time":2.5333,"name":null},{"time":3.3333,"name":"6"},{"time":3.4333,"name":null},{"time":4.1333,"name":"6"},{"time":4.2333,"name":null},{"time":5.0667,"name":"6"},{"time":5.1667,"name":null},{"time":5.8667,"name":"6"},{"time":5.9667,"name":null},{"time":6.7667,"name":"6"},{"time":6.9,"name":null}]},"7":{"attachment":[{"time":0.1,"name":null},{"time":0.3333,"name":"7"},{"time":0.4667,"name":null},{"time":0.8,"name":"7"},{"time":0.9333,"name":null},{"time":1.2667,"name":"7"},{"time":1.3667,"name":null},{"time":1.7333,"name":"7"},{"time":1.8333,"name":null},{"time":2.0667,"name":"7"},{"time":2.1667,"name":null},{"time":2.5333,"name":"7"},{"time":2.6333,"name":null},{"time":3,"name":"7"},{"time":3.1,"name":null},{"time":3.4333,"name":"7"},{"time":3.5667,"name":null},{"time":3.8,"name":"7"},{"time":3.9,"name":null},{"time":4.2333,"name":"7"},{"time":4.3667,"name":null},{"time":4.7,"name":"7"},{"time":4.8333,"name":null},{"time":5.1667,"name":"7"},{"time":5.3,"name":null},{"time":5.5,"name":"7"},{"time":5.6333,"name":null},{"time":5.9667,"name":"7"},{"time":6.1,"name":null},{"time":6.4333,"name":"7"},{"time":6.5333,"name":null},{"time":6.9,"name":"7"}]}}}}},[0]]],0,0,[0],[-1],[0]]
