[1,["96ibpsH2dKt5gy7NP6ao2G@6c48a"],0,[["sp.SkeletonData",["_name","_atlasText","textureNames","_skeletonJson","textures"],-1,3]],[[0,0,1,2,3,4,5]],[[0,"trongbe","\r\ntrongbe.png\r\nsize: 521, 271\r\nformat: RGBA8888\r\nfilter: Linear, Linear\r\nrepeat: none\r\nmeo_idle_raup\r\n  rotate: true\r\n  xy: 486, 45\r\n  size: 38, 31\r\n  orig: 40, 33\r\n  offset: 1, 1\r\n  index: -1\r\nmeo_idle_raut\r\n  rotate: true\r\n  xy: 486, 5\r\n  size: 38, 31\r\n  orig: 40, 33\r\n  offset: 1, 1\r\n  index: -1\r\nshadow\r\n  rotate: true\r\n  xy: 285, 64\r\n  size: 205, 51\r\n  orig: 207, 53\r\n  offset: 1, 1\r\n  index: -1\r\ntrongnho/meo_trongnho_connguoi1\r\n  rotate: true\r\n  xy: 210, 6\r\n  size: 23, 22\r\n  orig: 23, 22\r\n  offset: 0, 0\r\n  index: -1\r\ntrongnho/meo_trongnho_connguoi2\r\n  rotate: true\r\n  xy: 234, 6\r\n  size: 23, 18\r\n  orig: 23, 18\r\n  offset: 0, 0\r\n  index: -1\r\ntrongnho/meo_trongnho_dau\r\n  rotate: true\r\n  xy: 2, 4\r\n  size: 265, 179\r\n  orig: 265, 179\r\n  offset: 0, 0\r\n  index: -1\r\ntrongnho/meo_trongnho_duitrong\r\n  rotate: true\r\n  xy: 285, 6\r\n  size: 56, 81\r\n  orig: 56, 81\r\n  offset: 0, 0\r\n  index: -1\r\ntrongnho/meo_trongnho_duitrong2\r\n  rotate: true\r\n  xy: 368, 8\r\n  size: 56, 81\r\n  orig: 56, 81\r\n  offset: 0, 0\r\n  index: -1\r\ntrongnho/meo_trongnho_duoi\r\n  rotate: false\r\n  xy: 417, 68\r\n  size: 67, 45\r\n  orig: 67, 45\r\n  offset: 0, 0\r\n  index: -1\r\ntrongnho/meo_trongnho_mat\r\n  rotate: true\r\n  xy: 451, 126\r\n  size: 143, 65\r\n  orig: 143, 65\r\n  offset: 0, 0\r\n  index: -1\r\ntrongnho/meo_trongnho_mieng1\r\n  rotate: true\r\n  xy: 183, 2\r\n  size: 27, 25\r\n  orig: 27, 25\r\n  offset: 0, 0\r\n  index: -1\r\ntrongnho/meo_trongnho_mieng2\r\n  rotate: false\r\n  xy: 338, 66\r\n  size: 77, 47\r\n  orig: 77, 47\r\n  offset: 0, 0\r\n  index: -1\r\ntrongnho/meo_trongnho_tainghe\r\n  rotate: true\r\n  xy: 183, 31\r\n  size: 238, 100\r\n  orig: 238, 100\r\n  offset: 0, 0\r\n  index: -1\r\ntrongnho/meo_trongnho_tay\r\n  rotate: false\r\n  xy: 451, 27\r\n  size: 33, 39\r\n  orig: 33, 39\r\n  offset: 0, 0\r\n  index: -1\r\ntrongnho/meo_trongnho_tay2\r\n  rotate: false\r\n  xy: 486, 85\r\n  size: 33, 39\r\n  orig: 33, 39\r\n  offset: 0, 0\r\n  index: -1\r\ntrongnho/meo_trongnho_than\r\n  rotate: false\r\n  xy: 338, 115\r\n  size: 111, 154\r\n  orig: 111, 154\r\n  offset: 0, 0\r\n  index: -1\r\n",["trongbe.png"],{"skeleton":{"hash":"XUSeGQCCk48","spine":"3.8-from-4.0-from-4.1-from-4.2.38","images":"C:/Users/006/Desktop/222","audio":"./images/20Track 3/"},"bones":[{"name":"root"},{"name":"bone","parent":"root","icon":"arrows"},{"name":"bone2","parent":"bone","length":137.48,"rotation":90},{"name":"bone2b2","parent":"bone2","length":116.41,"rotation":0.52,"x":142.79,"y":3.1},{"name":"bone2b3","parent":"bone2","length":22.23,"rotation":-173.69,"x":108.44,"y":26.91},{"name":"bone2b4","parent":"bone2","length":23.25,"rotation":175.51,"x":110.6,"y":-25.5},{"name":"bone2b6","parent":"bone2b2","x":65.94,"y":1.06},{"name":"bone2b5","parent":"bone2b6","x":-26.39,"y":-0.02},{"name":"bone3","parent":"bone2","length":21.06,"rotation":-68.2,"x":43.64,"y":-41.55},{"name":"bone2b7","parent":"bone2b6","rotation":-90,"x":-41.77,"y":-0.32,"icon":"arrowUp"},{"name":"bone2b8","parent":"bone2b6","rotation":-90,"x":-8.93,"icon":"suiteHearts"},{"name":"bone2b9","parent":"bone2b2","length":53.14,"rotation":27.35,"x":114.97,"y":27.91},{"name":"bone2b10","parent":"bone2b2","length":51.26,"rotation":-28.44,"x":116.27,"y":-15.51},{"name":"bone2b11","parent":"bone2b8","x":-52.37,"y":1.81,"icon":"suiteHearts"},{"name":"bone2b12","parent":"bone2b8","x":36.04,"y":23.13,"icon":"suiteHearts"},{"name":"bone2b13","parent":"bone2b5","x":-32.49,"y":2.13}],"slots":[{"name":"Group 67","bone":"root"},{"name":"shadow","bone":"bone"},{"name":"meo_trongnho_duitrong","bone":"bone2b10","attachment":"trongnho/meo_trongnho_duitrong2"},{"name":"meo_trongnho_duitrong2","bone":"bone2b9","attachment":"trongnho/meo_trongnho_duitrong3"},{"name":"meo_idle_duoi","bone":"bone3","attachment":"trongnho/meo_trongnho_duoi"},{"name":"meo_idle_than","bone":"bone2","attachment":"trongnho/meo_trongnho_than"},{"name":"meo_idle_dau","bone":"bone2b2","attachment":"trongnho/meo_trongnho_dau"},{"name":"meo_idle_mieng","bone":"bone2b5","attachment":"trongnho/meo_trongnho_mieng1"},{"name":"meo_idle_tayt1","bone":"bone2b3","attachment":"trongnho/meo_trongnho_tay"},{"name":"meo_idle_tayp1","bone":"bone2b4","attachment":"trongnho/meo_trongnho_tay2"},{"name":"meo_idle_raut2","bone":"bone2b2","attachment":"meo_idle_raut2"},{"name":"meo_idle_raup2","bone":"bone2b2","attachment":"meo_idle_raup2"},{"name":"meo_idle_bc10","bone":"bone2b6","attachment":"trongnho/meo_trongnho_mat"},{"name":"meo_idle_mat3","bone":"bone2b11","attachment":"trongnho/meo_trongnho_connguoi1"},{"name":"meo_idle_mat4","bone":"bone2b12","attachment":"trongnho/meo_trongnho_connguoi2"},{"name":"meo_trongnho_tainghe","bone":"bone2b2","attachment":"trongnho/meo_trongnho_tainghe2"},{"name":"meo_trongnho_mieng2","bone":"bone2b13"}],"skins":[{"name":"default","attachments":{"meo_idle_bc10":{"trongnho/meo_trongnho_mat":{"x":-3.82,"y":1.29,"rotation":-90.52,"width":143,"height":65}},"meo_idle_dau":{"trongnho/meo_trongnho_dau":{"x":65.16,"y":-2.18,"rotation":-90.52,"width":265,"height":179}},"meo_idle_duoi":{"trongnho/meo_trongnho_duoi":{"x":31.9,"y":5.89,"rotation":-21.8,"width":67,"height":45}},"meo_idle_mat3":{"trongnho/meo_trongnho_connguoi1":{"x":-0.13,"y":-1.66,"rotation":-0.52,"width":23,"height":22}},"meo_idle_mat4":{"trongnho/meo_trongnho_connguoi2":{"x":0.5,"y":-1.03,"rotation":-0.52,"width":23,"height":18}},"meo_idle_mieng":{"trongnho/meo_trongnho_mieng1":{"x":-8.71,"y":-4.21,"rotation":-90.52,"width":27,"height":25}},"meo_idle_raup2":{"meo_idle_raup2":{"path":"meo_idle_raup","x":7.38,"y":-87.16,"rotation":-90.52,"width":40,"height":33}},"meo_idle_raut2":{"meo_idle_raut2":{"path":"meo_idle_raut","x":3.01,"y":91.89,"rotation":-90.52,"width":40,"height":33}},"meo_idle_tayp1":{"trongnho/meo_trongnho_tay2":{"x":25.37,"y":-2.48,"rotation":94.49,"width":33,"height":39}},"meo_idle_tayt1":{"trongnho/meo_trongnho_tay":{"x":25.35,"y":2.26,"rotation":83.69,"width":33,"height":39}},"meo_idle_than":{"trongnho/meo_trongnho_than":{"x":69.55,"y":0.37,"rotation":-90,"width":111,"height":154}},"meo_trongnho_duitrong":{"trongnho/meo_trongnho_duitrong2":{"path":"trongnho/meo_trongnho_duitrong","x":40.85,"y":-2.17,"rotation":-62.08,"width":56,"height":81}},"meo_trongnho_duitrong2":{"trongnho/meo_trongnho_duitrong3":{"path":"trongnho/meo_trongnho_duitrong2","x":42.3,"y":1.77,"rotation":-117.87,"width":56,"height":81}},"meo_trongnho_mieng2":{"trongnho/meo_trongnho_mieng2":{"x":1.22,"y":-3.56,"rotation":-90.52,"width":77,"height":47}},"meo_trongnho_tainghe":{"trongnho/meo_trongnho_tainghe2":{"path":"trongnho/meo_trongnho_tainghe","x":102.65,"y":-4.45,"rotation":-90.52,"width":238,"height":100}},"shadow":{"shadow":{"x":-5.98,"y":8.98,"width":207,"height":53}}}}],"events":{"2. Trống nhỏ":{"audio":"2. Trống nhỏ.mp3"}},"animations":{"1_play":{"slots":{"meo_trongnho_mieng2":{"attachment":[{"name":"trongnho/meo_trongnho_mieng2"}]}},"bones":{"bone2b13":{"translate":[{"x":14.06,"y":-2.06,"curve":"stepped"},{"time":0.6333,"x":14.06,"y":-2.06},{"time":0.7333,"x":2.52,"y":-2.06},{"time":0.8333,"x":14.06,"y":-2.06,"curve":"stepped"},{"time":1.8667,"x":14.06,"y":-2.06},{"time":1.9667,"x":2.52,"y":-2.06},{"time":2.0667,"x":14.06,"y":-2.06,"curve":"stepped"},{"time":3.1667,"x":14.06,"y":-2.06},{"time":3.2667,"x":2.52,"y":-2.06},{"time":3.3667,"x":14.06,"y":-2.06,"curve":"stepped"},{"time":4.4,"x":14.06,"y":-2.06},{"time":4.5,"x":2.52,"y":-2.06},{"time":4.6,"x":14.06,"y":-2.06,"curve":"stepped"},{"time":5.6667,"x":14.06,"y":-2.06},{"time":5.7667,"x":2.52,"y":-2.06},{"time":5.8667,"x":14.06,"y":-2.06,"curve":"stepped"},{"time":6.9,"x":14.06,"y":-2.06},{"time":7,"x":2.52,"y":-2.06},{"time":7.1333,"x":14.06,"y":-2.06,"curve":"stepped"},{"time":8.2333,"x":14.06,"y":-2.06},{"time":8.3333,"x":2.52,"y":-2.06},{"time":8.4333,"x":14.06,"y":-2.06,"curve":"stepped"},{"time":9.4667,"x":14.06,"y":-2.06},{"time":9.5667,"x":2.52,"y":-2.06},{"time":9.7,"x":14.06,"y":-2.06}],"scale":[{"x":0.475,"y":0.475},{"time":0.6333,"x":0.447,"y":0.447},{"time":0.7333,"x":0.88,"y":0.88},{"time":0.8333,"x":0.475,"y":0.475},{"time":1.8667,"x":0.447,"y":0.447},{"time":1.9667,"x":0.88,"y":0.88},{"time":2.0667,"x":0.475,"y":0.475},{"time":3.1667,"x":0.447,"y":0.447},{"time":3.2667,"x":0.88,"y":0.88},{"time":3.3667,"x":0.475,"y":0.475},{"time":4.4,"x":0.447,"y":0.447},{"time":4.5,"x":0.88,"y":0.88},{"time":4.6,"x":0.475,"y":0.475},{"time":5.6667,"x":0.447,"y":0.447},{"time":5.7667,"x":0.88,"y":0.88},{"time":5.8667,"x":0.475,"y":0.475},{"time":6.9,"x":0.447,"y":0.447},{"time":7,"x":0.88,"y":0.88},{"time":7.1333,"x":0.475,"y":0.475},{"time":8.2333,"x":0.447,"y":0.447},{"time":8.3333,"x":0.88,"y":0.88},{"time":8.4333,"x":0.475,"y":0.475},{"time":9.4667,"x":0.447,"y":0.447},{"time":9.5667,"x":0.88,"y":0.88},{"time":9.7,"x":0.475,"y":0.475}]},"bone2b2":{"translate":[{"x":4.5,"y":0.04},{"time":0.5,"x":9.22,"y":0.08},{"time":0.6},{"time":0.6667,"x":-9.61,"y":-0.09},{"time":0.7667},{"time":1.3333,"x":4.5,"y":0.04},{"time":1.8667,"x":9.22,"y":0.08},{"time":1.9667},{"time":2.0333,"x":-9.61,"y":-0.09},{"time":2.1333},{"time":2.6667,"x":4.5,"y":0.04},{"time":3.1667,"x":9.22,"y":0.08},{"time":3.2667},{"time":3.3333,"x":-9.61,"y":-0.09},{"time":3.4333},{"time":3.9,"x":4.5,"y":0.04},{"time":4.2667,"x":9.22,"y":0.08},{"time":4.4333},{"time":4.5,"x":-9.61,"y":-0.09},{"time":4.6},{"time":5.1667,"x":4.5,"y":0.04},{"time":5.5667,"x":9.22,"y":0.08},{"time":5.7333},{"time":5.8,"x":-9.61,"y":-0.09},{"time":5.9},{"time":6.3333,"x":4.5,"y":0.04},{"time":6.7667,"x":9.22,"y":0.08},{"time":6.9333},{"time":7,"x":-9.61,"y":-0.09},{"time":7.1},{"time":7.6667,"x":4.5,"y":0.04},{"time":8.1,"x":9.22,"y":0.08},{"time":8.2667},{"time":8.3333,"x":-9.61,"y":-0.09},{"time":8.4333},{"time":9,"x":4.5,"y":0.04},{"time":9.2667,"x":9.22,"y":0.08},{"time":9.4333},{"time":9.5,"x":-9.61,"y":-0.09},{"time":9.6},{"time":10.1,"x":4.5,"y":0.04}]},"bone2b8":{"translate":[{"time":0.6667},{"time":0.7667,"x":-6.72},{"time":0.8667,"curve":"stepped"},{"time":2},{"time":2.1,"x":-6.72},{"time":2.2,"curve":"stepped"},{"time":3.3333},{"time":3.4333,"x":-6.72},{"time":3.5333,"curve":"stepped"},{"time":4.5},{"time":4.6,"x":-6.72},{"time":4.7,"curve":"stepped"},{"time":5.8333},{"time":5.9333,"x":-6.72},{"time":6.0333,"curve":"stepped"},{"time":7},{"time":7.1,"x":-6.72},{"time":7.2,"curve":"stepped"},{"time":8.3333},{"time":8.4333,"x":-6.72},{"time":8.5333,"curve":"stepped"},{"time":9.5},{"time":9.6,"x":-6.72},{"time":9.7}]},"bone2b9":{"rotate":[{"time":0.6667},{"time":0.7667,"angle":10.6},{"time":0.9,"angle":-4.46},{"time":1,"curve":"stepped"},{"time":2},{"time":2.1,"angle":10.6},{"time":2.2333,"angle":-4.46},{"time":2.3333,"curve":"stepped"},{"time":3.3333},{"time":3.4333,"angle":10.6},{"time":3.5667,"angle":-4.46},{"time":3.6667,"curve":"stepped"},{"time":4.5},{"time":4.6,"angle":10.6},{"time":4.7333,"angle":-4.46},{"time":4.8333,"curve":"stepped"},{"time":5.7667},{"time":5.8667,"angle":10.6},{"time":6,"angle":-4.46},{"time":6.1,"curve":"stepped"},{"time":7},{"time":7.1,"angle":10.6},{"time":7.2333,"angle":-4.46},{"time":7.3333,"curve":"stepped"},{"time":8.3333},{"time":8.4333,"angle":10.6},{"time":8.5667,"angle":-4.46},{"time":8.6667,"curve":"stepped"},{"time":9.5},{"time":9.6,"angle":10.6},{"time":9.7333,"angle":-4.46},{"time":9.8333}]},"bone2b10":{"rotate":[{"time":0.6667},{"time":0.7667,"angle":-9.19},{"time":0.9,"angle":5.9},{"time":1,"curve":"stepped"},{"time":2},{"time":2.1,"angle":-9.19},{"time":2.2333,"angle":5.9},{"time":2.3333,"curve":"stepped"},{"time":3.3333},{"time":3.4333,"angle":-9.19},{"time":3.5667,"angle":5.9},{"time":3.6667,"curve":"stepped"},{"time":4.5},{"time":4.6,"angle":-9.19},{"time":4.7333,"angle":5.9},{"time":4.8333,"curve":"stepped"},{"time":5.7667},{"time":5.8667,"angle":-9.19},{"time":6,"angle":5.9},{"time":6.1,"curve":"stepped"},{"time":7},{"time":7.1,"angle":-9.19},{"time":7.2333,"angle":5.9},{"time":7.3333,"curve":"stepped"},{"time":8.3333},{"time":8.4333,"angle":-9.19},{"time":8.5667,"angle":5.9},{"time":8.6667,"curve":"stepped"},{"time":9.5},{"time":9.6,"angle":-9.19},{"time":9.7333,"angle":5.9},{"time":9.8333}]},"bone2b11":{"translate":[{"time":0.6667},{"time":0.7667,"x":-4.82,"y":2.47,"curve":"stepped"},{"time":2,"x":-4.82,"y":2.47},{"time":2.1,"curve":"stepped"},{"time":3.3333},{"time":3.4333,"x":-4.82,"y":2.47,"curve":"stepped"},{"time":4.5,"x":-4.82,"y":2.47},{"time":4.6,"curve":"stepped"},{"time":5.7667},{"time":5.8667,"x":-4.82,"y":2.47,"curve":"stepped"},{"time":7,"x":-4.82,"y":2.47},{"time":7.1,"curve":"stepped"},{"time":8.3333},{"time":8.4333,"x":-4.82,"y":2.47,"curve":"stepped"},{"time":9.5,"x":-4.82,"y":2.47},{"time":9.6}]},"bone2b12":{"translate":[{"time":0.6667},{"time":0.7667,"x":7.74,"y":3.67,"curve":"stepped"},{"time":2,"x":7.74,"y":3.67},{"time":2.1,"curve":"stepped"},{"time":3.3333},{"time":3.4333,"x":7.74,"y":3.67,"curve":"stepped"},{"time":4.5,"x":7.74,"y":3.67},{"time":4.6,"curve":"stepped"},{"time":5.7667},{"time":5.8667,"x":7.74,"y":3.67,"curve":"stepped"},{"time":7,"x":7.74,"y":3.67},{"time":7.1,"curve":"stepped"},{"time":8.3333},{"time":8.4333,"x":7.74,"y":3.67,"curve":"stepped"},{"time":9.5,"x":7.74,"y":3.67},{"time":9.6}]}},"events":[{"name":"2. Trống nhỏ"}]},"2_idle":{"bones":{"bone2b13":{"translate":[{}]}}}}},[0]]],0,0,[0],[-1],[0]]
