[1,["c7u6L/r3VDbo2rufqj5TVs@6c48a"],0,[["sp.SkeletonData",["_name","_atlasText","textureNames","_skeletonJson","textures"],-1,3]],[[0,0,1,2,3,4,5]],[[0,"Sound_2_Pink","\r\nSound_2_Pink.png\r\nsize: 1256, 326\r\nformat: RGBA8888\r\nfilter: Linear, Linear\r\nrepeat: none\r\n1\r\n  rotate: true\r\n  xy: 2, 164\r\n  size: 160, 313\r\n  orig: 160, 313\r\n  offset: 0, 0\r\n  index: -1\r\n2\r\n  rotate: true\r\n  xy: 317, 164\r\n  size: 160, 313\r\n  orig: 160, 313\r\n  offset: 0, 0\r\n  index: -1\r\n3\r\n  rotate: true\r\n  xy: 632, 164\r\n  size: 160, 310\r\n  orig: 160, 310\r\n  offset: 0, 0\r\n  index: -1\r\n4\r\n  rotate: true\r\n  xy: 944, 164\r\n  size: 160, 310\r\n  orig: 160, 310\r\n  offset: 0, 0\r\n  index: -1\r\n5\r\n  rotate: true\r\n  xy: 2, 2\r\n  size: 160, 314\r\n  orig: 160, 314\r\n  offset: 0, 0\r\n  index: -1\r\n6\r\n  rotate: true\r\n  xy: 318, 2\r\n  size: 160, 313\r\n  orig: 160, 313\r\n  offset: 0, 0\r\n  index: -1\r\n7\r\n  rotate: true\r\n  xy: 633, 2\r\n  size: 160, 307\r\n  orig: 160, 307\r\n  offset: 0, 0\r\n  index: -1\r\n8\r\n  rotate: true\r\n  xy: 942, 2\r\n  size: 160, 309\r\n  orig: 160, 309\r\n  offset: 0, 0\r\n  index: -1\r\n",["Sound_2_Pink.png"],{"skeleton":{"hash":"ggxoWc/Uv4c","spine":"3.8-from-4.0-from-4.1-from-4.2.38","images":"C:\\Users\\006\\Desktop\\222","audio":"./audio"},"bones":[{"name":"root"},{"name":"bone","parent":"root","x":-0.1,"y":-9.42}],"slots":[{"name":"1","bone":"root","attachment":"1"},{"name":"2","bone":"root"},{"name":"3","bone":"root"},{"name":"4","bone":"root"},{"name":"5","bone":"root"},{"name":"6","bone":"root"},{"name":"7","bone":"root"},{"name":"8","bone":"root"}],"skins":[{"name":"default","attachments":{"1":{"1":{"x":2.31,"y":155.85,"width":160,"height":313}},"2":{"2":{"x":2.31,"y":155.85,"width":160,"height":313}},"3":{"3":{"x":2.02,"y":154.29,"width":160,"height":310}},"4":{"4":{"x":2.02,"y":154.8,"width":160,"height":310}},"5":{"5":{"x":2.22,"y":156.32,"width":160,"height":314}},"6":{"6":{"x":2.04,"y":155.79,"width":160,"height":313}},"7":{"7":{"x":2.35,"y":152.78,"width":160,"height":307}},"8":{"8":{"x":2,"y":153.9,"width":160,"height":309}}}}],"animations":{"Sound_1":{"slots":{"1":{"attachment":[{"time":0.0333,"name":null},{"time":2,"name":"1"},{"time":2.5,"name":null},{"time":4.4667,"name":"1"},{"time":4.8,"name":"1"}]},"5":{"attachment":[{"time":0.0333,"name":"5"},{"time":0.0667,"name":null},{"time":2.5,"name":"5"},{"time":2.5333,"name":null}]},"8":{"attachment":[{"time":0.0667,"name":"8"},{"time":2,"name":null},{"time":2.5333,"name":"8"},{"time":4.4667,"name":null}]}}},"Sound_2":{"slots":{"1":{"attachment":[{"time":0.0333,"name":null},{"time":2,"name":"1"},{"time":2.7,"name":null},{"time":4.8,"name":"1"}]},"3":{"attachment":[{"time":3.5333,"name":"3"},{"time":3.6,"name":null}]},"4":{"attachment":[{"time":2.7,"name":"4"},{"time":2.7667,"name":null}]},"5":{"attachment":[{"time":0.0333,"name":"5"},{"time":0.0667,"name":null}]},"6":{"attachment":[{"time":2.7667,"name":"6"},{"time":3.5333,"name":null}]},"7":{"attachment":[{"time":3.6,"name":"7"},{"time":4.8,"name":null}]},"8":{"attachment":[{"time":0.0667,"name":"8"},{"time":2,"name":null}]}}}}},[0]]],0,0,[0],[-1],[0]]
