[1,["57HyWqLJpA4Y7ANKhXYzyO@6c48a"],0,[["sp.SkeletonData",["_name","_atlasText","textureNames","_skeletonJson","textures"],-1,3]],[[0,0,1,2,3,4,5]],[[0,"Sound_H_Purple","\r\nSound_H_Purple.png\r\nsize: 1884, 321\r\nformat: RGBA8888\r\nfilter: Linear, Linear\r\nrepeat: none\r\n1\r\n  rotate: true\r\n  xy: 855, 3\r\n  size: 157, 284\r\n  orig: 157, 290\r\n  offset: 0, 6\r\n  index: -1\r\n10\r\n  rotate: true\r\n  xy: 566, 2\r\n  size: 157, 278\r\n  orig: 157, 284\r\n  offset: 0, 6\r\n  index: -1\r\n11\r\n  rotate: true\r\n  xy: 1141, 3\r\n  size: 157, 284\r\n  orig: 157, 290\r\n  offset: 0, 6\r\n  index: -1\r\n12\r\n  rotate: true\r\n  xy: 2, 161\r\n  size: 158, 285\r\n  orig: 158, 291\r\n  offset: 0, 6\r\n  index: -1\r\n13\r\n  rotate: true\r\n  xy: 855, 162\r\n  size: 157, 290\r\n  orig: 157, 296\r\n  offset: 0, 6\r\n  index: -1\r\n2\r\n  rotate: true\r\n  xy: 1437, 162\r\n  size: 157, 286\r\n  orig: 157, 291\r\n  offset: 0, 5\r\n  index: -1\r\n3\r\n  rotate: true\r\n  xy: 2, 2\r\n  size: 157, 281\r\n  orig: 157, 286\r\n  offset: 0, 5\r\n  index: -1\r\n4\r\n  rotate: false\r\n  xy: 1725, 34\r\n  size: 157, 285\r\n  orig: 157, 291\r\n  offset: 0, 6\r\n  index: -1\r\n5\r\n  rotate: true\r\n  xy: 289, 161\r\n  size: 158, 282\r\n  orig: 158, 286\r\n  offset: 0, 4\r\n  index: -1\r\n6\r\n  rotate: true\r\n  xy: 573, 161\r\n  size: 158, 280\r\n  orig: 158, 286\r\n  offset: 0, 6\r\n  index: -1\r\n7\r\n  rotate: true\r\n  xy: 1147, 162\r\n  size: 157, 288\r\n  orig: 157, 294\r\n  offset: 0, 6\r\n  index: -1\r\n8\r\n  rotate: true\r\n  xy: 1427, 3\r\n  size: 157, 284\r\n  orig: 157, 290\r\n  offset: 0, 6\r\n  index: -1\r\n9\r\n  rotate: true\r\n  xy: 285, 2\r\n  size: 157, 279\r\n  orig: 157, 285\r\n  offset: 0, 6\r\n  index: -1\r\n",["Sound_H_Purple.png"],{"skeleton":{"hash":"fF0xc9xSKMc","spine":"3.8-from-4.0-from-4.1-from-4.2.37","x":-78.5,"y":-6,"width":157,"height":291,"images":"C:\\Users\\006\\Desktop\\111","audio":"./audio"},"bones":[{"name":"root"},{"name":"bone","parent":"root","x":-1.17,"y":-29.55}],"slots":[{"name":"1","bone":"bone"},{"name":"2","bone":"bone"},{"name":"3","bone":"bone"},{"name":"4","bone":"bone","attachment":"4"},{"name":"5","bone":"bone"},{"name":"6","bone":"bone"},{"name":"7","bone":"bone"},{"name":"8","bone":"bone"},{"name":"9","bone":"bone"},{"name":"10","bone":"bone"},{"name":"11","bone":"bone"},{"name":"12","bone":"bone"},{"name":"13","bone":"bone"}],"skins":[{"name":"default","attachments":{"1":{"1":{"x":1.17,"y":168.65,"width":157,"height":290}},"2":{"2":{"x":2.52,"y":169.32,"width":157,"height":291}},"3":{"3":{"x":1.44,"y":166.89,"width":157,"height":286}},"4":{"4":{"x":1.17,"y":169.05,"width":157,"height":291}},"5":{"5":{"x":1.17,"y":166.35,"width":158,"height":286}},"6":{"6":{"x":1.17,"y":166.62,"width":158,"height":286}},"7":{"7":{"x":1.17,"y":170.67,"width":157,"height":294}},"8":{"8":{"x":0.36,"y":168.24,"width":157,"height":290}},"9":{"9":{"x":0.9,"y":166.08,"width":157,"height":285}},"10":{"10":{"x":1.17,"y":165.27,"width":157,"height":284}},"11":{"11":{"x":1.17,"y":169.32,"width":157,"height":290}},"12":{"12":{"x":2.25,"y":168.78,"width":158,"height":291}},"13":{"13":{"x":1.17,"y":171.75,"width":157,"height":296}}}}],"animations":{"Sound_1":{"slots":{"3":{"attachment":[{"time":0.3667,"name":"3"},{"time":0.5,"name":null},{"time":3.8,"name":"3"},{"time":3.9333,"name":null}]},"4":{"attachment":[{"time":0.2333,"name":null},{"time":3.4333,"name":"4"},{"time":3.6667,"name":null},{"time":6.9,"name":"4"}]},"5":{"attachment":[{"time":0.6333,"name":"5"},{"time":0.7,"name":null},{"time":0.8,"name":"5"},{"time":0.9,"name":null},{"time":1,"name":"5"},{"time":1.1,"name":null},{"time":1.2,"name":"5"},{"time":1.3,"name":null},{"time":1.4,"name":"5"},{"time":1.5,"name":null},{"time":1.6,"name":"5"},{"time":1.7,"name":null},{"time":1.8,"name":"5"},{"time":1.9,"name":null},{"time":1.9667,"name":"5"},{"time":2.0667,"name":null},{"time":2.1667,"name":"5"},{"time":2.2667,"name":null},{"time":2.3667,"name":"5"},{"time":2.4667,"name":null},{"time":2.5667,"name":"5"},{"time":2.6667,"name":null},{"time":2.7667,"name":"5"},{"time":2.8667,"name":null},{"time":2.9667,"name":"5"},{"time":3.0667,"name":null},{"time":3.1667,"name":"5"},{"time":3.2667,"name":null},{"time":3.3333,"name":"5"},{"time":3.4333,"name":null},{"time":4.0667,"name":"5"},{"time":4.1667,"name":null},{"time":4.2667,"name":"5"},{"time":4.3667,"name":null},{"time":4.4667,"name":"5"},{"time":4.5667,"name":null},{"time":4.6333,"name":"5"},{"time":4.7333,"name":null},{"time":4.8333,"name":"5"},{"time":4.9333,"name":null},{"time":5.0333,"name":"5"},{"time":5.1333,"name":null},{"time":5.2333,"name":"5"},{"time":5.3333,"name":null},{"time":5.4333,"name":"5"},{"time":5.5333,"name":null},{"time":5.6333,"name":"5"},{"time":5.7333,"name":null},{"time":5.8333,"name":"5"},{"time":5.9333,"name":null},{"time":6,"name":"5"},{"time":6.1,"name":null},{"time":6.2,"name":"5"},{"time":6.3,"name":null},{"time":6.4,"name":"5"},{"time":6.5,"name":null},{"time":6.6,"name":"5"},{"time":6.7,"name":null},{"time":6.8,"name":"5"},{"time":6.9,"name":null}]},"7":{"attachment":[{"time":0.2333,"name":"7"},{"time":0.3667,"name":null},{"time":3.6667,"name":"7"},{"time":3.8,"name":null}]},"10":{"attachment":[{"time":0.5,"name":"10"},{"time":0.6333,"name":null},{"time":0.7,"name":"10"},{"time":0.8,"name":null},{"time":0.9,"name":"10"},{"time":1,"name":null},{"time":1.1,"name":"10"},{"time":1.2,"name":null},{"time":1.3,"name":"10"},{"time":1.4,"name":null},{"time":1.5,"name":"10"},{"time":1.6,"name":null},{"time":1.7,"name":"10"},{"time":1.8,"name":null},{"time":1.9,"name":"10"},{"time":1.9667,"name":null},{"time":2.0667,"name":"10"},{"time":2.1667,"name":null},{"time":2.2667,"name":"10"},{"time":2.3667,"name":null},{"time":2.4667,"name":"10"},{"time":2.5667,"name":null},{"time":2.6667,"name":"10"},{"time":2.7667,"name":null},{"time":2.8667,"name":"10"},{"time":2.9667,"name":null},{"time":3.0667,"name":"10"},{"time":3.1667,"name":null},{"time":3.2667,"name":"10"},{"time":3.3333,"name":null},{"time":3.9333,"name":"10"},{"time":4.0667,"name":null},{"time":4.1667,"name":"10"},{"time":4.2667,"name":null},{"time":4.3667,"name":"10"},{"time":4.4667,"name":null},{"time":4.5667,"name":"10"},{"time":4.6333,"name":null},{"time":4.7333,"name":"10"},{"time":4.8333,"name":null},{"time":4.9333,"name":"10"},{"time":5.0333,"name":null},{"time":5.1333,"name":"10"},{"time":5.2333,"name":null},{"time":5.3333,"name":"10"},{"time":5.4333,"name":null},{"time":5.5333,"name":"10"},{"time":5.6333,"name":null},{"time":5.7333,"name":"10"},{"time":5.8333,"name":null},{"time":5.9333,"name":"10"},{"time":6,"name":null},{"time":6.1,"name":"10"},{"time":6.2,"name":null},{"time":6.3,"name":"10"},{"time":6.4,"name":null},{"time":6.5,"name":"10"},{"time":6.6,"name":null},{"time":6.7,"name":"10"},{"time":6.8,"name":null}]}}},"Sound_2":{"slots":{"3":{"attachment":[{"time":0.3667,"name":"3"},{"time":0.5,"name":null},{"time":3.8,"name":"3"},{"time":3.9333,"name":null}]},"4":{"attachment":[{"time":0.2333,"name":null},{"time":3.4333,"name":"4"},{"time":3.6667,"name":null},{"time":6.9,"name":"4"}]},"5":{"attachment":[{"time":0.6333,"name":"5"},{"time":0.7,"name":null},{"time":0.8,"name":"5"},{"time":0.9,"name":null},{"time":1,"name":"5"},{"time":1.1,"name":null},{"time":1.2,"name":"5"},{"time":1.3,"name":null},{"time":1.4,"name":"5"},{"time":1.5,"name":null},{"time":1.6,"name":"5"},{"time":1.7,"name":null},{"time":1.8,"name":"5"},{"time":1.9,"name":null},{"time":1.9667,"name":"5"},{"time":2.0667,"name":null},{"time":2.1667,"name":"5"},{"time":2.2667,"name":null},{"time":2.3667,"name":"5"},{"time":2.4667,"name":null},{"time":2.5667,"name":"5"},{"time":2.6667,"name":null},{"time":2.7667,"name":"5"},{"time":2.8667,"name":null},{"time":2.9667,"name":"5"},{"time":3.0667,"name":null},{"time":3.1667,"name":"5"},{"time":3.2667,"name":null},{"time":3.3333,"name":"5"},{"time":3.4333,"name":null},{"time":4.0667,"name":"5"},{"time":4.1667,"name":null},{"time":4.2667,"name":"5"},{"time":4.3667,"name":null},{"time":4.4667,"name":"5"},{"time":4.5667,"name":null},{"time":4.6333,"name":"5"},{"time":4.7333,"name":null},{"time":4.8333,"name":"5"},{"time":4.9333,"name":null},{"time":5.0333,"name":"5"},{"time":5.1333,"name":null},{"time":5.2333,"name":"5"},{"time":5.3333,"name":null},{"time":5.4333,"name":"5"},{"time":5.5333,"name":null},{"time":5.6333,"name":"5"},{"time":5.7333,"name":null},{"time":5.8333,"name":"5"},{"time":5.9333,"name":null},{"time":6,"name":"5"},{"time":6.1,"name":null},{"time":6.2,"name":"5"},{"time":6.3,"name":null},{"time":6.4,"name":"5"},{"time":6.5,"name":null},{"time":6.6,"name":"5"},{"time":6.7,"name":null},{"time":6.8,"name":"5"},{"time":6.9,"name":null}]},"7":{"attachment":[{"time":0.2333,"name":"7"},{"time":0.3667,"name":null},{"time":3.6667,"name":"7"},{"time":3.8,"name":null}]},"10":{"attachment":[{"time":0.5,"name":"10"},{"time":0.6333,"name":null},{"time":0.7,"name":"10"},{"time":0.8,"name":null},{"time":0.9,"name":"10"},{"time":1,"name":null},{"time":1.1,"name":"10"},{"time":1.2,"name":null},{"time":1.3,"name":"10"},{"time":1.4,"name":null},{"time":1.5,"name":"10"},{"time":1.6,"name":null},{"time":1.7,"name":"10"},{"time":1.8,"name":null},{"time":1.9,"name":"10"},{"time":1.9667,"name":null},{"time":2.0667,"name":"10"},{"time":2.1667,"name":null},{"time":2.2667,"name":"10"},{"time":2.3667,"name":null},{"time":2.4667,"name":"10"},{"time":2.5667,"name":null},{"time":2.6667,"name":"10"},{"time":2.7667,"name":null},{"time":2.8667,"name":"10"},{"time":2.9667,"name":null},{"time":3.0667,"name":"10"},{"time":3.1667,"name":null},{"time":3.2667,"name":"10"},{"time":3.3333,"name":null},{"time":3.9333,"name":"10"},{"time":4.0667,"name":null},{"time":4.1667,"name":"10"},{"time":4.2667,"name":null},{"time":4.3667,"name":"10"},{"time":4.4667,"name":null},{"time":4.5667,"name":"10"},{"time":4.6333,"name":null},{"time":4.7333,"name":"10"},{"time":4.8333,"name":null},{"time":4.9333,"name":"10"},{"time":5.0333,"name":null},{"time":5.1333,"name":"10"},{"time":5.2333,"name":null},{"time":5.3333,"name":"10"},{"time":5.4333,"name":null},{"time":5.5333,"name":"10"},{"time":5.6333,"name":null},{"time":5.7333,"name":"10"},{"time":5.8333,"name":null},{"time":5.9333,"name":"10"},{"time":6,"name":null},{"time":6.1,"name":"10"},{"time":6.2,"name":null},{"time":6.3,"name":"10"},{"time":6.4,"name":null},{"time":6.5,"name":"10"},{"time":6.6,"name":null},{"time":6.7,"name":"10"},{"time":6.8,"name":null}]}}}}},[0]]],0,0,[0],[-1],[0]]
