[1,["71SH9XYj9GSofI9J3iEkUN@6c48a"],0,[["sp.SkeletonData",["_name","_atlasText","textureNames","_skeletonJson","textures"],-1,3]],[[0,0,1,2,3,4,5]],[[0,"Sound_1_Robot","\r\nSound_1_Robot.png\r\nsize: 793, 461\r\nformat: RGBA8888\r\nfilter: Linear, Linear\r\nrepeat: none\r\n1\r\n  rotate: true\r\n  xy: 2, 308\r\n  size: 151, 261\r\n  orig: 151, 261\r\n  offset: 0, 0\r\n  index: -1\r\n2\r\n  rotate: true\r\n  xy: 265, 308\r\n  size: 151, 263\r\n  orig: 151, 263\r\n  offset: 0, 0\r\n  index: -1\r\n3\r\n  rotate: true\r\n  xy: 530, 308\r\n  size: 151, 261\r\n  orig: 151, 261\r\n  offset: 0, 0\r\n  index: -1\r\n4\r\n  rotate: true\r\n  xy: 2, 155\r\n  size: 151, 259\r\n  orig: 151, 259\r\n  offset: 0, 0\r\n  index: -1\r\n5\r\n  rotate: true\r\n  xy: 263, 155\r\n  size: 151, 263\r\n  orig: 151, 263\r\n  offset: 0, 0\r\n  index: -1\r\n6\r\n  rotate: true\r\n  xy: 528, 155\r\n  size: 151, 263\r\n  orig: 151, 263\r\n  offset: 0, 0\r\n  index: -1\r\n7\r\n  rotate: true\r\n  xy: 2, 2\r\n  size: 151, 262\r\n  orig: 151, 262\r\n  offset: 0, 0\r\n  index: -1\r\n8\r\n  rotate: true\r\n  xy: 266, 2\r\n  size: 151, 262\r\n  orig: 151, 262\r\n  offset: 0, 0\r\n  index: -1\r\n9\r\n  rotate: true\r\n  xy: 530, 2\r\n  size: 151, 261\r\n  orig: 151, 261\r\n  offset: 0, 0\r\n  index: -1\r\n",["Sound_1_Robot.png"],{"skeleton":{"hash":"y0COHupkZvo","spine":"3.8-from-4.0-from-4.1-from-4.2.38","images":"C:\\Users\\006\\Desktop\\222","audio":"./audio"},"bones":[{"name":"root"},{"name":"bone","parent":"root","x":-1.19,"y":-27.45}],"slots":[{"name":"1","bone":"bone"},{"name":"2","bone":"bone"},{"name":"3","bone":"bone"},{"name":"4","bone":"bone","attachment":"4"},{"name":"5","bone":"bone"},{"name":"6","bone":"bone"},{"name":"7","bone":"bone"},{"name":"8","bone":"bone"},{"name":"9","bone":"bone"}],"skins":[{"name":"default","attachments":{"1":{"1":{"x":1.96,"y":157.07,"width":151,"height":261}},"2":{"2":{"x":12.8,"y":158.61,"width":151,"height":263}},"3":{"3":{"x":10.11,"y":157.05,"width":151,"height":261}},"4":{"4":{"x":12.8,"y":156.51,"width":151,"height":259}},"5":{"5":{"x":12.03,"y":157.46,"width":151,"height":263}},"6":{"6":{"x":11.65,"y":157.46,"width":151,"height":263}},"7":{"7":{"x":13.28,"y":156.31,"width":151,"height":262}},"8":{"8":{"x":13.09,"y":157.17,"width":151,"height":262}},"9":{"9":{"x":23.26,"y":156.4,"width":151,"height":261}}}}],"animations":{"Sound_1":{"slots":{"1":{"attachment":[{"time":0.2333,"name":"1"},{"time":0.3333,"name":null},{"time":1.0333,"name":"1"},{"time":1.1333,"name":null},{"time":1.9333,"name":"1"},{"time":2.0333,"name":null},{"time":2.6,"name":"1"},{"time":2.7,"name":null},{"time":3.8333,"name":"1"},{"time":3.9667,"name":null}]},"2":{"attachment":[{"time":0.1,"name":"2"},{"time":0.2333,"name":null},{"time":0.9,"name":"2"},{"time":1.0333,"name":null},{"time":2.5,"name":"2"},{"time":2.6,"name":null},{"time":2.9333,"name":"2"},{"time":3.0667,"name":null},{"time":3.4,"name":"2"},{"time":3.6333,"name":null}]},"3":{"attachment":[{"time":0.5667,"name":"3"},{"time":0.6667,"name":null},{"time":1.7,"name":"3"},{"time":1.8,"name":null},{"time":3.0667,"name":"3"},{"time":3.1667,"name":null},{"time":4.3,"name":"3"},{"time":4.8,"name":null}]},"4":{"attachment":[{"time":0.1,"name":null},{"time":0.4667,"name":"4"},{"time":0.5667,"name":null},{"time":0.8,"name":"4"},{"time":0.9,"name":null},{"time":2.3667,"name":"4"},{"time":2.5,"name":null},{"time":2.8333,"name":"4"},{"time":2.9333,"name":null},{"time":3.2667,"name":"4"},{"time":3.4,"name":null},{"time":4.8,"name":"4"}]},"5":{"attachment":[{"time":1.5667,"name":"5"},{"time":1.7,"name":null},{"time":2.2667,"name":"5"},{"time":2.3667,"name":null},{"time":3.7333,"name":"5"},{"time":3.8333,"name":null},{"time":4.2,"name":"5"},{"time":4.3,"name":null}]},"6":{"attachment":[{"time":0.3333,"name":"6"},{"time":0.4667,"name":null},{"time":1.1333,"name":"6"},{"time":1.2333,"name":null},{"time":1.3667,"name":"6"},{"time":1.4667,"name":null},{"time":2.0333,"name":"6"},{"time":2.1333,"name":null},{"time":2.7,"name":"6"},{"time":2.8333,"name":null},{"time":3.5,"name":"6"},{"time":3.6333,"name":null},{"time":3.9667,"name":"6"},{"time":4.0667,"name":null}]},"7":{"attachment":[{"time":0.6667,"name":"7"},{"time":0.8,"name":null},{"time":1.8,"name":"7"},{"time":1.9333,"name":null},{"time":3.1667,"name":"7"},{"time":3.2667,"name":null}]},"9":{"attachment":[{"time":1.2333,"name":"9"},{"time":1.3667,"name":null},{"time":1.4667,"name":"9"},{"time":1.5667,"name":null},{"time":2.1333,"name":"9"},{"time":2.2667,"name":null},{"time":3.6333,"name":"9"},{"time":3.7333,"name":null},{"time":4.0667,"name":"9"},{"time":4.2,"name":null}]}}},"Sound_2":{"slots":{"1":{"attachment":[{"time":0.2333,"name":"1"},{"time":0.3333,"name":null},{"time":1.0333,"name":"1"},{"time":1.1333,"name":null},{"time":1.9333,"name":"1"},{"time":2.0333,"name":null},{"time":2.6,"name":"1"},{"time":2.7,"name":null},{"time":3.8333,"name":"1"},{"time":3.9667,"name":null}]},"2":{"attachment":[{"time":0.1,"name":"2"},{"time":0.2333,"name":null},{"time":0.9,"name":"2"},{"time":1.0333,"name":null},{"time":2.5,"name":"2"},{"time":2.6,"name":null},{"time":2.9333,"name":"2"},{"time":3.0667,"name":null},{"time":3.4,"name":"2"},{"time":3.6333,"name":null}]},"3":{"attachment":[{"time":0.5667,"name":"3"},{"time":0.6667,"name":null},{"time":1.7,"name":"3"},{"time":1.8,"name":null},{"time":3.0667,"name":"3"},{"time":3.1667,"name":null},{"time":4.3,"name":"3"},{"time":4.8,"name":null}]},"4":{"attachment":[{"time":0.1,"name":null},{"time":0.4667,"name":"4"},{"time":0.5667,"name":null},{"time":0.8,"name":"4"},{"time":0.9,"name":null},{"time":2.3667,"name":"4"},{"time":2.5,"name":null},{"time":2.8333,"name":"4"},{"time":2.9333,"name":null},{"time":3.2667,"name":"4"},{"time":3.4,"name":null},{"time":4.8,"name":"4"}]},"5":{"attachment":[{"time":1.5667,"name":"5"},{"time":1.7,"name":null},{"time":2.2667,"name":"5"},{"time":2.3667,"name":null},{"time":3.7333,"name":"5"},{"time":3.8333,"name":null},{"time":4.2,"name":"5"},{"time":4.3,"name":null}]},"6":{"attachment":[{"time":0.3333,"name":"6"},{"time":0.4667,"name":null},{"time":1.1333,"name":"6"},{"time":1.2333,"name":null},{"time":1.3667,"name":"6"},{"time":1.4667,"name":null},{"time":2.0333,"name":"6"},{"time":2.1333,"name":null},{"time":2.7,"name":"6"},{"time":2.8333,"name":null},{"time":3.5,"name":"6"},{"time":3.6333,"name":null},{"time":3.9667,"name":"6"},{"time":4.0667,"name":null}]},"7":{"attachment":[{"time":0.6667,"name":"7"},{"time":0.8,"name":null},{"time":1.8,"name":"7"},{"time":1.9333,"name":null},{"time":3.1667,"name":"7"},{"time":3.2667,"name":null}]},"9":{"attachment":[{"time":1.2333,"name":"9"},{"time":1.3667,"name":null},{"time":1.4667,"name":"9"},{"time":1.5667,"name":null},{"time":2.1333,"name":"9"},{"time":2.2667,"name":null},{"time":3.6333,"name":"9"},{"time":3.7333,"name":null},{"time":4.0667,"name":"9"},{"time":4.2,"name":null}]}}}}},[0]]],0,0,[0],[-1],[0]]
