[1,["1b218fd4f@6c48a"],["_textureSource"],["cc.SpriteFrame"],0,[[[{"name":"icon_char_16_laser_off","rect":{"x":3,"y":3,"width":153,"height":153},"offset":{"x":0,"y":0},"originalSize":{"width":153,"height":153},"rotated":false,"capInsets":[0,0,0,0],"packable":true}],[0],0,[0],[0],[0]],[[{"name":"icon_char_15_glass_off","rect":{"x":3,"y":162,"width":153,"height":153},"offset":{"x":0,"y":0},"originalSize":{"width":153,"height":153},"rotated":false,"capInsets":[0,0,0,0],"packable":true}],[0],0,[0],[0],[0]],[[{"name":"icon_char_10_clock_off","rect":{"x":3,"y":321,"width":153,"height":153},"offset":{"x":0,"y":0},"originalSize":{"width":153,"height":153},"rotated":false,"capInsets":[0,0,0,0],"packable":true}],[0],0,[0],[0],[0]],[[{"name":"icon_char_19_crash_off","rect":{"x":3,"y":480,"width":153,"height":153},"offset":{"x":0,"y":0},"originalSize":{"width":153,"height":153},"rotated":false,"capInsets":[0,0,0,0],"packable":true}],[0],0,[0],[0],[0]]]]
