[1,["6eXyjtHetGcoN/HZQH0F0x@6c48a"],0,[["sp.SkeletonData",["_name","_atlasText","textureNames","_skeletonJson","textures"],-1,3]],[[0,0,1,2,3,4,5]],[[0,"Sound_H_Robot","\r\nSound_H_Robot.png\r\nsize: 818, 455\r\nformat: RGBA8888\r\nfilter: Linear, Linear\r\nrepeat: none\r\n1\r\n  rotate: true\r\n  xy: 2, 304\r\n  size: 149, 269\r\n  orig: 149, 275\r\n  offset: 0, 6\r\n  index: -1\r\n2\r\n  rotate: true\r\n  xy: 273, 304\r\n  size: 149, 269\r\n  orig: 149, 275\r\n  offset: 0, 6\r\n  index: -1\r\n3\r\n  rotate: true\r\n  xy: 544, 304\r\n  size: 149, 271\r\n  orig: 149, 277\r\n  offset: 0, 6\r\n  index: -1\r\n4\r\n  rotate: true\r\n  xy: 2, 153\r\n  size: 149, 266\r\n  orig: 149, 272\r\n  offset: 0, 6\r\n  index: -1\r\n5\r\n  rotate: true\r\n  xy: 270, 153\r\n  size: 149, 269\r\n  orig: 149, 275\r\n  offset: 0, 6\r\n  index: -1\r\n6\r\n  rotate: true\r\n  xy: 541, 153\r\n  size: 149, 275\r\n  orig: 149, 275\r\n  offset: 0, 0\r\n  index: -1\r\n7\r\n  rotate: true\r\n  xy: 2, 2\r\n  size: 149, 272\r\n  orig: 149, 278\r\n  offset: 0, 6\r\n  index: -1\r\n8\r\n  rotate: true\r\n  xy: 276, 2\r\n  size: 149, 269\r\n  orig: 149, 275\r\n  offset: 0, 6\r\n  index: -1\r\n9\r\n  rotate: true\r\n  xy: 547, 2\r\n  size: 149, 269\r\n  orig: 149, 275\r\n  offset: 0, 6\r\n  index: -1\r\n",["Sound_H_Robot.png"],{"skeleton":{"hash":"gb/slzcHnvM","spine":"3.8-from-4.0-from-4.1-from-4.2.37","x":-74.55,"y":-6.31,"width":149,"height":272,"images":"C:\\Users\\006\\Desktop\\111","audio":"./audio"},"bones":[{"name":"root"},{"name":"bone","parent":"root","x":-1.19,"y":-27.45}],"slots":[{"name":"1","bone":"bone"},{"name":"2","bone":"bone"},{"name":"3","bone":"bone"},{"name":"4","bone":"bone","attachment":"4"},{"name":"5","bone":"bone"},{"name":"6","bone":"bone"},{"name":"7","bone":"bone"},{"name":"8","bone":"bone"},{"name":"9","bone":"bone"}],"skins":[{"name":"default","attachments":{"1":{"1":{"x":1.19,"y":158.67,"width":149,"height":275}},"2":{"2":{"x":1.26,"y":158.94,"width":149,"height":275}},"3":{"3":{"x":1.28,"y":159.94,"width":149,"height":277}},"4":{"4":{"x":1.14,"y":157.14,"width":149,"height":272}},"5":{"5":{"x":2.47,"y":158.94,"width":149,"height":275}},"6":{"6":{"x":0.25,"y":159.21,"width":149,"height":275}},"7":{"7":{"x":1.06,"y":160.13,"width":149,"height":278}},"8":{"8":{"x":1.52,"y":159.74,"width":149,"height":275}},"9":{"9":{"x":1.28,"y":159.01,"width":149,"height":275}}}}],"animations":{"Sound_1":{"slots":{"1":{"attachment":[{"time":0.1667,"name":"1"},{"time":0.2333,"name":null},{"time":0.7333,"name":"1"},{"time":0.8,"name":null},{"time":1.4,"name":"1"},{"time":1.4667,"name":null},{"time":1.8667,"name":"1"},{"time":1.9333,"name":null},{"time":2.7333,"name":"1"},{"time":2.8333,"name":null},{"time":3.6,"name":"1"},{"time":3.6667,"name":null},{"time":4.1667,"name":"1"},{"time":4.2667,"name":null},{"time":4.8333,"name":"1"},{"time":4.9,"name":null},{"time":5.3,"name":"1"},{"time":5.3667,"name":null},{"time":6.2,"name":"1"},{"time":6.3,"name":null}]},"2":{"attachment":[{"time":0.0667,"name":"2"},{"time":0.1667,"name":null},{"time":0.6333,"name":"2"},{"time":0.7333,"name":null},{"time":1.8,"name":"2"},{"time":1.8667,"name":null},{"time":2.1,"name":"2"},{"time":2.2,"name":null},{"time":2.4333,"name":"2"},{"time":2.7333,"name":null},{"time":3.5,"name":"2"},{"time":3.6,"name":null},{"time":4.1,"name":"2"},{"time":4.1667,"name":null},{"time":5.2333,"name":"2"},{"time":5.3,"name":null},{"time":5.5333,"name":"2"},{"time":5.6333,"name":null},{"time":5.8667,"name":"2"},{"time":6.2,"name":null}]},"3":{"attachment":[{"time":0.4,"name":"3"},{"time":0.4667,"name":null},{"time":1.2333,"name":"3"},{"time":1.3,"name":null},{"time":2.2,"name":"3"},{"time":2.2667,"name":null},{"time":3.0667,"name":"3"},{"time":3.2667,"name":null},{"time":3.8333,"name":"3"},{"time":3.9333,"name":null},{"time":4.6667,"name":"3"},{"time":4.7333,"name":null},{"time":5.6333,"name":"3"},{"time":5.7,"name":null},{"time":6.5333,"name":"3"},{"time":6.7,"name":null}]},"4":{"attachment":[{"time":0.0667,"name":null},{"time":0.3333,"name":"4"},{"time":0.4,"name":null},{"time":0.5667,"name":"4"},{"time":0.6333,"name":null},{"time":1.7,"name":"4"},{"time":1.8,"name":null},{"time":2.0333,"name":"4"},{"time":2.1,"name":null},{"time":2.3333,"name":"4"},{"time":2.4333,"name":null},{"time":3.4333,"name":"4"},{"time":3.5,"name":null},{"time":3.7667,"name":"4"},{"time":3.8333,"name":null},{"time":4,"name":"4"},{"time":4.1,"name":null},{"time":5.1333,"name":"4"},{"time":5.2333,"name":null},{"time":5.4667,"name":"4"},{"time":5.5333,"name":null},{"time":5.8,"name":"4"},{"time":5.8667,"name":null},{"time":6.9,"name":"4"}]},"5":{"attachment":[{"time":1.1333,"name":"5"},{"time":1.2333,"name":null},{"time":1.6333,"name":"5"},{"time":1.7,"name":null},{"time":2.6667,"name":"5"},{"time":2.7333,"name":null},{"time":3,"name":"5"},{"time":3.0667,"name":null},{"time":4.5667,"name":"5"},{"time":4.6667,"name":null},{"time":5.0667,"name":"5"},{"time":5.1333,"name":null},{"time":6.1333,"name":"5"},{"time":6.2,"name":null},{"time":6.4667,"name":"5"},{"time":6.5333,"name":null}]},"6":{"attachment":[{"time":0.2333,"name":"6"},{"time":0.3333,"name":null},{"time":0.8,"name":"6"},{"time":0.9,"name":null},{"time":0.9667,"name":"6"},{"time":1.0667,"name":null},{"time":1.4667,"name":"6"},{"time":1.5333,"name":null},{"time":1.9333,"name":"6"},{"time":2.0333,"name":null},{"time":2.5,"name":"6"},{"time":2.6,"name":null},{"time":2.8333,"name":"6"},{"time":2.9,"name":null},{"time":3.6667,"name":"6"},{"time":3.7667,"name":null},{"time":4.2667,"name":"6"},{"time":4.3333,"name":null},{"time":4.4333,"name":"6"},{"time":4.5,"name":null},{"time":4.9,"name":"6"},{"time":4.9667,"name":null},{"time":5.3667,"name":"6"},{"time":5.4667,"name":null},{"time":5.9667,"name":"6"},{"time":6.0333,"name":null},{"time":6.3,"name":"6"},{"time":6.3667,"name":null}]},"7":{"attachment":[{"time":0.4667,"name":"7"},{"time":0.5667,"name":null},{"time":1.3,"name":"7"},{"time":1.4,"name":null},{"time":2.2667,"name":"7"},{"time":2.3333,"name":null},{"time":3.2667,"name":"7"},{"time":3.4333,"name":null},{"time":3.9333,"name":"7"},{"time":4,"name":null},{"time":4.7333,"name":"7"},{"time":4.8333,"name":null},{"time":5.7,"name":"7"},{"time":5.8,"name":null},{"time":6.7,"name":"7"},{"time":6.9,"name":null}]},"9":{"attachment":[{"time":0.9,"name":"9"},{"time":0.9667,"name":null},{"time":1.0667,"name":"9"},{"time":1.1333,"name":null},{"time":1.5333,"name":"9"},{"time":1.6333,"name":null},{"time":2.6,"name":"9"},{"time":2.6667,"name":null},{"time":2.9,"name":"9"},{"time":3,"name":null},{"time":4.3333,"name":"9"},{"time":4.4333,"name":null},{"time":4.5,"name":"9"},{"time":4.5667,"name":null},{"time":4.9667,"name":"9"},{"time":5.0667,"name":null},{"time":6.0333,"name":"9"},{"time":6.1333,"name":null},{"time":6.3667,"name":"9"},{"time":6.4667,"name":null}]}}},"Sound_2":{"slots":{"1":{"attachment":[{"time":0.1667,"name":"1"},{"time":0.2333,"name":null},{"time":0.7333,"name":"1"},{"time":0.8,"name":null},{"time":1.4,"name":"1"},{"time":1.4667,"name":null},{"time":1.8667,"name":"1"},{"time":1.9333,"name":null},{"time":2.7333,"name":"1"},{"time":2.8333,"name":null},{"time":3.6,"name":"1"},{"time":3.6667,"name":null},{"time":4.1667,"name":"1"},{"time":4.2667,"name":null},{"time":4.8333,"name":"1"},{"time":4.9,"name":null},{"time":5.3,"name":"1"},{"time":5.3667,"name":null},{"time":6.2,"name":"1"},{"time":6.3,"name":null}]},"2":{"attachment":[{"time":0.0667,"name":"2"},{"time":0.1667,"name":null},{"time":0.6333,"name":"2"},{"time":0.7333,"name":null},{"time":1.8,"name":"2"},{"time":1.8667,"name":null},{"time":2.1,"name":"2"},{"time":2.2,"name":null},{"time":2.4333,"name":"2"},{"time":2.7333,"name":null},{"time":3.5,"name":"2"},{"time":3.6,"name":null},{"time":4.1,"name":"2"},{"time":4.1667,"name":null},{"time":5.2333,"name":"2"},{"time":5.3,"name":null},{"time":5.5333,"name":"2"},{"time":5.6333,"name":null},{"time":5.8667,"name":"2"},{"time":6.2,"name":null}]},"3":{"attachment":[{"time":0.4,"name":"3"},{"time":0.4667,"name":null},{"time":1.2333,"name":"3"},{"time":1.3,"name":null},{"time":2.2,"name":"3"},{"time":2.2667,"name":null},{"time":3.0667,"name":"3"},{"time":3.2667,"name":null},{"time":3.8333,"name":"3"},{"time":3.9333,"name":null},{"time":4.6667,"name":"3"},{"time":4.7333,"name":null},{"time":5.6333,"name":"3"},{"time":5.7,"name":null},{"time":6.5333,"name":"3"},{"time":6.7,"name":null}]},"4":{"attachment":[{"time":0.0667,"name":null},{"time":0.3333,"name":"4"},{"time":0.4,"name":null},{"time":0.5667,"name":"4"},{"time":0.6333,"name":null},{"time":1.7,"name":"4"},{"time":1.8,"name":null},{"time":2.0333,"name":"4"},{"time":2.1,"name":null},{"time":2.3333,"name":"4"},{"time":2.4333,"name":null},{"time":3.4333,"name":"4"},{"time":3.5,"name":null},{"time":3.7667,"name":"4"},{"time":3.8333,"name":null},{"time":4,"name":"4"},{"time":4.1,"name":null},{"time":5.1333,"name":"4"},{"time":5.2333,"name":null},{"time":5.4667,"name":"4"},{"time":5.5333,"name":null},{"time":5.8,"name":"4"},{"time":5.8667,"name":null},{"time":6.9,"name":"4"}]},"5":{"attachment":[{"time":1.1333,"name":"5"},{"time":1.2333,"name":null},{"time":1.6333,"name":"5"},{"time":1.7,"name":null},{"time":2.6667,"name":"5"},{"time":2.7333,"name":null},{"time":3,"name":"5"},{"time":3.0667,"name":null},{"time":4.5667,"name":"5"},{"time":4.6667,"name":null},{"time":5.0667,"name":"5"},{"time":5.1333,"name":null},{"time":6.1333,"name":"5"},{"time":6.2,"name":null},{"time":6.4667,"name":"5"},{"time":6.5333,"name":null}]},"6":{"attachment":[{"time":0.2333,"name":"6"},{"time":0.3333,"name":null},{"time":0.8,"name":"6"},{"time":0.9,"name":null},{"time":0.9667,"name":"6"},{"time":1.0667,"name":null},{"time":1.4667,"name":"6"},{"time":1.5333,"name":null},{"time":1.9333,"name":"6"},{"time":2.0333,"name":null},{"time":2.5,"name":"6"},{"time":2.6,"name":null},{"time":2.8333,"name":"6"},{"time":2.9,"name":null},{"time":3.6667,"name":"6"},{"time":3.7667,"name":null},{"time":4.2667,"name":"6"},{"time":4.3333,"name":null},{"time":4.4333,"name":"6"},{"time":4.5,"name":null},{"time":4.9,"name":"6"},{"time":4.9667,"name":null},{"time":5.3667,"name":"6"},{"time":5.4667,"name":null},{"time":5.9667,"name":"6"},{"time":6.0333,"name":null},{"time":6.3,"name":"6"},{"time":6.3667,"name":null}]},"7":{"attachment":[{"time":0.4667,"name":"7"},{"time":0.5667,"name":null},{"time":1.3,"name":"7"},{"time":1.4,"name":null},{"time":2.2667,"name":"7"},{"time":2.3333,"name":null},{"time":3.2667,"name":"7"},{"time":3.4333,"name":null},{"time":3.9333,"name":"7"},{"time":4,"name":null},{"time":4.7333,"name":"7"},{"time":4.8333,"name":null},{"time":5.7,"name":"7"},{"time":5.8,"name":null},{"time":6.7,"name":"7"},{"time":6.9,"name":null}]},"9":{"attachment":[{"time":0.9,"name":"9"},{"time":0.9667,"name":null},{"time":1.0667,"name":"9"},{"time":1.1333,"name":null},{"time":1.5333,"name":"9"},{"time":1.6333,"name":null},{"time":2.6,"name":"9"},{"time":2.6667,"name":null},{"time":2.9,"name":"9"},{"time":3,"name":null},{"time":4.3333,"name":"9"},{"time":4.4333,"name":null},{"time":4.5,"name":"9"},{"time":4.5667,"name":null},{"time":4.9667,"name":"9"},{"time":5.0667,"name":null},{"time":6.0333,"name":"9"},{"time":6.1333,"name":null},{"time":6.3667,"name":"9"},{"time":6.4667,"name":null}]}}}}},[0]]],0,0,[0],[-1],[0]]
