[1,["ccVO6HUhJOIY3zlg8itJmt@6c48a"],0,[["sp.SkeletonData",["_name","_atlasText","textureNames","_skeletonJson","textures"],-1,3]],[[0,0,1,2,3,4,5]],[[0,"Sound_R_White","\r\nSound_R_White.png\r\nsize: 582, 1126\r\nformat: RGBA8888\r\nfilter: Linear, Linear\r\nrepeat: none\r\n1\r\n  rotate: true\r\n  xy: 2, 941\r\n  size: 183, 290\r\n  orig: 183, 290\r\n  offset: 0, 0\r\n  index: -1\r\n10\r\n  rotate: true\r\n  xy: 285, 2\r\n  size: 197, 281\r\n  orig: 197, 281\r\n  offset: 0, 0\r\n  index: -1\r\n11\r\n  rotate: true\r\n  xy: 294, 941\r\n  size: 183, 286\r\n  orig: 183, 286\r\n  offset: 0, 0\r\n  index: -1\r\n12\r\n  rotate: true\r\n  xy: 2, 756\r\n  size: 183, 285\r\n  orig: 183, 285\r\n  offset: 0, 0\r\n  index: -1\r\n13\r\n  rotate: true\r\n  xy: 289, 756\r\n  size: 183, 285\r\n  orig: 183, 285\r\n  offset: 0, 0\r\n  index: -1\r\n2\r\n  rotate: true\r\n  xy: 2, 571\r\n  size: 183, 289\r\n  orig: 183, 289\r\n  offset: 0, 0\r\n  index: -1\r\n3\r\n  rotate: true\r\n  xy: 293, 571\r\n  size: 183, 285\r\n  orig: 183, 290\r\n  offset: 0, 5\r\n  index: -1\r\n5\r\n  rotate: true\r\n  xy: 2, 386\r\n  size: 183, 287\r\n  orig: 183, 287\r\n  offset: 0, 0\r\n  index: -1\r\n6\r\n  rotate: true\r\n  xy: 291, 386\r\n  size: 183, 284\r\n  orig: 183, 284\r\n  offset: 0, 0\r\n  index: -1\r\n7\r\n  rotate: true\r\n  xy: 2, 201\r\n  size: 183, 284\r\n  orig: 183, 284\r\n  offset: 0, 0\r\n  index: -1\r\n8\r\n  rotate: true\r\n  xy: 288, 201\r\n  size: 183, 287\r\n  orig: 183, 287\r\n  offset: 0, 0\r\n  index: -1\r\n9\r\n  rotate: true\r\n  xy: 2, 5\r\n  size: 194, 281\r\n  orig: 194, 281\r\n  offset: 0, 0\r\n  index: -1\r\n",["Sound_R_White.png"],{"skeleton":{"hash":"qmMZrX1cBmE","spine":"3.8-from-4.0-from-4.1-from-4.2.37","x":-91.5,"y":-5.69,"width":183,"height":290,"images":"C:\\Users\\006\\Desktop\\111","audio":"./audio"},"bones":[{"name":"root"},{"name":"bone","parent":"root","x":-2.13,"y":-27.03}],"slots":[{"name":"1","bone":"bone"},{"name":"2","bone":"bone"},{"name":"3","bone":"bone","attachment":"3"},{"name":"5","bone":"bone"},{"name":"6","bone":"bone"},{"name":"7","bone":"bone"},{"name":"8","bone":"bone"},{"name":"9","bone":"bone"},{"name":"10","bone":"bone"},{"name":"11","bone":"bone"},{"name":"12","bone":"bone"},{"name":"13","bone":"bone"}],"skins":[{"name":"default","attachments":{"1":{"1":{"x":2.13,"y":171.53,"width":183,"height":290}},"2":{"2":{"x":2.13,"y":170.57,"width":183,"height":289}},"3":{"3":{"x":2.13,"y":166.34,"width":183,"height":290}},"5":{"5":{"x":5.3,"y":169.7,"width":183,"height":287}},"6":{"6":{"x":2.97,"y":168.97,"width":183,"height":284}},"7":{"7":{"x":0.6,"y":168.04,"width":183,"height":284}},"8":{"8":{"x":2.13,"y":169.48,"width":183,"height":287}},"9":{"9":{"x":11.57,"y":166.28,"width":194,"height":281}},"10":{"10":{"x":-8.97,"y":165.96,"width":197,"height":281}},"11":{"11":{"x":-0.55,"y":168.45,"width":183,"height":286}},"12":{"12":{"x":4.09,"y":168.1,"width":183,"height":285}},"13":{"13":{"x":-1.08,"y":168.41,"width":183,"height":285}}}}],"animations":{"Sound_1":{"slots":{"1":{"attachment":[{"time":0.6333,"name":"1"},{"time":0.7333,"name":null},{"time":1.8333,"name":"1"},{"time":1.9333,"name":null},{"time":3.0333,"name":"1"},{"time":3.1333,"name":null},{"time":4.2333,"name":"1"},{"time":4.3333,"name":null}]},"2":{"attachment":[{"time":0.5,"name":"2"},{"time":0.6333,"name":null},{"time":1.7,"name":"2"},{"time":1.8333,"name":null},{"time":2.9,"name":"2"},{"time":3.0333,"name":null},{"time":4.1,"name":"2"},{"time":4.2333,"name":null}]},"3":{"attachment":[{"time":0.4,"name":null},{"time":1.2,"name":"3"},{"time":1.6,"name":null},{"time":2.4,"name":"3"},{"time":2.8,"name":null},{"time":3.6,"name":"3"},{"time":4,"name":null},{"time":4.8,"name":"3"}]},"5":{"attachment":[{"time":2.0667,"name":"5"},{"time":2.1667,"name":null},{"time":4.4333,"name":"5"},{"time":4.5667,"name":null}]},"6":{"attachment":[{"time":2.2667,"name":"6"},{"time":2.4,"name":null},{"time":4.6667,"name":"6"},{"time":4.8,"name":null}]},"7":{"attachment":[{"time":1.1,"name":"7"},{"time":1.2,"name":null},{"time":3.4667,"name":"7"},{"time":3.6,"name":null}]},"8":{"attachment":[{"time":0.4,"name":"8"},{"time":0.5,"name":null},{"time":1.6,"name":"8"},{"time":1.7,"name":null},{"time":2.8,"name":"8"},{"time":2.9,"name":null},{"time":4,"name":"8"},{"time":4.1,"name":null}]},"9":{"attachment":[{"time":1.9333,"name":"9"},{"time":2.0667,"name":null},{"time":4.3333,"name":"9"},{"time":4.4333,"name":null}]},"10":{"attachment":[{"time":0.7333,"name":"10"},{"time":0.8667,"name":null},{"time":3.1333,"name":"10"},{"time":3.2667,"name":null}]},"11":{"attachment":[{"time":0.9667,"name":"11"},{"time":1.1,"name":null},{"time":3.3667,"name":"11"},{"time":3.4667,"name":null}]},"12":{"attachment":[{"time":2.1667,"name":"12"},{"time":2.2667,"name":null},{"time":4.5667,"name":"12"},{"time":4.6667,"name":null}]},"13":{"attachment":[{"time":0.8667,"name":"13"},{"time":0.9667,"name":null},{"time":3.2667,"name":"13"},{"time":3.3667,"name":null}]}}},"Sound_2":{"slots":{"1":{"attachment":[{"time":0.6333,"name":"1"},{"time":0.7333,"name":null},{"time":1.8333,"name":"1"},{"time":1.9333,"name":null},{"time":3.0333,"name":"1"},{"time":3.1333,"name":null},{"time":4.2333,"name":"1"},{"time":4.3333,"name":null}]},"2":{"attachment":[{"time":0.5,"name":"2"},{"time":0.6333,"name":null},{"time":1.7,"name":"2"},{"time":1.8333,"name":null},{"time":2.9,"name":"2"},{"time":3.0333,"name":null},{"time":4.1,"name":"2"},{"time":4.2333,"name":null}]},"3":{"attachment":[{"time":0.4,"name":null},{"time":1.2,"name":"3"},{"time":1.6,"name":null},{"time":2.4,"name":"3"},{"time":2.8,"name":null},{"time":3.6,"name":"3"},{"time":4,"name":null},{"time":4.8,"name":"3"}]},"5":{"attachment":[{"time":2.0667,"name":"5"},{"time":2.1667,"name":null},{"time":4.4333,"name":"5"},{"time":4.5667,"name":null}]},"6":{"attachment":[{"time":2.2667,"name":"6"},{"time":2.4,"name":null},{"time":4.6667,"name":"6"},{"time":4.8,"name":null}]},"7":{"attachment":[{"time":1.1,"name":"7"},{"time":1.2,"name":null},{"time":3.4667,"name":"7"},{"time":3.6,"name":null}]},"8":{"attachment":[{"time":0.4,"name":"8"},{"time":0.5,"name":null},{"time":1.6,"name":"8"},{"time":1.7,"name":null},{"time":2.8,"name":"8"},{"time":2.9,"name":null},{"time":4,"name":"8"},{"time":4.1,"name":null}]},"9":{"attachment":[{"time":1.9333,"name":"9"},{"time":2.0667,"name":null},{"time":4.3333,"name":"9"},{"time":4.4333,"name":null}]},"10":{"attachment":[{"time":0.7333,"name":"10"},{"time":0.8667,"name":null},{"time":3.1333,"name":"10"},{"time":3.2667,"name":null}]},"11":{"attachment":[{"time":0.9667,"name":"11"},{"time":1.1,"name":null},{"time":3.3667,"name":"11"},{"time":3.4667,"name":null}]},"12":{"attachment":[{"time":2.1667,"name":"12"},{"time":2.2667,"name":null},{"time":4.5667,"name":"12"},{"time":4.6667,"name":null}]},"13":{"attachment":[{"time":0.8667,"name":"13"},{"time":0.9667,"name":null},{"time":3.2667,"name":"13"},{"time":3.3667,"name":null}]}}}}},[0]]],0,0,[0],[-1],[0]]
