[{"__type__":"cc.SpriteFrame","content":{"name":"panel_bg_2","texture":"1a6e86a82","rect":[852,385,581,406],"offset":[-0.5,-4],"originalSize":[606,436],"rotated":1,"capInsets":[0,0,0,0]}},{"__type__":"cc.SpriteFrame","content":{"name":"noti_w","texture":"1a4714687","rect":[3,3,196,152],"offset":[0,0],"originalSize":[196,152],"capInsets":[0,0,0,0]}},{"__type__":"cc.SpriteFrame","content":{"name":"panel_bg_1","texture":"1a6e86a82","rect":[214,973,639,424],"offset":[-0.5,-2],"originalSize":[658,458],"rotated":1,"capInsets":[0,0,0,0]}},{"__type__":"cc.SpriteFrame","content":{"name":"noti_button","texture":"1a4714687","rect":[3,258,331,104],"offset":[1,0],"originalSize":[333,104],"rotated":1,"capInsets":[0,0,0,0]}},{"__type__":"cc.SpriteFrame","content":{"name":"title_new","texture":"1a6e86a82","rect":[3,973,732,205],"offset":[0,0],"originalSize":[732,205],"rotated":1,"capInsets":[0,0,0,0]}},{"__type__":"cc.SpriteFrame","content":{"name":"close_new","texture":"1a6e86a82","rect":[1068,1575,119,107],"offset":[0,0],"originalSize":[119,107],"rotated":1,"capInsets":[0,0,0,0]}},[{"__type__":"cc.Prefab","_name":"noti_panel","data":{"__id__":1}},{"__type__":"cc.Node","_name":"noti_panel","_children":[{"__id__":2},{"__id__":4},{"__id__":5},{"__id__":6},{"__id__":7},{"__id__":9},{"__id__":10}],"_components":[{"__type__":"cc.Widget","node":{"__id__":1},"_alignFlags":18,"_top":320,"_bottom":320},{"__type__":"5425cDKXIRP44jlGwUEWKha","node":{"__id__":1},"button":{"__id__":6}}],"_prefab":{"__type__":"cc.PrefabInfo","root":{"__id__":1},"asset":{"__uuid__":"f4DT70FTpOZ6LxEVfs35z5"},"fileId":"25RhooDsxJsZSQD6WD2ra2"},"_contentSize":{"__type__":"cc.Size","width":520},"_trs":{"__type__":"TypedArray","ctor":"Float64Array","array":[480,320,0,0,0,0,1,1,1,1]},"_groupIndex":4,"groupIndex":4},{"__type__":"cc.Node","_name":"background","_parent":{"__id__":1},"_children":[{"__id__":3}],"_components":[{"__type__":"cc.Widget","node":{"__id__":2},"_alignFlags":1,"_top":-202},{"__type__":"cc.Sprite","node":{"__id__":2},"_materials":[{"__uuid__":"ecpdLyjvZBwrvm+cedCcQy"}],"_spriteFrame":{"__uuid__":"9aCOzX4MpGYpYzLEbjYwg+"}}],"_prefab":{"__type__":"cc.PrefabInfo","root":{"__id__":1},"asset":{"__uuid__":"f4DT70FTpOZ6LxEVfs35z5"},"fileId":"76N3VEaVFKj5q0VdMUw8sn"},"_contentSize":{"__type__":"cc.Size","width":639,"height":424},"_trs":{"__type__":"TypedArray","ctor":"Float64Array","array":[0,-10,0,0,0,0,1,1,1,1]},"_groupIndex":4,"groupIndex":4},{"__type__":"cc.Node","_name":"panel_bg_2","_parent":{"__id__":2},"_components":[{"__type__":"cc.Sprite","node":{"__id__":3},"_materials":[{"__uuid__":"ecpdLyjvZBwrvm+cedCcQy"}],"_spriteFrame":{"__uuid__":"0eR5rEiuBF7IXyLOieRZzl"}}],"_prefab":{"__type__":"cc.PrefabInfo","root":{"__id__":1},"asset":{"__uuid__":"f4DT70FTpOZ6LxEVfs35z5"},"fileId":"a3/VtchGVER5ghLSINuk0e"},"_contentSize":{"__type__":"cc.Size","width":581,"height":406},"_trs":{"__type__":"TypedArray","ctor":"Float64Array","array":[0,-10,0,0,0,0,1,1,1,1]},"_groupIndex":4,"groupIndex":4},{"__type__":"cc.Node","_name":"close_new","_parent":{"__id__":1},"_components":[{"__type__":"cc.Sprite","_name":"close_new<Sprite>","node":{"__id__":4},"_materials":[{"__uuid__":"ecpdLyjvZBwrvm+cedCcQy"}],"_spriteFrame":{"__uuid__":"d6dS0E2udNtJbZFvA3CIPn"}},{"__type__":"cc.Button","node":{"__id__":4},"zoomScale":0,"clickEvents":[{"__type__":"cc.ClickEvent","target":{"__id__":1},"_componentId":"5425cDKXIRP44jlGwUEWKha","handler":"on_close"}]}],"_prefab":{"__type__":"cc.PrefabInfo","root":{"__id__":1},"asset":{"__uuid__":"f4DT70FTpOZ6LxEVfs35z5"},"fileId":"2dIlCfqedNy6zqCPn+Sheo"},"_contentSize":{"__type__":"cc.Size","width":119,"height":107},"_trs":{"__type__":"TypedArray","ctor":"Float64Array","array":[284.777,160,0,0,0,0,1,0.6,0.6,0.6]},"_groupIndex":4,"groupIndex":4},{"__type__":"cc.Node","_name":"noti_w","_parent":{"__id__":1},"_components":[{"__type__":"cc.Sprite","node":{"__id__":5},"_materials":[{"__uuid__":"ecpdLyjvZBwrvm+cedCcQy"}],"_spriteFrame":{"__uuid__":"61+mnzXNJK9KUz+PuvgyBu"}}],"_prefab":{"__type__":"cc.PrefabInfo","root":{"__id__":1},"asset":{"__uuid__":"f4DT70FTpOZ6LxEVfs35z5"},"fileId":"d6WctZSOlGgrkoLwSGHRsg"},"_contentSize":{"__type__":"cc.Size","width":196,"height":152},"_trs":{"__type__":"TypedArray","ctor":"Float64Array","array":[0,26.641,0,0,0,0,1,0.7,0.7,1]}},{"__type__":"cc.Node","_name":"noti_button","_parent":{"__id__":1},"_components":[{"__type__":"cc.Sprite","node":{"__id__":6},"_materials":[{"__uuid__":"ecpdLyjvZBwrvm+cedCcQy"}],"_spriteFrame":{"__uuid__":"9e9ySBNodFGLyyPWwucMTK"}},{"__type__":"cc.Button","node":{"__id__":6},"clickEvents":[{"__type__":"cc.ClickEvent","target":{"__id__":1},"_componentId":"5425cDKXIRP44jlGwUEWKha","handler":"on_clicked"}]}],"_prefab":{"__type__":"cc.PrefabInfo","root":{"__id__":1},"asset":{"__uuid__":"f4DT70FTpOZ6LxEVfs35z5"},"fileId":"a21a4NdW9CJodCwH6j+/eK"},"_contentSize":{"__type__":"cc.Size","width":331,"height":104},"_trs":{"__type__":"TypedArray","ctor":"Float64Array","array":[0,-144.471,0,0,0,0,1,1,1,1]}},{"__type__":"cc.Node","_name":"title","_parent":{"__id__":1},"_children":[{"__id__":8}],"_components":[{"__type__":"cc.Sprite","_name":"title<Sprite>","node":{"__id__":7},"_materials":[{"__uuid__":"ecpdLyjvZBwrvm+cedCcQy"}],"_spriteFrame":{"__uuid__":"c98knwNsRA+6Garzq8CRWk"},"_sizeMode":0},{"__type__":"cc.Widget","node":{"__id__":7},"_alignFlags":17,"_top":-254.365}],"_prefab":{"__type__":"cc.PrefabInfo","root":{"__id__":1},"asset":{"__uuid__":"f4DT70FTpOZ6LxEVfs35z5"},"fileId":"a2i6axVBVN9Z0MDrq10ptv"},"_contentSize":{"__type__":"cc.Size","width":330,"height":70},"_trs":{"__type__":"TypedArray","ctor":"Float64Array","array":[0,212.365,0,0,0,0,1,1.2,1.2,1]},"_groupIndex":4,"groupIndex":4},{"__type__":"cc.Node","_name":"New Label","_parent":{"__id__":7},"_components":[{"__type__":"cc.Label","_name":"New Label<Label>","node":{"__id__":8},"_materials":[{"__uuid__":"ecpdLyjvZBwrvm+cedCcQy"}],"_useOriginalSize":false,"_string":"公告通知","_N$string":"公告通知","_fontSize":50,"_N$file":{"__uuid__":"39pMCfQX9NOavSJ7c3j9Yy"},"_isSystemFontUsed":false,"_N$horizontalAlign":1,"_N$verticalAlign":1}],"_prefab":{"__type__":"cc.PrefabInfo","root":{"__id__":1},"asset":{"__uuid__":"f4DT70FTpOZ6LxEVfs35z5"},"fileId":"5bIYZJUAdDiIc8lO6+1Bfm"},"_color":{"__type__":"cc.Color","r":90,"g":35,"b":35},"_contentSize":{"__type__":"cc.Size","width":154.69,"height":40},"_trs":{"__type__":"TypedArray","ctor":"Float64Array","array":[0,8,0,0,0,0,1,1,1,1]},"_groupIndex":4,"groupIndex":4},{"__type__":"cc.Node","_name":"New Label","_parent":{"__id__":1},"_components":[{"__type__":"cc.Label","node":{"__id__":9},"_materials":[{"__uuid__":"ecpdLyjvZBwrvm+cedCcQy"}],"_useOriginalSize":false,"_string":"暂无通知，敬请期待","_N$string":"暂无通知，敬请期待","_fontSize":30,"_N$file":{"__uuid__":"39pMCfQX9NOavSJ7c3j9Yy"},"_isSystemFontUsed":false,"_N$horizontalAlign":1,"_N$verticalAlign":1}],"_prefab":{"__type__":"cc.PrefabInfo","root":{"__id__":1},"asset":{"__uuid__":"f4DT70FTpOZ6LxEVfs35z5"},"fileId":"4awu/PbTRNFoUG3VbXop13"},"_color":{"__type__":"cc.Color","r":90,"g":55,"b":55},"_contentSize":{"__type__":"cc.Size","width":210.94,"height":40},"_trs":{"__type__":"TypedArray","ctor":"Float64Array","array":[0,124.58,0,0,0,0,1,1,1,1]}},{"__type__":"cc.Node","_name":"New Label copy","_parent":{"__id__":1},"_components":[{"__type__":"cc.Label","node":{"__id__":10},"_materials":[{"__uuid__":"ecpdLyjvZBwrvm+cedCcQy"}],"_useOriginalSize":false,"_string":"亲，添加桌面后方便随时打开哦~","_N$string":"亲，添加桌面后方便随时打开哦~","_fontSize":30,"_N$file":{"__uuid__":"39pMCfQX9NOavSJ7c3j9Yy"},"_isSystemFontUsed":false,"_N$horizontalAlign":1,"_N$verticalAlign":1}],"_prefab":{"__type__":"cc.PrefabInfo","root":{"__id__":1},"asset":{"__uuid__":"f4DT70FTpOZ6LxEVfs35z5"},"fileId":"760OmxlNJOM4q/CcnzM20z"},"_color":{"__type__":"cc.Color","r":90,"g":55,"b":55},"_contentSize":{"__type__":"cc.Size","width":344.06,"height":40},"_trs":{"__type__":"TypedArray","ctor":"Float64Array","array":[0,-74.329,0,0,0,0,1,1,1,1]}}]]