[{"__type__":"cc.SpriteFrame","content":{"name":"Smoke_Puff","texture":"2cXjDCibJGqazbsCNeIFNJ","rect":[45,36,175,186],"offset":[4.5,-1],"originalSize":[256,256],"capInsets":[0,0,0,0]}},{"__type__":"cc.SpriteFrame","content":{"name":"Sparks","texture":"e8j7yYMh9MC5E7MjAvG8nR","rect":[0,0,128,128],"offset":[0,0],"originalSize":[128,128],"capInsets":[0,0,0,0]}},[{"__type__":"cc.Prefab","_name":"bombeffect","data":{"__id__":1}},{"__type__":"cc.Node","_name":"bombeffect","_children":[{"__id__":2},{"__id__":3}],"_components":[{"__type__":"cc.ParticleSystem","node":{"__id__":1},"_materials":[{"__uuid__":"ecpdLyjvZBwrvm+cedCcQy"}],"_custom":true,"_file":{"__uuid__":"fbVQCbYZJN7ZapAHG/T0Q8"},"_spriteFrame":{"__uuid__":"2dJOkbohVJ+KEIgmiD8mC0"},"autoRemoveOnFinish":true,"totalParticles":20,"duration":0.8,"emissionRate":600,"life":0.5,"lifeVar":0.8,"_startColor":{"__type__":"cc.Color","r":150,"g":150,"b":150},"_startColorVar":{"__type__":"cc.Color","r":5,"g":5,"b":5},"_endColor":{"__type__":"cc.Color","r":255,"g":255,"b":255},"_endColorVar":{"__type__":"cc.Color"},"angle":0,"angleVar":360,"startSizeVar":10,"endSize":100,"endSizeVar":10,"startSpinVar":40,"endSpinVar":90,"posVar":{"__type__":"cc.Vec2","x":5,"y":20},"_positionType":1,"positionType":1,"speed":100,"tangentialAccel":0}],"_prefab":{"__type__":"cc.PrefabInfo","root":{"__id__":1},"asset":{"__uuid__":"b0ysQ6zQtMiofcv9uOb2rp"},"fileId":"c2oo037IFJp7HmkyXaHavn"},"_trs":{"__type__":"TypedArray","ctor":"Float64Array","array":[0,0,0,0,0,0,1,1,1,1]}},{"__type__":"cc.Node","_name":"dead_sparks","_parent":{"__id__":1},"_components":[{"__type__":"cc.ParticleSystem","node":{"__id__":2},"_materials":[{"__uuid__":"ecpdLyjvZBwrvm+cedCcQy"}],"_custom":true,"_file":{"__uuid__":"94+eCgO8BIzZ6nvOzaPeyd"},"_spriteFrame":{"__uuid__":"50QYouVUJMeYRqsYXENQLI"},"totalParticles":30,"duration":0.4,"emissionRate":299.9,"lifeVar":1.5,"_startColor":{"__type__":"cc.Color","r":255},"_startColorVar":{"__type__":"cc.Color","a":0},"_endColor":{"__type__":"cc.Color","r":255,"a":0},"_endColorVar":{"__type__":"cc.Color","a":0},"angle":360,"angleVar":360,"startSize":5,"endSize":30,"_positionType":1,"positionType":1,"gravity":{"__type__":"cc.Vec2","y":20},"speed":100,"speedVar":20,"tangentialAccel":0}],"_prefab":{"__type__":"cc.PrefabInfo","root":{"__id__":1},"asset":{"__uuid__":"b0ysQ6zQtMiofcv9uOb2rp"},"fileId":"55P9jiAOlB37IqWr5PgCZq"},"_trs":{"__type__":"TypedArray","ctor":"Float64Array","array":[0,30,0,0,0,0,1,1,1,1]}},{"__type__":"cc.Node","_name":"dead_sparks2","_parent":{"__id__":1},"_components":[{"__type__":"cc.ParticleSystem","node":{"__id__":3},"_materials":[{"__uuid__":"ecpdLyjvZBwrvm+cedCcQy"}],"_custom":true,"_file":{"__uuid__":"94+eCgO8BIzZ6nvOzaPeyd"},"_spriteFrame":{"__uuid__":"50QYouVUJMeYRqsYXENQLI"},"totalParticles":30,"duration":0.4,"emissionRate":299.9,"lifeVar":1.5,"_startColor":{"__type__":"cc.Color","r":255},"_startColorVar":{"__type__":"cc.Color","a":0},"_endColor":{"__type__":"cc.Color","r":255,"g":2,"a":0},"_endColorVar":{"__type__":"cc.Color","a":0},"angle":360,"angleVar":360,"startSize":5,"endSize":30,"_positionType":1,"positionType":1,"gravity":{"__type__":"cc.Vec2","y":-50},"speed":100,"speedVar":20,"tangentialAccel":0}],"_prefab":{"__type__":"cc.PrefabInfo","root":{"__id__":1},"asset":{"__uuid__":"b0ysQ6zQtMiofcv9uOb2rp"},"fileId":"19p9xvqUZKcoej6aQfyzP+"},"_trs":{"__type__":"TypedArray","ctor":"Float64Array","array":[0,0,0,0,0,0,1,1,1,1]}}],{"__type__":"cc.SpriteFrame","content":{"name":"smoke1","texture":"baKp5FfjhBbIbSFV/OlgiN","rect":[1,2,62,60],"offset":[0,0],"originalSize":[64,64],"capInsets":[0,0,0,0]}},{"__type__":"cc.ParticleAsset","_name":"bomb_smoke","_native":".plist","spriteFrame":{"__uuid__":"bctwiSIL5AU7KSd7s29KcV"}}]