[1,["fch9uW0rFHzpkcAphzLcId@6c48a"],0,[["sp.SkeletonData",["_name","_atlasText","textureNames","_skeletonJson","textures"],-1,3]],[[0,0,1,2,3,4,5]],[[0,"ken2","\r\nken2.png\r\nsize: 390, 269\r\nformat: RGBA8888\r\nfilter: Linear, Linear\r\nrepeat: none\r\n1\r\n  rotate: true\r\n  xy: 227, 54\r\n  size: 15, 13\r\n  orig: 17, 15\r\n  offset: 1, 1\r\n  index: -1\r\n10\r\n  rotate: true\r\n  xy: 2, 2\r\n  size: 265, 179\r\n  orig: 267, 181\r\n  offset: 1, 1\r\n  index: -1\r\n11\r\n  rotate: true\r\n  xy: 227, 156\r\n  size: 111, 154\r\n  orig: 113, 156\r\n  offset: 1, 1\r\n  index: -1\r\n12\r\n  rotate: false\r\n  xy: 183, 3\r\n  size: 67, 45\r\n  orig: 69, 47\r\n  offset: 1, 1\r\n  index: -1\r\n2\r\n  rotate: true\r\n  xy: 227, 71\r\n  size: 83, 111\r\n  orig: 87, 113\r\n  offset: 3, 1\r\n  index: -1\r\n3\r\n  rotate: false\r\n  xy: 361, 9\r\n  size: 25, 25\r\n  orig: 27, 27\r\n  offset: 1, 1\r\n  index: -1\r\n4\r\n  rotate: false\r\n  xy: 361, 36\r\n  size: 27, 26\r\n  orig: 29, 28\r\n  offset: 1, 1\r\n  index: -1\r\n5\r\n  rotate: false\r\n  xy: 252, 4\r\n  size: 72, 65\r\n  orig: 74, 67\r\n  offset: 1, 1\r\n  index: -1\r\n6\r\n  rotate: true\r\n  xy: 340, 99\r\n  size: 55, 48\r\n  orig: 57, 50\r\n  offset: 1, 1\r\n  index: -1\r\n7\r\n  rotate: true\r\n  xy: 340, 64\r\n  size: 33, 39\r\n  orig: 35, 41\r\n  offset: 1, 1\r\n  index: -1\r\n8\r\n  rotate: false\r\n  xy: 326, 23\r\n  size: 33, 39\r\n  orig: 35, 41\r\n  offset: 1, 1\r\n  index: -1\r\n9\r\n  rotate: true\r\n  xy: 183, 50\r\n  size: 217, 42\r\n  orig: 219, 44\r\n  offset: 1, 1\r\n  index: -1\r\n",["ken2.png"],{"skeleton":{"hash":"KgSSL8SMZ28","spine":"3.8-from-4.0-from-4.1-from-4.2.38","images":"C:/Users/006/Desktop/222","audio":"../20Track 3/"},"bones":[{"name":"root"},{"name":"bone","parent":"root"},{"name":"10","parent":"bone","length":134.52,"rotation":91.61,"x":-2.5,"y":125.84},{"name":"6","parent":"10","x":98.82,"y":-46.93},{"name":"3","parent":"6","x":3.05,"y":-6.84},{"name":"5","parent":"10","x":73.57,"y":35.97},{"name":"4","parent":"5","x":7.73,"y":15.19},{"name":"1","parent":"10","x":70.72,"y":-7.74},{"name":"2","parent":"1","length":40.31,"rotation":-105.18,"x":-20.14,"y":-4.57}],"slots":[{"name":"12","bone":"bone","attachment":"12"},{"name":"11","bone":"bone","attachment":"11"},{"name":"10","bone":"10","attachment":"10"},{"name":"9","bone":"10","attachment":"9"},{"name":"8","bone":"bone","attachment":"8"},{"name":"7","bone":"bone","attachment":"7"},{"name":"6","bone":"6","attachment":"6"},{"name":"5","bone":"5","attachment":"5"},{"name":"4","bone":"4","attachment":"4"},{"name":"3","bone":"3","attachment":"3"},{"name":"2","bone":"2","attachment":"2"},{"name":"1","bone":"1","attachment":"1"}],"skins":[{"name":"default","attachments":{"1":{"1":{"x":-0.39,"y":-0.77,"rotation":-91.61,"width":17,"height":15}},"2":{"2":{"x":39.5,"y":-3.19,"rotation":13.57,"width":87,"height":113}},"3":{"3":{"x":-1.79,"y":0.4,"rotation":-91.61,"width":27,"height":27}},"4":{"4":{"x":-0.79,"y":0.06,"rotation":-91.61,"width":29,"height":28}},"5":{"5":{"x":0.06,"y":1.94,"rotation":-91.61,"width":74,"height":67}},"6":{"6":{"x":-0.09,"y":-1.4,"rotation":-91.61,"width":57,"height":50}},"7":{"7":{"x":20.03,"y":78.38,"width":35,"height":41}},"8":{"8":{"x":-19.97,"y":78.38,"width":35,"height":41}},"9":{"9":{"x":20.16,"y":3.9,"rotation":-91.61,"width":219,"height":44}},"10":{"10":{"x":82.5,"y":-2.85,"rotation":-91.61,"width":267,"height":181}},"11":{"11":{"x":-1.97,"y":69.88,"width":113,"height":156}},"12":{"12":{"x":69.03,"y":60.38,"width":69,"height":47}}}}],"events":{"1":{},"17.ken2":{"audio":"17.ken2.mp3"}},"animations":{"1_play":{"bones":{"2":{"scale":[{},{"time":0.0667,"x":1.2,"y":1.1},{"time":0.1667,"curve":"stepped"},{"time":2.1667},{"time":2.2333,"x":1.2,"y":1.1},{"time":2.3333,"curve":"stepped"},{"time":2.4667},{"time":2.5333,"x":1.2,"y":1.1},{"time":2.6333,"curve":"stepped"},{"time":4.1333},{"time":4.2,"x":1.2,"y":1.1},{"time":4.3,"curve":"stepped"},{"time":4.7333},{"time":4.8,"x":1.2,"y":1.1},{"time":4.9,"curve":"stepped"},{"time":5.1},{"time":5.1667,"x":1.2,"y":1.1},{"time":5.2667,"curve":"stepped"},{"time":7.2667},{"time":7.3333,"x":1.4,"y":0.967},{"time":7.4333,"curve":"stepped"},{"time":7.5},{"time":7.5667,"x":1.4,"y":0.967},{"time":7.6667,"curve":"stepped"},{"time":7.7333},{"time":7.8,"x":1.4,"y":0.967},{"time":7.9,"curve":"stepped"},{"time":7.9333},{"time":8,"x":1.4,"y":0.967},{"time":8.0667},{"time":8.1333,"x":1.4,"y":0.967},{"time":8.2},{"time":8.2667,"x":1.4,"y":0.967},{"time":8.3333},{"time":8.4,"x":1.4,"y":0.967},{"time":8.4667},{"time":8.5333,"x":1.4,"y":0.967},{"time":8.6},{"time":8.6667,"x":1.4,"y":0.967},{"time":8.7333},{"time":8.8,"x":1.4,"y":0.967},{"time":8.8667},{"time":8.9333,"x":1.4,"y":0.967},{"time":9},{"time":9.0667,"x":1.4,"y":0.967},{"time":9.1333},{"time":9.2,"x":1.4,"y":0.967},{"time":9.2667},{"time":9.3333,"x":1.4,"y":0.967},{"time":9.4,"curve":"stepped"},{"time":9.4667},{"time":9.5,"x":1.2,"y":1.1},{"time":9.5333},{"time":9.5667,"x":1.2,"y":1.1},{"time":9.6333},{"time":9.7,"x":1.2,"y":1.1},{"time":9.7667},{"time":9.8333,"x":1.2,"y":1.1},{"time":9.9},{"time":9.9667,"x":1.2,"y":1.1},{"time":10.0333}]},"3":{"translate":[{},{"time":0.0667,"x":-10.08,"y":7.88},{"time":0.8333,"curve":"stepped"},{"time":2.1667},{"time":2.2333,"x":-10.08,"y":7.88},{"time":2.4667},{"time":2.5333,"x":-10.08,"y":7.88},{"time":2.9,"curve":"stepped"},{"time":4.1333},{"time":4.2,"x":-10.08,"y":7.88},{"time":4.5333,"curve":"stepped"},{"time":4.7333},{"time":4.8,"x":-10.08,"y":7.88},{"time":5,"curve":"stepped"},{"time":5.1},{"time":5.1667,"x":-10.08,"y":7.88},{"time":5.6333,"curve":"stepped"},{"time":7.2667},{"time":7.3333,"x":-10.08,"y":7.88},{"time":7.4333,"curve":"stepped"},{"time":7.5},{"time":7.5667,"x":-10.08,"y":7.88},{"time":7.7,"curve":"stepped"},{"time":8},{"time":8.1333,"x":-12.02,"y":6.48},{"time":8.2667,"x":-0.91,"y":18.67},{"time":8.4},{"time":8.5333,"x":-12.02,"y":6.48},{"time":8.6667,"x":-0.91,"y":18.67},{"time":8.8,"curve":"stepped"},{"time":9.0667},{"time":9.1333,"x":-12.02,"y":6.48},{"time":9.2,"x":-0.91,"y":18.67},{"time":9.2667},{"time":9.3333,"x":-12.02,"y":6.48},{"time":9.4333,"x":-0.91,"y":18.67},{"time":9.5667},{"time":9.7,"x":-12.02,"y":6.48},{"time":9.8667,"x":-0.91,"y":18.67},{"time":10.0333}]},"4":{"translate":[{},{"time":0.0667,"x":-7.3,"y":-28},{"time":0.8333,"curve":"stepped"},{"time":2.1667},{"time":2.2333,"x":-7.3,"y":-28},{"time":2.4667},{"time":2.5333,"x":-7.3,"y":-28},{"time":2.9,"curve":"stepped"},{"time":4.1333},{"time":4.2,"x":-7.3,"y":-28},{"time":4.5333,"curve":"stepped"},{"time":4.7333},{"time":4.8,"x":-7.3,"y":-28},{"time":5,"curve":"stepped"},{"time":5.1},{"time":5.1667,"x":-7.3,"y":-28},{"time":5.6333,"curve":"stepped"},{"time":7.2667},{"time":7.3333,"x":-7.3,"y":-28},{"time":7.4333,"curve":"stepped"},{"time":7.5},{"time":7.5667,"x":-7.3,"y":-28},{"time":7.7,"curve":"stepped"},{"time":8},{"time":8.1333,"x":-22.27,"y":-20.02},{"time":8.2667,"x":6.09,"y":-26.97},{"time":8.4},{"time":8.5333,"x":-22.27,"y":-20.02},{"time":8.6667,"x":6.09,"y":-26.97},{"time":8.8,"curve":"stepped"},{"time":9.0667},{"time":9.1333,"x":-22.27,"y":-20.02},{"time":9.2,"x":6.09,"y":-26.97},{"time":9.2667},{"time":9.3333,"x":-22.27,"y":-20.02},{"time":9.4333,"x":6.09,"y":-26.97},{"time":9.5667},{"time":9.7,"x":-22.27,"y":-20.02},{"time":9.8667,"x":6.09,"y":-26.97},{"time":10.0333}]},"10":{"rotate":[{"time":8.0667},{"time":8.1333,"angle":4.38},{"time":8.2667,"angle":-2.91},{"time":8.4,"angle":4.38},{"time":8.5333,"angle":-2.91},{"time":8.6667,"angle":4.38},{"time":8.7667,"angle":-2.91},{"time":8.8333,"angle":4.38},{"time":8.9333,"angle":-2.91},{"time":9.0333},{"time":9.1,"angle":-2.91},{"time":9.1667},{"time":9.2333,"angle":-2.91},{"time":9.3},{"time":9.3667,"angle":-2.91},{"time":9.4333},{"time":9.5667,"angle":-2.91},{"time":9.6333},{"time":9.7,"angle":-2.91},{"time":9.7667},{"time":9.8333,"angle":-2.91},{"time":9.9},{"time":9.9667,"angle":-2.91},{"time":10.0333}],"translate":[{},{"time":0.0667,"x":0.37,"y":-13},{"time":0.1667,"curve":"stepped"},{"time":2.1667},{"time":2.2333,"x":0.37,"y":-13},{"time":2.3333,"curve":"stepped"},{"time":2.4667},{"time":2.5333,"x":0.37,"y":-13},{"time":2.6333,"curve":"stepped"},{"time":4.1333},{"time":4.2,"x":0.37,"y":-13},{"time":4.3,"curve":"stepped"},{"time":4.7333},{"time":4.8,"x":0.37,"y":-13},{"time":4.9,"curve":"stepped"},{"time":5.1},{"time":5.1667,"x":0.37,"y":-13},{"time":5.2667,"curve":"stepped"},{"time":7.2667},{"time":7.3333,"x":0.37,"y":-13},{"time":7.4333,"curve":"stepped"},{"time":7.5},{"time":7.5667,"x":0.37,"y":-13},{"time":7.6667,"curve":"stepped"},{"time":7.7333},{"time":7.8,"x":0.37,"y":-13},{"time":7.9,"curve":"stepped"},{"time":7.9333},{"time":8,"x":0.37,"y":-13},{"time":8.0667,"curve":"stepped"},{"time":9.0333},{"time":9.0667,"x":0.37,"y":-13},{"time":9.1,"curve":"stepped"},{"time":9.4333},{"time":9.5,"x":0.37,"y":-13},{"time":9.5667}]},"bone":{"translate":[{"time":10.1}]}},"events":[{"name":"1"},{"time":2.2333,"name":"1"},{"time":2.5333,"name":"1"},{"time":4.2,"name":"1"},{"time":4.8,"name":"1"},{"time":5.1667,"name":"1"},{"time":7.3333,"name":"1"},{"time":7.5667,"name":"1"},{"time":7.8,"name":"1"},{"time":8,"name":"1"},{"time":8.1333,"name":"1"},{"time":8.2667,"name":"1"},{"time":8.4,"name":"1"},{"time":8.5333,"name":"1"},{"time":8.6667,"name":"1"},{"time":8.7667,"name":"1"},{"time":8.8333,"name":"1"},{"time":9.0667,"name":"1"},{"time":9.1333,"name":"1"},{"time":9.2667,"name":"1"},{"time":9.3667,"name":"1"},{"time":9.4333,"name":"1"},{"time":9.5,"name":"1"},{"time":9.5667,"name":"1"},{"time":9.6333,"name":"1"},{"time":9.7,"name":"1"}]},"2_idle":{}}},[0]]],0,0,[0],[-1],[0]]
