[{"__type__":"cc.SpriteFrame","content":{"name":"加载框","texture":"ce18t4S+VCsJjS3Rp/YOhr","rect":[2,1084,948,176],"offset":[0,0],"originalSize":[948,176],"rotated":1,"capInsets":[0,0,0,0]}},{"__type__":"cc.SpriteFrame","content":{"name":"能量槽 ","texture":"ce18t4S+VCsJjS3Rp/YOhr","rect":[1924,29,151,49],"offset":[0,0],"originalSize":[151,49],"rotated":1,"capInsets":[43,0,43,0]}},{"__type__":"cc.SpriteAtlas","_name":"loading_plist.plist","_spriteFrames":{"加载中...":{"__uuid__":"c8R0SEValOmpMJdjCMcDr2"},"加载框":{"__uuid__":"6eZbxs3IhF0pVIvSLf3T1S"},"界面":{"__uuid__":"f7K9P256FIdKetY5zskmVQ"},"能量槽 ":{"__uuid__":"92YP8TmERCd7S3LKZaA6OA"}}},{"__type__":"cc.SpriteFrame","content":{"name":"加载中...","texture":"ce18t4S+VCsJjS3Rp/YOhr","rect":[1924,2,112,25],"offset":[0,0],"originalSize":[112,25],"capInsets":[0,0,0,0]}},{"__type__":"cc.SpriteFrame","content":{"name":"界面","texture":"ce18t4S+VCsJjS3Rp/YOhr","rect":[2,2,1920,1080],"offset":[0,0],"originalSize":[1920,1080],"capInsets":[0,0,0,0]}}]