[{"__type__":"cc.SpriteFrame","content":{"name":"获取生命","texture":"77u4CSL9lH3aDTs9NrT0he","rect":[277,1727,508,253],"offset":[0,0],"originalSize":[508,253],"capInsets":[0,0,0,0]}},{"__type__":"cc.AudioClip","_name":"944_WaterSplash","_native":".mp3"},{"__type__":"cc.SpriteAtlas","_name":"victory_plist.plist","_spriteFrames":{"webp61HV0CMR":{"__uuid__":"38Z2sVkAVCHq3fBHAzKGw1"},"webpQNFTDT46 拷贝":{"__uuid__":"f3597SfidE4ISPMZ9eF0A4"},"webpQNFTDT46":{"__uuid__":"62WSXJwXFAqK+ML3exQ71D"},"三倍金币":{"__uuid__":"3fwNUVqv1BEoGJ0aWKWe7M"},"下一关":{"__uuid__":"45w0phjk1JMqTHIC1NuMaI"},"图层 16":{"__uuid__":"9cmzUj5vBMsJB4t4nMKKfh"},"图层 18":{"__uuid__":"8c0UkdoAFBuI1Lpm1pysxB"},"图层 21":{"__uuid__":"28AD1sNxRCJ5bGd4WGP1I9"},"图层 23":{"__uuid__":"88zEQZfAlF6ZcvWqedS91F"},"恢复生命倒计时":{"__uuid__":"f1ZrBkwrFLY7hidpX6kvhT"},"第 1 关":{"__uuid__":"69hiMma45DWJbDkjzv5ZNu"},"第 10 关":{"__uuid__":"d9so4g5slKNYtJMeGkPd27"},"第 2 关":{"__uuid__":"452Q+WZWxFoLSfCZZFAujL"},"第 3 关":{"__uuid__":"8aFLjLUqxGlYbMv8npJhsu"},"第 4 关":{"__uuid__":"74eENf969HgpsiCQpjNRQl"},"第 5 关":{"__uuid__":"81VZ6jS1hPn43BW5iC4q+e"},"第 6 关":{"__uuid__":"8eKDVyxhlOfbhpWENlym4r"},"第 7 关":{"__uuid__":"71IGgj7IpOYZL9HaV9jZs1"},"第 8 关":{"__uuid__":"5cXqA9U5NJepmUnAOaIyAD"},"第 9 关":{"__uuid__":"84RfYeuY9AGJLsQT5y0Z3N"},"过关啦":{"__uuid__":"c012NZLPtN5479MrUSnndq"},"选择关卡":{"__uuid__":"24nXHAMyRF27OmO8o1JA/1"},"重新开始":{"__uuid__":"89otuNKP1E3qYk5iLuKrJe"},"金币_":{"__uuid__":"83zoGVHvFAKLh52+9gli3l"}}},{"__type__":"cc.SpriteFrame","content":{"name":"广告 副本","texture":"b2vaAkLt9Fw5la89K1UYAY","rect":[171,169,100,41],"offset":[0,0],"originalSize":[100,41],"rotated":1,"capInsets":[0,0,0,0]}},{"__type__":"cc.SpriteFrame","content":{"name":"生命","texture":"a37ZSs0bdBRIN13cJYTQbQ","rect":[2,512,508,244],"offset":[0,0],"originalSize":[508,244],"rotated":1,"capInsets":[0,0,0,0]}},{"__type__":"cc.SpriteFrame","content":{"name":"点击安装","texture":"b2vaAkLt9Fw5la89K1UYAY","rect":[3,3,217,68],"offset":[0,0],"originalSize":[217,68],"capInsets":[0,0,0,0]}},{"__type__":"cc.SpriteFrame","content":{"name":"复活_","texture":"e8U+OvrexJK4i6FJiEUDTl","rect":[825,2,132,56],"offset":[0,0],"originalSize":[132,56],"capInsets":[0,0,0,0]}},{"__type__":"cc.SpriteFrame","content":{"name":"选择关卡","texture":"1aagKf7MBHTK5teIy+z00R","rect":[2,1895,120,119],"offset":[0,0],"originalSize":[120,119],"rotated":1,"capInsets":[0,0,0,0]}},{"__type__":"cc.SpriteAtlas","_name":"shop_plist.plist","_spriteFrames":{"200金币":{"__uuid__":"f4Pj4LlKxPhr2CEP6MMGp2"},"50金币":{"__uuid__":"4fC3H3SQZLjp6bIFRU8Np7"},"webpLOJEK8WU":{"__uuid__":"fcZb/Sr6lJm55X/88p3wQH"},"免费获取":{"__uuid__":"d669IAOoZN3LQfWq3rajdw"},"图层 31":{"__uuid__":"94kLkg+uZCrrTWWyZ8MpfL"},"图层 33":{"__uuid__":"adHU0AcCZL7oIXu/IvOYT6"},"图层 37":{"__uuid__":"73ZqRadU1HdrHjmJJDYH6P"},"图层 39":{"__uuid__":"b39/IN1lZNm6BgNEugB4K/"},"图层 42":{"__uuid__":"56PmWb1vVHXatCh5W8hlBI"},"图层 43":{"__uuid__":"7fynmNsB5DULtU6+aTMbLK"},"生命":{"__uuid__":"0e6MbSrJVPWqUeT/Zlfrau"},"金币":{"__uuid__":"c9rgspFCpClbh3jSSidCtx"}}},{"__type__":"cc.SpriteFrame","content":{"name":"图层 21","texture":"1aagKf7MBHTK5teIy+z00R","rect":[807,622,627,124],"offset":[4,0],"originalSize":[635,126],"rotated":1,"capInsets":[0,0,0,0]}},{"__type__":"cc.SpriteAtlas","_name":"heart_point_plist.plist","_spriteFrames":{"2320":{"__uuid__":"6ciLsvur9FNaVIe87Qy3JH"},"webp61HV0CMR":{"__uuid__":"ed/q4XGZ9DXbihHWsq2RUi"},"zzzzzzz 拷贝":{"__uuid__":"6e/w+KsOtBiq9GXkbUb91I"},"zzzzzzz":{"__uuid__":"68nDGA0ihGcY0NW4XwhVsM"},"免费抽奖 拷贝":{"__uuid__":"b3aqmHeS5BELgjH7mzmMKW"},"图层 13 拷贝":{"__uuid__":"56DO7A7QVKZICds/SWw94c"},"图层 6 - 副本":{"__uuid__":"daSupwABFBnII44pukX26f"},"图层 6 副本 2":{"__uuid__":"f4seFDRrVCvrjhQoMKOZpA"},"图层 6":{"__uuid__":"375/ch8GZBMKV1N6rUNtqu"},"点亮解锁，点亮越多奖励越多！":{"__uuid__":"69H9pTuiBAYbghnYQAvgc3"},"继续游戏":{"__uuid__":"82wa4gQAtPkYwZh8fy++HF"},"获取生命":{"__uuid__":"02lCKCtJBHqpBMnUt6CSiS"},"获取生命界面-2":{"__uuid__":"a2CTtwLwBMzIm8BAk5jxk7"},"领取生命":{"__uuid__":"3ePLazVH5GlZZv62SA4B24"}}},{"__type__":"cc.SpriteFrame","content":{"name":"图层 6","texture":"77u4CSL9lH3aDTs9NrT0he","rect":[1927,3,111,106],"offset":[0,0],"originalSize":[111,106],"capInsets":[0,0,0,0]}},{"__type__":"cc.SpriteFrame","content":{"name":"webp61HV0CMR","texture":"1aagKf7MBHTK5teIy+z00R","rect":[2,2,1149,803],"offset":[0,0],"originalSize":[1149,821],"rotated":1,"capInsets":[0,0,0,0]}},{"__type__":"cc.SpriteAtlas","_name":"recovery_plist.plist","_spriteFrames":{"50金币复活":{"__uuid__":"5bv8g+mThBeLk4aPcC81Bu"},"图层 21 拷贝":{"__uuid__":"efz7AjFAtNaboAXK+oMikM"},"图层 23":{"__uuid__":"41nIMC9LlAVa7agLBKf8It"},"复活":{"__uuid__":"d6tkBlZLdOeKs20DQVsFWH"},"复活_":{"__uuid__":"16UnbTJ+5EI5nmxTHWrNTk"},"底":{"__uuid__":"8bLKT6kotC1Z/jGAqb1IZn"},"立即复活，可节省能量，再试一次_":{"__uuid__":"83yYVU2dJFHIPtM7ouVLqP"}}},{"__type__":"cc.SpriteFrame","content":{"name":"领取生命","texture":"77u4CSL9lH3aDTs9NrT0he","rect":[1019,1727,393,126],"offset":[0,0],"originalSize":[393,126],"capInsets":[0,0,0,0]}},{"__type__":"cc.SpriteFrame","content":{"name":"三倍金币","texture":"1aagKf7MBHTK5teIy+z00R","rect":[950,566,235,59],"offset":[0,0],"originalSize":[235,59],"rotated":1,"capInsets":[0,0,0,0]}},{"__type__":"cc.SpriteFrame","content":{"name":"图层 23","texture":"e8U+OvrexJK4i6FJiEUDTl","rect":[825,648,64,65],"offset":[0,0],"originalSize":[64,65],"rotated":1,"capInsets":[0,0,0,0]}},{"__type__":"cc.SpriteFrame","content":{"name":"下一关","texture":"1aagKf7MBHTK5teIy+z00R","rect":[123,1773,120,119],"offset":[0,0],"originalSize":[120,119],"rotated":1,"capInsets":[0,0,0,0]}},{"__type__":"cc.SpriteFrame","content":{"name":"第 2 关","texture":"1aagKf7MBHTK5teIy+z00R","rect":[2,1225,115,34],"offset":[0,0],"originalSize":[115,34],"capInsets":[0,0,0,0]}},{"__type__":"cc.SpriteFrame","content":{"name":"50金币","texture":"a37ZSs0bdBRIN13cJYTQbQ","rect":[456,630,118,37],"offset":[0,0],"originalSize":[118,37],"rotated":1,"capInsets":[0,0,0,0]}},{"__type__":"cc.SpriteFrame","content":{"name":"框","texture":"b2vaAkLt9Fw5la89K1UYAY","rect":[3,592,130,130],"offset":[0,0],"originalSize":[130,130],"capInsets":[40,38,36,37]}},{"__type__":"cc.SpriteFrame","content":{"name":"图层 13 拷贝","texture":"77u4CSL9lH3aDTs9NrT0he","rect":[789,1727,229,226],"offset":[0,0],"originalSize":[229,226],"rotated":1,"capInsets":[0,0,0,0]}},{"__type__":"cc.SpriteFrame","content":{"name":"图层 42","texture":"a37ZSs0bdBRIN13cJYTQbQ","rect":[339,261,97,98],"offset":[0,0],"originalSize":[97,98],"rotated":1,"capInsets":[0,0,0,0]}},{"__type__":"cc.SpriteFrame","content":{"name":"50金币复活","texture":"e8U+OvrexJK4i6FJiEUDTl","rect":[892,648,283,54],"offset":[0,0],"originalSize":[283,54],"rotated":1,"capInsets":[0,0,0,0]}},{"__type__":"cc.SpriteFrame","content":{"name":"第 8 关","texture":"1aagKf7MBHTK5teIy+z00R","rect":[933,1029,115,34],"offset":[0,0],"originalSize":[115,34],"rotated":1,"capInsets":[0,0,0,0]}},{"__type__":"cc.SpriteFrame","content":{"name":"webpQNFTDT46","texture":"1aagKf7MBHTK5teIy+z00R","rect":[807,238,166,159],"offset":[0,0],"originalSize":[166,159],"capInsets":[0,0,0,0]}},{"__type__":"cc.SpriteFrame","content":{"name":"zzzzzzz","texture":"77u4CSL9lH3aDTs9NrT0he","rect":[1983,333,22,147],"offset":[0,0],"originalSize":[22,147],"capInsets":[0,65,0,24]}},{"__type__":"cc.SpriteFrame","content":{"name":"点亮解锁，点亮越多奖励越多！","texture":"77u4CSL9lH3aDTs9NrT0he","rect":[1927,333,620,52],"offset":[0,0],"originalSize":[620,52],"rotated":1,"capInsets":[0,0,0,0]}},{"__type__":"cc.SpriteFrame","content":{"name":"第 1 关","texture":"1aagKf7MBHTK5teIy+z00R","rect":[119,1153,115,34],"offset":[0,0],"originalSize":[115,34],"capInsets":[0,0,0,0]}},{"__type__":"cc.SpriteFrame","content":{"name":"2320","texture":"77u4CSL9lH3aDTs9NrT0he","rect":[3,1727,273,270],"offset":[0,0],"originalSize":[273,270],"rotated":1,"capInsets":[0,0,0,0]}},{"__type__":"cc.SpriteFrame","content":{"name":"zzzzzzz 拷贝","texture":"77u4CSL9lH3aDTs9NrT0he","rect":[2009,333,22,147],"offset":[0,0],"originalSize":[22,147],"capInsets":[0,27,0,23]}},{"__type__":"cc.SpriteFrame","content":{"name":"第 7 关","texture":"1aagKf7MBHTK5teIy+z00R","rect":[969,1029,115,34],"offset":[0,0],"originalSize":[115,34],"rotated":1,"capInsets":[0,0,0,0]}},{"__type__":"cc.SpriteFrame","content":{"name":"图层 37","texture":"a37ZSs0bdBRIN13cJYTQbQ","rect":[248,2,385,89],"offset":[0,0],"originalSize":[385,89],"rotated":1,"capInsets":[0,0,0,0]}},{"__type__":"cc.SpriteFrame","content":{"name":"第 4 关","texture":"1aagKf7MBHTK5teIy+z00R","rect":[2,1153,115,34],"offset":[0,0],"originalSize":[115,34],"capInsets":[0,0,0,0]}},{"__type__":"cc.SpriteFrame","content":{"name":"查看广告","texture":"b2vaAkLt9Fw5la89K1UYAY","rect":[3,75,513,164],"offset":[0,0],"originalSize":[513,164],"rotated":1,"capInsets":[0,0,0,0]}},{"__type__":"cc.SpriteFrame","content":{"name":"图层 43","texture":"a37ZSs0bdBRIN13cJYTQbQ","rect":[248,630,206,216],"offset":[0,0],"originalSize":[206,216],"capInsets":[0,0,0,0]}},{"__type__":"cc.SpriteFrame","content":{"name":"第 5 关","texture":"1aagKf7MBHTK5teIy+z00R","rect":[969,1146,115,34],"offset":[0,0],"originalSize":[115,34],"rotated":1,"capInsets":[0,0,0,0]}},{"__type__":"cc.SpriteFrame","content":{"name":"继续游戏","texture":"77u4CSL9lH3aDTs9NrT0he","rect":[1019,1857,393,126],"offset":[0,0],"originalSize":[393,126],"capInsets":[0,0,0,0]}},{"__type__":"cc.SpriteFrame","content":{"name":"立即复活，可节省能量，再试一次_","texture":"e8U+OvrexJK4i6FJiEUDTl","rect":[959,2,766,56],"offset":[0,0],"originalSize":[766,56],"rotated":1,"capInsets":[0,0,0,0]}},{"__type__":"cc.SpriteFrame","content":{"name":"金币_","texture":"1aagKf7MBHTK5teIy+z00R","rect":[807,399,165,79],"offset":[0,0],"originalSize":[165,79],"capInsets":[0,0,0,0]}},{"__type__":"cc.SpriteFrame","content":{"name":"第 9 关","texture":"1aagKf7MBHTK5teIy+z00R","rect":[975,377,115,34],"offset":[0,0],"originalSize":[115,34],"rotated":1,"capInsets":[0,0,0,0]}},{"__type__":"cc.SpriteFrame","content":{"name":"图层 23","texture":"1aagKf7MBHTK5teIy+z00R","rect":[950,494,70,70],"offset":[0,0],"originalSize":[70,70],"capInsets":[0,0,0,0]}},{"__type__":"cc.SpriteFrame","content":{"name":"重新开始","texture":"1aagKf7MBHTK5teIy+z00R","rect":[2,1773,120,119],"offset":[0,0],"originalSize":[120,119],"rotated":1,"capInsets":[0,0,0,0]}},{"__type__":"cc.SpriteFrame","content":{"name":"第 3 关","texture":"1aagKf7MBHTK5teIy+z00R","rect":[2,1189,115,34],"offset":[0,0],"originalSize":[115,34],"capInsets":[0,0,0,0]}},{"__type__":"cc.BitmapFont","_name":"box_fnt","spriteFrame":{"__uuid__":"f2ea4KN0BEIaiNkirlMORE"},"fontSize":32,"_fntConfig":{"commonHeight":32,"fontSize":32,"atlasName":"box_fnt_0.png","fontDefDictionary":{"48":{"rect":{"x":73,"y":0,"width":16,"height":24},"xOffset":0,"yOffset":0,"xAdvance":16},"49":{"rect":{"x":157,"y":0,"width":11,"height":24},"xOffset":0,"yOffset":0,"xAdvance":11},"50":{"rect":{"x":19,"y":0,"width":17,"height":24},"xOffset":0,"yOffset":0,"xAdvance":17},"51":{"rect":{"x":90,"y":0,"width":16,"height":24},"xOffset":0,"yOffset":0,"xAdvance":16},"52":{"rect":{"x":0,"y":0,"width":18,"height":24},"xOffset":0,"yOffset":0,"xAdvance":18},"53":{"rect":{"x":107,"y":0,"width":16,"height":24},"xOffset":0,"yOffset":0,"xAdvance":16},"54":{"rect":{"x":124,"y":0,"width":16,"height":24},"xOffset":0,"yOffset":0,"xAdvance":16},"55":{"rect":{"x":141,"y":0,"width":15,"height":24},"xOffset":0,"yOffset":0,"xAdvance":15},"56":{"rect":{"x":37,"y":0,"width":17,"height":24},"xOffset":0,"yOffset":0,"xAdvance":17},"57":{"rect":{"x":55,"y":0,"width":17,"height":24},"xOffset":0,"yOffset":0,"xAdvance":17}},"kerningDict":{}}},{"__type__":"cc.SpriteFrame","content":{"name":"底","texture":"e8U+OvrexJK4i6FJiEUDTl","rect":[2,2,1149,821],"offset":[0,0],"originalSize":[1149,821],"rotated":1,"capInsets":[0,0,0,0]}},{"__type__":"cc.SpriteFrame","content":{"name":"图层 18","texture":"1aagKf7MBHTK5teIy+z00R","rect":[933,803,224,84],"offset":[0,0],"originalSize":[224,84],"rotated":1,"capInsets":[0,0,0,0]}},{"__type__":"cc.SpriteFrame","content":{"name":"第 6 关","texture":"1aagKf7MBHTK5teIy+z00R","rect":[933,1146,115,34],"offset":[0,0],"originalSize":[115,34],"rotated":1,"capInsets":[0,0,0,0]}},{"__type__":"cc.SpriteFrame","content":{"name":"椭圆 2","texture":"b2vaAkLt9Fw5la89K1UYAY","rect":[171,123,43,42],"offset":[0,0],"originalSize":[43,42],"capInsets":[0,0,0,0]}},{"__type__":"cc.SpriteFrame","content":{"name":"图层 31","texture":"a37ZSs0bdBRIN13cJYTQbQ","rect":[339,2,150,150],"offset":[0,0],"originalSize":[150,150],"capInsets":[0,0,0,0]}},{"__type__":"cc.SpriteFrame","content":{"name":"图层 16","texture":"1aagKf7MBHTK5teIy+z00R","rect":[807,480,140,141],"offset":[0,0],"originalSize":[140,141],"rotated":1,"capInsets":[0,0,0,0]}},{"__type__":"cc.SpriteFrame","content":{"name":"获取生命界面-2","texture":"77u4CSL9lH3aDTs9NrT0he","rect":[3,3,1920,1080],"offset":[0,0],"originalSize":[1920,1080],"capInsets":[0,0,0,0]}},{"__type__":"cc.AudioClip","_name":"LogoIntro2","_native":".mp3"},{"__type__":"cc.SpriteFrame","content":{"name":"图层 33","texture":"a37ZSs0bdBRIN13cJYTQbQ","rect":[339,154,105,58],"offset":[0,0],"originalSize":[105,58],"rotated":1,"capInsets":[0,0,0,0]}},{"__type__":"cc.SpriteFrame","content":{"name":"免费抽奖 拷贝","texture":"77u4CSL9lH3aDTs9NrT0he","rect":[1416,1087,393,126],"offset":[0,0],"originalSize":[393,126],"capInsets":[0,0,0,0]}},{"__type__":"cc.SpriteFrame","content":{"name":"图层 39","texture":"a37ZSs0bdBRIN13cJYTQbQ","rect":[248,848,193,128],"offset":[0,0],"originalSize":[193,128],"capInsets":[0,0,0,0]}},{"__type__":"cc.SpriteFrame","content":{"name":"×","texture":"b2vaAkLt9Fw5la89K1UYAY","rect":[171,75,44,44],"offset":[0,0],"originalSize":[44,44],"capInsets":[0,0,0,0]}},{"__type__":"cc.AudioClip","_name":"funny-pictures2","_native":".mp3"},{"__type__":"cc.SpriteFrame","content":{"name":"过关啦","texture":"1aagKf7MBHTK5teIy+z00R","rect":[2,1263,508,265],"offset":[0,0],"originalSize":[508,265],"rotated":1,"capInsets":[0,0,0,0]}},{"__type__":"cc.SpriteFrame","content":{"name":"金币","texture":"a37ZSs0bdBRIN13cJYTQbQ","rect":[2,2,508,244],"offset":[0,0],"originalSize":[508,244],"rotated":1,"capInsets":[0,0,0,0]}},{"__type__":"cc.SpriteFrame","content":{"name":"复活","texture":"e8U+OvrexJK4i6FJiEUDTl","rect":[2,1153,508,265],"offset":[0,0],"originalSize":[508,265],"rotated":1,"capInsets":[0,0,0,0]}},{"__type__":"cc.SpriteFrame","content":{"name":"免费获取","texture":"a37ZSs0bdBRIN13cJYTQbQ","rect":[443,848,152,37],"offset":[0,0],"originalSize":[152,37],"rotated":1,"capInsets":[0,0,0,0]}},{"__type__":"cc.SpriteFrame","content":{"name":"第 10 关","texture":"1aagKf7MBHTK5teIy+z00R","rect":[975,238,137,34],"offset":[0,0],"originalSize":[137,34],"rotated":1,"capInsets":[0,0,0,0]}},{"__type__":"cc.SpriteFrame","content":{"name":"图层 6 - 副本","texture":"77u4CSL9lH3aDTs9NrT0he","rect":[1927,223,109,106],"offset":[0,0],"originalSize":[109,106],"capInsets":[0,0,0,0]}},{"__type__":"cc.SpriteFrame","content":{"name":"webp61HV0CMR","texture":"77u4CSL9lH3aDTs9NrT0he","rect":[3,1087,1149,636],"offset":[0,0],"originalSize":[1149,636],"capInsets":[0,0,0,0]}},{"__type__":"cc.SpriteFrame","content":{"name":"图层 21 拷贝","texture":"e8U+OvrexJK4i6FJiEUDTl","rect":[825,60,586,117],"offset":[0,0],"originalSize":[586,117],"rotated":1,"capInsets":[0,0,0,0]}},{"__type__":"cc.SpriteFrame","content":{"name":"恢复生命倒计时","texture":"1aagKf7MBHTK5teIy+z00R","rect":[807,2,209,53],"offset":[0,0],"originalSize":[209,53],"capInsets":[0,0,0,0]}},{"__type__":"cc.SpriteFrame","content":{"name":"box_fnt_0","texture":"1a6e86a82","rect":[724,1583,168,24],"offset":[-44,4],"originalSize":[256,32],"capInsets":[0,0,0,0]}},{"__type__":"cc.SpriteFrame","content":{"name":"webpQNFTDT46 拷贝","texture":"1aagKf7MBHTK5teIy+z00R","rect":[807,57,188,179],"offset":[0,0],"originalSize":[188,179],"capInsets":[0,0,0,0]}},{"__type__":"cc.SpriteFrame","content":{"name":"200金币","texture":"a37ZSs0bdBRIN13cJYTQbQ","rect":[248,978,142,37],"offset":[0,0],"originalSize":[142,37],"capInsets":[0,0,0,0]}},{"__type__":"cc.SpriteFrame","content":{"name":"图层 6 副本 2","texture":"77u4CSL9lH3aDTs9NrT0he","rect":[1927,113,111,106],"offset":[0,0],"originalSize":[111,106],"capInsets":[0,0,0,0]}},{"__type__":"cc.SpriteAtlas","_name":"Ad_plist.plist","_spriteFrames":{"×":{"__uuid__":"b4t1btRRpABK4T+a3beUSr"},"广告 副本":{"__uuid__":"08H7mtie9OJ4+vWPmwq9YV"},"查看广告":{"__uuid__":"77zcDBbRVE8rWBWDxH39jl"},"框":{"__uuid__":"54697Tv6xBLZrivvXObj2K"},"椭圆 2":{"__uuid__":"92sFXEw0JOaLmdVCPH9LFC"},"点击安装":{"__uuid__":"11XDUkGrRLs46PIRLbjsDS"}}},{"__type__":"cc.SpriteFrame","content":{"name":"webpLOJEK8WU","texture":"a37ZSs0bdBRIN13cJYTQbQ","rect":[248,389,239,235],"offset":[0,0],"originalSize":[239,235],"rotated":1,"capInsets":[0,0,0,0]}}]