[{"__type__":"cc.SpriteFrame","content":{"name":"Spikes","texture":"1ad92557e","rect":[120,875,256,128],"offset":[0,0],"originalSize":[256,128],"capInsets":[0,0,0,0]}},{"__type__":"cc.SpriteFrame","content":{"name":"Congtac2","texture":"175b632e3","rect":[811,896,69,198],"offset":[0,0],"originalSize":[69,198],"rotated":1,"capInsets":[0,0,0,0]}},{"__type__":"cc.SpriteFrame","content":{"name":"1","texture":"175b632e3","rect":[827,819,149,38],"offset":[0,0],"originalSize":[149,38],"capInsets":[0,0,0,0]}},{"__type__":"cc.SpriteFrame","content":{"name":"Top_Down_Moving","texture":"baL4mQu65NfqiUJaK8sD+X","rect":[2,151,128,1024],"offset":[0,0],"originalSize":[128,1024],"rotated":1,"capInsets":[0,0,0,0]}},{"__type__":"cc.SpriteFrame","content":{"name":"3","texture":"175b632e3","rect":[917,321,149,38],"offset":[0,0],"originalSize":[149,38],"rotated":1,"capInsets":[0,0,0,0]}},{"__type__":"cc.SpriteFrame","content":{"name":"Push_Scifi_Front","texture":"1ad92557e","rect":[762,3,256,256],"offset":[0,0],"originalSize":[256,256],"capInsets":[0,0,0,0]}},{"__type__":"cc.SpriteFrame","content":{"name":"Platform_Spikes","texture":"175b632e3","rect":[3,521,512,256],"offset":[0,0],"originalSize":[512,256],"capInsets":[0,0,0,0]}},{"__type__":"cc.SpriteFrame","content":{"name":"base05","texture":"1ad92557e","rect":[382,869,256,128],"offset":[0,0],"originalSize":[256,128],"capInsets":[0,0,0,0]}},{"__type__":"cc.SpriteFrame","content":{"name":"z","texture":"175b632e3","rect":[3,987,1000,23],"offset":[0,0],"originalSize":[1000,23],"capInsets":[0,0,0,0]}},[{"__type__":"cc.Prefab","_name":"pickeffect","data":{"__id__":1}},{"__type__":"cc.Node","_name":"pickeffect","_components":[{"__type__":"cc.ParticleSystem","node":{"__id__":1},"_materials":[{"__uuid__":"ecpdLyjvZBwrvm+cedCcQy"}],"_custom":true,"_file":{"__uuid__":"94+eCgO8BIzZ6nvOzaPeyd"},"_spriteFrame":{"__uuid__":"82AajS0LNIx6y8nV/bfD1v"},"autoRemoveOnFinish":true,"totalParticles":200,"duration":0.2,"emissionRate":100,"lifeVar":1.5,"_startColor":{"__type__":"cc.Color","r":255,"g":211},"_startColorVar":{"__type__":"cc.Color","a":0},"_endColor":{"__type__":"cc.Color","r":255,"g":168,"a":0},"_endColorVar":{"__type__":"cc.Color","a":0},"angle":360,"angleVar":360,"startSize":5,"endSize":51.4,"_positionType":1,"positionType":1,"gravity":{"__type__":"cc.Vec2","y":-100},"tangentialAccel":0}],"_prefab":{"__type__":"cc.PrefabInfo","root":{"__id__":1},"asset":{"__id__":0},"fileId":"2eJJytZWFKGJpr4pn+98WR"},"_trs":{"__type__":"TypedArray","ctor":"Float64Array","array":[0,0,0,0,0,0,1,1,1,1]}}],{"__type__":"cc.SpriteFrame","content":{"name":"bảnhang-01","texture":"1ad92557e","rect":[527,3,201,201],"offset":[0,0],"originalSize":[201,201],"capInsets":[0,0,0,0]}},{"__type__":"cc.SpriteFrame","content":{"name":"Round_Spikes","texture":"1ad92557e","rect":[762,265,256,256],"offset":[0,0],"originalSize":[256,256],"capInsets":[0,0,0,0]}},{"__type__":"cc.SpriteFrame","content":{"name":"Pillar_Buttom","texture":"175b632e3","rect":[3,3,512,512],"offset":[0,0],"originalSize":[512,512],"capInsets":[0,0,0,0]}},{"__type__":"cc.SpriteFrame","content":{"name":"Crate_Scifi","texture":"1ad92557e","rect":[762,527,256,256],"offset":[0,0],"originalSize":[256,256],"capInsets":[0,0,0,0]}},{"__type__":"cc.SpriteFrame","content":{"name":"Bienbaolv","texture":"1ad92557e","rect":[150,521,300,300],"offset":[0,0],"originalSize":[300,300],"capInsets":[0,0,0,0]}},{"__type__":"cc.SpriteFrame","content":{"name":"Laser_Tronc01","texture":"15af9cbc2","rect":[3,3,256,256],"offset":[0,0],"originalSize":[256,256],"capInsets":[0,0,0,0]}},{"__type__":"cc.SpriteFrame","content":{"name":"图层 412","texture":"1ad92557e","rect":[150,827,246,36],"offset":[0,0],"originalSize":[246,36],"capInsets":[0,0,0,0]}},{"__type__":"cc.SpriteFrame","content":{"name":"Horizantal_Moving","texture":"baL4mQu65NfqiUJaK8sD+X","rect":[2,281,256,1024],"offset":[0,0],"originalSize":[256,1024],"rotated":1,"capInsets":[0,0,0,0]}},{"__type__":"cc.SpriteFrame","content":{"name":"Boulder_Scifi","texture":"15af9cbc2","rect":[3,265,256,256],"offset":[0,0],"originalSize":[256,256],"capInsets":[0,0,0,0]}},{"__type__":"cc.SpriteFrame","content":{"name":"Congtac1","texture":"175b632e3","rect":[521,896,284,64],"offset":[0,0],"originalSize":[284,64],"capInsets":[0,0,0,0]}},{"__type__":"cc.SpriteFrame","content":{"name":"Down_Part","texture":"175b632e3","rect":[521,3,256,512],"offset":[0,0],"originalSize":[256,512],"capInsets":[0,42,0,45]}},{"__type__":"cc.SpriteFrame","content":{"name":"item","texture":"1ad92557e","rect":[456,521,300,300],"offset":[0,0],"originalSize":[300,300],"capInsets":[0,0,0,0]}},{"__type__":"cc.SpriteFrame","content":{"name":"Factory_donbay2","texture":"175b632e3","rect":[827,521,292,193],"offset":[0,0],"originalSize":[292,193],"rotated":1,"capInsets":[0,0,0,0]}},{"__type__":"cc.SpriteFrame","content":{"name":"Monving_Platform","texture":"175b632e3","rect":[3,783,512,128],"offset":[0,0],"originalSize":[512,128],"capInsets":[0,0,0,0]}},{"__type__":"cc.SpriteFrame","content":{"name":"Top_Part","texture":"1ad92557e","rect":[3,3,256,512],"offset":[0,0],"originalSize":[256,512],"capInsets":[0,0,0,0]}},{"__type__":"cc.SpriteFrame","content":{"name":"Saw_Rotate","texture":"15af9cbc2","rect":[3,527,256,256],"offset":[0,0],"originalSize":[256,256],"capInsets":[0,0,0,0]}},{"__type__":"cc.SpriteFrame","content":{"name":"2","texture":"175b632e3","rect":[961,321,148,38],"offset":[0,0],"originalSize":[148,38],"rotated":1,"capInsets":[0,0,0,0]}},{"__type__":"cc.SpriteFrame","content":{"name":"Moving01","texture":"175b632e3","rect":[783,3,512,128],"offset":[0,0],"originalSize":[512,128],"rotated":1,"capInsets":[0,0,0,0]}},{"__type__":"cc.SpriteFrame","content":{"name":"star10","texture":"35yfj6b5JBYrI3EpLt+YDb","rect":[0,0,28,26],"offset":[0,0],"originalSize":[28,26],"capInsets":[0,0,0,0]}},{"__type__":"cc.SpriteFrame","content":{"name":"Tronc","texture":"15af9cbc2","rect":[265,3,256,256],"offset":[0,0],"originalSize":[256,256],"capInsets":[0,0,0,0]}},{"__type__":"cc.SpriteFrame","content":{"name":"nhon","texture":"1ad92557e","rect":[639,210,73,74],"offset":[0,0],"originalSize":[73,74],"rotated":1,"capInsets":[0,0,0,0]}},{"__type__":"cc.SpriteFrame","content":{"name":"metal-chain","texture":"175b632e3","rect":[3,917,64,512],"offset":[0,0],"originalSize":[64,512],"rotated":1,"capInsets":[0,0,0,0]}},{"__type__":"cc.SpriteFrame","content":{"name":"font_0","texture":"1e1fca5a7","rect":[286,3,255,200],"offset":[-0.5,28],"originalSize":[256,256],"rotated":1,"capInsets":[0,0,0,0]}},{"__type__":"cc.SpriteFrame","content":{"name":"提示框2","texture":"175b632e3","rect":[521,521,369,300],"offset":[0,0],"originalSize":[369,300],"rotated":1,"capInsets":[0,0,0,0]}},{"__type__":"cc.SpriteFrame","content":{"name":"VISSE","texture":"1ad92557e","rect":[554,289,128,128],"offset":[0,0],"originalSize":[128,128],"capInsets":[0,0,0,0]}},{"__type__":"cc.SpriteFrame","content":{"name":"图层 2","texture":"1ad92557e","rect":[527,261,252,21],"offset":[0,0],"originalSize":[252,21],"rotated":1,"capInsets":[0,0,0,0]}},{"__type__":"cc.SpriteFrame","content":{"name":"Factory_donbay1","texture":"1ad92557e","rect":[3,521,476,111],"offset":[0,0],"originalSize":[476,111],"rotated":1,"capInsets":[0,0,0,0]}},{"__type__":"cc.BitmapFont","_name":"font","spriteFrame":{"__uuid__":"9dJbxl1c5IxJLiXc9GN3Go"},"fontSize":32,"_fntConfig":{"commonHeight":32,"fontSize":32,"atlasName":"font_0.png","fontDefDictionary":{"45":{"rect":{"x":237,"y":22,"width":9,"height":3},"xOffset":1,"yOffset":17,"xAdvance":11},"48":{"rect":{"x":237,"y":0,"width":14,"height":21},"xOffset":0,"yOffset":6,"xAdvance":15},"49":{"rect":{"x":247,"y":152,"width":8,"height":20},"xOffset":2,"yOffset":6,"xAdvance":15},"50":{"rect":{"x":64,"y":178,"width":13,"height":20},"xOffset":1,"yOffset":6,"xAdvance":15},"51":{"rect":{"x":233,"y":152,"width":13,"height":21},"xOffset":1,"yOffset":6,"xAdvance":15},"52":{"rect":{"x":78,"y":178,"width":16,"height":19},"xOffset":-1,"yOffset":7,"xAdvance":15},"53":{"rect":{"x":50,"y":178,"width":13,"height":20},"xOffset":1,"yOffset":7,"xAdvance":15},"54":{"rect":{"x":234,"y":103,"width":13,"height":21},"xOffset":1,"yOffset":6,"xAdvance":15},"55":{"rect":{"x":95,"y":178,"width":13,"height":19},"xOffset":1,"yOffset":7,"xAdvance":15},"56":{"rect":{"x":234,"y":26,"width":14,"height":21},"xOffset":0,"yOffset":6,"xAdvance":15},"57":{"rect":{"x":234,"y":48,"width":14,"height":21},"xOffset":0,"yOffset":6,"xAdvance":15},"19968":{"rect":{"x":109,"y":178,"width":25,"height":3},"xOffset":0,"yOffset":15,"xAdvance":25},"19978":{"rect":{"x":52,"y":154,"width":25,"height":23},"xOffset":0,"yOffset":5,"xAdvance":25},"19981":{"rect":{"x":0,"y":154,"width":25,"height":23},"xOffset":0,"yOffset":7,"xAdvance":25},"20048":{"rect":{"x":229,"y":128,"width":25,"height":23},"xOffset":0,"yOffset":6,"xAdvance":25},"20080":{"rect":{"x":230,"y":78,"width":25,"height":24},"xOffset":0,"yOffset":6,"xAdvance":25},"20102":{"rect":{"x":26,"y":178,"width":23,"height":22},"xOffset":1,"yOffset":7,"xAdvance":25},"20316":{"rect":{"x":208,"y":26,"width":25,"height":25},"xOffset":0,"yOffset":5,"xAdvance":25},"20572":{"rect":{"x":0,"y":52,"width":25,"height":25},"xOffset":0,"yOffset":5,"xAdvance":25},"20813":{"rect":{"x":26,"y":52,"width":25,"height":25},"xOffset":0,"yOffset":5,"xAdvance":25},"20851":{"rect":{"x":81,"y":0,"width":25,"height":25},"xOffset":0,"yOffset":5,"xAdvance":25},"20877":{"rect":{"x":0,"y":104,"width":25,"height":24},"xOffset":0,"yOffset":6,"xAdvance":25},"20987":{"rect":{"x":104,"y":52,"width":25,"height":25},"xOffset":0,"yOffset":5,"xAdvance":25},"21152":{"rect":{"x":155,"y":78,"width":24,"height":25},"xOffset":0,"yOffset":5,"xAdvance":25},"21345":{"rect":{"x":130,"y":52,"width":25,"height":25},"xOffset":0,"yOffset":5,"xAdvance":25},"21363":{"rect":{"x":153,"y":129,"width":23,"height":24},"xOffset":1,"yOffset":6,"xAdvance":25},"21435":{"rect":{"x":182,"y":52,"width":25,"height":25},"xOffset":0,"yOffset":5,"xAdvance":25},"21462":{"rect":{"x":26,"y":104,"width":25,"height":24},"xOffset":0,"yOffset":6,"xAdvance":25},"21487":{"rect":{"x":0,"y":178,"width":25,"height":22},"xOffset":0,"yOffset":7,"xAdvance":25},"21495":{"rect":{"x":156,"y":154,"width":25,"height":23},"xOffset":0,"yOffset":6,"xAdvance":25},"21512":{"rect":{"x":26,"y":78,"width":25,"height":25},"xOffset":0,"yOffset":5,"xAdvance":25},"21543":{"rect":{"x":208,"y":153,"width":24,"height":23},"xOffset":1,"yOffset":6,"xAdvance":25},"21578":{"rect":{"x":52,"y":104,"width":25,"height":24},"xOffset":0,"yOffset":5,"xAdvance":25},"21629":{"rect":{"x":78,"y":78,"width":25,"height":25},"xOffset":0,"yOffset":5,"xAdvance":25},"21830":{"rect":{"x":104,"y":78,"width":25,"height":25},"xOffset":0,"yOffset":5,"xAdvance":25},"21862":{"rect":{"x":104,"y":129,"width":24,"height":24},"xOffset":1,"yOffset":5,"xAdvance":25},"22797":{"rect":{"x":156,"y":26,"width":25,"height":25},"xOffset":0,"yOffset":5,"xAdvance":25},"22833":{"rect":{"x":78,"y":52,"width":25,"height":25},"xOffset":0,"yOffset":5,"xAdvance":25},"24038":{"rect":{"x":130,"y":154,"width":25,"height":23},"xOffset":0,"yOffset":5,"xAdvance":25},"24065":{"rect":{"x":129,"y":129,"width":23,"height":24},"xOffset":1,"yOffset":6,"xAdvance":25},"24191":{"rect":{"x":78,"y":104,"width":25,"height":24},"xOffset":0,"yOffset":5,"xAdvance":25},"24215":{"rect":{"x":54,"y":0,"width":26,"height":25},"xOffset":-1,"yOffset":5,"xAdvance":25},"24320":{"rect":{"x":177,"y":129,"width":25,"height":23},"xOffset":0,"yOffset":7,"xAdvance":25},"25345":{"rect":{"x":130,"y":104,"width":25,"height":24},"xOffset":0,"yOffset":5,"xAdvance":25},"25903":{"rect":{"x":52,"y":78,"width":25,"height":25},"xOffset":0,"yOffset":5,"xAdvance":25},"25928":{"rect":{"x":27,"y":0,"width":26,"height":25},"xOffset":0,"yOffset":5,"xAdvance":25},"26242":{"rect":{"x":107,"y":0,"width":25,"height":25},"xOffset":0,"yOffset":5,"xAdvance":25},"26377":{"rect":{"x":0,"y":78,"width":25,"height":25},"xOffset":0,"yOffset":5,"xAdvance":25},"26463":{"rect":{"x":208,"y":52,"width":25,"height":25},"xOffset":0,"yOffset":5,"xAdvance":25},"27425":{"rect":{"x":156,"y":52,"width":25,"height":25},"xOffset":0,"yOffset":5,"xAdvance":25},"27493":{"rect":{"x":52,"y":52,"width":25,"height":25},"xOffset":0,"yOffset":5,"xAdvance":25},"27809":{"rect":{"x":52,"y":26,"width":25,"height":25},"xOffset":0,"yOffset":5,"xAdvance":25},"27963":{"rect":{"x":182,"y":26,"width":25,"height":25},"xOffset":0,"yOffset":5,"xAdvance":25},"28857":{"rect":{"x":156,"y":104,"width":25,"height":24},"xOffset":0,"yOffset":5,"xAdvance":25},"29983":{"rect":{"x":203,"y":129,"width":25,"height":23},"xOffset":0,"yOffset":5,"xAdvance":25},"30465":{"rect":{"x":130,"y":26,"width":25,"height":25},"xOffset":0,"yOffset":5,"xAdvance":25},"30475":{"rect":{"x":182,"y":104,"width":25,"height":24},"xOffset":0,"yOffset":6,"xAdvance":25},"31227":{"rect":{"x":104,"y":26,"width":25,"height":25},"xOffset":0,"yOffset":5,"xAdvance":25},"31435":{"rect":{"x":26,"y":154,"width":25,"height":23},"xOffset":0,"yOffset":5,"xAdvance":25},"32467":{"rect":{"x":78,"y":26,"width":25,"height":25},"xOffset":0,"yOffset":5,"xAdvance":25},"32622":{"rect":{"x":78,"y":154,"width":25,"height":23},"xOffset":0,"yOffset":6,"xAdvance":25},"33021":{"rect":{"x":104,"y":104,"width":25,"height":24},"xOffset":0,"yOffset":5,"xAdvance":25},"33410":{"rect":{"x":26,"y":26,"width":25,"height":25},"xOffset":0,"yOffset":5,"xAdvance":25},"33719":{"rect":{"x":0,"y":26,"width":25,"height":25},"xOffset":0,"yOffset":5,"xAdvance":25},"35266":{"rect":{"x":104,"y":154,"width":25,"height":23},"xOffset":0,"yOffset":6,"xAdvance":25},"35282":{"rect":{"x":180,"y":78,"width":23,"height":25},"xOffset":0,"yOffset":5,"xAdvance":25},"35774":{"rect":{"x":208,"y":103,"width":25,"height":24},"xOffset":0,"yOffset":6,"xAdvance":25},"35797":{"rect":{"x":211,"y":0,"width":25,"height":25},"xOffset":0,"yOffset":5,"xAdvance":25},"35831":{"rect":{"x":0,"y":129,"width":25,"height":24},"xOffset":0,"yOffset":5,"xAdvance":25},"35874":{"rect":{"x":26,"y":129,"width":25,"height":24},"xOffset":0,"yOffset":5,"xAdvance":25},"36133":{"rect":{"x":185,"y":0,"width":25,"height":25},"xOffset":0,"yOffset":5,"xAdvance":25},"36141":{"rect":{"x":130,"y":78,"width":24,"height":25},"xOffset":0,"yOffset":5,"xAdvance":25},"36153":{"rect":{"x":159,"y":0,"width":25,"height":25},"xOffset":0,"yOffset":5,"xAdvance":25},"36275":{"rect":{"x":52,"y":129,"width":25,"height":24},"xOffset":0,"yOffset":6,"xAdvance":25},"36339":{"rect":{"x":0,"y":0,"width":26,"height":25},"xOffset":0,"yOffset":5,"xAdvance":25},"36807":{"rect":{"x":78,"y":129,"width":25,"height":24},"xOffset":0,"yOffset":5,"xAdvance":25},"37327":{"rect":{"x":182,"y":153,"width":25,"height":23},"xOffset":0,"yOffset":6,"xAdvance":25},"37329":{"rect":{"x":204,"y":78,"width":25,"height":24},"xOffset":0,"yOffset":5,"xAdvance":25},"38899":{"rect":{"x":133,"y":0,"width":25,"height":25},"xOffset":0,"yOffset":5,"xAdvance":25},"65281":{"rect":{"x":249,"y":22,"width":5,"height":20},"xOffset":4,"yOffset":7,"xAdvance":25},"65292":{"rect":{"x":234,"y":70,"width":5,"height":7},"xOffset":3,"yOffset":23,"xAdvance":25},"65306":{"rect":{"x":249,"y":43,"width":5,"height":15},"xOffset":4,"yOffset":12,"xAdvance":25}},"kerningDict":{}}},{"__type__":"cc.SpriteFrame","content":{"name":"988","texture":"175b632e3","rect":[917,476,89,25],"offset":[0,0],"originalSize":[89,25],"capInsets":[0,0,0,0]}},{"__type__":"cc.SpriteAtlas","_name":"Component1_plist.plist","_spriteFrames":{"Bienbaolv":{"__uuid__":"49IsYC6zdLq4zW+H71Gv59"},"Congtac1":{"__uuid__":"60np0Y7lJEOry7qD7uLvWu"},"Congtac2":{"__uuid__":"06G2p68ClJM41AQbmCp9Za"},"Crate_Scifi":{"__uuid__":"447BqK/WVAca6p9xRNhsY6"},"Factory_donbay1":{"__uuid__":"acCilv1bFPpZgVeHMg4gSj"},"Factory_donbay2":{"__uuid__":"6b9tqtcz9Lx4JLwxRxdHk/"},"Monving_Platform":{"__uuid__":"76a0RIfttG2K7fn1W16Yx7"},"Pillar_Buttom":{"__uuid__":"399CfFZZxG+aVU8fv2HWbW"},"Platform_Spikes":{"__uuid__":"17CQOx37xJmrbUJEWwfM4v"},"VISSE":{"__uuid__":"aaEfKbovNNcZcyWrgEHiFA"},"VISSE01":{"__uuid__":"e3G85exO9NjKz5ezd762//"},"bảnhang-01":{"__uuid__":"35RuN7EsZKc6uAxE8EDc6v"},"item2":{"__uuid__":"c9x5iDi4lKPpbxkSAVXAnH"},"nhon":{"__uuid__":"98qrP+jy1P662Y3B8/B89m"},"z":{"__uuid__":"2dcXr5TntL85mSJPHsti5u"},"图层 2":{"__uuid__":"abiqYLnA1Avo/WBEekNOmy"},"图层 412":{"__uuid__":"50fr6Vc7lKkroi0qQ4JCfF"},"提示框2":{"__uuid__":"9dxivxaHBDp6XabembnhXR"}}},{"__type__":"cc.SpriteFrame","content":{"name":"item2","texture":"15af9cbc2","rect":[137,789,128,128],"offset":[0,0],"originalSize":[128,128],"capInsets":[0,0,0,0]}},{"__type__":"cc.SpriteFrame","content":{"name":"VISSE01","texture":"15af9cbc2","rect":[265,527,128,128],"offset":[0,0],"originalSize":[128,128],"capInsets":[0,0,0,0]}},{"__type__":"cc.SpriteFrame","content":{"name":"Base04_RED","texture":"baL4mQu65NfqiUJaK8sD+X","rect":[1336,906,512,1024],"offset":[0,0],"originalSize":[512,1024],"capInsets":[0,0,0,0]}},{"__type__":"cc.SpriteFrame","content":{"name":"item2","texture":"15af9cbc2","rect":[271,661,128,128],"offset":[0,0],"originalSize":[128,128],"capInsets":[0,0,0,0]}},{"__type__":"cc.SpriteFrame","content":{"name":"Base04_green","texture":"baL4mQu65NfqiUJaK8sD+X","rect":[2,1055,512,1024],"offset":[0,0],"originalSize":[512,1024],"rotated":1,"capInsets":[0,0,0,0]}},{"__type__":"cc.SpriteFrame","content":{"name":"22","texture":"baL4mQu65NfqiUJaK8sD+X","rect":[2,2,1260,17],"offset":[0,0],"originalSize":[1260,17],"capInsets":[0,0,0,0]}},{"__type__":"cc.SpriteFrame","content":{"name":"VISSE01","texture":"15af9cbc2","rect":[399,527,128,128],"offset":[0,0],"originalSize":[128,128],"capInsets":[0,0,0,0]}},{"__type__":"cc.SpriteFrame","content":{"name":"Saw_Tronc","texture":"15af9cbc2","rect":[265,265,256,256],"offset":[0,0],"originalSize":[256,256],"capInsets":[0,0,0,0]}},{"__type__":"cc.SpriteFrame","content":{"name":"Top_Down_Spikes","texture":"1ad92557e","rect":[265,3,512,256],"offset":[0,0],"originalSize":[512,256],"rotated":1,"capInsets":[0,0,0,0]}},{"__type__":"cc.SpriteAtlas","_name":"Component2_plist.plist","_spriteFrames":{"1":{"__uuid__":"08EE574AJCybEkYL4ikr+e"},"2":{"__uuid__":"7c7Ms9PnhExqeoCq8Qd1CJ"},"3":{"__uuid__":"08zReD3OVE4pPID3tRZgQb"},"22":{"__uuid__":"e1+8qCijNApIitxE5DtK8v"},"988":{"__uuid__":"c1hs30FYBNardWuOcdb7zt"},"Base04_RED":{"__uuid__":"d7w5Ksbi9BRo1C5pds0nni"},"Base04_green":{"__uuid__":"daLkbETe9Ooq5licmD9tdA"},"Boulder_Scifi":{"__uuid__":"5bUBxMlwBLLIhLET7ZzlUs"},"Down_Part":{"__uuid__":"65IIevXfVCYprzx9V3zpE5"},"Horizantal_Moving":{"__uuid__":"53XcSC8HtJ+K2PD+CazdVq"},"Laser_Tronc01":{"__uuid__":"49l3QmG35NXYRmT2UOGKP9"},"Moving01":{"__uuid__":"7dbCh1dnRBP5V4L5/ECOUB"},"Push_Scifi_Front":{"__uuid__":"10CUPLq/NKp4GU4l+Il1f3"},"Round_Spikes":{"__uuid__":"35Y71Ba21JGaomQRaX4aQ4"},"Saw_Rotate":{"__uuid__":"78ap9RmRNKzqaeFqVqHUdp"},"Saw_Tronc":{"__uuid__":"e4Gavs8LhBJruelBpVefOX"},"Spikes":{"__uuid__":"01jdVpuCxKTq4ybf0yhC+W"},"Top_Down_Moving":{"__uuid__":"08U0cYQQhO0YZQ+CdB6vtP"},"Top_Down_Spikes":{"__uuid__":"e5m6Z10BZDFY2FZIfuRbT3"},"Top_Part":{"__uuid__":"78Z/JZSalMjJJkbixkE+cv"},"Tronc":{"__uuid__":"87vL/FhttA9qwBvlwaFlzZ"},"VISSE01":{"__uuid__":"d54qdvalZFKYZf4WlBE7rB"},"base05":{"__uuid__":"27pxrwhGlHSpQ3ZNfCQofF"},"item":{"__uuid__":"68PCgDl4lP7LoES5JtFG3O"},"item2":{"__uuid__":"d9ZNBsOAJD+44MuzjlznxJ"},"metal-chain":{"__uuid__":"9dANs9hMVCood4+i0DVH22"}}}]