[{"__type__":"cc.SpriteFrame","content":{"name":"中间","texture":"181fUq9hBGXpgxXCfvSqno","rect":[4,49,148,39],"offset":[0,0],"originalSize":[148,39],"capInsets":[0,0,0,0]}},{"__type__":"cc.SpriteFrame","content":{"name":"头部 ","texture":"8au5Z2f65KBraI5is/Wfqq","rect":[656,43,53,55],"offset":[0,0],"originalSize":[53,55],"rotated":1,"capInsets":[0,0,0,0]}},{"__type__":"cc.SpriteAtlas","_name":"new_floor_plist.plist","_spriteFrames":{"中间":{"__uuid__":"1bO8nMPYNKwJhzIQy/CBbS"},"头部":{"__uuid__":"a9XFv4Z+hMPZ075dmDuhMx"},"尾部 ":{"__uuid__":"31bwkmJOlLG539wTIAGkzx"},"尾部":{"__uuid__":"6eAHu+vmFBAIsfW4m/SQ/P"}}},{"__type__":"cc.SpriteFrame","content":{"name":"头部 拷贝","texture":"8au5Z2f65KBraI5is/Wfqq","rect":[717,2,39,59],"offset":[0,0],"originalSize":[39,59],"rotated":1,"capInsets":[0,0,0,0]}},{"__type__":"cc.SpriteFrame","content":{"name":"尾部 ","texture":"181fUq9hBGXpgxXCfvSqno","rect":[4,94,148,37],"offset":[0,0],"originalSize":[148,37],"capInsets":[0,0,0,0]}},{"__type__":"cc.SpriteFrame","content":{"name":"中间 拷贝","texture":"8au5Z2f65KBraI5is/Wfqq","rect":[2,2,652,59],"offset":[0,0],"originalSize":[652,59],"capInsets":[0,0,0,0]}},{"__type__":"cc.SpriteFrame","content":{"name":"尾部 拷贝","texture":"8au5Z2f65KBraI5is/Wfqq","rect":[656,2,39,59],"offset":[0,0],"originalSize":[39,59],"rotated":1,"capInsets":[0,0,0,0]}},{"__type__":"cc.SpriteFrame","content":{"name":"研究所底部","texture":"8au5Z2f65KBraI5is/Wfqq","rect":[2,577,512,512],"offset":[0,0],"originalSize":[512,512],"capInsets":[0,0,0,0]}},{"__type__":"cc.SpriteFrame","content":{"name":"尾部","texture":"181fUq9hBGXpgxXCfvSqno","rect":[4,4,148,39],"offset":[0,0],"originalSize":[148,39],"capInsets":[0,0,0,0]}},{"__type__":"cc.SpriteFrame","content":{"name":"黑球巢穴底部","texture":"8au5Z2f65KBraI5is/Wfqq","rect":[2,63,512,512],"offset":[0,0],"originalSize":[512,512],"capInsets":[0,0,0,0]}},{"__type__":"cc.SpriteFrame","content":{"name":"中间","texture":"8au5Z2f65KBraI5is/Wfqq","rect":[713,43,368,54],"offset":[0,0],"originalSize":[368,54],"rotated":1,"capInsets":[0,0,0,0]}},{"__type__":"cc.SpriteFrame","content":{"name":"头部","texture":"181fUq9hBGXpgxXCfvSqno","rect":[158,4,148,39],"offset":[0,0],"originalSize":[148,39],"rotated":1,"capInsets":[0,0,0,0]}},{"__type__":"cc.SpriteAtlas","_name":"supplement_plist.plist","_spriteFrames":{"中间 拷贝":{"__uuid__":"4cMH/HsvRKdrCe2OxKlivY"},"中间":{"__uuid__":"97e7asq2RG1bykyuIjRxQt"},"头部 ":{"__uuid__":"1ccOSqQoxAwqNUC7J3HwEw"},"头部 拷贝":{"__uuid__":"2b14qFWxFNTZjZNDacj3bo"},"尾部 ":{"__uuid__":"eaCnmX6HlO6JOWf6yuOGVY"},"尾部 拷贝":{"__uuid__":"52lOf5CkRPXroXCxk9HxmI"},"研究所底部":{"__uuid__":"56GEoVw8ZLCKZIX66Z+iUG"},"黑球巢穴底部":{"__uuid__":"7dFE5dbztByLfPOdEyFfDn"}}},{"__type__":"cc.SpriteFrame","content":{"name":"尾部 ","texture":"8au5Z2f65KBraI5is/Wfqq","rect":[778,2,53,55],"offset":[0,0],"originalSize":[53,55],"rotated":1,"capInsets":[0,0,0,0]}}]