[1,["68p7VMGS9C6ZWTnqpSEuhT@6c48a"],0,[["sp.SkeletonData",["_name","_atlasText","textureNames","_skeletonJson","textures"],-1,3]],[[0,0,1,2,3,4,5]],[[0,"piano","\r\npiano.png\r\nsize: 479, 234\r\nformat: RGBA8888\r\nfilter: Linear, Linear\r\nrepeat: none\r\nmeo_idle_raup\r\n  rotate: true\r\n  xy: 369, 49\r\n  size: 27, 33\r\n  orig: 40, 33\r\n  offset: 7, 0\r\n  index: -1\r\nmeo_idle_raut\r\n  rotate: true\r\n  xy: 404, 50\r\n  size: 26, 32\r\n  orig: 40, 33\r\n  offset: 7, 1\r\n  index: -1\r\npiano/meo_piano_dau\r\n  rotate: false\r\n  xy: 2, 53\r\n  size: 311, 179\r\n  orig: 311, 179\r\n  offset: 0, 0\r\n  index: -1\r\npiano/meo_piano_duoi\r\n  rotate: false\r\n  xy: 168, 6\r\n  size: 64, 45\r\n  orig: 67, 45\r\n  offset: 2, 0\r\n  index: -1\r\npiano/meo_piano_mat\r\n  rotate: false\r\n  xy: 2, 2\r\n  size: 164, 49\r\n  orig: 175, 49\r\n  offset: 6, 0\r\n  index: -1\r\npiano/meo_piano_mui\r\n  rotate: false\r\n  xy: 438, 56\r\n  size: 16, 20\r\n  orig: 16, 20\r\n  offset: 0, 0\r\n  index: -1\r\npiano/meo_piano_nguoi1\r\n  rotate: false\r\n  xy: 303, 40\r\n  size: 10, 11\r\n  orig: 11, 11\r\n  offset: 1, 0\r\n  index: -1\r\npiano/meo_piano_nguoi2\r\n  rotate: true\r\n  xy: 438, 41\r\n  size: 13, 11\r\n  orig: 13, 11\r\n  offset: 0, 0\r\n  index: -1\r\npiano/meo_piano_tay1\r\n  rotate: false\r\n  xy: 269, 12\r\n  size: 32, 39\r\n  orig: 33, 39\r\n  offset: 1, 0\r\n  index: -1\r\npiano/meo_piano_tay2\r\n  rotate: false\r\n  xy: 234, 12\r\n  size: 33, 39\r\n  orig: 33, 39\r\n  offset: 0, 0\r\n  index: -1\r\npiano/meo_piano_than\r\n  rotate: false\r\n  xy: 369, 78\r\n  size: 108, 154\r\n  orig: 111, 154\r\n  offset: 2, 0\r\n  index: -1\r\nshadow\r\n  rotate: true\r\n  xy: 315, 27\r\n  size: 205, 52\r\n  orig: 207, 53\r\n  offset: 1, 1\r\n  index: -1\r\n",["piano.png"],{"skeleton":{"hash":"Gf4bWcyg/i8","spine":"3.8-from-4.0-from-4.1-from-4.2.38","x":-188.36,"y":-7.45,"width":378.06,"height":305.81,"images":"C:/Users/006/Desktop/222","audio":"./images/20Track 3/"},"bones":[{"name":"root"},{"name":"bone","parent":"root","icon":"arrows"},{"name":"bone2","parent":"bone","length":137.48,"rotation":90},{"name":"bone2b2","parent":"bone2","length":116.41,"rotation":0.52,"x":142.79,"y":3.1},{"name":"bone2b3","parent":"bone2","length":22.23,"rotation":-11.41,"x":111.73,"y":25.45},{"name":"bone2b4","parent":"bone2","length":23.25,"rotation":375.03,"x":111.47,"y":-23.32},{"name":"bone2b6","parent":"bone2b2","x":65.94,"y":1.06},{"name":"bone3","parent":"bone2","length":21.06,"rotation":-68.2,"x":43.64,"y":-41.55},{"name":"bone2b11","parent":"bone2b6","rotation":-90,"x":6.16,"y":39.86,"icon":"suiteHearts"},{"name":"bone2b12","parent":"bone2b6","rotation":-90,"x":1.71,"y":-61.72,"icon":"suiteHearts"},{"name":"bone2b5","parent":"bone2b2","x":21.91,"y":-0.22,"icon":"square"},{"name":"bone2b7","parent":"bone2b5","x":27.38,"y":-150.1,"icon":"square"},{"name":"bone2b8","parent":"bone2b5","x":19.08,"y":143.84,"icon":"square"}],"slots":[{"name":"Group 67","bone":"root"},{"name":"shadow","bone":"bone"},{"name":"meo_idle_duoi","bone":"bone3","attachment":"piano/meo_piano_duoi"},{"name":"meo_idle_than","bone":"bone2","attachment":"piano/meo_piano_than"},{"name":"meo_idle_dau","bone":"bone2b2","attachment":"piano/meo_piano_dau"},{"name":"meo_ech_mat","bone":"bone2b6","attachment":"piano/meo_piano_mat"},{"name":"meo_chumchoe2_nguoi1","bone":"bone2b11","attachment":"piano/meo_piano_nguoi1"},{"name":"meo_chumchoe2_nguoi2","bone":"bone2b12","attachment":"piano/meo_piano_nguoi2"},{"name":"meo_idle_tayt1","bone":"bone2b3","attachment":"piano/meo_piano_tay1"},{"name":"meo_idle_tayp1","bone":"bone2b4","attachment":"piano/meo_piano_tay2"},{"name":"meo_idle_raut2","bone":"bone2b8","attachment":"meo_idle_raut2"},{"name":"meo_idle_raup2","bone":"bone2b7","attachment":"meo_idle_raup2"},{"name":"meo_idle_bc10","bone":"bone2b6"},{"name":"demo","bone":"root","color":"ffffff9a"},{"name":"demo2","bone":"root","color":"ffffff94"},{"name":"meo_piano_mui","bone":"bone2b2","attachment":"piano/meo_piano_mui"},{"name":"demo3","bone":"root"}],"skins":[{"name":"default","attachments":{"meo_chumchoe2_nguoi1":{"piano/meo_piano_nguoi1":{"x":0.63,"y":0.41,"rotation":-0.52,"width":11,"height":11}},"meo_chumchoe2_nguoi2":{"piano/meo_piano_nguoi2":{"x":0.09,"y":0.98,"rotation":-0.52,"width":13,"height":11}},"meo_ech_mat":{"piano/meo_piano_mat":{"x":20.51,"y":-7.11,"rotation":-90.52,"width":175,"height":49}},"meo_idle_dau":{"piano/meo_piano_dau":{"type":"mesh","hull":26,"width":311,"height":179,"uvs":[0.26034,0.00001,0.33495,0.05375,0.41289,0.15952,0.54703,0.15838,0.61376,0.08292,0.70257,0.00001,0.74994,0.00001,0.77536,0.08861,0.79418,0.17713,0.80568,0.25374,0.81584,0.335,0.90834,0.33482,0.96135,0.40028,1,0.52758,0.99999,0.83196,0.92611,1,0.06171,1,0.00001,0.81064,0,0.60297,0.03013,0.53056,0.07363,0.45306,0.16113,0.37588,0.16293,0.28005,0.16541,0.20376,0.17183,0.10163,0.19619,0.00001,0.28502,0.41403,0.41655,0.47658,0.61736,0.53256,0.75945,0.38127,0.50699,0.53211,0.68937,0.4558],"triangles":[20,17,19,17,18,19,16,17,20,15,16,30,15,29,13,14,15,13,16,20,27,31,29,15,30,16,27,20,21,26,20,26,27,30,28,15,31,28,3,3,28,30,26,2,27,30,27,3,27,2,3,29,31,7,5,7,4,3,4,31,7,31,4,21,22,26,22,23,26,26,23,1,23,0,1,24,25,0,26,1,2,0,23,24,29,9,10,29,8,9,29,7,8,6,7,5,28,31,15,13,29,10,11,12,10,10,12,13],"vertices":[1,3,156.23,72.26,1,1,3,146.4,49.14,1,1,3,127.24,25.08,1,1,3,127.07,-16.64,1,1,3,140.39,-37.51,1,1,3,154.98,-65.27,1,1,3,154.84,-80,1,1,3,138.91,-87.76,1,1,3,123.01,-93.47,1,1,3,109.27,-96.92,1,1,3,94.69,-99.95,1,2,3,94.47,-128.72,0.77143,10,72.56,-128.5,0.22857,2,3,82.6,-145.1,0.5,10,60.69,-144.88,0.5,2,3,59.7,-156.91,0.23714,10,37.8,-156.69,0.76286,1,10,-16.68,-156.19,1,1,10,-46.55,-132.94,1,1,10,-44.11,135.87,1,1,10,-10.04,154.75,1,2,3,49.04,154.2,0.30286,10,27.13,154.42,0.69714,2,3,61.91,144.71,0.50571,10,40.01,144.93,0.49429,2,3,75.66,131.06,0.75714,10,53.76,131.28,0.24286,1,3,89.23,103.72,1,1,3,106.38,103.01,1,1,3,120.03,102.11,1,1,3,138.29,99.95,1,1,3,156.41,92.21,1,1,3,82.05,65.26,1,1,3,70.48,24.45,1,1,3,59.9,-37.9,1,1,3,86.57,-82.34,1,1,3,60.29,-3.58,1,1,3,73.43,-60.42,1],"edges":[0,50,0,2,2,4,10,12,20,22,22,24,24,26,26,28,28,30,32,34,34,36,36,38,38,40,40,42,4,6,6,8,8,10,48,50,46,48,42,44,44,46,12,14,14,16,16,18,18,20,30,32,42,52,52,54,58,20,54,60,60,56,56,62,62,58]}},"meo_idle_duoi":{"piano/meo_piano_duoi":{"x":31.9,"y":5.89,"rotation":-21.8,"width":67,"height":45}},"meo_idle_raup2":{"meo_idle_raup2":{"path":"meo_idle_raup","x":1.35,"y":-17.04,"rotation":-48.53,"width":40,"height":33}},"meo_idle_raut2":{"meo_idle_raut2":{"path":"meo_idle_raut","x":0.02,"y":15.35,"rotation":-129.22,"width":40,"height":33}},"meo_idle_tayp1":{"piano/meo_piano_tay2":{"x":19.53,"y":-1.22,"rotation":-102.26,"width":33,"height":39}},"meo_idle_tayt1":{"piano/meo_piano_tay1":{"x":19.81,"y":-0.1,"rotation":-79.33,"width":33,"height":39}},"meo_idle_than":{"piano/meo_piano_than":{"x":69.55,"y":0.37,"rotation":-90,"width":111,"height":154}},"meo_piano_mui":{"piano/meo_piano_mui":{"x":60.44,"y":-15.1,"rotation":-90.52,"width":16,"height":20}},"shadow":{"shadow":{"x":-5.98,"y":8.98,"width":207,"height":53}}}}],"events":{"18. PIANO":{"audio":"18. PIANO.mp3"}},"animations":{"1_play":{"bones":{"bone2b3":{"translate":[{"x":-12.37,"y":2.5},{"time":0.1,"x":28.69,"y":-5.79},{"time":0.2,"x":-21.12,"y":4.26,"curve":"stepped"},{"time":0.3,"x":-21.12,"y":4.26},{"time":0.4,"x":24.58,"y":-4.96},{"time":0.5,"x":-21.12,"y":4.26,"curve":"stepped"},{"time":0.6,"x":-21.12,"y":4.26},{"time":0.7,"x":25.18,"y":-5.08},{"time":0.8,"x":-21.12,"y":4.26,"curve":"stepped"},{"time":1.0667,"x":-21.12,"y":4.26},{"time":1.1667,"x":21.65,"y":-4.37},{"time":1.2667,"x":-21.12,"y":4.26,"curve":"stepped"},{"time":1.5667,"x":-21.12,"y":4.26},{"time":1.6667,"x":22.65,"y":-4.57},{"time":1.7667,"x":-21.12,"y":4.26,"curve":"stepped"},{"time":1.9,"x":-21.12,"y":4.26},{"time":2,"x":23.86,"y":-4.81},{"time":2.1,"x":-21.12,"y":4.26,"curve":"stepped"},{"time":2.3333,"x":-21.12,"y":4.26},{"time":2.4333,"x":24.03,"y":-4.85},{"time":2.5333,"x":-21.12,"y":4.26},{"time":2.6333,"x":22.29,"y":-4.5},{"time":2.7333,"x":-21.12,"y":4.26,"curve":"stepped"},{"time":2.9667,"x":-21.12,"y":4.26},{"time":3.0667,"x":22.62,"y":-4.57},{"time":3.1667,"x":-21.12,"y":4.26,"curve":"stepped"},{"time":3.4333,"x":-21.12,"y":4.26},{"time":3.5333,"x":22.54,"y":-4.55},{"time":3.6333,"x":-21.12,"y":4.26,"curve":"stepped"},{"time":3.7667,"x":-21.12,"y":4.26},{"time":3.8667,"x":22.87,"y":-4.62},{"time":3.9667,"x":-21.12,"y":4.26,"curve":"stepped"},{"time":4.0667,"x":-21.12,"y":4.26},{"time":4.1667,"x":23.61,"y":-4.77},{"time":4.2667,"x":-21.12,"y":4.26,"curve":"stepped"},{"time":4.3333,"x":-21.12,"y":4.26},{"time":4.4333,"x":22.71,"y":-4.58},{"time":4.5333,"x":-21.12,"y":4.26,"curve":"stepped"},{"time":4.6,"x":-21.12,"y":4.26},{"time":4.7,"x":24.36,"y":-4.92},{"time":4.8,"x":-21.12,"y":4.26},{"time":4.9,"x":23.12,"y":-4.67},{"time":5,"x":-21.12,"y":4.26},{"time":5.1,"x":24.91,"y":-5.03},{"time":5.2,"x":-21.12,"y":4.26,"curve":"stepped"},{"time":5.3333,"x":-21.12,"y":4.26},{"time":5.4333,"x":22.87,"y":-4.62},{"time":5.5333,"x":-21.12,"y":4.26,"curve":"stepped"},{"time":5.7,"x":-21.12,"y":4.26},{"time":5.8,"x":22.87,"y":-4.62},{"time":5.9,"x":-21.12,"y":4.26,"curve":"stepped"},{"time":6.1333,"x":-21.12,"y":4.26},{"time":6.2333,"x":22.87,"y":-4.62},{"time":6.3333,"x":-21.12,"y":4.26,"curve":"stepped"},{"time":6.5667,"x":-21.12,"y":4.26},{"time":6.6667,"x":22.87,"y":-4.62},{"time":6.7667,"x":-21.12,"y":4.26,"curve":"stepped"},{"time":6.9,"x":-21.12,"y":4.26},{"time":7,"x":22.87,"y":-4.62},{"time":7.1,"x":-21.12,"y":4.26,"curve":"stepped"},{"time":7.3667,"x":-21.12,"y":4.26},{"time":7.4667,"x":22.87,"y":-4.62},{"time":7.5667,"x":-21.12,"y":4.26,"curve":"stepped"},{"time":7.8667,"x":-21.12,"y":4.26},{"time":7.9667,"x":22.87,"y":-4.62},{"time":8.0667,"x":-21.12,"y":4.26,"curve":"stepped"},{"time":8.1667,"x":-21.12,"y":4.26},{"time":8.2667,"x":22.87,"y":-4.62},{"time":8.3667,"x":-21.12,"y":4.26,"curve":"stepped"},{"time":8.6,"x":-21.12,"y":4.26},{"time":8.7,"x":22.87,"y":-4.62},{"time":8.8,"x":-21.12,"y":4.26,"curve":"stepped"},{"time":8.9333,"x":-21.12,"y":4.26},{"time":9.0333,"x":22.87,"y":-4.62},{"time":9.1333,"x":-21.12,"y":4.26,"curve":"stepped"},{"time":9.2333,"x":-21.12,"y":4.26},{"time":9.3333,"x":22.87,"y":-4.62},{"time":9.4333,"x":-21.12,"y":4.26,"curve":"stepped"},{"time":9.5,"x":-21.12,"y":4.26},{"time":9.6,"x":22.87,"y":-4.62},{"time":9.7,"x":-21.12,"y":4.26,"curve":"stepped"},{"time":9.7667,"x":-21.12,"y":4.26},{"time":9.8667,"x":22.87,"y":-4.62},{"time":9.9667,"x":-21.12,"y":4.26}]},"bone2b4":{"translate":[{"x":-15.07,"y":-4.05},{"time":0.1,"x":28.27,"y":7.59},{"time":0.2,"x":-16.19,"y":-4.35,"curve":"stepped"},{"time":0.4333,"x":-16.19,"y":-4.35},{"time":0.5333,"x":25.23,"y":6.77},{"time":0.6333,"x":-20.68,"y":-5.55,"curve":"stepped"},{"time":0.9,"x":-20.68,"y":-5.55},{"time":1,"x":24.76,"y":6.65},{"time":1.1,"x":-20.68,"y":-5.55,"curve":"stepped"},{"time":1.2333,"x":-20.68,"y":-5.55},{"time":1.3333,"x":24.53,"y":6.58},{"time":1.4333,"x":-20.68,"y":-5.55,"curve":"stepped"},{"time":1.7,"x":-20.68,"y":-5.55},{"time":1.8,"x":24.29,"y":6.52},{"time":1.9,"x":-20.68,"y":-5.55,"curve":"stepped"},{"time":2.2,"x":-20.68,"y":-5.55},{"time":2.3,"x":25.8,"y":6.93},{"time":2.4,"x":-20.68,"y":-5.55,"curve":"stepped"},{"time":2.8333,"x":-20.68,"y":-5.55},{"time":2.9333,"x":25.07,"y":6.73},{"time":3.0333,"x":-20.68,"y":-5.55,"curve":"stepped"},{"time":3.1333,"x":-20.68,"y":-5.55},{"time":3.2333,"x":24.89,"y":6.68},{"time":3.3333,"x":-20.68,"y":-5.55,"curve":"stepped"},{"time":3.5667,"x":-20.68,"y":-5.55},{"time":3.6667,"x":25.8,"y":6.93},{"time":3.7667,"x":-20.68,"y":-5.55,"curve":"stepped"},{"time":4.1667,"x":-20.68,"y":-5.55},{"time":4.2667,"x":25.47,"y":6.84},{"time":4.3667,"x":-20.68,"y":-5.55,"curve":"stepped"},{"time":4.5,"x":-20.68,"y":-5.55},{"time":4.6,"x":25.18,"y":6.76},{"time":4.7,"x":-20.68,"y":-5.55},{"time":4.8,"x":24.7,"y":6.63},{"time":4.9,"x":-20.68,"y":-5.55,"curve":"stepped"},{"time":5,"x":-20.68,"y":-5.55},{"time":5.1,"x":25.59,"y":6.87},{"time":5.2,"x":-20.68,"y":-5.55,"curve":"stepped"},{"time":5.5333,"x":-20.68,"y":-5.55},{"time":5.6333,"x":25.08,"y":6.73},{"time":5.7333,"x":-20.68,"y":-5.55,"curve":"stepped"},{"time":6,"x":-20.68,"y":-5.55},{"time":6.1,"x":25.08,"y":6.73},{"time":6.2,"x":-20.68,"y":-5.55,"curve":"stepped"},{"time":6.2667,"x":-20.68,"y":-5.55},{"time":6.3667,"x":25.08,"y":6.73},{"time":6.4667,"x":-20.68,"y":-5.55,"curve":"stepped"},{"time":6.7333,"x":-20.68,"y":-5.55},{"time":6.8333,"x":25.08,"y":6.73},{"time":6.9333,"x":-20.68,"y":-5.55,"curve":"stepped"},{"time":7.2333,"x":-20.68,"y":-5.55},{"time":7.3333,"x":25.08,"y":6.73},{"time":7.4333,"x":-20.68,"y":-5.55,"curve":"stepped"},{"time":7.5333,"x":-20.68,"y":-5.55},{"time":7.6333,"x":25.08,"y":6.73},{"time":7.7333,"x":-20.68,"y":-5.55,"curve":"stepped"},{"time":8,"x":-20.68,"y":-5.55},{"time":8.1,"x":25.08,"y":6.73},{"time":8.2,"x":-20.68,"y":-5.55,"curve":"stepped"},{"time":8.4667,"x":-20.68,"y":-5.55},{"time":8.5667,"x":25.08,"y":6.73},{"time":8.6667,"x":-20.68,"y":-5.55,"curve":"stepped"},{"time":8.7667,"x":-20.68,"y":-5.55},{"time":8.8667,"x":25.08,"y":6.73},{"time":8.9667,"x":-20.68,"y":-5.55,"curve":"stepped"},{"time":9.0667,"x":-20.68,"y":-5.55},{"time":9.1667,"x":25.08,"y":6.73},{"time":9.2667,"x":-20.68,"y":-5.55,"curve":"stepped"},{"time":9.3667,"x":-20.68,"y":-5.55},{"time":9.4667,"x":25.08,"y":6.73},{"time":9.5667,"x":-20.68,"y":-5.55,"curve":"stepped"},{"time":9.6333,"x":-20.68,"y":-5.55},{"time":9.7333,"x":25.08,"y":6.73},{"time":9.8333,"x":-20.68,"y":-5.55,"curve":"stepped"},{"time":9.9,"x":-20.68,"y":-5.55},{"time":10,"x":25.08,"y":6.73},{"time":10.1,"x":-20.68,"y":-5.55}]},"bone2b2":{"translate":[{},{"time":0.1,"x":-7.53,"y":-0.07},{"time":0.2,"curve":"stepped"},{"time":0.3333},{"time":0.4,"x":-7.53,"y":-0.07},{"time":0.5},{"time":0.5667,"x":-7.53,"y":-0.07},{"time":0.6667},{"time":0.7333,"x":-7.53,"y":-0.07},{"time":0.8333,"curve":"stepped"},{"time":0.9333},{"time":1,"x":-7.53,"y":-0.07},{"time":1.1},{"time":1.1667,"x":-7.53,"y":-0.07},{"time":1.2667},{"time":1.3333,"x":-7.53,"y":-0.07},{"time":1.4333,"curve":"stepped"},{"time":1.5667},{"time":1.6333,"x":-7.53,"y":-0.07},{"time":1.7333},{"time":1.8,"x":-7.53,"y":-0.07},{"time":1.9},{"time":1.9667,"x":-7.53,"y":-0.07},{"time":2.0667,"curve":"stepped"},{"time":2.2667},{"time":2.3333,"x":-7.53,"y":-0.07},{"time":2.4333},{"time":2.5,"x":-7.53,"y":-0.07},{"time":2.6},{"time":2.6667,"x":-7.53,"y":-0.07},{"time":2.7667,"curve":"stepped"},{"time":2.9},{"time":2.9667,"x":-7.53,"y":-0.07},{"time":3.0667},{"time":3.1333,"x":-7.53,"y":-0.07},{"time":3.2333},{"time":3.3,"x":-7.53,"y":-0.07},{"time":3.4,"curve":"stepped"},{"time":3.5},{"time":3.5667,"x":-7.53,"y":-0.07},{"time":3.6667},{"time":3.7333,"x":-7.53,"y":-0.07},{"time":3.8333},{"time":3.9,"x":-7.53,"y":-0.07},{"time":4,"curve":"stepped"},{"time":4.1},{"time":4.1667,"x":-7.53,"y":-0.07},{"time":4.2667},{"time":4.3333,"x":-7.53,"y":-0.07},{"time":4.4333},{"time":4.5,"x":-7.53,"y":-0.07},{"time":4.6},{"time":4.6667,"x":-7.53,"y":-0.07},{"time":4.7667},{"time":4.8333,"x":-7.53,"y":-0.07},{"time":4.9333},{"time":5,"x":-7.53,"y":-0.07},{"time":5.1,"curve":"stepped"},{"time":5.3333},{"time":5.4,"x":-7.53,"y":-0.07},{"time":5.5,"curve":"stepped"},{"time":5.5667},{"time":5.6333,"x":-7.53,"y":-0.07},{"time":5.7333},{"time":5.8,"x":-7.53,"y":-0.07},{"time":5.9,"curve":"stepped"},{"time":6.0333},{"time":6.1,"x":-7.53,"y":-0.07},{"time":6.2},{"time":6.2667,"x":-7.53,"y":-0.07},{"time":6.3667},{"time":6.4333,"x":-7.53,"y":-0.07},{"time":6.5,"curve":"stepped"},{"time":6.6333},{"time":6.7,"x":-7.53,"y":-0.07},{"time":6.8},{"time":6.8667,"x":-7.53,"y":-0.07},{"time":6.9667},{"time":7.0333,"x":-7.53,"y":-0.07},{"time":7.1333,"curve":"stepped"},{"time":7.3},{"time":7.3667,"x":-7.53,"y":-0.07},{"time":7.4667},{"time":7.5333,"x":-7.53,"y":-0.07},{"time":7.6333},{"time":7.7,"x":-7.53,"y":-0.07},{"time":7.8,"curve":"stepped"},{"time":7.9333},{"time":8,"x":-7.53,"y":-0.07},{"time":8.1},{"time":8.1667,"x":-7.53,"y":-0.07},{"time":8.2667},{"time":8.3333,"x":-7.53,"y":-0.07},{"time":8.4333,"curve":"stepped"},{"time":8.5},{"time":8.5667,"x":-7.53,"y":-0.07},{"time":8.6667},{"time":8.7333,"x":-7.53,"y":-0.07},{"time":8.8333},{"time":8.9,"x":-7.53,"y":-0.07},{"time":9},{"time":9.0667,"x":-7.53,"y":-0.07},{"time":9.1667},{"time":9.2333,"x":-7.53,"y":-0.07},{"time":9.3333},{"time":9.4,"x":-7.53,"y":-0.07},{"time":9.5},{"time":9.5667,"x":-7.53,"y":-0.07},{"time":9.6667},{"time":9.7333,"x":-7.53,"y":-0.07},{"time":9.8333},{"time":9.9,"x":-7.53,"y":-0.07},{"time":10},{"time":10.1,"x":-7.53,"y":-0.07}]},"bone2b5":{"scale":[{},{"time":0.1,"y":0.947},{"time":0.1667,"curve":"stepped"},{"time":0.3333},{"time":0.4333,"y":0.947},{"time":0.5},{"time":0.6,"y":0.947},{"time":0.6667},{"time":0.7667,"y":0.947},{"time":0.8333},{"time":0.9333,"y":0.947},{"time":1,"curve":"stepped"},{"time":1.3333},{"time":1.4333,"y":0.947},{"time":1.5},{"time":1.6,"y":0.947},{"time":1.6667},{"time":1.7667,"y":0.947},{"time":1.8333},{"time":1.9333,"y":0.947},{"time":2,"curve":"stepped"},{"time":2.3333},{"time":2.4333,"y":0.947},{"time":2.5},{"time":2.6,"y":0.947},{"time":2.6667,"curve":"stepped"},{"time":3},{"time":3.1,"y":0.947},{"time":3.1667},{"time":3.2667,"y":0.947},{"time":3.3333,"curve":"stepped"},{"time":3.5},{"time":3.6,"y":0.947},{"time":3.6667},{"time":3.7667,"y":0.947},{"time":3.8333},{"time":3.9333,"y":0.947},{"time":4,"curve":"stepped"},{"time":4.1667},{"time":4.2667,"y":0.947},{"time":4.3333},{"time":4.4333,"y":0.947},{"time":4.5},{"time":4.6,"y":0.947},{"time":4.6667},{"time":4.7667,"y":0.947},{"time":4.8333},{"time":4.9333,"y":0.947},{"time":5},{"time":5.1,"y":0.947},{"time":5.1667},{"time":5.2667,"y":0.947},{"time":5.3333},{"time":5.4333,"y":0.947},{"time":5.5},{"time":5.6,"y":0.947},{"time":5.6667},{"time":5.7667,"y":0.947},{"time":5.8333},{"time":5.9333,"y":0.947},{"time":6,"curve":"stepped"},{"time":6.1667},{"time":6.2667,"y":0.947},{"time":6.3333},{"time":6.4333,"y":0.947},{"time":6.5},{"time":6.6,"y":0.947},{"time":6.6667},{"time":6.7667,"y":0.947},{"time":6.8333},{"time":6.9333,"y":0.947},{"time":7},{"time":7.1,"y":0.947},{"time":7.1667,"curve":"stepped"},{"time":7.3333},{"time":7.4333,"y":0.947},{"time":7.5},{"time":7.6,"y":0.947},{"time":7.6667},{"time":7.7667,"y":0.947},{"time":7.8333,"curve":"stepped"},{"time":8},{"time":8.1,"y":0.947},{"time":8.1667},{"time":8.2667,"y":0.947},{"time":8.3333},{"time":8.4333,"y":0.947},{"time":8.5},{"time":8.6,"y":0.947},{"time":8.6667},{"time":8.7667,"y":0.947},{"time":8.8333},{"time":8.9333,"y":0.947},{"time":9},{"time":9.1,"y":0.947},{"time":9.1667},{"time":9.2667,"y":0.947},{"time":9.3333},{"time":9.4333,"y":0.947},{"time":9.5},{"time":9.6,"y":0.947},{"time":9.6667},{"time":9.7667,"y":0.947},{"time":9.8333},{"time":9.9333,"y":0.947},{"time":10},{"time":10.1,"y":0.947}]},"bone2b11":{"translate":[{},{"time":0.1667,"x":2.97,"y":10.34,"curve":"stepped"},{"time":0.3333,"x":2.97,"y":10.34},{"time":0.8333,"x":3.34,"y":-12.7,"curve":"stepped"},{"time":1,"x":3.34,"y":-12.7},{"time":1.3333,"x":3.02,"y":14.95,"curve":"stepped"},{"time":1.5,"x":3.02,"y":14.95},{"time":2,"x":2.24,"y":-7.51,"curve":"stepped"},{"time":2.1667,"x":2.24,"y":-7.51},{"time":2.5,"x":3,"y":12.65,"curve":"stepped"},{"time":2.8333,"x":3,"y":12.65},{"time":3.1667,"x":3.41,"y":-5.22,"curve":"stepped"},{"time":4,"x":3.41,"y":-5.22},{"time":4.3333,"x":28.23,"y":0.9,"curve":"stepped"},{"time":5.1667,"x":28.23,"y":0.9},{"time":5.3333,"x":5.77,"y":0.52,"curve":"stepped"},{"time":6,"x":5.77,"y":0.52},{"time":6.1667,"x":4.77,"y":17.24,"curve":"stepped"},{"time":7,"x":4.77,"y":17.24},{"time":7.3333,"x":4.54,"y":-7.53,"curve":"stepped"},{"time":8.3333,"x":4.54,"y":-7.53},{"time":8.6667,"x":4.66,"y":5.72},{"time":9}]},"bone2b12":{"translate":[{},{"time":0.1667,"x":2.97,"y":10.34,"curve":"stepped"},{"time":0.3333,"x":2.97,"y":10.34},{"time":0.8333,"x":3.34,"y":-12.7,"curve":"stepped"},{"time":1,"x":3.34,"y":-12.7},{"time":1.3333,"x":3.02,"y":14.95,"curve":"stepped"},{"time":1.5,"x":3.02,"y":14.95},{"time":2,"x":2.24,"y":-7.51,"curve":"stepped"},{"time":2.1667,"x":2.24,"y":-7.51},{"time":2.5,"x":3,"y":12.65,"curve":"stepped"},{"time":2.8333,"x":3,"y":12.65},{"time":3.1667,"x":3.41,"y":-5.22,"curve":"stepped"},{"time":4,"x":3.41,"y":-5.22},{"time":4.3333,"x":28.23,"y":0.9,"curve":"stepped"},{"time":5.1667,"x":28.23,"y":0.9},{"time":5.3333,"x":5.77,"y":0.52,"curve":"stepped"},{"time":6,"x":5.77,"y":0.52},{"time":6.1667,"x":4.77,"y":17.24,"curve":"stepped"},{"time":7,"x":4.77,"y":17.24},{"time":7.3333,"x":4.54,"y":-7.53,"curve":"stepped"},{"time":8.3333,"x":4.54,"y":-7.53},{"time":8.6667,"x":4.66,"y":5.72},{"time":9}]}},"events":[{"name":"18. PIANO"}]},"2_idle":{"bones":{"bone2b8":{"translate":[{}]}}}}},[0]]],0,0,[0],[-1],[0]]
