[1,["3bKlp76BREaKoLOJsZqSTr@6c48a"],0,[["sp.SkeletonData",["_name","_atlasText","textureNames","_skeletonJson","textures"],-1,3]],[[0,0,1,2,3,4,5]],[[0,"chumchoe2","\r\nchumchoe2.png\r\nsize: 708, 269\r\nformat: RGBA8888\r\nfilter: Linear, Linear\r\nrepeat: none\r\nchumchoe2/meo_chumchoe2_dau\r\n  rotate: true\r\n  xy: 2, 2\r\n  size: 265, 179\r\n  orig: 265, 179\r\n  offset: 0, 0\r\n  index: -1\r\nchumchoe2/meo_chumchoe2_dia1\r\n  rotate: true\r\n  xy: 296, 134\r\n  size: 133, 127\r\n  orig: 133, 127\r\n  offset: 0, 0\r\n  index: -1\r\nchumchoe2/meo_chumchoe2_dia1_1\r\n  rotate: true\r\n  xy: 425, 134\r\n  size: 133, 127\r\n  orig: 133, 127\r\n  offset: 0, 0\r\n  index: -1\r\nchumchoe2/meo_chumchoe2_dia2\r\n  rotate: false\r\n  xy: 554, 147\r\n  size: 140, 120\r\n  orig: 140, 120\r\n  offset: 0, 0\r\n  index: -1\r\nchumchoe2/meo_chumchoe2_dia2_1\r\n  rotate: true\r\n  xy: 586, 5\r\n  size: 140, 120\r\n  orig: 140, 120\r\n  offset: 0, 0\r\n  index: -1\r\nchumchoe2/meo_chumchoe2_duoi\r\n  rotate: false\r\n  xy: 314, 13\r\n  size: 67, 45\r\n  orig: 67, 45\r\n  offset: 0, 0\r\n  index: -1\r\nchumchoe2/meo_chumchoe2_longtrang\r\n  rotate: true\r\n  xy: 390, 80\r\n  size: 52, 46\r\n  orig: 52, 46\r\n  offset: 0, 0\r\n  index: -1\r\nchumchoe2/meo_chumchoe2_longtrang1\r\n  rotate: true\r\n  xy: 383, 6\r\n  size: 52, 47\r\n  orig: 52, 47\r\n  offset: 0, 0\r\n  index: -1\r\nchumchoe2/meo_chumchoe2_miduoip\r\n  rotate: true\r\n  xy: 515, 30\r\n  size: 52, 27\r\n  orig: 52, 27\r\n  offset: 0, 0\r\n  index: -1\r\nchumchoe2/meo_chumchoe2_miduoit\r\n  rotate: true\r\n  xy: 438, 80\r\n  size: 52, 38\r\n  orig: 52, 38\r\n  offset: 0, 0\r\n  index: -1\r\nchumchoe2/meo_chumchoe2_mieng\r\n  rotate: true\r\n  xy: 432, 29\r\n  size: 49, 42\r\n  orig: 49, 42\r\n  offset: 0, 0\r\n  index: -1\r\nchumchoe2/meo_chumchoe2_mitrenp\r\n  rotate: true\r\n  xy: 476, 26\r\n  size: 52, 37\r\n  orig: 52, 37\r\n  offset: 0, 0\r\n  index: -1\r\nchumchoe2/meo_chumchoe2_mitrent\r\n  rotate: true\r\n  xy: 478, 84\r\n  size: 48, 38\r\n  orig: 48, 38\r\n  offset: 0, 0\r\n  index: -1\r\nchumchoe2/meo_chumchoe2_nguoi1\r\n  rotate: false\r\n  xy: 328, 4\r\n  size: 10, 7\r\n  orig: 10, 7\r\n  offset: 0, 0\r\n  index: -1\r\nchumchoe2/meo_chumchoe2_nguoi2\r\n  rotate: false\r\n  xy: 314, 2\r\n  size: 12, 9\r\n  orig: 12, 9\r\n  offset: 0, 0\r\n  index: -1\r\nchumchoe2/meo_chumchoe2_que1\r\n  rotate: true\r\n  xy: 183, 2\r\n  size: 56, 64\r\n  orig: 56, 64\r\n  offset: 0, 0\r\n  index: -1\r\nchumchoe2/meo_chumchoe2_que2\r\n  rotate: true\r\n  xy: 249, 2\r\n  size: 56, 63\r\n  orig: 56, 63\r\n  offset: 0, 0\r\n  index: -1\r\nchumchoe2/meo_chumchoe2_tay1\r\n  rotate: false\r\n  xy: 518, 93\r\n  size: 33, 39\r\n  orig: 33, 39\r\n  offset: 0, 0\r\n  index: -1\r\nchumchoe2/meo_chumchoe2_tay2\r\n  rotate: false\r\n  xy: 544, 52\r\n  size: 33, 39\r\n  orig: 33, 39\r\n  offset: 0, 0\r\n  index: -1\r\nchumchoe2/meo_chumchoe2_than\r\n  rotate: false\r\n  xy: 183, 113\r\n  size: 111, 154\r\n  orig: 111, 154\r\n  offset: 0, 0\r\n  index: -1\r\nmeo_idle_raup\r\n  rotate: true\r\n  xy: 553, 94\r\n  size: 38, 31\r\n  orig: 40, 33\r\n  offset: 1, 1\r\n  index: -1\r\nmeo_idle_raut\r\n  rotate: true\r\n  xy: 544, 12\r\n  size: 38, 31\r\n  orig: 40, 33\r\n  offset: 1, 1\r\n  index: -1\r\nshadow\r\n  rotate: false\r\n  xy: 183, 60\r\n  size: 205, 51\r\n  orig: 207, 53\r\n  offset: 1, 1\r\n  index: -1\r\n",["chumchoe2.png"],{"skeleton":{"hash":"i/xHisLK9Js","spine":"3.8-from-4.0-from-4.1-from-4.2.38","x":-143.12,"y":-7.45,"width":274.1,"height":318.88,"images":"C:/Users/006/Desktop/222","audio":"./images/20Track 3/"},"bones":[{"name":"root"},{"name":"bone","parent":"root","icon":"arrows"},{"name":"bone2","parent":"bone","length":137.48,"rotation":90},{"name":"bone2b2","parent":"bone2","length":116.41,"rotation":0.52,"x":142.79,"y":3.1},{"name":"bone2b3","parent":"bone2","length":22.23,"rotation":-173.69,"x":108.44,"y":26.91},{"name":"bone2b4","parent":"bone2","length":23.25,"rotation":175.51,"x":110.6,"y":-25.5},{"name":"bone2b6","parent":"bone2b2","x":65.94,"y":1.06},{"name":"bone2b5","parent":"bone2b6","x":-17.26,"y":3.79},{"name":"bone3","parent":"bone2","length":21.06,"rotation":-68.2,"x":43.64,"y":-41.55},{"name":"bone2b13","parent":"bone2b2","x":119.61,"y":-0.72},{"name":"bone2b9","parent":"bone2b13","length":53.14,"rotation":40.3,"x":-12.16,"y":73.2},{"name":"bone2b10","parent":"bone2b13","length":51.26,"rotation":-39.96,"x":-9.29,"y":-72.23},{"name":"bone2b11","parent":"bone2b6","rotation":-90,"x":1.29,"y":38.11,"icon":"suiteHearts"},{"name":"bone2b12","parent":"bone2b6","rotation":-90,"x":0.08,"y":-25.35,"icon":"suiteHearts"},{"name":"bone2b14","parent":"bone2b13","rotation":42.15,"x":-14.29,"y":72.07},{"name":"bone2b15","parent":"bone2b13","rotation":-45.41,"x":-12.79,"y":-68.3},{"name":"bone2b7","parent":"bone2b6","rotation":-32.32,"x":-15.31,"y":49.82},{"name":"bone2b8","parent":"bone2b6","rotation":18.29,"x":-14.34,"y":-32.85},{"name":"bone2b16","parent":"bone2b6","rotation":-32.21,"x":14.24,"y":30.33},{"name":"bone2b17","parent":"bone2b6","rotation":22.64,"x":21.52,"y":-16.73},{"name":"bone2b18","parent":"bone2b7","x":15.57,"y":1.2},{"name":"bone2b19","parent":"bone2b16","x":-9.39,"y":-0.67},{"name":"bone2b20","parent":"bone2b17","x":-15.1,"y":0.32},{"name":"bone2b21","parent":"bone2b8","x":14.46,"y":1.43},{"name":"bone2b22","parent":"bone2b5","x":-24.5,"y":-2.94}],"slots":[{"name":"Group 67","bone":"root"},{"name":"shadow","bone":"bone"},{"name":"meo_idle_duoi","bone":"bone3","attachment":"chumchoe2/meo_chumchoe2_duoi"},{"name":"meo_idle_than","bone":"bone2","attachment":"chumchoe2/meo_chumchoe2_than"},{"name":"meo_idle_dau","bone":"bone2b2","attachment":"chumchoe2/meo_chumchoe2_dau"},{"name":"meo_chumchoe2_longtrang2","bone":"bone2b2","attachment":"chumchoe2/meo_chumchoe2_longtrang"},{"name":"meo_chumchoe2_longtrang3","bone":"bone2b2","attachment":"chumchoe2/meo_chumchoe2_longtrang1"},{"name":"meo_chumchoe2_nguoi1","bone":"bone2b11","attachment":"chumchoe2/meo_chumchoe2_nguoi1"},{"name":"meo_chumchoe2_nguoi2","bone":"bone2b12","attachment":"chumchoe2/meo_chumchoe2_nguoi2"},{"name":"meo_idle_mieng","bone":"bone2b5","attachment":"chumchoe2/meo_chumchoe2_mieng"},{"name":"meo_idle_tayt1","bone":"bone2b3","attachment":"chumchoe2/meo_chumchoe2_tay1"},{"name":"meo_idle_tayp1","bone":"bone2b4","attachment":"chumchoe2/meo_chumchoe2_tay2"},{"name":"meo_idle_raut2","bone":"bone2b2","attachment":"meo_idle_raut2"},{"name":"meo_idle_raup2","bone":"bone2b2","attachment":"meo_idle_raup2"},{"name":"meo_trongnho_tainghe","bone":"bone2b2"},{"name":"meo_chumchoe2_dia1","bone":"bone2b15","attachment":"chumchoe2/meo_chumchoe2_dia1"},{"name":"meo_chumchoe2_dia2","bone":"bone2b14","attachment":"chumchoe2/meo_chumchoe2_dia2"},{"name":"meo_chumchoe2_miduoip","bone":"bone2b8","attachment":"chumchoe2/meo_chumchoe2_miduoip"},{"name":"meo_chumchoe2_miduoit","bone":"bone2b7","attachment":"chumchoe2/meo_chumchoe2_miduoit"},{"name":"meo_chumchoe2_mitrenp","bone":"bone2b17","attachment":"chumchoe2/meo_chumchoe2_mitrenp"},{"name":"meo_chumchoe2_mitrent","bone":"bone2b16","attachment":"chumchoe2/meo_chumchoe2_mitrent"},{"name":"meo_chumchoe2_que1","bone":"bone2b10","attachment":"chumchoe2/meo_chumchoe2_que1"},{"name":"meo_chumchoe2_que2","bone":"bone2b9","attachment":"chumchoe2/meo_chumchoe2_que2"},{"name":"demo","bone":"root","color":"ffffff8f"},{"name":"meo_chumchoe2_dia2_1","bone":"bone2b14","attachment":"chumchoe2/meo_chumchoe2_dia2_1"},{"name":"meo_chumchoe2_dia1_1","bone":"bone2b15","attachment":"chumchoe2/meo_chumchoe2_dia1_1"}],"skins":[{"name":"default","attachments":{"meo_chumchoe2_dia1":{"chumchoe2/meo_chumchoe2_dia1":{"x":-2.7,"y":-0.55,"rotation":-45.11,"width":133,"height":127}},"meo_chumchoe2_dia1_1":{"chumchoe2/meo_chumchoe2_dia1_1":{"x":-2.74,"y":-0.54,"rotation":-45.11,"width":133,"height":127}},"meo_chumchoe2_dia2":{"chumchoe2/meo_chumchoe2_dia2":{"x":-1.65,"y":-1.59,"rotation":-132.67,"width":140,"height":120}},"meo_chumchoe2_dia2_1":{"chumchoe2/meo_chumchoe2_dia2_1":{"x":-1.6,"y":-1.64,"rotation":-132.67,"width":140,"height":120}},"meo_chumchoe2_longtrang2":{"chumchoe2/meo_chumchoe2_longtrang":{"x":67.27,"y":-26.47,"rotation":-90.52,"width":52,"height":46}},"meo_chumchoe2_longtrang3":{"chumchoe2/meo_chumchoe2_longtrang1":{"x":59.82,"y":45,"rotation":-90.52,"width":52,"height":47}},"meo_chumchoe2_miduoip":{"chumchoe2/meo_chumchoe2_miduoip":{"type":"mesh","hull":13,"width":52,"height":27,"uvs":[1,0.5811,0.68344,0.58194,0.43563,0.7346,0.24448,1,0.15985,1,0.1249,0.92602,0,0.66168,0,0.5,0.27962,0.13191,0.58235,0,0.93693,0,0.96325,0.16166,0.99999,0.38737,0.32917,0.28635,0.60161,0.14104,0.65356,0.37042,0.39372,0.57023],"triangles":[16,5,13,16,14,15,16,13,14,7,8,13,13,9,14,13,8,9,14,9,10,15,14,11,14,10,11,13,6,7,2,3,16,5,16,3,3,4,5,1,2,15,2,16,15,1,12,0,1,15,12,15,11,12,6,13,5],"vertices":[1,17,-7.03,-23.57,1,1,17,-1.74,-7.98,1,1,17,-1.48,5.55,1,1,17,-5.06,17.27,1,1,17,-3.64,21.43,1,2,17,-1.17,22.51,0.78134,23,-14.03,21.08,0.21866,1,17,7.68,26.36,1,1,17,11.82,24.95,1,1,23,3.67,6.55,1,1,23,1.96,-9.5,1,1,17,8.88,-25.52,1,1,17,4.31,-25.41,1,2,17,-2.07,-25.25,0.98612,23,-14.94,-26.68,0.01388,1,23,-1.11,5.46,1,1,23,-1.97,-9.22,1,2,17,4.17,-8.35,0.54314,23,-8.7,-9.78,0.45686,2,17,3.42,6.18,0.63796,23,-9.45,4.75,0.36204],"edges":[14,16,16,18,18,20,0,24,2,0,12,14,6,8,12,26,26,28,20,22,22,24,28,22,8,10,10,12,30,24,10,32,32,30,2,4,4,6]}},"meo_chumchoe2_miduoit":{"chumchoe2/meo_chumchoe2_miduoit":{"type":"mesh","hull":15,"width":52,"height":38,"uvs":[0.76856,0.25948,0.99448,0.5976,0.99212,0.72655,0.91551,0.81453,0.83101,0.90359,0.84568,1,0.75172,1,0.59468,0.74965,0.34127,0.53475,0,0.4273,0,0.2836,0.04691,0.28805,0.09275,0.10997,0.12106,0,0.49433,0.04205,0.42153,0.14449,0.7588,0.39192,0.37824,0.40627,0.65898,0.64638],"triangles":[16,1,3,3,18,16,2,3,1,11,12,17,9,10,11,8,11,17,9,11,8,18,17,16,8,17,18,7,8,18,4,18,3,7,18,4,6,7,4,6,4,5,17,12,15,15,13,14,12,13,15,0,15,14,16,15,0,16,0,1,17,15,16],"vertices":[1,20,3.36,-9.16,1,2,20,-1.37,-25.92,0.36286,16,14.2,-24.72,0.63714,2,20,-5.6,-28.39,0.32571,16,9.97,-27.2,0.67429,2,20,-10.54,-26.77,0.03714,16,5.03,-25.57,0.96286,1,16,-0.16,-23.62,1,1,16,-2.87,-26.2,1,1,16,-5.45,-22.05,1,1,16,-1.67,-10.09,1,1,16,-1.67,5.41,1,1,16,-7.55,22.64,1,1,16,-2.91,25.52,1,1,16,-1.77,23.36,1,2,20,-10.33,23.7,0.43143,16,5.24,24.9,0.56857,2,20,-6.01,24.65,0.54857,16,9.57,25.85,0.45143,1,20,2.86,7.31,1,1,20,-2.44,8.48,1,1,20,-1.19,-11.38,1,1,16,3.49,6.35,1,1,16,3.43,-10.87,1],"edges":[20,22,10,8,26,28,28,0,4,2,0,2,18,20,18,16,16,14,10,12,14,12,22,24,24,26,24,30,30,32,4,6,6,8,32,6,22,34,34,36,36,8]}},"meo_chumchoe2_mitrenp":{"chumchoe2/meo_chumchoe2_mitrenp":{"type":"mesh","hull":17,"width":52,"height":37,"uvs":[0.90653,0.18475,0.96374,0.31712,1,0.48422,1,0.71728,0.89764,0.54867,0.75423,0.50861,0.5621,0.50364,0.3689,0.62536,0.24365,0.77143,0.13172,0.99999,0.0533,0.99999,0,0.82761,0,0.61501,0,0.4024,0.1364,0.14256,0.3423,0,0.7522,0,0.20075,0.23685,0.4164,0.09677,0.69652,0.10087,0.84142,0.26136,0.24196,0.59377,0.47581,0.42032,0.70965,0.38837],"triangles":[6,22,23,6,23,5,21,17,22,7,21,22,7,22,6,8,21,7,8,11,21,2,4,23,20,1,2,20,0,1,20,19,16,22,18,19,17,18,22,18,15,16,17,14,15,17,15,18,13,14,17,12,13,17,19,18,16,21,12,17,0,20,16,23,19,20,11,12,21,9,10,11,8,9,11,23,20,2,4,2,3,4,5,23,22,19,23],"vertices":[1,19,-16.23,-27.94,1,1,19,-21.91,-28.75,1,2,19,-28.33,-28.05,0.93368,22,-13.24,-28.38,0.06632,1,19,-36.26,-24.66,1,1,19,-28.43,-22.22,1,2,19,-24.14,-15.95,0.36857,22,-9.04,-16.27,0.63143,2,19,-20.04,-6.84,0.15518,22,-4.94,-7.16,0.84482,2,19,-20.23,4.17,0.00326,22,-5.13,3.85,0.99674,2,19,-22.64,12.29,0.02288,22,-7.54,11.96,0.97712,1,19,-28.12,20.96,1,1,19,-26.52,24.71,1,1,19,-19.56,24.75,1,1,19,-12.33,21.66,1,1,19,-5.1,18.57,1,1,19,0.95,8.26,1,1,19,1.59,-3.66,1,1,19,-6.79,-23.25,1,1,19,-3.57,6.56,1,1,19,-3.22,-5.79,1,2,19,-9.09,-19.12,0.99969,22,6.01,-19.44,0.00031,2,19,-17.51,-23.71,0.71429,22,-2.41,-24.04,0.28571,2,19,-16.56,9.78,0.07599,22,-1.46,9.46,0.92401,2,19,-15.44,-3.92,0.21451,22,-0.34,-4.24,0.78549,2,19,-19.13,-15.57,0.4133,22,-4.04,-15.89,0.5867],"edges":[26,28,28,30,30,32,32,0,0,2,20,22,18,20,18,16,16,14,14,12,12,10,6,8,8,10,22,24,24,26,24,34,34,36,36,38,38,40,40,2,22,42,42,44,44,46,2,4,4,6,46,4]}},"meo_chumchoe2_mitrent":{"chumchoe2/meo_chumchoe2_mitrent":{"type":"mesh","hull":15,"width":48,"height":38,"uvs":[0.8772,0.15145,1,0.38751,1,0.60461,1,1,0.8439,1,0.84204,0.67958,0.62815,0.41187,0.41614,0.30521,0.28165,0.3092,0.14716,0.31319,0,0.39849,0.00001,0.2443,0.16303,0.05618,0.22705,0,0.68247,0,0.63665,0.09902,0.80311,0.23866,0.45876,0.21459,0.13232,0.20367,0.68294,0.33322,0.8968,0.61284,0.29554,0.20913],"triangles":[8,18,21,3,5,20,5,6,20,6,19,20,19,16,20,7,17,6,6,17,19,17,15,19,8,21,7,7,21,17,17,21,12,20,2,3,3,4,5,20,16,2,16,1,2,10,11,9,16,0,1,19,15,16,11,18,9,9,18,8,18,11,12,0,16,14,15,17,12,18,12,21,16,15,14,12,13,15,15,13,14],"vertices":[1,18,1.71,-7.91,1,1,18,-2.83,-17.64,1,1,18,-9.85,-21.97,1,1,18,-22.64,-29.86,1,1,18,-26.57,-23.49,1,1,21,-6.87,-16.34,1,1,21,-3.61,-2.26,1,1,21,-5.5,8.53,1,1,21,-9.02,13.94,1,1,18,-21.93,18.68,1,1,18,-28.4,22.99,1,1,18,-23.42,26.07,1,1,18,-13.22,23.16,1,1,18,-9.79,21.67,1,1,18,1.69,3.07,1,1,18,-2.67,2.96,1,1,18,-2.98,-6.62,1,1,21,-1.5,8.6,1,1,18,-18.77,21.47,1,1,21,0.32,-2.93,1,1,21,-3.33,-17.24,1,1,21,-5.44,15.37,1],"edges":[20,18,12,10,6,8,10,8,20,22,26,28,28,0,0,2,12,14,22,24,24,26,24,30,30,32,2,4,4,6,32,4,22,36,34,38,38,40,40,6,34,42,42,36,14,16,16,18]}},"meo_chumchoe2_nguoi1":{"chumchoe2/meo_chumchoe2_nguoi1":{"x":-0.05,"y":0.08,"rotation":-0.52,"width":10,"height":7}},"meo_chumchoe2_nguoi2":{"chumchoe2/meo_chumchoe2_nguoi2":{"x":0.09,"y":0.98,"rotation":-0.52,"width":12,"height":9}},"meo_chumchoe2_que1":{"chumchoe2/meo_chumchoe2_que1":{"x":28.45,"y":1.21,"rotation":-50.56,"width":56,"height":64}},"meo_chumchoe2_que2":{"chumchoe2/meo_chumchoe2_que2":{"x":31.72,"y":-0.33,"rotation":-130.82,"width":56,"height":63}},"meo_idle_dau":{"chumchoe2/meo_chumchoe2_dau":{"x":65.16,"y":-2.18,"rotation":-90.52,"width":265,"height":179}},"meo_idle_duoi":{"chumchoe2/meo_chumchoe2_duoi":{"x":31.9,"y":5.89,"rotation":-21.8,"width":67,"height":45}},"meo_idle_mieng":{"chumchoe2/meo_chumchoe2_mieng":{"type":"mesh","hull":17,"width":49,"height":42,"uvs":[0.56325,0.18026,0.49389,0.36618,0.66702,0.45509,0.87595,0.59906,1,0.70169,1,0.89178,0.67157,0.89178,0.45417,0.92194,0.20269,1,0,1,0,0.85421,0.13188,0.64182,0.27483,0.45224,0.36787,0.36657,0.16064,0.23488,0.15284,0,0.57642,0,0.11194,0.8837,0.23187,0.68734,0.40723,0.451,0.68639,0.58034,0.93331,0.79081,0.30443,0.83784,0.52917,0.79786,0.75291,0.80727],"triangles":[8,22,7,9,17,8,8,17,22,9,10,17,7,23,6,7,22,23,6,24,5,24,21,5,21,4,5,6,23,24,17,18,22,17,11,18,17,10,11,22,18,23,23,20,24,24,20,21,18,19,23,23,19,20,20,3,21,21,3,4,18,12,19,18,11,12,20,19,2,19,1,2,3,20,2,12,13,19,19,13,1,1,13,0,0,13,14,14,15,0,0,15,16],"vertices":[2,7,-3.62,-9.45,0.92321,24,20.88,-6.51,0.07679,2,7,-11.39,-5.98,0.44736,24,13.11,-3.04,0.55264,2,7,-15.21,-14.43,0.06196,24,9.29,-11.49,0.93804,2,7,-21.34,-24.61,0.0008,24,3.16,-21.67,0.9992,1,24,-1.21,-27.71,1,1,24,-9.19,-27.64,1,1,24,-9.05,-11.54,1,1,24,-10.22,-0.88,1,1,24,-13.38,11.47,1,1,24,-13.29,21.4,1,1,24,-7.17,21.35,1,2,7,-22.81,11.87,0.00806,24,1.69,14.8,0.99194,2,7,-14.91,4.79,0.15357,24,9.59,7.73,0.84643,2,7,-11.35,0.2,0.52796,24,13.15,3.14,0.47204,2,7,-5.73,10.3,0.98229,24,18.77,13.24,0.01771,1,7,4.14,10.59,1,2,7,3.95,-10.16,0.99996,24,28.45,-7.22,0.00004,1,24,-8.46,15.87,1,2,7,-24.77,6.99,0.00998,24,-0.27,9.92,0.99002,2,7,-14.92,-1.7,0.27393,24,9.58,1.24,0.72607,2,7,-20.47,-15.33,0.02181,24,4.03,-12.39,0.97819,1,24,-4.92,-24.41,1,1,24,-6.62,6.42,1,1,24,-5.04,-4.6,1,1,24,-5.53,-15.56,1],"edges":[30,28,28,26,26,2,2,0,30,32,0,32,2,4,4,6,6,8,18,20,20,22,22,24,24,26,16,18,16,14,14,12,8,10,12,10,34,36,36,38,38,40,40,42,34,44,44,46,46,48,48,42]}},"meo_idle_raup2":{"meo_idle_raup2":{"path":"meo_idle_raup","x":7.38,"y":-87.16,"rotation":-90.52,"width":40,"height":33}},"meo_idle_raut2":{"meo_idle_raut2":{"path":"meo_idle_raut","x":3.01,"y":91.89,"rotation":-90.52,"width":40,"height":33}},"meo_idle_tayp1":{"chumchoe2/meo_chumchoe2_tay2":{"x":33.07,"y":-1.45,"rotation":94.49,"width":33,"height":39}},"meo_idle_tayt1":{"chumchoe2/meo_chumchoe2_tay1":{"x":30.98,"y":4.9,"rotation":83.69,"width":33,"height":39}},"meo_idle_than":{"chumchoe2/meo_chumchoe2_than":{"x":69.55,"y":0.37,"rotation":-90,"width":111,"height":154}},"shadow":{"shadow":{"x":-5.98,"y":8.98,"width":207,"height":53}}}}],"events":{"4. Chũm chọe 2":{"audio":"4. Chũm chọe 2.mp3"}},"animations":{"1_play":{"bones":{"bone2b2":{"translate":[{"x":16.92,"y":-0.23},{"time":0.1,"x":-18.16,"y":-0.55},{"time":0.2667,"x":-4.41,"y":-0.42},{"time":0.6,"curve":"stepped"},{"time":8},{"time":8.3333,"x":-6.65},{"time":10,"x":16.92,"y":-0.23}]},"bone2b22":{"translate":[{"x":14.29},{"time":0.1667}],"scale":[{"x":0.23,"y":0.517},{"time":0.1667,"x":1.358,"y":1.358},{"time":0.3333},{"time":0.6667,"x":0.747,"y":0.747},{"time":3.3333,"curve":"stepped"},{"time":8.3333},{"time":10.1,"x":0.23,"y":0.517}]},"bone2b18":{"translate":[{"x":-4.36},{"time":0.1667,"x":2.21},{"time":0.3333},{"time":1.6667,"x":-6.03,"curve":"stepped"},{"time":3,"x":-6.03},{"time":3.1667,"x":1.78},{"time":3.3333,"x":-6.03,"curve":"stepped"},{"time":5.1667,"x":-6.03},{"time":5.3333,"x":1.78},{"time":5.5,"x":-6.03,"curve":"stepped"},{"time":8,"x":-6.03},{"time":8.3333,"x":-0.15},{"time":10.1,"x":-4.36}]},"bone2b19":{"translate":[{"x":3.86},{"time":0.1667,"x":-4.21},{"time":0.3333},{"time":1.6667,"x":3.54,"curve":"stepped"},{"time":3,"x":3.54},{"time":3.1667,"x":-6.64},{"time":3.3333,"x":3.54,"curve":"stepped"},{"time":5.1667,"x":3.54},{"time":5.3333,"x":-6.64},{"time":5.5,"x":3.54,"curve":"stepped"},{"time":8,"x":3.54},{"time":8.3333,"x":-6.57},{"time":10.1,"x":3.86}]},"bone2b20":{"translate":[{"x":5.93},{"time":0.1667,"x":-2.82},{"time":0.3333},{"time":1.6667,"x":3.54,"curve":"stepped"},{"time":3,"x":3.54},{"time":3.1667,"x":-6.64},{"time":3.3333,"x":3.54,"curve":"stepped"},{"time":5.1667,"x":3.54},{"time":5.3333,"x":-6.64},{"time":5.5,"x":3.54,"curve":"stepped"},{"time":8,"x":3.54},{"time":8.3333,"x":-3.84},{"time":10.1,"x":5.93}]},"bone2b21":{"translate":[{"x":-4.8},{"time":0.1667,"x":3.04},{"time":0.3333},{"time":1.6667,"x":-6.03,"curve":"stepped"},{"time":3,"x":-6.03},{"time":3.1667,"x":1.78},{"time":3.3333,"x":-6.03,"curve":"stepped"},{"time":5.1667,"x":-6.03},{"time":5.3333,"x":1.78},{"time":5.5,"x":-6.03,"curve":"stepped"},{"time":8,"x":-6.03},{"time":8.3333,"x":3},{"time":10.1,"x":-4.8}],"scale":[{},{"time":0.1667,"y":2.032},{"time":0.3333}]},"bone2b14":{"rotate":[{"angle":-1.34},{"time":0.1667,"angle":-18.17},{"time":0.3333,"angle":12.21},{"time":0.5,"angle":-15.62},{"time":0.6667},{"time":0.8333,"angle":-14.55},{"time":1,"angle":5.33},{"time":1.1667,"angle":-14.55},{"time":1.3333,"angle":5.33},{"time":1.5,"angle":-14.55},{"time":1.7,"angle":5.33},{"time":1.9,"angle":-14.55},{"time":2.1333,"angle":5.33},{"time":2.4,"angle":-11.11},{"time":2.7667,"angle":1.39},{"time":3.1667,"angle":-10.16},{"time":3.5667,"angle":0.4},{"time":3.9333,"angle":-5.73},{"time":4.3333,"angle":-1.47},{"time":4.7,"angle":-4.89},{"time":5.3333,"curve":"stepped"},{"time":9.9333},{"time":10.1,"angle":-1.34}],"translate":[{"x":48.86,"y":43.54},{"time":0.1667},{"time":0.2667,"x":9.87,"y":8.93},{"time":0.3667,"curve":"stepped"},{"time":9.9333},{"time":10.1,"x":48.86,"y":43.54}]},"bone2b15":{"rotate":[{"angle":7.8},{"time":0.1667,"angle":26.14},{"time":0.3333,"angle":-7.59},{"time":0.5,"angle":16.88},{"time":0.6667},{"time":0.8333,"angle":12.97},{"time":1,"angle":-4.03},{"time":1.1667,"angle":12.97},{"time":1.3333,"angle":-4.03},{"time":1.5,"angle":12.97},{"time":1.7,"angle":-4.03},{"time":1.9,"angle":12.97},{"time":2.1333,"angle":-4.03},{"time":2.4,"angle":8.36},{"time":2.7667,"angle":0.14},{"time":3.1667,"angle":7.51},{"time":3.5667,"angle":1.46},{"time":3.9333,"angle":2.57},{"time":4.3333,"angle":0.57},{"time":4.7,"angle":1.46},{"time":5.3333,"curve":"stepped"},{"time":9.9333},{"time":10.1,"angle":7.8}],"translate":[{"x":47.9,"y":-44.4},{"time":0.1667},{"time":0.2667,"x":9.35,"y":-9.48},{"time":0.3667,"curve":"stepped"},{"time":9.9333},{"time":10.1,"x":47.9,"y":-44.4}]},"bone2b12":{"translate":[{"time":0.6667},{"time":1,"x":3.94,"y":-0.04,"curve":"stepped"},{"time":2,"x":3.94,"y":-0.04},{"time":2.3333,"x":3.87,"y":-7,"curve":"stepped"},{"time":3,"x":3.87,"y":-7},{"time":3.3333,"x":3.56,"y":6.93,"curve":"stepped"},{"time":5,"x":3.56,"y":6.93},{"time":5.3333,"curve":"stepped"},{"time":6},{"time":6.3333,"x":0.46,"y":-12.79,"curve":"stepped"},{"time":7.3333,"x":0.46,"y":-12.79},{"time":7.6667,"x":-1.87,"y":11.08},{"time":8.3333,"x":-1.58,"y":9.98},{"time":8.6,"x":-1.18,"y":-3.58},{"time":8.9333,"x":-0.73,"y":4.78},{"time":9.2667,"x":-0.35,"y":-8.88},{"time":9.6,"x":-0.11,"y":0.72},{"time":9.8667,"x":-0.35,"y":-8.88},{"time":10.1}]},"bone2b11":{"translate":[{"time":0.6667},{"time":1,"x":3.94,"y":-0.04,"curve":"stepped"},{"time":2,"x":3.94,"y":-0.04},{"time":2.3333,"x":3.87,"y":-7,"curve":"stepped"},{"time":3,"x":3.87,"y":-7},{"time":3.3333,"x":3.56,"y":6.93,"curve":"stepped"},{"time":5,"x":3.56,"y":6.93},{"time":5.3333,"curve":"stepped"},{"time":6},{"time":6.3333,"x":0.46,"y":-12.79,"curve":"stepped"},{"time":7.3333,"x":0.46,"y":-12.79},{"time":7.6667,"x":-1.87,"y":11.08},{"time":8.3333,"x":-1.58,"y":9.98},{"time":8.6,"x":-1.18,"y":-3.58},{"time":8.9333,"x":-0.73,"y":4.78},{"time":9.2667,"x":-0.35,"y":-8.88},{"time":9.6,"x":-0.11,"y":0.72},{"time":9.8667,"x":-0.35,"y":-8.88},{"time":10.1}]}},"events":[{"name":"4. Chũm chọe 2"}]},"2_idle":{"bones":{"bone2b22":{"translate":[{}]}}}}},[0]]],0,0,[0],[-1],[0]]
