[1,["ecWeeZDJ5PyYx1VQBfyQYu@6c48a"],0,[["sp.SkeletonData",["_name","_atlasText","textureNames","_skeletonJson","textures"],-1,3]],[[0,0,1,2,3,4,5]],[[0,"Sound_S_PC","\r\nSound_S_PC.png\r\nsize: 702, 235\r\nformat: RGBA8888\r\nfilter: Linear, Linear\r\nrepeat: none\r\n1\r\n  rotate: false\r\n  xy: 2, 2\r\n  size: 138, 231\r\n  orig: 138, 231\r\n  offset: 0, 0\r\n  index: -1\r\n2\r\n  rotate: false\r\n  xy: 142, 2\r\n  size: 138, 231\r\n  orig: 138, 231\r\n  offset: 0, 0\r\n  index: -1\r\n3\r\n  rotate: false\r\n  xy: 282, 2\r\n  size: 138, 231\r\n  orig: 138, 231\r\n  offset: 0, 0\r\n  index: -1\r\n4\r\n  rotate: false\r\n  xy: 422, 2\r\n  size: 138, 231\r\n  orig: 138, 231\r\n  offset: 0, 0\r\n  index: -1\r\n7\r\n  rotate: false\r\n  xy: 562, 2\r\n  size: 138, 231\r\n  orig: 138, 231\r\n  offset: 0, 0\r\n  index: -1\r\n",["Sound_S_PC.png"],{"skeleton":{"hash":"Q7qV/RGRVcE","spine":"3.8-from-4.0-from-4.1-from-4.2.37","x":-69,"y":0.79,"width":138,"height":231,"images":"C:\\Users\\006\\Desktop\\111","audio":"./audio"},"bones":[{"name":"root"},{"name":"bone","parent":"root","x":-1.39,"y":-38.15}],"slots":[{"name":"1","bone":"bone"},{"name":"2","bone":"bone"},{"name":"3","bone":"bone"},{"name":"4","bone":"bone"},{"name":"7","bone":"bone","attachment":"7"}],"skins":[{"name":"default","attachments":{"1":{"1":{"x":1.39,"y":154.44,"width":138,"height":231}},"2":{"2":{"x":1.39,"y":154.44,"width":138,"height":231}},"3":{"3":{"x":1.39,"y":154.44,"width":138,"height":231}},"4":{"4":{"x":1.39,"y":154.44,"width":138,"height":231}},"7":{"7":{"x":1.39,"y":154.44,"width":138,"height":231}}}}],"animations":{"Sound_1":{"slots":{"1":{"attachment":[{"time":0.1667,"name":"1"},{"time":0.3333,"name":null},{"time":0.6667,"name":"1"},{"time":0.8333,"name":null},{"time":1.1667,"name":"1"},{"time":1.3333,"name":null},{"time":2,"name":"1"},{"time":2.1667,"name":null},{"time":2.5,"name":"1"},{"time":2.6667,"name":null},{"time":3.5,"name":"1"},{"time":3.6667,"name":null},{"time":4,"name":"1"},{"time":4.1667,"name":null},{"time":4.5,"name":"1"},{"time":4.6667,"name":null},{"time":5.3333,"name":"1"},{"time":5.5,"name":null},{"time":5.8333,"name":"1"},{"time":6,"name":null},{"time":6.6667,"name":"1"},{"time":6.9,"name":null}]},"2":{"attachment":[{"time":0.3333,"name":"2"},{"time":0.5,"name":null},{"time":1.6667,"name":"2"},{"time":1.8333,"name":null},{"time":2.6667,"name":"2"},{"time":2.8333,"name":null},{"time":3.6667,"name":"2"},{"time":3.8333,"name":null},{"time":5,"name":"2"},{"time":5.1667,"name":null},{"time":6,"name":"2"},{"time":6.1667,"name":null}]},"3":{"attachment":[{"time":0.5,"name":"3"},{"time":0.6667,"name":null},{"time":1.8333,"name":"3"},{"time":2,"name":null},{"time":2.8333,"name":"3"},{"time":3,"name":null},{"time":3.8333,"name":"3"},{"time":4,"name":null},{"time":5.1667,"name":"3"},{"time":5.3333,"name":null},{"time":6.1667,"name":"3"},{"time":6.3333,"name":null}]},"4":{"attachment":[{"time":1,"name":"4"},{"time":1.1667,"name":null},{"time":1.3333,"name":"4"},{"time":1.5,"name":null},{"time":2.1667,"name":"4"},{"time":2.3333,"name":null},{"time":3.1667,"name":"4"},{"time":3.3333,"name":null},{"time":4.3333,"name":"4"},{"time":4.5,"name":null},{"time":4.6667,"name":"4"},{"time":4.8333,"name":null},{"time":5.5,"name":"4"},{"time":5.6667,"name":null},{"time":6.5,"name":"4"},{"time":6.6667,"name":null}]},"7":{"attachment":[{"time":0.1667,"name":null},{"time":0.8333,"name":"7"},{"time":1,"name":null},{"time":1.5,"name":"7"},{"time":1.6667,"name":null},{"time":2.3333,"name":"7"},{"time":2.5,"name":null},{"time":3,"name":"7"},{"time":3.1667,"name":null},{"time":3.3333,"name":"7"},{"time":3.5,"name":null},{"time":4.1667,"name":"7"},{"time":4.3333,"name":null},{"time":4.8333,"name":"7"},{"time":5,"name":null},{"time":5.6667,"name":"7"},{"time":5.8333,"name":null},{"time":6.3333,"name":"7"},{"time":6.5,"name":null},{"time":6.9,"name":"7"}]}}},"Sound_2":{"slots":{"1":{"attachment":[{"time":0.1667,"name":"1"},{"time":0.3333,"name":null},{"time":0.6667,"name":"1"},{"time":0.8333,"name":null},{"time":1.1667,"name":"1"},{"time":1.3333,"name":null},{"time":2,"name":"1"},{"time":2.1667,"name":null},{"time":2.5,"name":"1"},{"time":2.6667,"name":null},{"time":4.1667,"name":"1"},{"time":4.3333,"name":null},{"time":4.5,"name":"1"},{"time":4.6667,"name":null},{"time":4.8333,"name":"1"},{"time":5,"name":null},{"time":6.3333,"name":"1"},{"time":6.5,"name":null},{"time":6.6667,"name":"1"},{"time":6.9,"name":null}]},"2":{"attachment":[{"time":0.3333,"name":"2"},{"time":0.5,"name":null},{"time":1.6667,"name":"2"},{"time":1.8333,"name":null},{"time":2.6667,"name":"2"},{"time":2.8333,"name":null},{"time":5.5,"name":"2"},{"time":5.6667,"name":null},{"time":6,"name":"2"},{"time":6.1667,"name":null}]},"3":{"attachment":[{"time":0.5,"name":"3"},{"time":0.6667,"name":null},{"time":1.8333,"name":"3"},{"time":2,"name":null},{"time":2.8333,"name":"3"},{"time":3,"name":null},{"time":5.1667,"name":"3"},{"time":5.3333,"name":null},{"time":6.1667,"name":"3"},{"time":6.3333,"name":null}]},"4":{"attachment":[{"time":1,"name":"4"},{"time":1.1667,"name":null},{"time":1.3333,"name":"4"},{"time":1.5,"name":null},{"time":2.1667,"name":"4"},{"time":2.3333,"name":null},{"time":3.1667,"name":"4"},{"time":3.3333,"name":null},{"time":3.5,"name":"4"},{"time":3.6667,"name":null},{"time":3.8333,"name":"4"},{"time":4,"name":null},{"time":5.8333,"name":"4"},{"time":6,"name":null},{"time":6.5,"name":"4"},{"time":6.6667,"name":null}]},"7":{"attachment":[{"time":0.1667,"name":null},{"time":0.8333,"name":"7"},{"time":1,"name":null},{"time":1.5,"name":"7"},{"time":1.6667,"name":null},{"time":2.3333,"name":"7"},{"time":2.5,"name":null},{"time":3,"name":"7"},{"time":3.1667,"name":null},{"time":3.3333,"name":"7"},{"time":3.5,"name":null},{"time":3.6667,"name":"7"},{"time":3.8333,"name":null},{"time":4,"name":"7"},{"time":4.1667,"name":null},{"time":4.3333,"name":"7"},{"time":4.5,"name":null},{"time":4.6667,"name":"7"},{"time":4.8333,"name":null},{"time":5,"name":"7"},{"time":5.1667,"name":null},{"time":5.3333,"name":"7"},{"time":5.5,"name":null},{"time":5.6667,"name":"7"},{"time":5.8333,"name":null},{"time":6.9,"name":"7"}]}}}}},[0]]],0,0,[0],[-1],[0]]
