[{"__type__":"cc.SpriteFrame","content":{"name":"loading-animation_0","texture":"229M6RLblOwbAmVWCzYsY3","rect":[0,0,64,64],"offset":[0,0],"originalSize":[64,64],"capInsets":[0,0,0,0]}},{"__type__":"cc.SpriteFrame","content":{"name":"20240722-174657","texture":"e15mlmaTJMNaYPrjBAjrA1","rect":[0,0,1600,720],"offset":[0,0],"originalSize":[1600,720],"capInsets":[0,0,0,0]}},{"__type__":"cc.SpriteFrame","content":{"name":"LoadingCompleteAnimation_0","texture":"18ixADdPdHaa7yhsK1WoQ/","rect":[0,0,256,256],"offset":[0,0],"originalSize":[256,256],"capInsets":[0,0,0,0]}},{"__type__":"cc.SpriteFrame","content":{"name":"加载框","texture":"ce18t4S+VCsJjS3Rp/YOhr","rect":[2,1084,948,176],"offset":[0,0],"originalSize":[948,176],"rotated":1,"capInsets":[0,0,0,0]}},{"__type__":"cc.SpriteFrame","content":{"name":"能量槽 ","texture":"ce18t4S+VCsJjS3Rp/YOhr","rect":[1924,29,151,49],"offset":[0,0],"originalSize":[151,49],"rotated":1,"capInsets":[43,0,43,0]}},[{"__type__":"cc.SceneAsset","_name":"loading","scene":{"__id__":1},"asyncLoadAssets":null},{"__type__":"cc.Scene","_name":"New Node","_children":[{"__id__":2}],"_active":false,"_anchorPoint":{"__type__":"cc.Vec2"},"_trs":{"__type__":"TypedArray","ctor":"Float64Array","array":[0,0,0,0,0,0,1,1,1,1]},"autoReleaseAssets":false},{"__type__":"cc.Node","_name":"Canvas","_parent":{"__id__":1},"_children":[{"__id__":3},{"__id__":4}],"_components":[{"__type__":"cc.Canvas","node":{"__id__":2}},{"__type__":"cc.Widget","node":{"__id__":2},"_alignFlags":45}],"_contentSize":{"__type__":"cc.Size","width":960,"height":640},"_trs":{"__type__":"TypedArray","ctor":"Float64Array","array":[480,320,0,0,0,0,1,1,1,1]},"_id":"a5esZu+45LA5mBpvttspPD"},{"__type__":"cc.Node","_name":"Main Camera","_parent":{"__id__":2},"_components":[{"__type__":"cc.Camera","node":{"__id__":3},"_clearFlags":7,"_depth":-1}],"_contentSize":{"__type__":"cc.Size","width":960,"height":640},"_trs":{"__type__":"TypedArray","ctor":"Float64Array","array":[0,0,439.9409051224949,0,0,0,1,1,1,1]}},{"__type__":"cc.Node","_name":"loading","_parent":{"__id__":2},"_children":[{"__id__":5},{"__id__":7}],"_components":[{"__type__":"cc.Sprite","node":{"__id__":4},"_materials":[{"__uuid__":"ecpdLyjvZBwrvm+cedCcQy"}],"_spriteFrame":{"__uuid__":"3bFcMVuStPRIXAheziForx"}},{"__type__":"bf501zeIAhE9JNo1nFU55kt","node":{"__id__":4},"progress_bar":{"__id__":13},"loading_complete":{"__id__":9},"loading_animation":{"__id__":6}}],"_contentSize":{"__type__":"cc.Size","width":1600,"height":720},"_trs":{"__type__":"TypedArray","ctor":"Float64Array","array":[0,0,0,0,0,0,1,1,1,1]},"_groupIndex":4,"groupIndex":4},{"__type__":"cc.Node","_name":"loading_animation1","_parent":{"__id__":4},"_active":false,"_components":[{"__id__":6},{"__type__":"cc.Widget","node":{"__id__":5},"_alignFlags":4,"_bottom":0.23,"_isAbsBottom":false}],"_color":{"__type__":"cc.Color","r":255,"g":35,"b":35},"_contentSize":{"__type__":"cc.Size","width":64,"height":64},"_trs":{"__type__":"TypedArray","ctor":"Float64Array","array":[0,-140.79999999999998,0,0,0,0,1,1,1,1]},"_groupIndex":4,"groupIndex":4},{"__type__":"cc.Sprite","node":{"__id__":5},"_materials":[{"__uuid__":"ecpdLyjvZBwrvm+cedCcQy"}],"_spriteFrame":{"__uuid__":"34/J9oUpVMcISbs9NWPPRB"}},{"__type__":"cc.Node","_name":"text","_parent":{"__id__":4},"_children":[{"__id__":8},{"__id__":10},{"__id__":12}],"_components":[{"__type__":"cc.Widget","node":{"__id__":7},"_alignFlags":18},{"__type__":"cc.Sprite","node":{"__id__":7},"_materials":[{"__uuid__":"ecpdLyjvZBwrvm+cedCcQy"}],"_spriteFrame":{"__uuid__":"6eZbxs3IhF0pVIvSLf3T1S"}}],"_contentSize":{"__type__":"cc.Size","width":948,"height":176},"_trs":{"__type__":"TypedArray","ctor":"Float64Array","array":[0,0,0,0,0,0,1,0.5,0.5,1]},"_groupIndex":4,"groupIndex":4},{"__type__":"cc.Node","_name":"loading_complete1","_parent":{"__id__":7},"_active":false,"_components":[{"__id__":9},{"__type__":"cc.Animation","node":{"__id__":8},"_defaultClip":{"__uuid__":"a5jx7/s0NFj5lD/mdvHXev"},"_clips":[{"__uuid__":"a5jx7/s0NFj5lD/mdvHXev"}]},{"__type__":"cc.Widget","node":{"__id__":8},"_alignFlags":33,"_right":-20,"_top":-256.597}],"_color":{"__type__":"cc.Color","r":255,"g":35,"b":35},"_contentSize":{"__type__":"cc.Size","width":256,"height":256},"_trs":{"__type__":"TypedArray","ctor":"Float64Array","array":[366,216.59699999999998,0,0,0,0,1,1,1,1]},"_groupIndex":4,"groupIndex":4},{"__type__":"cc.Sprite","node":{"__id__":8},"_materials":[{"__uuid__":"ecpdLyjvZBwrvm+cedCcQy"}],"_spriteFrame":{"__uuid__":"4esioT+AxDq6HOo76+UZ61"}},{"__type__":"cc.Node","_name":"loading_progressbar","_parent":{"__id__":7},"_components":[{"__id__":11},{"__type__":"cc.Widget","node":{"__id__":10},"_alignFlags":40,"_left":53.15699999999998,"_right":894.8430000000001,"_originalWidth":1024}],"_contentSize":{"__type__":"cc.Size","width":-5.684341886080802e-14,"height":48},"_anchorPoint":{"__type__":"cc.Vec2","y":0.5},"_trs":{"__type__":"TypedArray","ctor":"Float64Array","array":[-420.843,-1.819,0,0,0,0,1,1,1,1]},"_groupIndex":4,"groupIndex":4},{"__type__":"cc.Sprite","node":{"__id__":10},"_materials":[{"__uuid__":"ecpdLyjvZBwrvm+cedCcQy"}],"_spriteFrame":{"__uuid__":"92YP8TmERCd7S3LKZaA6OA"},"_type":1,"_sizeMode":0},{"__type__":"cc.Node","_name":"loading_progressbar2","_parent":{"__id__":7},"_components":[{"__id__":13}],"_trs":{"__type__":"TypedArray","ctor":"Float64Array","array":[0,0,0,0,0,0,1,1,1,1]},"_groupIndex":4,"groupIndex":4},{"__type__":"cc.ProgressBar","node":{"__id__":12},"_N$totalLength":890,"_N$barSprite":{"__id__":11},"_N$progress":0}]]