[{"__type__":"cc.SpriteFrame","content":{"name":"bubble1","texture":"3eBb+m/oRMSIzKlfB/sdmW","rect":[1,1,30,30],"offset":[0,0],"originalSize":[32,32],"capInsets":[0,0,0,0]}},{"__type__":"cc.SpriteFrame","content":{"name":"861","texture":"1e1fca5a7","rect":[3,393,83,614],"offset":[0,0],"originalSize":[83,614],"capInsets":[0,0,0,0]}},{"__type__":"cc.SpriteFrame","content":{"name":"1","texture":"175b632e3","rect":[827,819,149,38],"offset":[0,0],"originalSize":[149,38],"capInsets":[0,0,0,0]}},{"__type__":"cc.SpriteFrame","content":{"name":"Top_Down_Moving","texture":"baL4mQu65NfqiUJaK8sD+X","rect":[2,151,128,1024],"offset":[0,0],"originalSize":[128,1024],"rotated":1,"capInsets":[0,0,0,0]}},{"__type__":"cc.SpriteFrame","content":{"name":"3","texture":"175b632e3","rect":[917,321,149,38],"offset":[0,0],"originalSize":[149,38],"rotated":1,"capInsets":[0,0,0,0]}},{"__type__":"cc.SpriteFrame","content":{"name":"water1401","texture":"45vQ2LoilCT7wEp2u2yWOh","rect":[0,0,1060,384],"offset":[0,0],"originalSize":[1060,384],"capInsets":[0,0,0,0]}},[{"__type__":"cc.Prefab","_name":"Level-4","data":{"__id__":1}},{"__type__":"cc.Node","_name":"Level-4","_children":[{"__id__":2},{"__id__":30},{"__id__":59},{"__id__":60},{"__id__":62},{"__id__":64},{"__id__":69},{"__id__":107},{"__id__":108},{"__id__":109}],"_prefab":{"__type__":"cc.PrefabInfo","root":{"__id__":1},"asset":{"__uuid__":"1dN4r9mG5MwJ1d0f7k7cVt"},"fileId":"78suXBSr1NsrE9uAV0bVmC"},"_anchorPoint":{"__type__":"cc.Vec2"},"_trs":{"__type__":"TypedArray","ctor":"Float64Array","array":[0,0,0,0,0,0,1,1,1,1]}},{"__type__":"cc.Node","_name":"indication","_parent":{"__id__":1},"_children":[{"__id__":3},{"__id__":4},{"__id__":5},{"__id__":7},{"__id__":9},{"__id__":26},{"__id__":29}],"_prefab":{"__type__":"cc.PrefabInfo","root":{"__id__":1},"asset":{"__uuid__":"1dN4r9mG5MwJ1d0f7k7cVt"},"fileId":"dbEwwi5XRFIo2aUp5+SI8y"},"_anchorPoint":{"__type__":"cc.Vec2"},"_trs":{"__type__":"TypedArray","ctor":"Float64Array","array":[0,0,0,0,0,0,1,1,1,1]},"_groupIndex":1,"groupIndex":1},{"__type__":"cc.Node","_name":"block","_parent":{"__id__":2},"_components":[{"__type__":"cc.RigidBody","node":{"__id__":3},"_type":0,"_linearDamping":2},{"__type__":"cc.PhysicsBoxCollider","node":{"__id__":3},"_density":1000,"_friction":0,"_offset":{"__type__":"cc.Vec2","x":50,"y":300},"_size":{"__type__":"cc.Size","width":100,"height":600}}],"_prefab":{"__type__":"cc.PrefabInfo","root":{"__id__":1},"asset":{"__uuid__":"1dN4r9mG5MwJ1d0f7k7cVt"},"fileId":"02Gp+CyxBCGJxZSy7n60Dd"},"_contentSize":{"__type__":"cc.Size","width":100,"height":600},"_anchorPoint":{"__type__":"cc.Vec2"},"_trs":{"__type__":"TypedArray","ctor":"Float64Array","array":[-76.709,215.5,0,0,0,0,1,1,1,1]},"_groupIndex":1,"groupIndex":1},{"__type__":"cc.Node","_name":"block","_parent":{"__id__":2},"_components":[{"__type__":"cc.RigidBody","node":{"__id__":4},"_type":0,"_linearDamping":2},{"__type__":"cc.PhysicsBoxCollider","node":{"__id__":4},"_density":1000,"_friction":0,"_offset":{"__type__":"cc.Vec2","x":50,"y":300},"_size":{"__type__":"cc.Size","width":100,"height":600}}],"_prefab":{"__type__":"cc.PrefabInfo","root":{"__id__":1},"asset":{"__uuid__":"1dN4r9mG5MwJ1d0f7k7cVt"},"fileId":"efA6zHNTpDIqUtE3oP7K1e"},"_contentSize":{"__type__":"cc.Size","width":100,"height":600},"_anchorPoint":{"__type__":"cc.Vec2"},"_trs":{"__type__":"TypedArray","ctor":"Float64Array","array":[8879.076,185.394,0,0,0,0,1,1,1,1]},"_groupIndex":1,"groupIndex":1},{"__type__":"cc.Node","_name":"end_ind","_parent":{"__id__":2},"_children":[{"__id__":6}],"_components":[{"__type__":"cc.Sprite","_name":"end_ind<Sprite>","node":{"__id__":5},"_materials":[{"__uuid__":"ecpdLyjvZBwrvm+cedCcQy"}],"_spriteFrame":{"__uuid__":"49IsYC6zdLq4zW+H71Gv59"},"_sizeMode":0},{"__type__":"cc.RigidBody","node":{"__id__":5},"_type":0},{"__type__":"cc.PhysicsBoxCollider","node":{"__id__":5},"_sensor":true,"_offset":{"__type__":"cc.Vec2","y":150},"_size":{"__type__":"cc.Size","width":20,"height":500}},{"__type__":"41579J+mQ9OGKIgDuSf0wr1","node":{"__id__":5}}],"_prefab":{"__type__":"cc.PrefabInfo","root":{"__id__":1},"asset":{"__uuid__":"1dN4r9mG5MwJ1d0f7k7cVt"},"fileId":"8erv9VolVEPbFzwG/8v8oE"},"_contentSize":{"__type__":"cc.Size","width":168,"height":143},"_trs":{"__type__":"TypedArray","ctor":"Float64Array","array":[8663.76,249.423,0,0,0,0,1,1,1,1]},"_groupIndex":1,"groupIndex":1},{"__type__":"cc.Node","_name":"over","_parent":{"__id__":5},"_components":[{"__type__":"cc.Label","_name":"over<Label>","node":{"__id__":6},"_materials":[{"__uuid__":"ecpdLyjvZBwrvm+cedCcQy"}],"_useOriginalSize":false,"_string":"关卡-1","_N$string":"关卡-1","_fontSize":30,"_N$file":{"__uuid__":"b5NGPI3wRL+6w0kWBDf59a"},"_isSystemFontUsed":false,"_N$horizontalAlign":1,"_N$verticalAlign":1}],"_prefab":{"__type__":"cc.PrefabInfo","root":{"__id__":1},"asset":{"__uuid__":"1dN4r9mG5MwJ1d0f7k7cVt"},"fileId":"d4oC3OWoRP0Y6OVISKZcCO"},"_color":{"__type__":"cc.Color","r":90,"g":35,"b":35},"_contentSize":{"__type__":"cc.Size","width":66.56,"height":40},"_trs":{"__type__":"TypedArray","ctor":"Float64Array","array":[0,20,0,0,0,0,1,1,1,1]},"_groupIndex":1,"groupIndex":1},{"__type__":"cc.Node","_name":"start_ind","_parent":{"__id__":2},"_children":[{"__id__":8}],"_components":[{"__type__":"cc.Sprite","_name":"start_ind<Sprite>","node":{"__id__":7},"_materials":[{"__uuid__":"ecpdLyjvZBwrvm+cedCcQy"}],"_spriteFrame":{"__uuid__":"49IsYC6zdLq4zW+H71Gv59"},"_sizeMode":0},{"__type__":"c5ddfZAPb5I4rCMDbSaJibP","node":{"__id__":7}}],"_prefab":{"__type__":"cc.PrefabInfo","root":{"__id__":1},"asset":{"__uuid__":"1dN4r9mG5MwJ1d0f7k7cVt"},"fileId":"f7ZVGlMb1C0oQp9IvcX+Aj"},"_contentSize":{"__type__":"cc.Size","width":168,"height":143},"_trs":{"__type__":"TypedArray","ctor":"Float64Array","array":[480,300.427,0,0,0,0,1,1,1,1]},"_groupIndex":1,"groupIndex":1},{"__type__":"cc.Node","_name":"levelname","_parent":{"__id__":7},"_components":[{"__type__":"cc.Label","_name":"levelname<Label>","node":{"__id__":8},"_materials":[{"__uuid__":"ecpdLyjvZBwrvm+cedCcQy"}],"_useOriginalSize":false,"_string":"关卡-1","_N$string":"关卡-1","_fontSize":30,"_N$file":{"__uuid__":"b5NGPI3wRL+6w0kWBDf59a"},"_isSystemFontUsed":false,"_N$horizontalAlign":1,"_N$verticalAlign":1},{"__type__":"cc.Widget","node":{"__id__":8},"_alignFlags":16,"_left":45.66,"_right":45.66,"_originalWidth":76.68}],"_prefab":{"__type__":"cc.PrefabInfo","root":{"__id__":1},"asset":{"__uuid__":"1dN4r9mG5MwJ1d0f7k7cVt"},"fileId":"efkNyI4K1CN6m3quskHlWm"},"_color":{"__type__":"cc.Color","r":155,"g":35,"b":35},"_contentSize":{"__type__":"cc.Size","width":66.56,"height":40},"_trs":{"__type__":"TypedArray","ctor":"Float64Array","array":[0,25,0,0,0,0,1,1,1,1]},"_groupIndex":1,"groupIndex":1},{"__type__":"cc.Node","_name":"press","_parent":{"__id__":2},"_children":[{"__id__":10},{"__id__":12},{"__id__":13},{"__id__":14},{"__id__":16},{"__id__":17},{"__id__":18},{"__id__":20},{"__id__":21},{"__id__":22},{"__id__":24},{"__id__":25}],"_prefab":{"__type__":"cc.PrefabInfo","root":{"__id__":1},"asset":{"__uuid__":"1dN4r9mG5MwJ1d0f7k7cVt"},"fileId":"f9V7qKRKdO+JgfCarJMf1X"},"_trs":{"__type__":"TypedArray","ctor":"Float64Array","array":[0,0,0,0,0,0,1,1,1,1]}},{"__type__":"cc.Node","_name":"Top_Down_Moving1","_parent":{"__id__":9},"_children":[{"__id__":11}],"_components":[{"__type__":"cc.Sprite","node":{"__id__":10},"_materials":[{"__uuid__":"ecpdLyjvZBwrvm+cedCcQy"}],"_spriteFrame":{"__uuid__":"08U0cYQQhO0YZQ+CdB6vtP"}},{"__type__":"cc.RigidBody","node":{"__id__":10},"_type":3,"_allowSleep":false,"_fixedRotation":true,"enabledContactListener":true,"bullet":true},{"__type__":"838b6GXRKlFKr+l3AKWAO3t","node":{"__id__":10}},{"__type__":"cc.PhysicsPolygonCollider","node":{"__id__":10},"points":[{"__type__":"cc.Vec2","x":-44.9,"y":-491.1},{"__type__":"cc.Vec2","x":-129.7,"y":-493.6},{"__type__":"cc.Vec2","x":-138.6,"y":-511.3},{"__type__":"cc.Vec2","x":-137.2,"y":-542.1},{"__type__":"cc.Vec2","x":-126.2,"y":-555.8},{"__type__":"cc.Vec2","x":127.4,"y":-555.7},{"__type__":"cc.Vec2","x":141.6,"y":-536.6},{"__type__":"cc.Vec2","x":142.6,"y":-510.2},{"__type__":"cc.Vec2","x":129.1,"y":-491.3},{"__type__":"cc.Vec2","x":50,"y":-492.3},{"__type__":"cc.Vec2","x":49.49,"y":511.99},{"__type__":"cc.Vec2","x":-48.889,"y":511.983}]},{"__type__":"cc.PhysicsBoxCollider","node":{"__id__":10},"_offset":{"__type__":"cc.Vec2","x":1.5,"y":-523.3},"_size":{"__type__":"cc.Size","width":285.3,"height":68.9}},{"__type__":"cc.PhysicsBoxCollider","node":{"__id__":10},"_size":{"__type__":"cc.Size","width":128,"height":1024}}],"_prefab":{"__type__":"cc.PrefabInfo","root":{"__id__":1},"asset":{"__uuid__":"1dN4r9mG5MwJ1d0f7k7cVt"},"fileId":"35eUHHhUNBNYmEvWOJsn7z"},"_contentSize":{"__type__":"cc.Size","width":128,"height":1024},"_trs":{"__type__":"TypedArray","ctor":"Float64Array","array":[3459.56,760,0,0,0,0,1,0.5,0.5,1]},"_groupIndex":9,"groupIndex":9},{"__type__":"cc.Node","_name":"Moving01","_parent":{"__id__":10},"_components":[{"__type__":"cc.Sprite","node":{"__id__":11},"_materials":[{"__uuid__":"ecpdLyjvZBwrvm+cedCcQy"}],"_spriteFrame":{"__uuid__":"7dbCh1dnRBP5V4L5/ECOUB"}}],"_prefab":{"__type__":"cc.PrefabInfo","root":{"__id__":1},"asset":{"__uuid__":"1dN4r9mG5MwJ1d0f7k7cVt"},"fileId":"a8pOPWEDdMvKOD5uBxVcKO"},"_contentSize":{"__type__":"cc.Size","width":512,"height":128},"_trs":{"__type__":"TypedArray","ctor":"Float64Array","array":[0,-493.661,0,0,0,0,1,1,1,1]},"_groupIndex":9,"groupIndex":9},{"__type__":"cc.Node","_name":"Top_Part","_parent":{"__id__":9},"_components":[{"__type__":"cc.Sprite","node":{"__id__":12},"_materials":[{"__uuid__":"ecpdLyjvZBwrvm+cedCcQy"}],"_spriteFrame":{"__uuid__":"78Z/JZSalMjJJkbixkE+cv"}},{"__type__":"cc.RigidBody","node":{"__id__":12},"_type":0,"enabledContactListener":true},{"__type__":"cc.PhysicsBoxCollider","node":{"__id__":12},"_offset":{"__type__":"cc.Vec2","x":-142},"_size":{"__type__":"cc.Size","width":34,"height":512}},{"__type__":"cc.PhysicsBoxCollider","node":{"__id__":12},"_offset":{"__type__":"cc.Vec2","x":140},"_size":{"__type__":"cc.Size","width":29,"height":512}}],"_prefab":{"__type__":"cc.PrefabInfo","root":{"__id__":1},"asset":{"__uuid__":"1dN4r9mG5MwJ1d0f7k7cVt"},"fileId":"c7lPZHAdpLdJe9YwBnzILG"},"_contentSize":{"__type__":"cc.Size","width":256,"height":512},"_trs":{"__type__":"TypedArray","ctor":"Float64Array","array":[3461.014,800,0,0,0,0,1,0.5,0.5,1]},"_groupIndex":11,"groupIndex":11},{"__type__":"cc.Node","_name":"Down_Part","_parent":{"__id__":9},"_components":[{"__type__":"cc.Sprite","node":{"__id__":13},"_materials":[{"__uuid__":"ecpdLyjvZBwrvm+cedCcQy"}],"_spriteFrame":{"__uuid__":"65IIevXfVCYprzx9V3zpE5"}},{"__type__":"cc.RigidBody","node":{"__id__":13},"_type":0,"enabledContactListener":true},{"__type__":"cc.PhysicsBoxCollider","node":{"__id__":13},"_offset":{"__type__":"cc.Vec2","y":-0.1},"_size":{"__type__":"cc.Size","width":256,"height":514.1}}],"_prefab":{"__type__":"cc.PrefabInfo","root":{"__id__":1},"asset":{"__uuid__":"1dN4r9mG5MwJ1d0f7k7cVt"},"fileId":"89VSi6s/xCdai3MjfeDxPQ"},"_contentSize":{"__type__":"cc.Size","width":256,"height":512},"_trs":{"__type__":"TypedArray","ctor":"Float64Array","array":[3460.713,267.719,0,0,0,1,6.123233995736766e-17,0.5,0.5,0.5]},"_eulerAngles":{"__type__":"cc.Vec3","z":180},"_groupIndex":3,"groupIndex":3},{"__type__":"cc.Node","_name":"Top_Down_Moving2","_parent":{"__id__":9},"_children":[{"__id__":15}],"_components":[{"__type__":"cc.Sprite","node":{"__id__":14},"_materials":[{"__uuid__":"ecpdLyjvZBwrvm+cedCcQy"}],"_spriteFrame":{"__uuid__":"08U0cYQQhO0YZQ+CdB6vtP"}},{"__type__":"cc.RigidBody","node":{"__id__":14},"_type":3,"_allowSleep":false,"_fixedRotation":true,"enabledContactListener":true,"bullet":true},{"__type__":"838b6GXRKlFKr+l3AKWAO3t","node":{"__id__":14}},{"__type__":"cc.PhysicsBoxCollider","node":{"__id__":14},"_offset":{"__type__":"cc.Vec2","x":0.8,"y":-524.61},"_size":{"__type__":"cc.Size","width":286,"height":65.52}},{"__type__":"cc.PhysicsBoxCollider","node":{"__id__":14},"_size":{"__type__":"cc.Size","width":128,"height":1024}}],"_prefab":{"__type__":"cc.PrefabInfo","root":{"__id__":1},"asset":{"__uuid__":"1dN4r9mG5MwJ1d0f7k7cVt"},"fileId":"dde7zaP1ZDz5opmLLzVCah"},"_contentSize":{"__type__":"cc.Size","width":128,"height":1024},"_trs":{"__type__":"TypedArray","ctor":"Float64Array","array":[3787.548,810,0,0,0,0,1,0.5,0.5,1]},"_groupIndex":9,"groupIndex":9},{"__type__":"cc.Node","_name":"Moving01","_parent":{"__id__":14},"_components":[{"__type__":"cc.Sprite","node":{"__id__":15},"_materials":[{"__uuid__":"ecpdLyjvZBwrvm+cedCcQy"}],"_spriteFrame":{"__uuid__":"7dbCh1dnRBP5V4L5/ECOUB"}}],"_prefab":{"__type__":"cc.PrefabInfo","root":{"__id__":1},"asset":{"__uuid__":"1dN4r9mG5MwJ1d0f7k7cVt"},"fileId":"a4gVQlF3JEwIBzFwPftOat"},"_contentSize":{"__type__":"cc.Size","width":512,"height":128},"_trs":{"__type__":"TypedArray","ctor":"Float64Array","array":[0,-493.661,0,0,0,0,1,1,1,1]},"_groupIndex":9,"groupIndex":9},{"__type__":"cc.Node","_name":"Down_Part","_parent":{"__id__":9},"_components":[{"__type__":"cc.Sprite","node":{"__id__":16},"_materials":[{"__uuid__":"ecpdLyjvZBwrvm+cedCcQy"}],"_spriteFrame":{"__uuid__":"65IIevXfVCYprzx9V3zpE5"}},{"__type__":"cc.RigidBody","node":{"__id__":16},"_type":0,"enabledContactListener":true},{"__type__":"cc.PhysicsBoxCollider","node":{"__id__":16},"_size":{"__type__":"cc.Size","width":256,"height":514.1}}],"_prefab":{"__type__":"cc.PrefabInfo","root":{"__id__":1},"asset":{"__uuid__":"1dN4r9mG5MwJ1d0f7k7cVt"},"fileId":"4fX/kpp8xL0qtV5+CY1EWZ"},"_contentSize":{"__type__":"cc.Size","width":256,"height":512},"_trs":{"__type__":"TypedArray","ctor":"Float64Array","array":[3788.701,267.719,0,0,0,1,6.123233995736766e-17,0.5,0.5,0.5]},"_eulerAngles":{"__type__":"cc.Vec3","z":180},"_groupIndex":3,"groupIndex":3},{"__type__":"cc.Node","_name":"Top_Part","_parent":{"__id__":9},"_components":[{"__type__":"cc.Sprite","node":{"__id__":17},"_materials":[{"__uuid__":"ecpdLyjvZBwrvm+cedCcQy"}],"_spriteFrame":{"__uuid__":"78Z/JZSalMjJJkbixkE+cv"}},{"__type__":"cc.RigidBody","node":{"__id__":17},"_type":0,"enabledContactListener":true},{"__type__":"cc.PhysicsBoxCollider","node":{"__id__":17},"_offset":{"__type__":"cc.Vec2","x":-149,"y":2},"_size":{"__type__":"cc.Size","width":48,"height":512}},{"__type__":"cc.PhysicsBoxCollider","node":{"__id__":17},"_offset":{"__type__":"cc.Vec2","x":143.7,"y":0.1},"_size":{"__type__":"cc.Size","width":35.9,"height":512}}],"_prefab":{"__type__":"cc.PrefabInfo","root":{"__id__":1},"asset":{"__uuid__":"1dN4r9mG5MwJ1d0f7k7cVt"},"fileId":"376Xlch9RAXIkHO1UHXTCQ"},"_contentSize":{"__type__":"cc.Size","width":256,"height":512},"_trs":{"__type__":"TypedArray","ctor":"Float64Array","array":[3789.002,800,0,0,0,0,1,0.5,0.5,1]},"_groupIndex":11,"groupIndex":11},{"__type__":"cc.Node","_name":"Top_Down_Moving3","_parent":{"__id__":9},"_children":[{"__id__":19}],"_components":[{"__type__":"cc.Sprite","node":{"__id__":18},"_materials":[{"__uuid__":"ecpdLyjvZBwrvm+cedCcQy"}],"_spriteFrame":{"__uuid__":"08U0cYQQhO0YZQ+CdB6vtP"}},{"__type__":"cc.RigidBody","node":{"__id__":18},"_type":3,"_allowSleep":false,"_fixedRotation":true,"enabledContactListener":true,"bullet":true},{"__type__":"838b6GXRKlFKr+l3AKWAO3t","node":{"__id__":18}},{"__type__":"cc.PhysicsBoxCollider","node":{"__id__":18},"_offset":{"__type__":"cc.Vec2","x":0.8,"y":-524.6},"_size":{"__type__":"cc.Size","width":286,"height":65.5}},{"__type__":"cc.PhysicsBoxCollider","node":{"__id__":18},"_size":{"__type__":"cc.Size","width":128,"height":1024}}],"_prefab":{"__type__":"cc.PrefabInfo","root":{"__id__":1},"asset":{"__uuid__":"1dN4r9mG5MwJ1d0f7k7cVt"},"fileId":"97Y3vNo7NC+JUdKsaz5TEg"},"_contentSize":{"__type__":"cc.Size","width":128,"height":1024},"_trs":{"__type__":"TypedArray","ctor":"Float64Array","array":[4107.861,860,0,0,0,0,1,0.5,0.5,1]},"_groupIndex":9,"groupIndex":9},{"__type__":"cc.Node","_name":"Moving01","_parent":{"__id__":18},"_components":[{"__type__":"cc.Sprite","node":{"__id__":19},"_materials":[{"__uuid__":"ecpdLyjvZBwrvm+cedCcQy"}],"_spriteFrame":{"__uuid__":"7dbCh1dnRBP5V4L5/ECOUB"}}],"_prefab":{"__type__":"cc.PrefabInfo","root":{"__id__":1},"asset":{"__uuid__":"1dN4r9mG5MwJ1d0f7k7cVt"},"fileId":"1eaRGSEHpLeYaO8hTirl5Q"},"_contentSize":{"__type__":"cc.Size","width":512,"height":128},"_trs":{"__type__":"TypedArray","ctor":"Float64Array","array":[0,-493.661,0,0,0,0,1,1,1,1]},"_groupIndex":9,"groupIndex":9},{"__type__":"cc.Node","_name":"Top_Part","_parent":{"__id__":9},"_components":[{"__type__":"cc.Sprite","node":{"__id__":20},"_materials":[{"__uuid__":"ecpdLyjvZBwrvm+cedCcQy"}],"_spriteFrame":{"__uuid__":"78Z/JZSalMjJJkbixkE+cv"}},{"__type__":"cc.RigidBody","node":{"__id__":20},"_type":0,"enabledContactListener":true},{"__type__":"cc.PhysicsBoxCollider","node":{"__id__":20},"_offset":{"__type__":"cc.Vec2","x":-135.3},"_size":{"__type__":"cc.Size","width":22.9,"height":512}}],"_prefab":{"__type__":"cc.PrefabInfo","root":{"__id__":1},"asset":{"__uuid__":"1dN4r9mG5MwJ1d0f7k7cVt"},"fileId":"99b0c6gPtDqajgGkaIIEve"},"_contentSize":{"__type__":"cc.Size","width":256,"height":512},"_trs":{"__type__":"TypedArray","ctor":"Float64Array","array":[4109.315,800,0,0,0,0,1,0.5,0.5,1]},"_groupIndex":11,"groupIndex":11},{"__type__":"cc.Node","_name":"Down_Part","_parent":{"__id__":9},"_components":[{"__type__":"cc.Sprite","node":{"__id__":21},"_materials":[{"__uuid__":"ecpdLyjvZBwrvm+cedCcQy"}],"_spriteFrame":{"__uuid__":"65IIevXfVCYprzx9V3zpE5"}},{"__type__":"cc.RigidBody","node":{"__id__":21},"_type":0,"enabledContactListener":true},{"__type__":"cc.PhysicsBoxCollider","node":{"__id__":21},"_offset":{"__type__":"cc.Vec2","y":-0.1},"_size":{"__type__":"cc.Size","width":256,"height":514.1}}],"_prefab":{"__type__":"cc.PrefabInfo","root":{"__id__":1},"asset":{"__uuid__":"1dN4r9mG5MwJ1d0f7k7cVt"},"fileId":"32Z51awEdPe4jeDFKTNRUv"},"_contentSize":{"__type__":"cc.Size","width":256,"height":512},"_trs":{"__type__":"TypedArray","ctor":"Float64Array","array":[4109.014,267.719,0,0,0,1,6.123233995736766e-17,0.5,0.5,0.5]},"_eulerAngles":{"__type__":"cc.Vec3","z":180},"_groupIndex":3,"groupIndex":3},{"__type__":"cc.Node","_name":"Top_Down_Moving4","_parent":{"__id__":9},"_children":[{"__id__":23}],"_components":[{"__type__":"cc.Sprite","node":{"__id__":22},"_materials":[{"__uuid__":"ecpdLyjvZBwrvm+cedCcQy"}],"_spriteFrame":{"__uuid__":"08U0cYQQhO0YZQ+CdB6vtP"}},{"__type__":"cc.RigidBody","node":{"__id__":22},"_type":3,"_allowSleep":false,"_fixedRotation":true,"enabledContactListener":true,"bullet":true},{"__type__":"838b6GXRKlFKr+l3AKWAO3t","node":{"__id__":22}},{"__type__":"cc.PhysicsBoxCollider","node":{"__id__":22},"_offset":{"__type__":"cc.Vec2","x":0.8,"y":-524.6},"_size":{"__type__":"cc.Size","width":286,"height":65.4}},{"__type__":"cc.PhysicsBoxCollider","node":{"__id__":22},"_size":{"__type__":"cc.Size","width":128,"height":1024}}],"_prefab":{"__type__":"cc.PrefabInfo","root":{"__id__":1},"asset":{"__uuid__":"1dN4r9mG5MwJ1d0f7k7cVt"},"fileId":"76AMhRpCZHpYKJN6S6kA8n"},"_contentSize":{"__type__":"cc.Size","width":128,"height":1024},"_trs":{"__type__":"TypedArray","ctor":"Float64Array","array":[4447.688,910,0,0,0,0,1,0.5,0.5,1]},"_groupIndex":9,"groupIndex":9},{"__type__":"cc.Node","_name":"Moving01","_parent":{"__id__":22},"_components":[{"__type__":"cc.Sprite","node":{"__id__":23},"_materials":[{"__uuid__":"ecpdLyjvZBwrvm+cedCcQy"}],"_spriteFrame":{"__uuid__":"7dbCh1dnRBP5V4L5/ECOUB"}}],"_prefab":{"__type__":"cc.PrefabInfo","root":{"__id__":1},"asset":{"__uuid__":"1dN4r9mG5MwJ1d0f7k7cVt"},"fileId":"3217h4OZ9P/I05mw1QXAnr"},"_contentSize":{"__type__":"cc.Size","width":512,"height":128},"_trs":{"__type__":"TypedArray","ctor":"Float64Array","array":[0,-493.661,0,0,0,0,1,1,1,1]},"_groupIndex":9,"groupIndex":9},{"__type__":"cc.Node","_name":"Top_Part","_parent":{"__id__":9},"_components":[{"__type__":"cc.Sprite","node":{"__id__":24},"_materials":[{"__uuid__":"ecpdLyjvZBwrvm+cedCcQy"}],"_spriteFrame":{"__uuid__":"78Z/JZSalMjJJkbixkE+cv"}},{"__type__":"cc.RigidBody","node":{"__id__":24},"_type":0,"enabledContactListener":true},{"__type__":"cc.PhysicsBoxCollider","node":{"__id__":24},"_offset":{"__type__":"cc.Vec2","x":-138,"y":-3},"_size":{"__type__":"cc.Size","width":32,"height":512}}],"_prefab":{"__type__":"cc.PrefabInfo","root":{"__id__":1},"asset":{"__uuid__":"1dN4r9mG5MwJ1d0f7k7cVt"},"fileId":"25qJhgFJNG3Kwa9FFmUl22"},"_contentSize":{"__type__":"cc.Size","width":256,"height":512},"_trs":{"__type__":"TypedArray","ctor":"Float64Array","array":[4449.142,800,0,0,0,0,1,0.5,0.5,1]},"_groupIndex":11,"groupIndex":11},{"__type__":"cc.Node","_name":"Down_Part","_parent":{"__id__":9},"_components":[{"__type__":"cc.Sprite","node":{"__id__":25},"_materials":[{"__uuid__":"ecpdLyjvZBwrvm+cedCcQy"}],"_spriteFrame":{"__uuid__":"65IIevXfVCYprzx9V3zpE5"}},{"__type__":"cc.RigidBody","node":{"__id__":25},"_type":0,"enabledContactListener":true},{"__type__":"cc.PhysicsBoxCollider","node":{"__id__":25},"_offset":{"__type__":"cc.Vec2","y":-1},"_size":{"__type__":"cc.Size","width":256,"height":514.1}}],"_prefab":{"__type__":"cc.PrefabInfo","root":{"__id__":1},"asset":{"__uuid__":"1dN4r9mG5MwJ1d0f7k7cVt"},"fileId":"6dNbU/AppJepWXGyeNn9BX"},"_contentSize":{"__type__":"cc.Size","width":256,"height":512},"_trs":{"__type__":"TypedArray","ctor":"Float64Array","array":[4448.841,267.719,0,0,0,1,6.123233995736766e-17,0.5,0.5,0.5]},"_eulerAngles":{"__type__":"cc.Vec3","z":180},"_groupIndex":3,"groupIndex":3},{"__type__":"cc.Node","_name":"item2","_parent":{"__id__":2},"_children":[{"__id__":27},{"__id__":28}],"_components":[{"__type__":"cc.Sprite","node":{"__id__":26},"_materials":[{"__uuid__":"ecpdLyjvZBwrvm+cedCcQy"}],"_spriteFrame":{"__uuid__":"d9ZNBsOAJD+44MuzjlznxJ"},"_sizeMode":0},{"__type__":"0fe67UN+dJDM6D3VEpdVsoM","node":{"__id__":26},"is_rotate_num":1,"double_ray_node":{"__id__":28},"interval":null},{"__type__":"cc.RigidBody","node":{"__id__":26},"_type":0},{"__type__":"cc.PhysicsChainCollider","node":{"__id__":26},"points":[{"__type__":"cc.Vec2","x":-28.125,"y":18.75},{"__type__":"cc.Vec2","x":-28.125,"y":17.1875},{"__type__":"cc.Vec2","x":-31.25,"y":15.625},{"__type__":"cc.Vec2","x":-32.03125,"y":10.15625},{"__type__":"cc.Vec2","x":-35.15625,"y":9.375},{"__type__":"cc.Vec2","x":-38.28125,"y":5.46875},{"__type__":"cc.Vec2","x":-38.28125,"y":-9.375},{"__type__":"cc.Vec2","x":-32.8125,"y":-13.28125},{"__type__":"cc.Vec2","x":-31.25,"y":-17.1875},{"__type__":"cc.Vec2","x":-31.25,"y":-21.875},{"__type__":"cc.Vec2","x":-28.90625,"y":-22.65625},{"__type__":"cc.Vec2","x":-25.78125,"y":-32.03125},{"__type__":"cc.Vec2","x":-21.09375,"y":-32.03125},{"__type__":"cc.Vec2","x":-20.3125,"y":-35.15625},{"__type__":"cc.Vec2","x":-18.75,"y":-35.9375},{"__type__":"cc.Vec2","x":-14.0625,"y":-45.3125},{"__type__":"cc.Vec2","x":-12.5,"y":-46.09375},{"__type__":"cc.Vec2","x":-13.28125,"y":-48.4375},{"__type__":"cc.Vec2","x":-11.71875,"y":-47.65625},{"__type__":"cc.Vec2","x":-10.9375,"y":-50},{"__type__":"cc.Vec2","x":10.9375,"y":-50},{"__type__":"cc.Vec2","x":17.1875,"y":-38.28125},{"__type__":"cc.Vec2","x":20.3125,"y":-35.15625},{"__type__":"cc.Vec2","x":21.09375,"y":-32.03125},{"__type__":"cc.Vec2","x":25.78125,"y":-32.03125},{"__type__":"cc.Vec2","x":28.90625,"y":-22.65625},{"__type__":"cc.Vec2","x":31.25,"y":-21.875},{"__type__":"cc.Vec2","x":31.25,"y":-17.1875},{"__type__":"cc.Vec2","x":32.8125,"y":-13.28125},{"__type__":"cc.Vec2","x":34.375,"y":-12.5},{"__type__":"cc.Vec2","x":34.375,"y":-10.9375},{"__type__":"cc.Vec2","x":37.5,"y":-9.375},{"__type__":"cc.Vec2","x":37.5,"y":7.03125},{"__type__":"cc.Vec2","x":35.9375,"y":7.03125},{"__type__":"cc.Vec2","x":35.9375,"y":8.59375},{"__type__":"cc.Vec2","x":34.375,"y":8.59375},{"__type__":"cc.Vec2","x":33.59375,"y":10.15625},{"__type__":"cc.Vec2","x":31.25,"y":10.15625},{"__type__":"cc.Vec2","x":29.6875,"y":16.40625},{"__type__":"cc.Vec2","x":26.5625,"y":17.96875}]}],"_prefab":{"__type__":"cc.PrefabInfo","root":{"__id__":1},"asset":{"__uuid__":"1dN4r9mG5MwJ1d0f7k7cVt"},"fileId":"40Fef9eE9Ez5L+BmtZPMna"},"_contentSize":{"__type__":"cc.Size","width":100,"height":100},"_trs":{"__type__":"TypedArray","ctor":"Float64Array","array":[8109.179,556.043,0,0,0,0,1,1,1,1]},"_groupIndex":1,"groupIndex":1},{"__type__":"cc.Node","_name":"red_ray","_parent":{"__id__":26},"_children":[{"__type__":"cc.Node","_name":"ray_pt","_parent":{"__id__":27},"_prefab":{"__type__":"cc.PrefabInfo","root":{"__id__":1},"asset":{"__uuid__":"1dN4r9mG5MwJ1d0f7k7cVt"},"fileId":"7amu61yT5Ik6ViXKlOqFt8"},"_trs":{"__type__":"TypedArray","ctor":"Float64Array","array":[-0.787,-799.906,0,0,0,0,1,1,1,1]},"_groupIndex":1,"groupIndex":1},{"__type__":"cc.Node","_name":"ray_pt1","_parent":{"__id__":27},"_prefab":{"__type__":"cc.PrefabInfo","root":{"__id__":1},"asset":{"__uuid__":"1dN4r9mG5MwJ1d0f7k7cVt"},"fileId":"6enqL2xvNGBKqkipfAGFou"},"_trs":{"__type__":"TypedArray","ctor":"Float64Array","array":[-0.787,-0.928,0,0,0,0,1,1,1,1]},"_groupIndex":1,"groupIndex":1}],"_components":[{"__type__":"cc.Sprite","node":{"__id__":27},"_materials":[{"__uuid__":"ecpdLyjvZBwrvm+cedCcQy"}],"_spriteFrame":{"__uuid__":"a2MjXRFdtLlYQ5ouAFv/+R"},"_sizeMode":0}],"_prefab":{"__type__":"cc.PrefabInfo","root":{"__id__":1},"asset":{"__uuid__":"1dN4r9mG5MwJ1d0f7k7cVt"},"fileId":"feTSRfz1hAv4cmuDVf8ufM"},"_color":{"__type__":"cc.Color","r":255},"_contentSize":{"__type__":"cc.Size","width":10,"height":800},"_anchorPoint":{"__type__":"cc.Vec2","x":0.5,"y":1},"_trs":{"__type__":"TypedArray","ctor":"Float64Array","array":[0,-50.072,0,0,0,0,1,1,1,1]},"_groupIndex":1,"groupIndex":1},{"__type__":"cc.Node","_name":"red_ray2","_parent":{"__id__":26},"_children":[{"__type__":"cc.Node","_name":"ray_pt","_parent":{"__id__":28},"_prefab":{"__type__":"cc.PrefabInfo","root":{"__id__":1},"asset":{"__uuid__":"1dN4r9mG5MwJ1d0f7k7cVt"},"fileId":"59Ww9VPbBPco9HnQpWOl2n"},"_trs":{"__type__":"TypedArray","ctor":"Float64Array","array":[-0.787,-799.906,0,0,0,0,1,1,1,1]},"_groupIndex":1,"groupIndex":1},{"__type__":"cc.Node","_name":"ray_pt1","_parent":{"__id__":28},"_prefab":{"__type__":"cc.PrefabInfo","root":{"__id__":1},"asset":{"__uuid__":"1dN4r9mG5MwJ1d0f7k7cVt"},"fileId":"060HUGgexKO7Kz8uVDRt/6"},"_trs":{"__type__":"TypedArray","ctor":"Float64Array","array":[-0.787,-0.928,0,0,0,0,1,1,1,1]},"_groupIndex":1,"groupIndex":1}],"_active":false,"_components":[{"__type__":"cc.Sprite","node":{"__id__":28},"_materials":[{"__uuid__":"ecpdLyjvZBwrvm+cedCcQy"}],"_spriteFrame":{"__uuid__":"a2MjXRFdtLlYQ5ouAFv/+R"},"_sizeMode":0}],"_prefab":{"__type__":"cc.PrefabInfo","root":{"__id__":1},"asset":{"__uuid__":"1dN4r9mG5MwJ1d0f7k7cVt"},"fileId":"479DakSwlLeKEQh5Sj+M7A"},"_color":{"__type__":"cc.Color","r":255},"_contentSize":{"__type__":"cc.Size","width":10,"height":800},"_anchorPoint":{"__type__":"cc.Vec2","x":0.5,"y":1},"_trs":{"__type__":"TypedArray","ctor":"Float64Array","array":[-14455.72,-1241.492,0,0,0,0.49999999999999994,0.8660254037844387,1,1,1]},"_eulerAngles":{"__type__":"cc.Vec3","z":60},"_groupIndex":1,"groupIndex":1},{"__type__":"cc.Node","_name":"round_enemy","_parent":{"__id__":2},"_components":[{"__type__":"cc.Sprite","_name":"round_enemy<Sprite>","node":{"__id__":29},"_materials":[{"__uuid__":"ecpdLyjvZBwrvm+cedCcQy"}],"_spriteFrame":{"__uuid__":"b2dhMg3+ZNUZOZ1ZAU+zgL"},"_sizeMode":0},{"__type__":"cc.RigidBody","node":{"__id__":29},"_allowSleep":false,"_gravityScale":4,"_linearDamping":2,"_angularDamping":0.1,"enabledContactListener":true},{"__type__":"cc.PhysicsCircleCollider","node":{"__id__":29},"tag":3,"_density":2,"_friction":0.4,"_restitution":0.4,"_radius":45},{"__type__":"e14c478LIdDO4lEL1y1pOAL","node":{"__id__":29},"damageToGiveToPlayer":1,"forceToApply":30000,"jump_height":0,"isBomb":true,"bomb_timer":2,"bomb_effect":{"__uuid__":"9aRB9QCZlCbaWjBN0RAsO3"}},{"__type__":"acd38zgRtJBkoJjC48fiJKY","node":{"__id__":29},"bombeffect":{"__uuid__":"b0ysQ6zQtMiofcv9uOb2rp"}}],"_prefab":{"__type__":"cc.PrefabInfo","root":{"__id__":1},"asset":{"__uuid__":"1dN4r9mG5MwJ1d0f7k7cVt"},"fileId":"c5VOhJb/lORZ1OMJNAO48N"},"_contentSize":{"__type__":"cc.Size","width":90,"height":90},"_trs":{"__type__":"TypedArray","ctor":"Float64Array","array":[5347.423,593.869,0,0,0,0,1,1,1,1]},"_groupIndex":1,"groupIndex":1},{"__type__":"cc.Node","_name":"heros","_parent":{"__id__":1},"_children":[{"__id__":31},{"__id__":32}],"_prefab":{"__type__":"cc.PrefabInfo","root":{"__id__":1},"asset":{"__uuid__":"1dN4r9mG5MwJ1d0f7k7cVt"},"fileId":"e73cFSN/NPa7Wd8YIMxf6j"},"_anchorPoint":{"__type__":"cc.Vec2"},"_trs":{"__type__":"TypedArray","ctor":"Float64Array","array":[0,0,0,0,0,0,1,1,1,1]},"_groupIndex":1,"groupIndex":1},{"__type__":"cc.Node","_name":"round_enemy","_parent":{"__id__":30},"_components":[{"__type__":"cc.Sprite","_name":"round_enemy<Sprite>","node":{"__id__":31},"_materials":[{"__uuid__":"ecpdLyjvZBwrvm+cedCcQy"}],"_spriteFrame":{"__uuid__":"b2dhMg3+ZNUZOZ1ZAU+zgL"},"_sizeMode":0},{"__type__":"cc.RigidBody","node":{"__id__":31},"_allowSleep":false,"_gravityScale":4,"_linearDamping":2,"_angularDamping":0.1,"enabledContactListener":true},{"__type__":"cc.PhysicsCircleCollider","node":{"__id__":31},"tag":3,"_density":2,"_friction":0.4,"_restitution":0.4,"_radius":45},{"__type__":"e14c478LIdDO4lEL1y1pOAL","node":{"__id__":31},"damageToGiveToPlayer":1,"forceToApply":30000,"jump_height":400,"bomb_effect":{"__uuid__":"9aRB9QCZlCbaWjBN0RAsO3"}},{"__type__":"acd38zgRtJBkoJjC48fiJKY","node":{"__id__":31},"bombeffect":{"__uuid__":"b0ysQ6zQtMiofcv9uOb2rp"}}],"_prefab":{"__type__":"cc.PrefabInfo","root":{"__id__":1},"asset":{"__uuid__":"1dN4r9mG5MwJ1d0f7k7cVt"},"fileId":"f5ygFbFpVHgLwohFAPGEhs"},"_contentSize":{"__type__":"cc.Size","width":90,"height":90},"_trs":{"__type__":"TypedArray","ctor":"Float64Array","array":[2257.181,486.736,0,0,0,0,1,1,1,1]},"_groupIndex":1,"groupIndex":1},{"__type__":"cc.Node","_name":"coins","_parent":{"__id__":30},"_children":[{"__id__":33},{"__id__":34},{"__id__":35},{"__id__":36},{"__id__":37},{"__id__":38},{"__id__":39},{"__id__":40},{"__id__":41},{"__id__":42},{"__id__":43},{"__id__":44},{"__id__":45},{"__id__":46},{"__id__":47},{"__id__":48},{"__id__":49},{"__id__":50},{"__id__":51},{"__id__":52},{"__id__":53},{"__id__":54},{"__id__":55},{"__id__":56},{"__id__":57},{"__id__":58}],"_prefab":{"__type__":"cc.PrefabInfo","root":{"__id__":1},"asset":{"__uuid__":"1dN4r9mG5MwJ1d0f7k7cVt"},"fileId":"80t+gCojxBLZy6JnFLb2Uq"},"_trs":{"__type__":"TypedArray","ctor":"Float64Array","array":[0,0,0,0,0,0,1,1,1,1]},"_groupIndex":1,"groupIndex":1},{"__type__":"cc.Node","_name":"coin","_parent":{"__id__":32},"_components":[{"__type__":"cc.Sprite","node":{"__id__":33},"_materials":[{"__uuid__":"ecpdLyjvZBwrvm+cedCcQy"}],"_spriteFrame":{"__uuid__":"5fBaYM24ZPr4CKfNVUvrdH"},"_sizeMode":0},{"__type__":"cc.RigidBody","node":{"__id__":33},"_type":0,"_allowSleep":false,"enabledContactListener":true},{"__type__":"cc.PhysicsCircleCollider","node":{"__id__":33},"_sensor":true,"_restitution":0.2,"_radius":23},{"__type__":"069edsCLOBL15FM+XA6qGxf","node":{"__id__":33},"pickeffect":{"__uuid__":"2e0DSCaaJHNKIgvBUfLo/u"}}],"_prefab":{"__type__":"cc.PrefabInfo","root":{"__id__":1},"asset":{"__uuid__":"1dN4r9mG5MwJ1d0f7k7cVt"},"fileId":"98sBk4t1pEgJkLVf9qqzkI"},"_contentSize":{"__type__":"cc.Size","width":46,"height":46},"_trs":{"__type__":"TypedArray","ctor":"Float64Array","array":[900,300,0,0,0,0,1,1,1,1]},"_groupIndex":1,"groupIndex":1},{"__type__":"cc.Node","_name":"coin copy","_parent":{"__id__":32},"_components":[{"__type__":"cc.Sprite","node":{"__id__":34},"_materials":[{"__uuid__":"ecpdLyjvZBwrvm+cedCcQy"}],"_spriteFrame":{"__uuid__":"5fBaYM24ZPr4CKfNVUvrdH"},"_sizeMode":0},{"__type__":"cc.RigidBody","node":{"__id__":34},"_type":0,"_allowSleep":false,"enabledContactListener":true},{"__type__":"cc.PhysicsCircleCollider","node":{"__id__":34},"_sensor":true,"_restitution":0.2,"_radius":23},{"__type__":"069edsCLOBL15FM+XA6qGxf","node":{"__id__":34},"pickeffect":{"__uuid__":"2e0DSCaaJHNKIgvBUfLo/u"}}],"_prefab":{"__type__":"cc.PrefabInfo","root":{"__id__":1},"asset":{"__uuid__":"1dN4r9mG5MwJ1d0f7k7cVt"},"fileId":"9cYom84zhBAoDofOX+TYrx"},"_contentSize":{"__type__":"cc.Size","width":46,"height":46},"_trs":{"__type__":"TypedArray","ctor":"Float64Array","array":[1200,300,0,0,0,0,1,1,1,1]},"_groupIndex":1,"groupIndex":1},{"__type__":"cc.Node","_name":"coin copy","_parent":{"__id__":32},"_components":[{"__type__":"cc.Sprite","node":{"__id__":35},"_materials":[{"__uuid__":"ecpdLyjvZBwrvm+cedCcQy"}],"_spriteFrame":{"__uuid__":"5fBaYM24ZPr4CKfNVUvrdH"},"_sizeMode":0},{"__type__":"cc.RigidBody","node":{"__id__":35},"_type":0,"_allowSleep":false,"enabledContactListener":true},{"__type__":"cc.PhysicsCircleCollider","node":{"__id__":35},"_sensor":true,"_restitution":0.2,"_radius":23},{"__type__":"069edsCLOBL15FM+XA6qGxf","node":{"__id__":35},"pickeffect":{"__uuid__":"2e0DSCaaJHNKIgvBUfLo/u"}}],"_prefab":{"__type__":"cc.PrefabInfo","root":{"__id__":1},"asset":{"__uuid__":"1dN4r9mG5MwJ1d0f7k7cVt"},"fileId":"26alvvqVVPPYoBLaC0MfEE"},"_contentSize":{"__type__":"cc.Size","width":46,"height":46},"_trs":{"__type__":"TypedArray","ctor":"Float64Array","array":[1500,300,0,0,0,0,1,1,1,1]},"_groupIndex":1,"groupIndex":1},{"__type__":"cc.Node","_name":"coin copy","_parent":{"__id__":32},"_components":[{"__type__":"cc.Sprite","node":{"__id__":36},"_materials":[{"__uuid__":"ecpdLyjvZBwrvm+cedCcQy"}],"_spriteFrame":{"__uuid__":"5fBaYM24ZPr4CKfNVUvrdH"},"_sizeMode":0},{"__type__":"cc.RigidBody","node":{"__id__":36},"_type":0,"_allowSleep":false,"enabledContactListener":true},{"__type__":"cc.PhysicsCircleCollider","node":{"__id__":36},"_sensor":true,"_restitution":0.2,"_radius":23},{"__type__":"069edsCLOBL15FM+XA6qGxf","node":{"__id__":36},"pickeffect":{"__uuid__":"2e0DSCaaJHNKIgvBUfLo/u"}}],"_prefab":{"__type__":"cc.PrefabInfo","root":{"__id__":1},"asset":{"__uuid__":"1dN4r9mG5MwJ1d0f7k7cVt"},"fileId":"65BCmjHS9GybUmvbrofU9I"},"_contentSize":{"__type__":"cc.Size","width":46,"height":46},"_trs":{"__type__":"TypedArray","ctor":"Float64Array","array":[1800,300,0,0,0,0,1,1,1,1]},"_groupIndex":1,"groupIndex":1},{"__type__":"cc.Node","_name":"coin copy","_parent":{"__id__":32},"_components":[{"__type__":"cc.Sprite","node":{"__id__":37},"_materials":[{"__uuid__":"ecpdLyjvZBwrvm+cedCcQy"}],"_spriteFrame":{"__uuid__":"5fBaYM24ZPr4CKfNVUvrdH"},"_sizeMode":0},{"__type__":"cc.RigidBody","node":{"__id__":37},"_type":0,"_allowSleep":false,"enabledContactListener":true},{"__type__":"cc.PhysicsCircleCollider","node":{"__id__":37},"_sensor":true,"_restitution":0.2,"_radius":23},{"__type__":"069edsCLOBL15FM+XA6qGxf","node":{"__id__":37},"pickeffect":{"__uuid__":"2e0DSCaaJHNKIgvBUfLo/u"}}],"_prefab":{"__type__":"cc.PrefabInfo","root":{"__id__":1},"asset":{"__uuid__":"1dN4r9mG5MwJ1d0f7k7cVt"},"fileId":"e35FDrshtNrIhGi9sGpdIz"},"_contentSize":{"__type__":"cc.Size","width":46,"height":46},"_trs":{"__type__":"TypedArray","ctor":"Float64Array","array":[2200,450,0,0,0,0,1,1,1,1]},"_groupIndex":1,"groupIndex":1},{"__type__":"cc.Node","_name":"coin copy","_parent":{"__id__":32},"_components":[{"__type__":"cc.Sprite","node":{"__id__":38},"_materials":[{"__uuid__":"ecpdLyjvZBwrvm+cedCcQy"}],"_spriteFrame":{"__uuid__":"5fBaYM24ZPr4CKfNVUvrdH"},"_sizeMode":0},{"__type__":"cc.RigidBody","node":{"__id__":38},"_type":0,"_allowSleep":false,"enabledContactListener":true},{"__type__":"cc.PhysicsCircleCollider","node":{"__id__":38},"_sensor":true,"_restitution":0.2,"_radius":23},{"__type__":"069edsCLOBL15FM+XA6qGxf","node":{"__id__":38},"pickeffect":{"__uuid__":"2e0DSCaaJHNKIgvBUfLo/u"}}],"_prefab":{"__type__":"cc.PrefabInfo","root":{"__id__":1},"asset":{"__uuid__":"1dN4r9mG5MwJ1d0f7k7cVt"},"fileId":"7eEFl1Kh9N3r7+RwFDtETE"},"_contentSize":{"__type__":"cc.Size","width":46,"height":46},"_trs":{"__type__":"TypedArray","ctor":"Float64Array","array":[2400,450,0,0,0,0,1,1,1,1]},"_groupIndex":1,"groupIndex":1},{"__type__":"cc.Node","_name":"coin copy","_parent":{"__id__":32},"_components":[{"__type__":"cc.Sprite","node":{"__id__":39},"_materials":[{"__uuid__":"ecpdLyjvZBwrvm+cedCcQy"}],"_spriteFrame":{"__uuid__":"5fBaYM24ZPr4CKfNVUvrdH"},"_sizeMode":0},{"__type__":"cc.RigidBody","node":{"__id__":39},"_type":0,"_allowSleep":false,"enabledContactListener":true},{"__type__":"cc.PhysicsCircleCollider","node":{"__id__":39},"_sensor":true,"_restitution":0.2,"_radius":23},{"__type__":"069edsCLOBL15FM+XA6qGxf","node":{"__id__":39},"pickeffect":{"__uuid__":"2e0DSCaaJHNKIgvBUfLo/u"}}],"_prefab":{"__type__":"cc.PrefabInfo","root":{"__id__":1},"asset":{"__uuid__":"1dN4r9mG5MwJ1d0f7k7cVt"},"fileId":"5927nzURlNEYaljNXzbiMR"},"_contentSize":{"__type__":"cc.Size","width":46,"height":46},"_trs":{"__type__":"TypedArray","ctor":"Float64Array","array":[2600,450,0,0,0,0,1,1,1,1]},"_groupIndex":1,"groupIndex":1},{"__type__":"cc.Node","_name":"coin copy","_parent":{"__id__":32},"_components":[{"__type__":"cc.Sprite","node":{"__id__":40},"_materials":[{"__uuid__":"ecpdLyjvZBwrvm+cedCcQy"}],"_spriteFrame":{"__uuid__":"5fBaYM24ZPr4CKfNVUvrdH"},"_sizeMode":0},{"__type__":"cc.RigidBody","node":{"__id__":40},"_type":0,"_allowSleep":false,"enabledContactListener":true},{"__type__":"cc.PhysicsCircleCollider","node":{"__id__":40},"_sensor":true,"_restitution":0.2,"_radius":23},{"__type__":"069edsCLOBL15FM+XA6qGxf","node":{"__id__":40},"pickeffect":{"__uuid__":"2e0DSCaaJHNKIgvBUfLo/u"}}],"_prefab":{"__type__":"cc.PrefabInfo","root":{"__id__":1},"asset":{"__uuid__":"1dN4r9mG5MwJ1d0f7k7cVt"},"fileId":"5bUGefdjtGAofhTbsjptgY"},"_contentSize":{"__type__":"cc.Size","width":46,"height":46},"_trs":{"__type__":"TypedArray","ctor":"Float64Array","array":[3065,350,0,0,0,0,1,1,1,1]},"_groupIndex":1,"groupIndex":1},{"__type__":"cc.Node","_name":"coin copy","_parent":{"__id__":32},"_components":[{"__type__":"cc.Sprite","node":{"__id__":41},"_materials":[{"__uuid__":"ecpdLyjvZBwrvm+cedCcQy"}],"_spriteFrame":{"__uuid__":"5fBaYM24ZPr4CKfNVUvrdH"},"_sizeMode":0},{"__type__":"cc.RigidBody","node":{"__id__":41},"_type":0,"_allowSleep":false,"enabledContactListener":true},{"__type__":"cc.PhysicsCircleCollider","node":{"__id__":41},"_sensor":true,"_restitution":0.2,"_radius":23},{"__type__":"069edsCLOBL15FM+XA6qGxf","node":{"__id__":41},"pickeffect":{"__uuid__":"2e0DSCaaJHNKIgvBUfLo/u"}}],"_prefab":{"__type__":"cc.PrefabInfo","root":{"__id__":1},"asset":{"__uuid__":"1dN4r9mG5MwJ1d0f7k7cVt"},"fileId":"66DA8lI55OKrdGhG8ZmDin"},"_contentSize":{"__type__":"cc.Size","width":46,"height":46},"_trs":{"__type__":"TypedArray","ctor":"Float64Array","array":[3130,350,0,0,0,0,1,1,1,1]},"_groupIndex":1,"groupIndex":1},{"__type__":"cc.Node","_name":"coin copy","_parent":{"__id__":32},"_components":[{"__type__":"cc.Sprite","node":{"__id__":42},"_materials":[{"__uuid__":"ecpdLyjvZBwrvm+cedCcQy"}],"_spriteFrame":{"__uuid__":"5fBaYM24ZPr4CKfNVUvrdH"},"_sizeMode":0},{"__type__":"cc.RigidBody","node":{"__id__":42},"_type":0,"_allowSleep":false,"enabledContactListener":true},{"__type__":"cc.PhysicsCircleCollider","node":{"__id__":42},"_sensor":true,"_restitution":0.2,"_radius":23},{"__type__":"069edsCLOBL15FM+XA6qGxf","node":{"__id__":42},"pickeffect":{"__uuid__":"2e0DSCaaJHNKIgvBUfLo/u"}}],"_prefab":{"__type__":"cc.PrefabInfo","root":{"__id__":1},"asset":{"__uuid__":"1dN4r9mG5MwJ1d0f7k7cVt"},"fileId":"03inslWKJPpYdWTxsa7NEx"},"_contentSize":{"__type__":"cc.Size","width":46,"height":46},"_trs":{"__type__":"TypedArray","ctor":"Float64Array","array":[3130,290,0,0,0,0,1,1,1,1]},"_groupIndex":1,"groupIndex":1},{"__type__":"cc.Node","_name":"coin copy","_parent":{"__id__":32},"_components":[{"__type__":"cc.Sprite","node":{"__id__":43},"_materials":[{"__uuid__":"ecpdLyjvZBwrvm+cedCcQy"}],"_spriteFrame":{"__uuid__":"5fBaYM24ZPr4CKfNVUvrdH"},"_sizeMode":0},{"__type__":"cc.RigidBody","node":{"__id__":43},"_type":0,"_allowSleep":false,"enabledContactListener":true},{"__type__":"cc.PhysicsCircleCollider","node":{"__id__":43},"_sensor":true,"_restitution":0.2,"_radius":23},{"__type__":"069edsCLOBL15FM+XA6qGxf","node":{"__id__":43},"pickeffect":{"__uuid__":"2e0DSCaaJHNKIgvBUfLo/u"}}],"_prefab":{"__type__":"cc.PrefabInfo","root":{"__id__":1},"asset":{"__uuid__":"1dN4r9mG5MwJ1d0f7k7cVt"},"fileId":"50AIOo4fZObLnFWEFsjGjl"},"_contentSize":{"__type__":"cc.Size","width":46,"height":46},"_trs":{"__type__":"TypedArray","ctor":"Float64Array","array":[3065,290,0,0,0,0,1,1,1,1]},"_groupIndex":1,"groupIndex":1},{"__type__":"cc.Node","_name":"coin copy","_parent":{"__id__":32},"_components":[{"__type__":"cc.Sprite","node":{"__id__":44},"_materials":[{"__uuid__":"ecpdLyjvZBwrvm+cedCcQy"}],"_spriteFrame":{"__uuid__":"5fBaYM24ZPr4CKfNVUvrdH"},"_sizeMode":0},{"__type__":"cc.RigidBody","node":{"__id__":44},"_type":0,"_allowSleep":false,"enabledContactListener":true},{"__type__":"cc.PhysicsCircleCollider","node":{"__id__":44},"_sensor":true,"_restitution":0.2,"_radius":23},{"__type__":"069edsCLOBL15FM+XA6qGxf","node":{"__id__":44},"pickeffect":{"__uuid__":"2e0DSCaaJHNKIgvBUfLo/u"}}],"_prefab":{"__type__":"cc.PrefabInfo","root":{"__id__":1},"asset":{"__uuid__":"1dN4r9mG5MwJ1d0f7k7cVt"},"fileId":"8fxhe+KmtO55fdswqIk27D"},"_contentSize":{"__type__":"cc.Size","width":46,"height":46},"_trs":{"__type__":"TypedArray","ctor":"Float64Array","array":[3458.994,419.148,0,0,0,0,1,1,1,1]},"_groupIndex":1,"groupIndex":1},{"__type__":"cc.Node","_name":"coin copy","_parent":{"__id__":32},"_components":[{"__type__":"cc.Sprite","node":{"__id__":45},"_materials":[{"__uuid__":"ecpdLyjvZBwrvm+cedCcQy"}],"_spriteFrame":{"__uuid__":"5fBaYM24ZPr4CKfNVUvrdH"},"_sizeMode":0},{"__type__":"cc.RigidBody","node":{"__id__":45},"_type":0,"_allowSleep":false,"enabledContactListener":true},{"__type__":"cc.PhysicsCircleCollider","node":{"__id__":45},"_sensor":true,"_restitution":0.2,"_radius":23},{"__type__":"069edsCLOBL15FM+XA6qGxf","node":{"__id__":45},"pickeffect":{"__uuid__":"2e0DSCaaJHNKIgvBUfLo/u"}}],"_prefab":{"__type__":"cc.PrefabInfo","root":{"__id__":1},"asset":{"__uuid__":"1dN4r9mG5MwJ1d0f7k7cVt"},"fileId":"d3+Qf0rBtLGLLsyPwYBbll"},"_contentSize":{"__type__":"cc.Size","width":46,"height":46},"_trs":{"__type__":"TypedArray","ctor":"Float64Array","array":[3793.029,418.912,0,0,0,0,1,1,1,1]},"_groupIndex":1,"groupIndex":1},{"__type__":"cc.Node","_name":"coin copy","_parent":{"__id__":32},"_components":[{"__type__":"cc.Sprite","node":{"__id__":46},"_materials":[{"__uuid__":"ecpdLyjvZBwrvm+cedCcQy"}],"_spriteFrame":{"__uuid__":"5fBaYM24ZPr4CKfNVUvrdH"},"_sizeMode":0},{"__type__":"cc.RigidBody","node":{"__id__":46},"_type":0,"_allowSleep":false,"enabledContactListener":true},{"__type__":"cc.PhysicsCircleCollider","node":{"__id__":46},"_sensor":true,"_restitution":0.2,"_radius":23},{"__type__":"069edsCLOBL15FM+XA6qGxf","node":{"__id__":46},"pickeffect":{"__uuid__":"2e0DSCaaJHNKIgvBUfLo/u"}}],"_prefab":{"__type__":"cc.PrefabInfo","root":{"__id__":1},"asset":{"__uuid__":"1dN4r9mG5MwJ1d0f7k7cVt"},"fileId":"13FKIZTNJB34asQe2DERWU"},"_contentSize":{"__type__":"cc.Size","width":46,"height":46},"_trs":{"__type__":"TypedArray","ctor":"Float64Array","array":[4110.823,418.73,0,0,0,0,1,1,1,1]},"_groupIndex":1,"groupIndex":1},{"__type__":"cc.Node","_name":"coin copy","_parent":{"__id__":32},"_components":[{"__type__":"cc.Sprite","node":{"__id__":47},"_materials":[{"__uuid__":"ecpdLyjvZBwrvm+cedCcQy"}],"_spriteFrame":{"__uuid__":"5fBaYM24ZPr4CKfNVUvrdH"},"_sizeMode":0},{"__type__":"cc.RigidBody","node":{"__id__":47},"_type":0,"_allowSleep":false,"enabledContactListener":true},{"__type__":"cc.PhysicsCircleCollider","node":{"__id__":47},"_sensor":true,"_restitution":0.2,"_radius":23},{"__type__":"069edsCLOBL15FM+XA6qGxf","node":{"__id__":47},"pickeffect":{"__uuid__":"2e0DSCaaJHNKIgvBUfLo/u"}}],"_prefab":{"__type__":"cc.PrefabInfo","root":{"__id__":1},"asset":{"__uuid__":"1dN4r9mG5MwJ1d0f7k7cVt"},"fileId":"24xVTkzUBDebB8lQSHwyo7"},"_contentSize":{"__type__":"cc.Size","width":46,"height":46},"_trs":{"__type__":"TypedArray","ctor":"Float64Array","array":[4448.922,417.767,0,0,0,0,1,1,1,1]},"_groupIndex":1,"groupIndex":1},{"__type__":"cc.Node","_name":"coin copy","_parent":{"__id__":32},"_components":[{"__type__":"cc.Sprite","node":{"__id__":48},"_materials":[{"__uuid__":"ecpdLyjvZBwrvm+cedCcQy"}],"_spriteFrame":{"__uuid__":"5fBaYM24ZPr4CKfNVUvrdH"},"_sizeMode":0},{"__type__":"cc.RigidBody","node":{"__id__":48},"_type":0,"_allowSleep":false,"enabledContactListener":true},{"__type__":"cc.PhysicsCircleCollider","node":{"__id__":48},"_sensor":true,"_restitution":0.2,"_radius":23},{"__type__":"069edsCLOBL15FM+XA6qGxf","node":{"__id__":48},"pickeffect":{"__uuid__":"2e0DSCaaJHNKIgvBUfLo/u"}}],"_prefab":{"__type__":"cc.PrefabInfo","root":{"__id__":1},"asset":{"__uuid__":"1dN4r9mG5MwJ1d0f7k7cVt"},"fileId":"bf+Tu+Ut1E8YbPtb6m7DHT"},"_contentSize":{"__type__":"cc.Size","width":46,"height":46},"_trs":{"__type__":"TypedArray","ctor":"Float64Array","array":[5088.921,426.16,0,0,0,0,1,1,1,1]},"_groupIndex":1,"groupIndex":1},{"__type__":"cc.Node","_name":"coin copy","_parent":{"__id__":32},"_components":[{"__type__":"cc.Sprite","node":{"__id__":49},"_materials":[{"__uuid__":"ecpdLyjvZBwrvm+cedCcQy"}],"_spriteFrame":{"__uuid__":"5fBaYM24ZPr4CKfNVUvrdH"},"_sizeMode":0},{"__type__":"cc.RigidBody","node":{"__id__":49},"_type":0,"_allowSleep":false,"enabledContactListener":true},{"__type__":"cc.PhysicsCircleCollider","node":{"__id__":49},"_sensor":true,"_restitution":0.2,"_radius":23},{"__type__":"069edsCLOBL15FM+XA6qGxf","node":{"__id__":49},"pickeffect":{"__uuid__":"2e0DSCaaJHNKIgvBUfLo/u"}}],"_prefab":{"__type__":"cc.PrefabInfo","root":{"__id__":1},"asset":{"__uuid__":"1dN4r9mG5MwJ1d0f7k7cVt"},"fileId":"ffRagvviVBBZC6vtATpqvG"},"_contentSize":{"__type__":"cc.Size","width":46,"height":46},"_trs":{"__type__":"TypedArray","ctor":"Float64Array","array":[5170.331,429.096,0,0,0,0,1,1,1,1]},"_groupIndex":1,"groupIndex":1},{"__type__":"cc.Node","_name":"coin copy","_parent":{"__id__":32},"_components":[{"__type__":"cc.Sprite","node":{"__id__":50},"_materials":[{"__uuid__":"ecpdLyjvZBwrvm+cedCcQy"}],"_spriteFrame":{"__uuid__":"5fBaYM24ZPr4CKfNVUvrdH"},"_sizeMode":0},{"__type__":"cc.RigidBody","node":{"__id__":50},"_type":0,"_allowSleep":false,"enabledContactListener":true},{"__type__":"cc.PhysicsCircleCollider","node":{"__id__":50},"_sensor":true,"_restitution":0.2,"_radius":23},{"__type__":"069edsCLOBL15FM+XA6qGxf","node":{"__id__":50},"pickeffect":{"__uuid__":"2e0DSCaaJHNKIgvBUfLo/u"}}],"_prefab":{"__type__":"cc.PrefabInfo","root":{"__id__":1},"asset":{"__uuid__":"1dN4r9mG5MwJ1d0f7k7cVt"},"fileId":"79WVPcSzROEKlD8w6LhimA"},"_contentSize":{"__type__":"cc.Size","width":46,"height":46},"_trs":{"__type__":"TypedArray","ctor":"Float64Array","array":[6055.653,597.29,0,0,0,0,1,1,1,1]},"_groupIndex":1,"groupIndex":1},{"__type__":"cc.Node","_name":"coin copy","_parent":{"__id__":32},"_components":[{"__type__":"cc.Sprite","node":{"__id__":51},"_materials":[{"__uuid__":"ecpdLyjvZBwrvm+cedCcQy"}],"_spriteFrame":{"__uuid__":"5fBaYM24ZPr4CKfNVUvrdH"},"_sizeMode":0},{"__type__":"cc.RigidBody","node":{"__id__":51},"_type":0,"_allowSleep":false,"enabledContactListener":true},{"__type__":"cc.PhysicsCircleCollider","node":{"__id__":51},"_sensor":true,"_restitution":0.2,"_radius":23},{"__type__":"069edsCLOBL15FM+XA6qGxf","node":{"__id__":51},"pickeffect":{"__uuid__":"2e0DSCaaJHNKIgvBUfLo/u"}}],"_prefab":{"__type__":"cc.PrefabInfo","root":{"__id__":1},"asset":{"__uuid__":"1dN4r9mG5MwJ1d0f7k7cVt"},"fileId":"d5892kTrFKqq7f6hpCP+Vc"},"_contentSize":{"__type__":"cc.Size","width":46,"height":46},"_trs":{"__type__":"TypedArray","ctor":"Float64Array","array":[6112.593,597.29,0,0,0,0,1,1,1,1]},"_groupIndex":1,"groupIndex":1},{"__type__":"cc.Node","_name":"coin copy","_parent":{"__id__":32},"_components":[{"__type__":"cc.Sprite","node":{"__id__":52},"_materials":[{"__uuid__":"ecpdLyjvZBwrvm+cedCcQy"}],"_spriteFrame":{"__uuid__":"5fBaYM24ZPr4CKfNVUvrdH"},"_sizeMode":0},{"__type__":"cc.RigidBody","node":{"__id__":52},"_type":0,"_allowSleep":false,"enabledContactListener":true},{"__type__":"cc.PhysicsCircleCollider","node":{"__id__":52},"_sensor":true,"_restitution":0.2,"_radius":23},{"__type__":"069edsCLOBL15FM+XA6qGxf","node":{"__id__":52},"pickeffect":{"__uuid__":"2e0DSCaaJHNKIgvBUfLo/u"}}],"_prefab":{"__type__":"cc.PrefabInfo","root":{"__id__":1},"asset":{"__uuid__":"1dN4r9mG5MwJ1d0f7k7cVt"},"fileId":"324rUqpohJWLODiyoHLOMX"},"_contentSize":{"__type__":"cc.Size","width":46,"height":46},"_trs":{"__type__":"TypedArray","ctor":"Float64Array","array":[6112.593,547.29,0,0,0,0,1,1,1,1]},"_groupIndex":1,"groupIndex":1},{"__type__":"cc.Node","_name":"coin copy","_parent":{"__id__":32},"_components":[{"__type__":"cc.Sprite","node":{"__id__":53},"_materials":[{"__uuid__":"ecpdLyjvZBwrvm+cedCcQy"}],"_spriteFrame":{"__uuid__":"5fBaYM24ZPr4CKfNVUvrdH"},"_sizeMode":0},{"__type__":"cc.RigidBody","node":{"__id__":53},"_type":0,"_allowSleep":false,"enabledContactListener":true},{"__type__":"cc.PhysicsCircleCollider","node":{"__id__":53},"_sensor":true,"_restitution":0.2,"_radius":23},{"__type__":"069edsCLOBL15FM+XA6qGxf","node":{"__id__":53},"pickeffect":{"__uuid__":"2e0DSCaaJHNKIgvBUfLo/u"}}],"_prefab":{"__type__":"cc.PrefabInfo","root":{"__id__":1},"asset":{"__uuid__":"1dN4r9mG5MwJ1d0f7k7cVt"},"fileId":"c6vIGRS1BBrose3vXhkqBS"},"_contentSize":{"__type__":"cc.Size","width":46,"height":46},"_trs":{"__type__":"TypedArray","ctor":"Float64Array","array":[6055.653,547.29,0,0,0,0,1,1,1,1]},"_groupIndex":1,"groupIndex":1},{"__type__":"cc.Node","_name":"coin copy","_parent":{"__id__":32},"_components":[{"__type__":"cc.Sprite","node":{"__id__":54},"_materials":[{"__uuid__":"ecpdLyjvZBwrvm+cedCcQy"}],"_spriteFrame":{"__uuid__":"5fBaYM24ZPr4CKfNVUvrdH"},"_sizeMode":0},{"__type__":"cc.RigidBody","node":{"__id__":54},"_type":0,"_allowSleep":false,"enabledContactListener":true},{"__type__":"cc.PhysicsCircleCollider","node":{"__id__":54},"_sensor":true,"_restitution":0.2,"_radius":23},{"__type__":"069edsCLOBL15FM+XA6qGxf","node":{"__id__":54},"pickeffect":{"__uuid__":"2e0DSCaaJHNKIgvBUfLo/u"}}],"_prefab":{"__type__":"cc.PrefabInfo","root":{"__id__":1},"asset":{"__uuid__":"1dN4r9mG5MwJ1d0f7k7cVt"},"fileId":"aaKfLudR5D1reg1vqVbf5P"},"_contentSize":{"__type__":"cc.Size","width":46,"height":46},"_trs":{"__type__":"TypedArray","ctor":"Float64Array","array":[6695.739,437.189,0,0,0,0,1,1,1,1]},"_groupIndex":1,"groupIndex":1},{"__type__":"cc.Node","_name":"coin copy","_parent":{"__id__":32},"_components":[{"__type__":"cc.Sprite","node":{"__id__":55},"_materials":[{"__uuid__":"ecpdLyjvZBwrvm+cedCcQy"}],"_spriteFrame":{"__uuid__":"5fBaYM24ZPr4CKfNVUvrdH"},"_sizeMode":0},{"__type__":"cc.RigidBody","node":{"__id__":55},"_type":0,"_allowSleep":false,"enabledContactListener":true},{"__type__":"cc.PhysicsCircleCollider","node":{"__id__":55},"_sensor":true,"_restitution":0.2,"_radius":23},{"__type__":"069edsCLOBL15FM+XA6qGxf","node":{"__id__":55},"pickeffect":{"__uuid__":"2e0DSCaaJHNKIgvBUfLo/u"}}],"_prefab":{"__type__":"cc.PrefabInfo","root":{"__id__":1},"asset":{"__uuid__":"1dN4r9mG5MwJ1d0f7k7cVt"},"fileId":"db2Vxy4uBHcoJ6wKexYYxL"},"_contentSize":{"__type__":"cc.Size","width":46,"height":46},"_trs":{"__type__":"TypedArray","ctor":"Float64Array","array":[6783.039,435.773,0,0,0,0,1,1,1,1]},"_groupIndex":1,"groupIndex":1},{"__type__":"cc.Node","_name":"coin copy","_parent":{"__id__":32},"_components":[{"__type__":"cc.Sprite","node":{"__id__":56},"_materials":[{"__uuid__":"ecpdLyjvZBwrvm+cedCcQy"}],"_spriteFrame":{"__uuid__":"5fBaYM24ZPr4CKfNVUvrdH"},"_sizeMode":0},{"__type__":"cc.RigidBody","node":{"__id__":56},"_type":0,"_allowSleep":false,"enabledContactListener":true},{"__type__":"cc.PhysicsCircleCollider","node":{"__id__":56},"_sensor":true,"_restitution":0.2,"_radius":23},{"__type__":"069edsCLOBL15FM+XA6qGxf","node":{"__id__":56},"pickeffect":{"__uuid__":"2e0DSCaaJHNKIgvBUfLo/u"}}],"_prefab":{"__type__":"cc.PrefabInfo","root":{"__id__":1},"asset":{"__uuid__":"1dN4r9mG5MwJ1d0f7k7cVt"},"fileId":"d9nHoXEOVIqbyl0FjpLdgN"},"_contentSize":{"__type__":"cc.Size","width":46,"height":46},"_trs":{"__type__":"TypedArray","ctor":"Float64Array","array":[6871.987,436.223,0,0,0,0,1,1,1,1]},"_groupIndex":1,"groupIndex":1},{"__type__":"cc.Node","_name":"coin copy","_parent":{"__id__":32},"_components":[{"__type__":"cc.Sprite","node":{"__id__":57},"_materials":[{"__uuid__":"ecpdLyjvZBwrvm+cedCcQy"}],"_spriteFrame":{"__uuid__":"5fBaYM24ZPr4CKfNVUvrdH"},"_sizeMode":0},{"__type__":"cc.RigidBody","node":{"__id__":57},"_type":0,"_allowSleep":false,"enabledContactListener":true},{"__type__":"cc.PhysicsCircleCollider","node":{"__id__":57},"_sensor":true,"_restitution":0.2,"_radius":23},{"__type__":"069edsCLOBL15FM+XA6qGxf","node":{"__id__":57},"pickeffect":{"__uuid__":"2e0DSCaaJHNKIgvBUfLo/u"}}],"_prefab":{"__type__":"cc.PrefabInfo","root":{"__id__":1},"asset":{"__uuid__":"1dN4r9mG5MwJ1d0f7k7cVt"},"fileId":"4b9Bm9gTRNTro0/2QrR9hR"},"_contentSize":{"__type__":"cc.Size","width":46,"height":46},"_trs":{"__type__":"TypedArray","ctor":"Float64Array","array":[7416.674,362.752,0,0,0,0,1,1,1,1]},"_groupIndex":1,"groupIndex":1},{"__type__":"cc.Node","_name":"coin copy","_parent":{"__id__":32},"_components":[{"__type__":"cc.Sprite","node":{"__id__":58},"_materials":[{"__uuid__":"ecpdLyjvZBwrvm+cedCcQy"}],"_spriteFrame":{"__uuid__":"5fBaYM24ZPr4CKfNVUvrdH"},"_sizeMode":0},{"__type__":"cc.RigidBody","node":{"__id__":58},"_type":0,"_allowSleep":false,"enabledContactListener":true},{"__type__":"cc.PhysicsCircleCollider","node":{"__id__":58},"_sensor":true,"_restitution":0.2,"_radius":23},{"__type__":"069edsCLOBL15FM+XA6qGxf","node":{"__id__":58},"pickeffect":{"__uuid__":"2e0DSCaaJHNKIgvBUfLo/u"}}],"_prefab":{"__type__":"cc.PrefabInfo","root":{"__id__":1},"asset":{"__uuid__":"1dN4r9mG5MwJ1d0f7k7cVt"},"fileId":"e947YIKY9G654b3sIUClIv"},"_contentSize":{"__type__":"cc.Size","width":46,"height":46},"_trs":{"__type__":"TypedArray","ctor":"Float64Array","array":[7028.82,538.299,0,0,0,0,1,1,1,1]},"_groupIndex":1,"groupIndex":1},{"__type__":"cc.Node","_name":"redball","_parent":{"__id__":1},"_components":[{"__type__":"cc.Sprite","node":{"__id__":59},"_materials":[{"__uuid__":"ecpdLyjvZBwrvm+cedCcQy"}],"_spriteFrame":{"__uuid__":"8amSVup6xJdK42n8GJawo0"},"_sizeMode":0}],"_prefab":{"__type__":"cc.PrefabInfo","root":{"__id__":1},"asset":{"__uuid__":"1dN4r9mG5MwJ1d0f7k7cVt"},"fileId":"e2q6uYYItOHZt+CugQYhZO"},"_contentSize":{"__type__":"cc.Size","width":70,"height":70},"_trs":{"__type__":"TypedArray","ctor":"Float64Array","array":[149.207,451.741,0,0,0,0,1,1,1,1]},"_groupIndex":1,"groupIndex":1},{"__type__":"cc.Node","_name":"flag_ind","_parent":{"__id__":1},"_children":[{"__id__":61}],"_components":[{"__type__":"cc.Sprite","_name":"flag_ind<Sprite>","node":{"__id__":60},"_materials":[{"__uuid__":"ecpdLyjvZBwrvm+cedCcQy"}],"_spriteFrame":{"__uuid__":"07zKmIceRAwZknsZDy1S/V"}},{"__type__":"cc.RigidBody","node":{"__id__":60},"_type":0,"enabledContactListener":true},{"__type__":"cc.PhysicsBoxCollider","node":{"__id__":60},"_sensor":true,"_size":{"__type__":"cc.Size","width":83,"height":614}},{"__type__":"6ad49RTzopHHLKa1XzEQETT","node":{"__id__":60}}],"_prefab":{"__type__":"cc.PrefabInfo","root":{"__id__":1},"asset":{"__uuid__":"1dN4r9mG5MwJ1d0f7k7cVt"},"fileId":"b8efEtnZNCq7LGIsZ4vlYZ"},"_contentSize":{"__type__":"cc.Size","width":83,"height":614},"_trs":{"__type__":"TypedArray","ctor":"Float64Array","array":[5763.663,508.96,0,0,0,0,1,0.4,0.4,1]},"_groupIndex":1,"groupIndex":1},{"__type__":"cc.Node","_name":"flag","_parent":{"__id__":60},"_components":[{"__type__":"cc.Sprite","_name":"flag<Sprite>","node":{"__id__":61},"_materials":[{"__uuid__":"ecpdLyjvZBwrvm+cedCcQy"}],"_spriteFrame":{"__uuid__":"e33fRYcr9GP4j1b4ibM5Y8"}},{"__type__":"cc.Animation","node":{"__id__":61},"_defaultClip":{"__uuid__":"cbH2x9KCBJyaeYtYAInG18"},"_clips":[{"__uuid__":"cbH2x9KCBJyaeYtYAInG18"}],"playOnLoad":true}],"_prefab":{"__type__":"cc.PrefabInfo","root":{"__id__":1},"asset":{"__uuid__":"1dN4r9mG5MwJ1d0f7k7cVt"},"fileId":"a4oqlNe0FBqIXxypggA7fg"},"_contentSize":{"__type__":"cc.Size","width":273,"height":192},"_trs":{"__type__":"TypedArray","ctor":"Float64Array","array":[-130,-120,0,0,0,0,1,1,1,1]},"_groupIndex":1,"groupIndex":1},{"__type__":"cc.Node","_name":"flag_ind","_parent":{"__id__":1},"_children":[{"__id__":63}],"_components":[{"__type__":"cc.Sprite","_name":"flag_ind<Sprite>","node":{"__id__":62},"_materials":[{"__uuid__":"ecpdLyjvZBwrvm+cedCcQy"}],"_spriteFrame":{"__uuid__":"07zKmIceRAwZknsZDy1S/V"}},{"__type__":"cc.RigidBody","node":{"__id__":62},"_type":0,"enabledContactListener":true},{"__type__":"cc.PhysicsBoxCollider","node":{"__id__":62},"_sensor":true,"_size":{"__type__":"cc.Size","width":83,"height":614}},{"__type__":"6ad49RTzopHHLKa1XzEQETT","node":{"__id__":62}}],"_prefab":{"__type__":"cc.PrefabInfo","root":{"__id__":1},"asset":{"__uuid__":"1dN4r9mG5MwJ1d0f7k7cVt"},"fileId":"81WwPKcrJAz6Gl6QLCj5vP"},"_contentSize":{"__type__":"cc.Size","width":83,"height":614},"_trs":{"__type__":"TypedArray","ctor":"Float64Array","array":[7611.965,311.982,0,0,0,0,1,0.4,0.4,1]},"_groupIndex":1,"groupIndex":1},{"__type__":"cc.Node","_name":"flag","_parent":{"__id__":62},"_components":[{"__type__":"cc.Sprite","_name":"flag<Sprite>","node":{"__id__":63},"_materials":[{"__uuid__":"ecpdLyjvZBwrvm+cedCcQy"}],"_spriteFrame":{"__uuid__":"e33fRYcr9GP4j1b4ibM5Y8"}},{"__type__":"cc.Animation","node":{"__id__":63},"_defaultClip":{"__uuid__":"cbH2x9KCBJyaeYtYAInG18"},"_clips":[{"__uuid__":"cbH2x9KCBJyaeYtYAInG18"}],"playOnLoad":true}],"_prefab":{"__type__":"cc.PrefabInfo","root":{"__id__":1},"asset":{"__uuid__":"1dN4r9mG5MwJ1d0f7k7cVt"},"fileId":"d92qJtpOhNnLgTSowM43Z8"},"_contentSize":{"__type__":"cc.Size","width":273,"height":192},"_trs":{"__type__":"TypedArray","ctor":"Float64Array","array":[-130,-120,0,0,0,0,1,1,1,1]},"_groupIndex":1,"groupIndex":1},{"__type__":"cc.Node","_name":"water","_parent":{"__id__":1},"_children":[{"__id__":65}],"_components":[{"__type__":"3f7d7Fq0GJHmorMw7NXzmcC","node":{"__id__":64},"_enabled":false}],"_prefab":{"__type__":"cc.PrefabInfo","root":{"__id__":1},"asset":{"__uuid__":"1dN4r9mG5MwJ1d0f7k7cVt"},"fileId":"efrUS9sZhMMrNpAzpn0USd"},"_trs":{"__type__":"TypedArray","ctor":"Float64Array","array":[0,0,0,0,0,0,1,1,1,1]},"_groupIndex":2,"groupIndex":2},{"__type__":"cc.Node","_name":"water1","_parent":{"__id__":64},"_children":[{"__id__":66},{"__id__":68}],"_components":[{"__type__":"cc.Sprite","node":{"__id__":65},"_materials":[{"__uuid__":"ecpdLyjvZBwrvm+cedCcQy"}],"_spriteFrame":{"__uuid__":"0db9rXK7BAuJhYB4L7U0Kf"},"_sizeMode":2},{"__type__":"019bfUOFLZAC62vrujK9eUg","node":{"__id__":65},"normalmap":{"__uuid__":"abTirDIrROorOQNbbLQEOw"},"fallin_effect":{"__uuid__":"08QeMWPQtOsIi8UzSsTttc"}},{"__type__":"2f15ftGjExIyrnz9ttHdx3T","node":{"__id__":65},"density":2.5}],"_prefab":{"__type__":"cc.PrefabInfo","root":{"__id__":1},"asset":{"__uuid__":"1dN4r9mG5MwJ1d0f7k7cVt"},"fileId":"edbV/PahtK05gwQ4lgM2Zq"},"_opacity":0,"_contentSize":{"__type__":"cc.Size","width":1060,"height":384},"_trs":{"__type__":"TypedArray","ctor":"Float64Array","array":[6120.948,-194.989,0,0,0,0,1,1,1,1]},"_groupIndex":2,"groupIndex":2},{"__type__":"cc.Node","_name":"water-bubble","_parent":{"__id__":65},"_active":false,"_components":[{"__id__":67}],"_prefab":{"__type__":"cc.PrefabInfo","root":{"__id__":1},"asset":{"__uuid__":"1dN4r9mG5MwJ1d0f7k7cVt"},"fileId":"560u4ml6dGvIywUyhbc+R5"},"_trs":{"__type__":"TypedArray","ctor":"Float64Array","array":[-26.118,85.363,0,0,0,0,1,1,1,1]},"_groupIndex":2,"groupIndex":2},{"__type__":"cc.ParticleSystem","node":{"__id__":66},"_materials":[{"__uuid__":"ecpdLyjvZBwrvm+cedCcQy"}],"_dstBlendFactor":1,"_custom":true,"_file":{"__uuid__":"93SrmrwrVFgaLvA6HesiAd"},"_spriteFrame":{"__uuid__":"038oKT9rlDW5GqnT+aEE7K"},"_stopped":false,"totalParticles":60,"emissionRate":40,"lifeVar":0.5,"_startColor":{"__type__":"cc.Color","r":124,"g":255,"b":216,"a":0},"_startColorVar":{"__type__":"cc.Color","g":66,"b":73,"a":49},"_endColor":{"__type__":"cc.Color","r":193,"g":255,"b":255,"a":61},"_endColorVar":{"__type__":"cc.Color","g":79,"b":61,"a":54},"angleVar":40,"startSize":2,"startSizeVar":2,"endSize":8,"endSizeVar":2,"posVar":{"__type__":"cc.Vec2","x":300,"y":50},"_positionType":1,"positionType":1,"gravity":{"__type__":"cc.Vec2","y":20},"speed":20,"speedVar":10,"tangentialAccel":0},{"__type__":"cc.Node","_name":"water-wave","_parent":{"__id__":65},"_components":[{"__type__":"cc.Sprite","node":{"__id__":68},"_materials":[{"__uuid__":"ecpdLyjvZBwrvm+cedCcQy"}],"_spriteFrame":{"__uuid__":"c3wTswCOlDlbssla3OaU0R"},"_sizeMode":2},{"__type__":"cc.Animation","node":{"__id__":68},"_defaultClip":{"__uuid__":"e7Pq6jGgxO8aBeoB4a8Qlr"},"_clips":[{"__uuid__":"e7Pq6jGgxO8aBeoB4a8Qlr"}]},{"__type__":"cc.RigidBody","node":{"__id__":68},"_type":0,"enabledContactListener":true},{"__type__":"cc.PhysicsCircleCollider","node":{"__id__":68},"_sensor":true,"_radius":700},{"__type__":"3bbb1SGj/9JnblxsAvaGhl6","node":{"__id__":68},"bubble_particle":{"__id__":67}}],"_prefab":{"__type__":"cc.PrefabInfo","root":{"__id__":1},"asset":{"__uuid__":"1dN4r9mG5MwJ1d0f7k7cVt"},"fileId":"02l4KnilNEL7PdE/ZVwH2b"},"_contentSize":{"__type__":"cc.Size","width":943,"height":20},"_trs":{"__type__":"TypedArray","ctor":"Float64Array","array":[0,202,0,0,0,0,1,1,1,1]},"_groupIndex":2,"groupIndex":2},{"__type__":"cc.Node","_name":"map","_parent":{"__id__":1},"_children":[{"__id__":70},{"__id__":71},{"__id__":72},{"__id__":73},{"__id__":74},{"__id__":75},{"__id__":76},{"__id__":77},{"__id__":78},{"__id__":79},{"__id__":80},{"__id__":81},{"__id__":82},{"__id__":83},{"__id__":84},{"__id__":85},{"__id__":86},{"__id__":87},{"__id__":88},{"__id__":89},{"__id__":90},{"__id__":91},{"__id__":92},{"__id__":93},{"__id__":94},{"__id__":95},{"__id__":96},{"__id__":97},{"__id__":98},{"__id__":99},{"__id__":100},{"__id__":101},{"__id__":102},{"__id__":103},{"__id__":104},{"__id__":105},{"__id__":106}],"_components":[{"__type__":"cc.Widget","node":{"__id__":69},"_alignFlags":12,"_left":-100},{"__type__":"cc.RigidBody","node":{"__id__":69},"_type":0},{"__type__":"cc.PhysicsPolygonCollider","node":{"__id__":69},"_friction":0.5,"points":[{"__type__":"cc.Vec2","x":0.0001,"y":0.0001},{"__type__":"cc.Vec2","x":5980.2269},{"__type__":"cc.Vec2","x":5980.227,"y":400},{"__type__":"cc.Vec2","x":4980.2271,"y":399.9999},{"__type__":"cc.Vec2","x":4980.227,"y":250.0002},{"__type__":"cc.Vec2","x":2995,"y":250},{"__type__":"cc.Vec2","x":2995,"y":400},{"__type__":"cc.Vec2","x":1994.9999,"y":400},{"__type__":"cc.Vec2","x":1994.986,"y":250},{"__type__":"cc.Vec2","y":249.9998}]},{"__type__":"3f7d7Fq0GJHmorMw7NXzmcC","node":{"__id__":69}}],"_prefab":{"__type__":"cc.PrefabInfo","root":{"__id__":1},"asset":{"__uuid__":"1dN4r9mG5MwJ1d0f7k7cVt"},"fileId":"07OPXtmt9KApZ7p5DaCTvR"},"_contentSize":{"__type__":"cc.Size","width":9068,"height":537},"_anchorPoint":{"__type__":"cc.Vec2"},"_trs":{"__type__":"TypedArray","ctor":"Float64Array","array":[-100,0,0,0,0,0,1,1,1,1]},"_groupIndex":3,"groupIndex":3},{"__type__":"cc.Node","_name":"m1","_parent":{"__id__":69},"_components":[{"__type__":"cc.Sprite","node":{"__id__":70},"_materials":[{"__uuid__":"ecpdLyjvZBwrvm+cedCcQy"}],"_spriteFrame":{"__uuid__":"acZOqs1FZMZZIp6IBnkhZP"},"_type":2,"_sizeMode":0}],"_prefab":{"__type__":"cc.PrefabInfo","root":{"__id__":1},"asset":{"__uuid__":"1dN4r9mG5MwJ1d0f7k7cVt"},"fileId":"cbKRAex+xJK4wy5AiLidlR"},"_contentSize":{"__type__":"cc.Size","width":2000,"height":250},"_anchorPoint":{"__type__":"cc.Vec2"},"_trs":{"__type__":"TypedArray","ctor":"Float64Array","array":[0,0,0,0,0,0,1,1,1,1]},"_groupIndex":3,"groupIndex":3},{"__type__":"cc.Node","_name":"m2","_parent":{"__id__":69},"_components":[{"__type__":"cc.Sprite","node":{"__id__":71},"_materials":[{"__uuid__":"ecpdLyjvZBwrvm+cedCcQy"}],"_spriteFrame":{"__uuid__":"acZOqs1FZMZZIp6IBnkhZP"},"_type":2,"_sizeMode":0}],"_prefab":{"__type__":"cc.PrefabInfo","root":{"__id__":1},"asset":{"__uuid__":"1dN4r9mG5MwJ1d0f7k7cVt"},"fileId":"detTzwmsBHzbY4kGT7DT4K"},"_contentSize":{"__type__":"cc.Size","width":1000,"height":400},"_anchorPoint":{"__type__":"cc.Vec2"},"_trs":{"__type__":"TypedArray","ctor":"Float64Array","array":[1995,0,0,0,0,0,1,1,1,1]},"_groupIndex":3,"groupIndex":3},{"__type__":"cc.Node","_name":"m3","_parent":{"__id__":69},"_components":[{"__type__":"cc.Sprite","node":{"__id__":72},"_materials":[{"__uuid__":"ecpdLyjvZBwrvm+cedCcQy"}],"_spriteFrame":{"__uuid__":"acZOqs1FZMZZIp6IBnkhZP"},"_type":2,"_sizeMode":0}],"_prefab":{"__type__":"cc.PrefabInfo","root":{"__id__":1},"asset":{"__uuid__":"1dN4r9mG5MwJ1d0f7k7cVt"},"fileId":"982y6G7SxO7asns691nHo0"},"_contentSize":{"__type__":"cc.Size","width":2000,"height":250},"_anchorPoint":{"__type__":"cc.Vec2"},"_trs":{"__type__":"TypedArray","ctor":"Float64Array","array":[2994.647,0,0,0,0,0,1,1,1,1]},"_groupIndex":3,"groupIndex":3},{"__type__":"cc.Node","_name":"m4","_parent":{"__id__":69},"_components":[{"__type__":"cc.Sprite","node":{"__id__":73},"_materials":[{"__uuid__":"ecpdLyjvZBwrvm+cedCcQy"}],"_spriteFrame":{"__uuid__":"acZOqs1FZMZZIp6IBnkhZP"},"_type":2,"_sizeMode":0}],"_prefab":{"__type__":"cc.PrefabInfo","root":{"__id__":1},"asset":{"__uuid__":"1dN4r9mG5MwJ1d0f7k7cVt"},"fileId":"2clOfsuRRFArC0ydT9eERL"},"_contentSize":{"__type__":"cc.Size","width":1000,"height":400},"_anchorPoint":{"__type__":"cc.Vec2"},"_trs":{"__type__":"TypedArray","ctor":"Float64Array","array":[4980.227,0,0,0,0,0,1,1,1,1]},"_groupIndex":3,"groupIndex":3},{"__type__":"cc.Node","_name":"m5","_parent":{"__id__":69},"_components":[{"__type__":"cc.Sprite","node":{"__id__":74},"_materials":[{"__uuid__":"ecpdLyjvZBwrvm+cedCcQy"}],"_spriteFrame":{"__uuid__":"acZOqs1FZMZZIp6IBnkhZP"},"_type":2,"_sizeMode":0},{"__type__":"cc.RigidBody","node":{"__id__":74},"_type":0},{"__type__":"cc.PhysicsBoxCollider","node":{"__id__":74},"_offset":{"__type__":"cc.Vec2","x":500,"y":200},"_size":{"__type__":"cc.Size","width":1000,"height":400}}],"_prefab":{"__type__":"cc.PrefabInfo","root":{"__id__":1},"asset":{"__uuid__":"1dN4r9mG5MwJ1d0f7k7cVt"},"fileId":"dcco5FABVK24Er1MRKIYdR"},"_contentSize":{"__type__":"cc.Size","width":1000,"height":400},"_anchorPoint":{"__type__":"cc.Vec2"},"_trs":{"__type__":"TypedArray","ctor":"Float64Array","array":[6420.736,0,0,0,0,0,1,1,1,1]},"_groupIndex":3,"groupIndex":3},{"__type__":"cc.Node","_name":"m6","_parent":{"__id__":69},"_components":[{"__type__":"cc.Sprite","node":{"__id__":75},"_materials":[{"__uuid__":"ecpdLyjvZBwrvm+cedCcQy"}],"_spriteFrame":{"__uuid__":"acZOqs1FZMZZIp6IBnkhZP"},"_type":2,"_sizeMode":0},{"__type__":"cc.RigidBody","node":{"__id__":75},"_type":0},{"__type__":"cc.PhysicsBoxCollider","node":{"__id__":75},"_offset":{"__type__":"cc.Vec2","x":1000,"y":100},"_size":{"__type__":"cc.Size","width":2000,"height":200}}],"_prefab":{"__type__":"cc.PrefabInfo","root":{"__id__":1},"asset":{"__uuid__":"1dN4r9mG5MwJ1d0f7k7cVt"},"fileId":"a6X1sckJZChb9LGjC9rnhn"},"_contentSize":{"__type__":"cc.Size","width":2000,"height":200},"_anchorPoint":{"__type__":"cc.Vec2"},"_trs":{"__type__":"TypedArray","ctor":"Float64Array","array":[7416.828,0,0,0,0,0,1,1,1,1]},"_groupIndex":3,"groupIndex":3},{"__type__":"cc.Node","_name":"m7","_parent":{"__id__":69},"_components":[{"__type__":"cc.Sprite","node":{"__id__":76},"_materials":[{"__uuid__":"ecpdLyjvZBwrvm+cedCcQy"}],"_spriteFrame":{"__uuid__":"acZOqs1FZMZZIp6IBnkhZP"},"_type":2,"_sizeMode":0},{"__type__":"cc.RigidBody","node":{"__id__":76},"_type":0},{"__type__":"cc.PhysicsBoxCollider","node":{"__id__":76},"_offset":{"__type__":"cc.Vec2","x":250,"y":100},"_size":{"__type__":"cc.Size","width":500,"height":200}}],"_prefab":{"__type__":"cc.PrefabInfo","root":{"__id__":1},"asset":{"__uuid__":"1dN4r9mG5MwJ1d0f7k7cVt"},"fileId":"dcfzee7LdH2p/jcZr3MAhZ"},"_contentSize":{"__type__":"cc.Size","width":500,"height":200},"_anchorPoint":{"__type__":"cc.Vec2"},"_trs":{"__type__":"TypedArray","ctor":"Float64Array","array":[8074.919,561.109,0,0,0,0,1,1,1,1]},"_groupIndex":3,"groupIndex":3},{"__type__":"cc.Node","_name":"m8","_parent":{"__id__":69},"_components":[{"__type__":"cc.Sprite","node":{"__id__":77},"_materials":[{"__uuid__":"ecpdLyjvZBwrvm+cedCcQy"}],"_spriteFrame":{"__uuid__":"acZOqs1FZMZZIp6IBnkhZP"},"_type":2,"_sizeMode":0},{"__type__":"cc.RigidBody","node":{"__id__":77},"_type":0},{"__type__":"cc.PhysicsBoxCollider","node":{"__id__":77},"_offset":{"__type__":"cc.Vec2","x":50,"y":100},"_size":{"__type__":"cc.Size","width":100,"height":200}}],"_prefab":{"__type__":"cc.PrefabInfo","root":{"__id__":1},"asset":{"__uuid__":"1dN4r9mG5MwJ1d0f7k7cVt"},"fileId":"ccCITZl1JBraxk/hvvKcNp"},"_contentSize":{"__type__":"cc.Size","width":100,"height":200},"_anchorPoint":{"__type__":"cc.Vec2"},"_trs":{"__type__":"TypedArray","ctor":"Float64Array","array":[8280.298,362.216,0,0,0,0,1,1,1,1]},"_groupIndex":3,"groupIndex":3},{"__type__":"cc.Node","_name":"2","_parent":{"__id__":69},"_components":[{"__type__":"cc.Sprite","node":{"__id__":78},"_materials":[{"__uuid__":"ecpdLyjvZBwrvm+cedCcQy"}],"_spriteFrame":{"__uuid__":"7c7Ms9PnhExqeoCq8Qd1CJ"}}],"_prefab":{"__type__":"cc.PrefabInfo","root":{"__id__":1},"asset":{"__uuid__":"1dN4r9mG5MwJ1d0f7k7cVt"},"fileId":"4e5GqEynZEAKVkCmkA7lln"},"_contentSize":{"__type__":"cc.Size","width":148,"height":38},"_trs":{"__type__":"TypedArray","ctor":"Float64Array","array":[2008.184,276.302,0,0,0,0.7071067811865475,0.7071067811865476,0.7,0.7,1]},"_eulerAngles":{"__type__":"cc.Vec3","z":90}},{"__type__":"cc.Node","_name":"2","_parent":{"__id__":69},"_components":[{"__type__":"cc.Sprite","node":{"__id__":79},"_materials":[{"__uuid__":"ecpdLyjvZBwrvm+cedCcQy"}],"_spriteFrame":{"__uuid__":"7c7Ms9PnhExqeoCq8Qd1CJ"},"_type":2,"_sizeMode":0}],"_prefab":{"__type__":"cc.PrefabInfo","root":{"__id__":1},"asset":{"__uuid__":"1dN4r9mG5MwJ1d0f7k7cVt"},"fileId":"0dHOMI2CpCkoNNQqenhGXH"},"_contentSize":{"__type__":"cc.Size","width":330,"height":38},"_anchorPoint":{"__type__":"cc.Vec2","y":0.5},"_trs":{"__type__":"TypedArray","ctor":"Float64Array","array":[4.666,237.825,0,0,0,-0.7071067811865475,0.7071067811865476,0.7,0.7,1]},"_eulerAngles":{"__type__":"cc.Vec3","z":-90}},{"__type__":"cc.Node","_name":"1","_parent":{"__id__":69},"_components":[{"__type__":"cc.Sprite","node":{"__id__":80},"_materials":[{"__uuid__":"ecpdLyjvZBwrvm+cedCcQy"}],"_spriteFrame":{"__uuid__":"08EE574AJCybEkYL4ikr+e"}}],"_prefab":{"__type__":"cc.PrefabInfo","root":{"__id__":1},"asset":{"__uuid__":"1dN4r9mG5MwJ1d0f7k7cVt"},"fileId":"adacIhOYBHzYhYKDToD2DU"},"_contentSize":{"__type__":"cc.Size","width":149,"height":38},"_trs":{"__type__":"TypedArray","ctor":"Float64Array","array":[41.726,238.266,0,0,0,0,1,0.7,0.7,1]}},{"__type__":"cc.Node","_name":"2","_parent":{"__id__":69},"_components":[{"__type__":"cc.Sprite","node":{"__id__":81},"_materials":[{"__uuid__":"ecpdLyjvZBwrvm+cedCcQy"}],"_spriteFrame":{"__uuid__":"7c7Ms9PnhExqeoCq8Qd1CJ"},"_type":2,"_sizeMode":0}],"_prefab":{"__type__":"cc.PrefabInfo","root":{"__id__":1},"asset":{"__uuid__":"1dN4r9mG5MwJ1d0f7k7cVt"},"fileId":"2cotSikDZCJKW/w317CDQo"},"_contentSize":{"__type__":"cc.Size","width":2600,"height":38},"_anchorPoint":{"__type__":"cc.Vec2","y":0.5},"_trs":{"__type__":"TypedArray","ctor":"Float64Array","array":[92.918,237.825,0,0,0,0,1,0.7,0.7,1]}},{"__type__":"cc.Node","_name":"3","_parent":{"__id__":69},"_components":[{"__type__":"cc.Sprite","node":{"__id__":82},"_materials":[{"__uuid__":"ecpdLyjvZBwrvm+cedCcQy"}],"_spriteFrame":{"__uuid__":"08zReD3OVE4pPID3tRZgQb"},"_sizeMode":0}],"_prefab":{"__type__":"cc.PrefabInfo","root":{"__id__":1},"asset":{"__uuid__":"1dN4r9mG5MwJ1d0f7k7cVt"},"fileId":"35yf0kFtRFt6iBBYVBLXJj"},"_contentSize":{"__type__":"cc.Size","width":200,"height":38},"_trs":{"__type__":"TypedArray","ctor":"Float64Array","array":[1953.049,238.119,0,0,0,0,1,0.7,0.7,1]}},{"__type__":"cc.Node","_name":"2","_parent":{"__id__":69},"_components":[{"__type__":"cc.Sprite","node":{"__id__":83},"_materials":[{"__uuid__":"ecpdLyjvZBwrvm+cedCcQy"}],"_spriteFrame":{"__uuid__":"7c7Ms9PnhExqeoCq8Qd1CJ"},"_type":2,"_sizeMode":0}],"_prefab":{"__type__":"cc.PrefabInfo","root":{"__id__":1},"asset":{"__uuid__":"1dN4r9mG5MwJ1d0f7k7cVt"},"fileId":"089VjHvZpK646+g4frTAOO"},"_contentSize":{"__type__":"cc.Size","width":8550,"height":38},"_anchorPoint":{"__type__":"cc.Vec2","y":0.5},"_trs":{"__type__":"TypedArray","ctor":"Float64Array","array":[-2.334,11.825,0,0,0,0,1,0.7,0.7,1]}},{"__type__":"cc.Node","_name":"2","_parent":{"__id__":69},"_components":[{"__type__":"cc.Sprite","node":{"__id__":84},"_materials":[{"__uuid__":"ecpdLyjvZBwrvm+cedCcQy"}],"_spriteFrame":{"__uuid__":"7c7Ms9PnhExqeoCq8Qd1CJ"},"_type":2,"_sizeMode":0}],"_prefab":{"__type__":"cc.PrefabInfo","root":{"__id__":1},"asset":{"__uuid__":"1dN4r9mG5MwJ1d0f7k7cVt"},"fileId":"1fSg9kA1hK0oXf7MYNeewx"},"_contentSize":{"__type__":"cc.Size","width":550,"height":38},"_anchorPoint":{"__type__":"cc.Vec2","y":0.5},"_trs":{"__type__":"TypedArray","ctor":"Float64Array","array":[5967.472,390.173,0,0,0,-0.7071067811865475,0.7071067811865476,0.7,0.7,1]},"_eulerAngles":{"__type__":"cc.Vec3","z":-90}},{"__type__":"cc.Node","_name":"3","_parent":{"__id__":69},"_components":[{"__type__":"cc.Sprite","node":{"__id__":85},"_materials":[{"__uuid__":"ecpdLyjvZBwrvm+cedCcQy"}],"_spriteFrame":{"__uuid__":"08zReD3OVE4pPID3tRZgQb"}}],"_prefab":{"__type__":"cc.PrefabInfo","root":{"__id__":1},"asset":{"__uuid__":"1dN4r9mG5MwJ1d0f7k7cVt"},"fileId":"39PTiBKWNIWJbMX3DE+fdp"},"_contentSize":{"__type__":"cc.Size","width":149,"height":38},"_trs":{"__type__":"TypedArray","ctor":"Float64Array","array":[5931.077,387.005,0,0,0,0,1,0.7,0.7,1]}},{"__type__":"cc.Node","_name":"2","_parent":{"__id__":69},"_components":[{"__type__":"cc.Sprite","node":{"__id__":86},"_materials":[{"__uuid__":"ecpdLyjvZBwrvm+cedCcQy"}],"_spriteFrame":{"__uuid__":"7c7Ms9PnhExqeoCq8Qd1CJ"},"_type":2,"_sizeMode":0}],"_prefab":{"__type__":"cc.PrefabInfo","root":{"__id__":1},"asset":{"__uuid__":"1dN4r9mG5MwJ1d0f7k7cVt"},"fileId":"caHwp/sHRMjLO84+1BuCtE"},"_contentSize":{"__type__":"cc.Size","width":1300,"height":38},"_anchorPoint":{"__type__":"cc.Vec2","y":0.5},"_trs":{"__type__":"TypedArray","ctor":"Float64Array","array":[4989.633,387.137,0,0,0,0,1,0.7,0.7,1]}},{"__type__":"cc.Node","_name":"2","_parent":{"__id__":69},"_components":[{"__type__":"cc.Sprite","node":{"__id__":87},"_materials":[{"__uuid__":"ecpdLyjvZBwrvm+cedCcQy"}],"_spriteFrame":{"__uuid__":"7c7Ms9PnhExqeoCq8Qd1CJ"},"_type":2,"_sizeMode":0}],"_prefab":{"__type__":"cc.PrefabInfo","root":{"__id__":1},"asset":{"__uuid__":"1dN4r9mG5MwJ1d0f7k7cVt"},"fileId":"d2AaEnnUlGdKcCcAxisePc"},"_contentSize":{"__type__":"cc.Size","width":220,"height":38},"_anchorPoint":{"__type__":"cc.Vec2","y":0.5},"_trs":{"__type__":"TypedArray","ctor":"Float64Array","array":[4989.633,400.226,0,0,0,-0.7071067811865475,0.7071067811865476,0.7,0.7,1]},"_eulerAngles":{"__type__":"cc.Vec3","z":-90}},{"__type__":"cc.Node","_name":"1","_parent":{"__id__":69},"_components":[{"__type__":"cc.Sprite","node":{"__id__":88},"_materials":[{"__uuid__":"ecpdLyjvZBwrvm+cedCcQy"}],"_spriteFrame":{"__uuid__":"08EE574AJCybEkYL4ikr+e"}}],"_prefab":{"__type__":"cc.PrefabInfo","root":{"__id__":1},"asset":{"__uuid__":"1dN4r9mG5MwJ1d0f7k7cVt"},"fileId":"06RVfV1dZFJqCrJysmA5Kf"},"_contentSize":{"__type__":"cc.Size","width":149,"height":38},"_trs":{"__type__":"TypedArray","ctor":"Float64Array","array":[4989.649,277.911,0,0,0,-0.7071067811865475,0.7071067811865476,0.7,0.7,1]},"_eulerAngles":{"__type__":"cc.Vec3","z":-90}},{"__type__":"cc.Node","_name":"2","_parent":{"__id__":69},"_components":[{"__type__":"cc.Sprite","node":{"__id__":89},"_materials":[{"__uuid__":"ecpdLyjvZBwrvm+cedCcQy"}],"_spriteFrame":{"__uuid__":"7c7Ms9PnhExqeoCq8Qd1CJ"},"_type":2,"_sizeMode":0}],"_prefab":{"__type__":"cc.PrefabInfo","root":{"__id__":1},"asset":{"__uuid__":"1dN4r9mG5MwJ1d0f7k7cVt"},"fileId":"a4bcr7wuhClq6MCcFXPS7n"},"_contentSize":{"__type__":"cc.Size","width":2870,"height":38},"_anchorPoint":{"__type__":"cc.Vec2","y":0.5},"_trs":{"__type__":"TypedArray","ctor":"Float64Array","array":[2968.511,236.768,0,0,0,0,1,0.7,0.7,1]}},{"__type__":"cc.Node","_name":"2","_parent":{"__id__":69},"_components":[{"__type__":"cc.Sprite","node":{"__id__":90},"_materials":[{"__uuid__":"ecpdLyjvZBwrvm+cedCcQy"}],"_spriteFrame":{"__uuid__":"7c7Ms9PnhExqeoCq8Qd1CJ"},"_type":2,"_sizeMode":0}],"_prefab":{"__type__":"cc.PrefabInfo","root":{"__id__":1},"asset":{"__uuid__":"1dN4r9mG5MwJ1d0f7k7cVt"},"fileId":"25NxmlKu9DyIng5P9HvM8E"},"_contentSize":{"__type__":"cc.Size","width":220,"height":38},"_anchorPoint":{"__type__":"cc.Vec2","y":0.5},"_trs":{"__type__":"TypedArray","ctor":"Float64Array","array":[2980.793,245.969,0,0,0,0.7071067811865475,0.7071067811865476,0.7,0.7,1]},"_eulerAngles":{"__type__":"cc.Vec3","z":90}},{"__type__":"cc.Node","_name":"2","_parent":{"__id__":69},"_components":[{"__type__":"cc.Sprite","node":{"__id__":91},"_materials":[{"__uuid__":"ecpdLyjvZBwrvm+cedCcQy"}],"_spriteFrame":{"__uuid__":"7c7Ms9PnhExqeoCq8Qd1CJ"},"_type":2,"_sizeMode":0}],"_prefab":{"__type__":"cc.PrefabInfo","root":{"__id__":1},"asset":{"__uuid__":"1dN4r9mG5MwJ1d0f7k7cVt"},"fileId":"c0Jorji91BaL2SKB6SEEB0"},"_contentSize":{"__type__":"cc.Size","width":1420,"height":38},"_anchorPoint":{"__type__":"cc.Vec2","y":0.5},"_trs":{"__type__":"TypedArray","ctor":"Float64Array","array":[1994.554,387.137,0,0,0,0,1,0.7,0.7,1]}},{"__type__":"cc.Node","_name":"3","_parent":{"__id__":69},"_components":[{"__type__":"cc.Sprite","node":{"__id__":92},"_materials":[{"__uuid__":"ecpdLyjvZBwrvm+cedCcQy"}],"_spriteFrame":{"__uuid__":"08zReD3OVE4pPID3tRZgQb"}}],"_prefab":{"__type__":"cc.PrefabInfo","root":{"__id__":1},"asset":{"__uuid__":"1dN4r9mG5MwJ1d0f7k7cVt"},"fileId":"e7kx7EnIFGiZeFRLpSkgNp"},"_contentSize":{"__type__":"cc.Size","width":149,"height":38},"_trs":{"__type__":"TypedArray","ctor":"Float64Array","array":[2008.272,348.502,0,0,0,0.7071067811865475,0.7071067811865476,0.7,0.7,0.7]},"_eulerAngles":{"__type__":"cc.Vec3","z":90}},{"__type__":"cc.Node","_name":"2","_parent":{"__id__":69},"_components":[{"__type__":"cc.Sprite","node":{"__id__":93},"_materials":[{"__uuid__":"ecpdLyjvZBwrvm+cedCcQy"}],"_spriteFrame":{"__uuid__":"7c7Ms9PnhExqeoCq8Qd1CJ"},"_type":2,"_sizeMode":0}],"_prefab":{"__type__":"cc.PrefabInfo","root":{"__id__":1},"asset":{"__uuid__":"1dN4r9mG5MwJ1d0f7k7cVt"},"fileId":"f6Jc0fClFMN4u/HEIFRlxO"},"_contentSize":{"__type__":"cc.Size","width":550,"height":38},"_anchorPoint":{"__type__":"cc.Vec2","y":0.5},"_trs":{"__type__":"TypedArray","ctor":"Float64Array","array":[6433.906,390.173,0,0,0,-0.7071067811865475,0.7071067811865476,0.7,0.7,1]},"_eulerAngles":{"__type__":"cc.Vec3","z":-90}},{"__type__":"cc.Node","_name":"2","_parent":{"__id__":69},"_components":[{"__type__":"cc.Sprite","node":{"__id__":94},"_materials":[{"__uuid__":"ecpdLyjvZBwrvm+cedCcQy"}],"_spriteFrame":{"__uuid__":"7c7Ms9PnhExqeoCq8Qd1CJ"},"_type":2,"_sizeMode":0}],"_prefab":{"__type__":"cc.PrefabInfo","root":{"__id__":1},"asset":{"__uuid__":"1dN4r9mG5MwJ1d0f7k7cVt"},"fileId":"25xZBMBl9LYZYUDutTVkGx"},"_contentSize":{"__type__":"cc.Size","width":1420,"height":38},"_anchorPoint":{"__type__":"cc.Vec2","y":0.5},"_trs":{"__type__":"TypedArray","ctor":"Float64Array","array":[6421.381,386.623,0,0,0,0,1,0.7,0.7,1]}},{"__type__":"cc.Node","_name":"2","_parent":{"__id__":69},"_components":[{"__type__":"cc.Sprite","node":{"__id__":95},"_materials":[{"__uuid__":"ecpdLyjvZBwrvm+cedCcQy"}],"_spriteFrame":{"__uuid__":"7c7Ms9PnhExqeoCq8Qd1CJ"},"_type":2,"_sizeMode":0}],"_prefab":{"__type__":"cc.PrefabInfo","root":{"__id__":1},"asset":{"__uuid__":"1dN4r9mG5MwJ1d0f7k7cVt"},"fileId":"743q8XiBJIpIIKLE8ANjvW"},"_contentSize":{"__type__":"cc.Size","width":4280,"height":38},"_anchorPoint":{"__type__":"cc.Vec2","y":0.5},"_trs":{"__type__":"TypedArray","ctor":"Float64Array","array":[6421.381,14.61,0,0,0,0,1,0.7,0.7,1]}},{"__type__":"cc.Node","_name":"2","_parent":{"__id__":69},"_components":[{"__type__":"cc.Sprite","node":{"__id__":96},"_materials":[{"__uuid__":"ecpdLyjvZBwrvm+cedCcQy"}],"_spriteFrame":{"__uuid__":"7c7Ms9PnhExqeoCq8Qd1CJ"},"_type":2,"_sizeMode":0}],"_prefab":{"__type__":"cc.PrefabInfo","root":{"__id__":1},"asset":{"__uuid__":"1dN4r9mG5MwJ1d0f7k7cVt"},"fileId":"52lFh4rMVLY5EZQIg6mGU1"},"_contentSize":{"__type__":"cc.Size","width":280,"height":38},"_anchorPoint":{"__type__":"cc.Vec2","y":0.5},"_trs":{"__type__":"TypedArray","ctor":"Float64Array","array":[7406.309,199.913,0,0,0,0.7071067811865475,0.7071067811865476,0.7,0.7,1]},"_eulerAngles":{"__type__":"cc.Vec3","z":90}},{"__type__":"cc.Node","_name":"2","_parent":{"__id__":69},"_components":[{"__type__":"cc.Sprite","node":{"__id__":97},"_materials":[{"__uuid__":"ecpdLyjvZBwrvm+cedCcQy"}],"_spriteFrame":{"__uuid__":"7c7Ms9PnhExqeoCq8Qd1CJ"},"_type":2,"_sizeMode":0}],"_prefab":{"__type__":"cc.PrefabInfo","root":{"__id__":1},"asset":{"__uuid__":"1dN4r9mG5MwJ1d0f7k7cVt"},"fileId":"88eJEAVlNGV70n/6ARP0ZU"},"_contentSize":{"__type__":"cc.Size","width":2890,"height":38},"_anchorPoint":{"__type__":"cc.Vec2","y":0.5},"_trs":{"__type__":"TypedArray","ctor":"Float64Array","array":[7392.075,186.77,0,0,0,0,1,0.7,0.7,1]}},{"__type__":"cc.Node","_name":"2","_parent":{"__id__":69},"_components":[{"__type__":"cc.Sprite","node":{"__id__":98},"_materials":[{"__uuid__":"ecpdLyjvZBwrvm+cedCcQy"}],"_spriteFrame":{"__uuid__":"7c7Ms9PnhExqeoCq8Qd1CJ"},"_type":2,"_sizeMode":0}],"_prefab":{"__type__":"cc.PrefabInfo","root":{"__id__":1},"asset":{"__uuid__":"1dN4r9mG5MwJ1d0f7k7cVt"},"fileId":"d5Tgzq9hFFb6MS5y5oxeLi"},"_contentSize":{"__type__":"cc.Size","width":285,"height":38},"_anchorPoint":{"__type__":"cc.Vec2","y":0.5},"_trs":{"__type__":"TypedArray","ctor":"Float64Array","array":[8087.385,762.422,0,0,0,-0.7071067811865475,0.7071067811865476,0.7,0.7,1]},"_eulerAngles":{"__type__":"cc.Vec3","z":-90}},{"__type__":"cc.Node","_name":"2","_parent":{"__id__":69},"_components":[{"__type__":"cc.Sprite","node":{"__id__":99},"_materials":[{"__uuid__":"ecpdLyjvZBwrvm+cedCcQy"}],"_spriteFrame":{"__uuid__":"7c7Ms9PnhExqeoCq8Qd1CJ"},"_type":2,"_sizeMode":0}],"_prefab":{"__type__":"cc.PrefabInfo","root":{"__id__":1},"asset":{"__uuid__":"1dN4r9mG5MwJ1d0f7k7cVt"},"fileId":"362hshOjFG4bJj2+rXRFaR"},"_contentSize":{"__type__":"cc.Size","width":275,"height":38},"_anchorPoint":{"__type__":"cc.Vec2","y":0.5},"_trs":{"__type__":"TypedArray","ctor":"Float64Array","array":[9403.22,6.529,0,0,0,0.7071067811865475,0.7071067811865476,0.7,0.7,1]},"_eulerAngles":{"__type__":"cc.Vec3","z":90}},{"__type__":"cc.Node","_name":"2","_parent":{"__id__":69},"_components":[{"__type__":"cc.Sprite","node":{"__id__":100},"_materials":[{"__uuid__":"ecpdLyjvZBwrvm+cedCcQy"}],"_spriteFrame":{"__uuid__":"7c7Ms9PnhExqeoCq8Qd1CJ"},"_type":2,"_sizeMode":0}],"_prefab":{"__type__":"cc.PrefabInfo","root":{"__id__":1},"asset":{"__uuid__":"1dN4r9mG5MwJ1d0f7k7cVt"},"fileId":"64XunGZMdHD7CAblzuLMbW"},"_contentSize":{"__type__":"cc.Size","width":300,"height":38},"_anchorPoint":{"__type__":"cc.Vec2","y":0.5},"_trs":{"__type__":"TypedArray","ctor":"Float64Array","array":[8079.554,573.815,0,0,0,0,1,0.7,0.7,1]}},{"__type__":"cc.Node","_name":"2","_parent":{"__id__":69},"_components":[{"__type__":"cc.Sprite","node":{"__id__":101},"_materials":[{"__uuid__":"ecpdLyjvZBwrvm+cedCcQy"}],"_spriteFrame":{"__uuid__":"7c7Ms9PnhExqeoCq8Qd1CJ"},"_type":2,"_sizeMode":0}],"_prefab":{"__type__":"cc.PrefabInfo","root":{"__id__":1},"asset":{"__uuid__":"1dN4r9mG5MwJ1d0f7k7cVt"},"fileId":"61XExBMApK378PgDKtIiQb"},"_contentSize":{"__type__":"cc.Size","width":320,"height":38},"_anchorPoint":{"__type__":"cc.Vec2","y":0.5},"_trs":{"__type__":"TypedArray","ctor":"Float64Array","array":[8292.838,587.408,0,0,0,-0.7071067811865475,0.7071067811865476,0.7,0.7,1]},"_eulerAngles":{"__type__":"cc.Vec3","z":-90}},{"__type__":"cc.Node","_name":"2","_parent":{"__id__":69},"_components":[{"__type__":"cc.Sprite","node":{"__id__":102},"_materials":[{"__uuid__":"ecpdLyjvZBwrvm+cedCcQy"}],"_spriteFrame":{"__uuid__":"7c7Ms9PnhExqeoCq8Qd1CJ"},"_type":2,"_sizeMode":0}],"_prefab":{"__type__":"cc.PrefabInfo","root":{"__id__":1},"asset":{"__uuid__":"1dN4r9mG5MwJ1d0f7k7cVt"},"fileId":"63gd1VAe1Ik6YEeJxZGMrU"},"_contentSize":{"__type__":"cc.Size","width":320,"height":38},"_anchorPoint":{"__type__":"cc.Vec2","y":0.5},"_trs":{"__type__":"TypedArray","ctor":"Float64Array","array":[8367.352,361.901,0,0,0,0.7071067811865475,0.7071067811865476,0.7,0.7,1]},"_eulerAngles":{"__type__":"cc.Vec3","z":90}},{"__type__":"cc.Node","_name":"2","_parent":{"__id__":69},"_components":[{"__type__":"cc.Sprite","node":{"__id__":103},"_materials":[{"__uuid__":"ecpdLyjvZBwrvm+cedCcQy"}],"_spriteFrame":{"__uuid__":"7c7Ms9PnhExqeoCq8Qd1CJ"},"_type":2,"_sizeMode":0}],"_prefab":{"__type__":"cc.PrefabInfo","root":{"__id__":1},"asset":{"__uuid__":"1dN4r9mG5MwJ1d0f7k7cVt"},"fileId":"81XbZ7L1NPvrjYGc1dVwMz"},"_contentSize":{"__type__":"cc.Size","width":130,"height":38},"_anchorPoint":{"__type__":"cc.Vec2","y":0.5},"_trs":{"__type__":"TypedArray","ctor":"Float64Array","array":[8285.105,375.058,0,0,0,0,1,0.7,0.7,1]}},{"__type__":"cc.Node","_name":"2","_parent":{"__id__":69},"_components":[{"__type__":"cc.Sprite","node":{"__id__":104},"_materials":[{"__uuid__":"ecpdLyjvZBwrvm+cedCcQy"}],"_spriteFrame":{"__uuid__":"7c7Ms9PnhExqeoCq8Qd1CJ"},"_type":2,"_sizeMode":0}],"_prefab":{"__type__":"cc.PrefabInfo","root":{"__id__":1},"asset":{"__uuid__":"1dN4r9mG5MwJ1d0f7k7cVt"},"fileId":"32noUeg5pGrLkbZ2CHl/vw"},"_contentSize":{"__type__":"cc.Size","width":300,"height":38},"_anchorPoint":{"__type__":"cc.Vec2","y":0.5},"_trs":{"__type__":"TypedArray","ctor":"Float64Array","array":[8356.025,573.815,0,0,0,0,1,0.7,0.7,1]}},{"__type__":"cc.Node","_name":"2","_parent":{"__id__":69},"_components":[{"__type__":"cc.Sprite","node":{"__id__":105},"_materials":[{"__uuid__":"ecpdLyjvZBwrvm+cedCcQy"}],"_spriteFrame":{"__uuid__":"7c7Ms9PnhExqeoCq8Qd1CJ"},"_type":2,"_sizeMode":0}],"_prefab":{"__type__":"cc.PrefabInfo","root":{"__id__":1},"asset":{"__uuid__":"1dN4r9mG5MwJ1d0f7k7cVt"},"fileId":"bcpSZoN4NLX41hi11erzmn"},"_contentSize":{"__type__":"cc.Size","width":285,"height":38},"_anchorPoint":{"__type__":"cc.Vec2","y":0.5},"_trs":{"__type__":"TypedArray","ctor":"Float64Array","array":[8561.528,562.385,0,0,0,0.7071067811865475,0.7071067811865476,0.7,0.7,1]},"_eulerAngles":{"__type__":"cc.Vec3","z":90}},{"__type__":"cc.Node","_name":"2","_parent":{"__id__":69},"_components":[{"__type__":"cc.Sprite","node":{"__id__":106},"_materials":[{"__uuid__":"ecpdLyjvZBwrvm+cedCcQy"}],"_spriteFrame":{"__uuid__":"7c7Ms9PnhExqeoCq8Qd1CJ"},"_type":2,"_sizeMode":0}],"_prefab":{"__type__":"cc.PrefabInfo","root":{"__id__":1},"asset":{"__uuid__":"1dN4r9mG5MwJ1d0f7k7cVt"},"fileId":"66czIUnV1KLIrXs13C+1R6"},"_contentSize":{"__type__":"cc.Size","width":700,"height":38},"_anchorPoint":{"__type__":"cc.Vec2","y":0.5},"_trs":{"__type__":"TypedArray","ctor":"Float64Array","array":[8569.025,748.289,0,0,0,1,6.123233995736766e-17,0.7,0.7,1]},"_eulerAngles":{"__type__":"cc.Vec3","z":180}},{"__type__":"cc.Node","_name":"VISSE","_parent":{"__id__":1},"_components":[{"__type__":"cc.Sprite","node":{"__id__":107},"_materials":[{"__uuid__":"ecpdLyjvZBwrvm+cedCcQy"}],"_spriteFrame":{"__uuid__":"aaEfKbovNNcZcyWrgEHiFA"},"_sizeMode":0}],"_prefab":{"__type__":"cc.PrefabInfo","root":{"__id__":1},"asset":{"__uuid__":"1dN4r9mG5MwJ1d0f7k7cVt"},"fileId":"0fKdxEOrNE4Yi1pYPoENEa"},"_contentSize":{"__type__":"cc.Size","width":30,"height":30},"_trs":{"__type__":"TypedArray","ctor":"Float64Array","array":[8111.156,577.836,0,0,0,0,1,1,1,1]}},{"__type__":"cc.Node","_name":"points","_parent":{"__id__":1},"_children":[{"__type__":"cc.Node","_name":"p1","_parent":{"__id__":108},"_prefab":{"__type__":"cc.PrefabInfo","root":{"__id__":1},"asset":{"__uuid__":"1dN4r9mG5MwJ1d0f7k7cVt"},"fileId":"b8zC5V2qRO57S/kXsG8UmK"},"_trs":{"__type__":"TypedArray","ctor":"Float64Array","array":[480,410,0,0,0,0,1,1,1,1]}},{"__type__":"cc.Node","_name":"p1","_parent":{"__id__":108},"_prefab":{"__type__":"cc.PrefabInfo","root":{"__id__":1},"asset":{"__uuid__":"1dN4r9mG5MwJ1d0f7k7cVt"},"fileId":"0aYlD4el5Bsa5AfUWL3LQ1"},"_trs":{"__type__":"TypedArray","ctor":"Float64Array","array":[1853.234,410,0,0,0,0,1,1,1,1]}},{"__type__":"cc.Node","_name":"p1 copy","_parent":{"__id__":108},"_prefab":{"__type__":"cc.PrefabInfo","root":{"__id__":1},"asset":{"__uuid__":"1dN4r9mG5MwJ1d0f7k7cVt"},"fileId":"2e4iJbMOVKi75ejfq+ca58"},"_trs":{"__type__":"TypedArray","ctor":"Float64Array","array":[1895.017,500,0,0,0,0,1,1,1,1]}},{"__type__":"cc.Node","_name":"p1 copy","_parent":{"__id__":108},"_prefab":{"__type__":"cc.PrefabInfo","root":{"__id__":1},"asset":{"__uuid__":"1dN4r9mG5MwJ1d0f7k7cVt"},"fileId":"d1i2KxltZMGpZKVB664HdY"},"_trs":{"__type__":"TypedArray","ctor":"Float64Array","array":[2876.362,500,0,0,0,0,1,1,1,1]}},{"__type__":"cc.Node","_name":"p1 copy","_parent":{"__id__":108},"_prefab":{"__type__":"cc.PrefabInfo","root":{"__id__":1},"asset":{"__uuid__":"1dN4r9mG5MwJ1d0f7k7cVt"},"fileId":"28T9iVsExHvpfRaspbKjVD"},"_trs":{"__type__":"TypedArray","ctor":"Float64Array","array":[2898.163,410,0,0,0,0,1,1,1,1]}},{"__type__":"cc.Node","_name":"p1 copy","_parent":{"__id__":108},"_prefab":{"__type__":"cc.PrefabInfo","root":{"__id__":1},"asset":{"__uuid__":"1dN4r9mG5MwJ1d0f7k7cVt"},"fileId":"9ecAFOw/dP7JL2uW9Rwmo4"},"_trs":{"__type__":"TypedArray","ctor":"Float64Array","array":[4867.511,410,0,0,0,0,1,1,1,1]}},{"__type__":"cc.Node","_name":"p1 copy","_parent":{"__id__":108},"_prefab":{"__type__":"cc.PrefabInfo","root":{"__id__":1},"asset":{"__uuid__":"1dN4r9mG5MwJ1d0f7k7cVt"},"fileId":"3ezYmB9UtO8LsLdyIUqkPu"},"_trs":{"__type__":"TypedArray","ctor":"Float64Array","array":[4902.824,500,0,0,0,0,1,1,1,1]}},{"__type__":"cc.Node","_name":"p1 copy","_parent":{"__id__":108},"_prefab":{"__type__":"cc.PrefabInfo","root":{"__id__":1},"asset":{"__uuid__":"1dN4r9mG5MwJ1d0f7k7cVt"},"fileId":"27AQz9JZRGDo8H7//NG7fg"},"_trs":{"__type__":"TypedArray","ctor":"Float64Array","array":[7298.288,500,0,0,0,0,1,1,1,1]}},{"__type__":"cc.Node","_name":"p1 copy","_parent":{"__id__":108},"_prefab":{"__type__":"cc.PrefabInfo","root":{"__id__":1},"asset":{"__uuid__":"1dN4r9mG5MwJ1d0f7k7cVt"},"fileId":"52e5OeS6NLYJ0MXYzDpmDc"},"_trs":{"__type__":"TypedArray","ctor":"Float64Array","array":[7315.025,350,0,0,0,0,1,1,1,1]}}],"_components":[{"__type__":"f6f92o9xoBI1aLPMvQN70M5","node":{"__id__":108}}],"_prefab":{"__type__":"cc.PrefabInfo","root":{"__id__":1},"asset":{"__uuid__":"1dN4r9mG5MwJ1d0f7k7cVt"},"fileId":"bcaZcLHw1PQZ2hm18tx+b2"},"_anchorPoint":{"__type__":"cc.Vec2"},"_trs":{"__type__":"TypedArray","ctor":"Float64Array","array":[0,0,0,0,0,0,1,1,1,1]}},{"__type__":"cc.Node","_name":"box_box","_parent":{"__id__":1},"_children":[{"__id__":110},{"__id__":111}],"_prefab":{"__type__":"cc.PrefabInfo","root":{"__id__":1},"asset":{"__uuid__":"1dN4r9mG5MwJ1d0f7k7cVt"},"fileId":"aaVkvqbRxFF57AvApNIZ6G"},"_trs":{"__type__":"TypedArray","ctor":"Float64Array","array":[0,0,0,0,0,0,1,1,1,1]}},{"__type__":"cc.Node","_name":"dazzle","_parent":{"__id__":109},"_components":[{"__type__":"cc.Sprite","node":{"__id__":110},"_materials":[{"__uuid__":"ecpdLyjvZBwrvm+cedCcQy"}],"_spriteFrame":{"__uuid__":"7dtBpkOKJCOYRMql8o1GeZ"}},{"__type__":"843e4uJ/vROcKYcmAz/qlZ2","node":{"__id__":110}}],"_prefab":{"__type__":"cc.PrefabInfo","root":{"__id__":1},"asset":{"__uuid__":"1dN4r9mG5MwJ1d0f7k7cVt"},"fileId":"839ozGjnZG8brbVs9JRhdS"},"_contentSize":{"__type__":"cc.Size","width":754,"height":776},"_trs":{"__type__":"TypedArray","ctor":"Float64Array","array":[7195.824,495.771,0,0,0,0,1,0.3,0.3,0.3]}},{"__type__":"cc.Node","_name":"box","_parent":{"__id__":109},"_components":[{"__type__":"cc.Sprite","node":{"__id__":111},"_materials":[{"__uuid__":"ecpdLyjvZBwrvm+cedCcQy"}],"_spriteFrame":{"__uuid__":"823gTGBOpFeLMMhNRG59zv"}},{"__type__":"cc.RigidBody","node":{"__id__":111},"_type":0},{"__type__":"cc.PhysicsBoxCollider","node":{"__id__":111},"_size":{"__type__":"cc.Size","width":355,"height":338}}],"_prefab":{"__type__":"cc.PrefabInfo","root":{"__id__":1},"asset":{"__uuid__":"1dN4r9mG5MwJ1d0f7k7cVt"},"fileId":"60ufcQ6VBMo7NfHP5SapLB"},"_contentSize":{"__type__":"cc.Size","width":355,"height":338},"_trs":{"__type__":"TypedArray","ctor":"Float64Array","array":[7195.824,495.771,0,0,0,0,1,0.3,0.3,0.3]},"_groupIndex":1,"groupIndex":1}],{"__type__":"cc.SpriteFrame","content":{"name":"Bienbaolv","texture":"1ad92557e","rect":[150,521,300,300],"offset":[0,0],"originalSize":[300,300],"capInsets":[0,0,0,0]}},{"__type__":"cc.SpriteFrame","content":{"name":"coin_new","texture":"1ad92557e","rect":[762,789,64,64],"offset":[0,0],"originalSize":[64,64],"capInsets":[0,0,0,0]}},{"__type__":"cc.SpriteFrame","content":{"name":"Down_Part","texture":"175b632e3","rect":[521,3,256,512],"offset":[0,0],"originalSize":[256,512],"capInsets":[0,42,0,45]}},{"__type__":"cc.SpriteFrame","content":{"name":"Top_Part","texture":"1ad92557e","rect":[3,3,256,512],"offset":[0,0],"originalSize":[256,512],"capInsets":[0,0,0,0]}},{"__type__":"cc.SpriteFrame","content":{"name":"2","texture":"175b632e3","rect":[961,321,148,38],"offset":[0,0],"originalSize":[148,38],"rotated":1,"capInsets":[0,0,0,0]}},{"__type__":"cc.SpriteFrame","content":{"name":"Moving01","texture":"175b632e3","rect":[783,3,512,128],"offset":[0,0],"originalSize":[512,128],"rotated":1,"capInsets":[0,0,0,0]}},{"__type__":"cc.SpriteFrame","content":{"name":"图层 61","texture":"b2MScKwz9BT4kInk3E86Db","rect":[0,0,754,776],"offset":[0,0],"originalSize":[754,776],"capInsets":[0,0,0,0]}},{"__type__":"cc.SpriteFrame","content":{"name":"宝箱","texture":"7dSXFgqK5GDrEvhcuoikN1","rect":[251,449,355,338],"offset":[0,0],"originalSize":[355,338],"rotated":1,"capInsets":[0,0,0,0]}},{"__type__":"cc.SpriteFrame","content":{"name":"skin1_2","texture":"1f08b2bb3","rect":[243,850,100,100],"offset":[0,0],"originalSize":[128,128],"capInsets":[0,0,0,0]}},{"__type__":"cc.SpriteFrame","content":{"name":"default_sprite_splash","texture":"02delMVqdBD70a/HSD99FK","rect":[0,0,2,2],"offset":[0,0],"originalSize":[2,2],"capInsets":[0,0,0,0]}},{"__type__":"cc.SpriteFrame","content":{"name":"VISSE","texture":"1ad92557e","rect":[554,289,128,128],"offset":[0,0],"originalSize":[128,128],"capInsets":[0,0,0,0]}},{"__type__":"cc.SpriteFrame","content":{"name":"normal3","texture":"40e7mc9GtLcqq6i0M7DIwi","rect":[0,0,256,256],"offset":[0,0],"originalSize":[256,256],"capInsets":[0,0,0,0]}},{"__type__":"cc.SpriteFrame","content":{"name":"fill 250","texture":"60cRc1qedPIaOD/FOZqzlm","rect":[607,1451,250,250],"offset":[0,0],"originalSize":[250,250],"capInsets":[0,0,0,0]}},{"__type__":"cc.SpriteFrame","content":{"name":"Round_Ennemy01","texture":"15af9cbc2","rect":[3,789,128,128],"offset":[0,0],"originalSize":[128,128],"capInsets":[0,0,0,0]}},{"__type__":"cc.SpriteFrame","content":{"name":"Level_14w_04","texture":"15f20cb8d","rect":[158,3,943,19],"offset":[0,-0.5],"originalSize":[943,20],"rotated":1,"capInsets":[0,0,0,0]}},{"__type__":"cc.SpriteFrame","content":{"name":"item2","texture":"15af9cbc2","rect":[271,661,128,128],"offset":[0,0],"originalSize":[128,128],"capInsets":[0,0,0,0]}},{"__type__":"cc.SpriteFrame","content":{"name":"flag_0","texture":"1e1fca5a7","rect":[290,745,273,192],"offset":[0,0],"originalSize":[273,192],"rotated":1,"capInsets":[0,0,0,0]}}]