[{"__type__":"cc.SpriteFrame","content":{"name":"表情4","texture":"cddJpwGIlMLLUA3/JPJrjP","rect":[426,2,413,422],"offset":[0,0],"originalSize":[413,422],"rotated":1,"capInsets":[0,0,0,0]}},{"__type__":"cc.SpriteAtlas","_name":"7_skin_plist.plist","_spriteFrames":{"表情":{"__uuid__":"a0EL6xACZITL7jwJk0MQL/"},"表情1":{"__uuid__":"47eV+clRVEF4izpL6PxoWu"},"表情2":{"__uuid__":"63Ouk55bFMs6NfZk8T3Ova"},"表情3":{"__uuid__":"52M21j5GJAz624YjEgj6/i"},"表情4":{"__uuid__":"00WNpqKwlIJLcXy8boa7iU"},"表情5":{"__uuid__":"59cYjuWX5GYJZd++pLG9MD"}}},{"__type__":"cc.SpriteFrame","content":{"name":"表情1","texture":"cddJpwGIlMLLUA3/JPJrjP","rect":[2,832,413,422],"offset":[0,0],"originalSize":[413,422],"rotated":1,"capInsets":[0,0,0,0]}},{"__type__":"cc.SpriteFrame","content":{"name":"表情3","texture":"cddJpwGIlMLLUA3/JPJrjP","rect":[2,417,413,422],"offset":[0,0],"originalSize":[413,422],"rotated":1,"capInsets":[0,0,0,0]}},{"__type__":"cc.SpriteFrame","content":{"name":"表情5","texture":"cddJpwGIlMLLUA3/JPJrjP","rect":[2,2,413,422],"offset":[0,0],"originalSize":[413,422],"rotated":1,"capInsets":[0,0,0,0]}},{"__type__":"cc.SpriteFrame","content":{"name":"表情2","texture":"cddJpwGIlMLLUA3/JPJrjP","rect":[426,417,413,422],"offset":[0,0],"originalSize":[413,422],"rotated":1,"capInsets":[0,0,0,0]}},{"__type__":"cc.SpriteFrame","content":{"name":"表情","texture":"cddJpwGIlMLLUA3/JPJrjP","rect":[426,832,413,422],"offset":[0,0],"originalSize":[413,422],"rotated":1,"capInsets":[0,0,0,0]}}]