[{"__type__":"cc.SpriteFrame","content":{"name":"表情1","texture":"ddPVsGNoZL9qL3Jr5BDCxK","rect":[2,832,413,422],"offset":[0,0],"originalSize":[413,422],"rotated":1,"capInsets":[0,0,0,0]}},{"__type__":"cc.SpriteFrame","content":{"name":"表情","texture":"ddPVsGNoZL9qL3Jr5BDCxK","rect":[426,832,413,422],"offset":[0,0],"originalSize":[413,422],"rotated":1,"capInsets":[0,0,0,0]}},{"__type__":"cc.SpriteFrame","content":{"name":"表情2","texture":"ddPVsGNoZL9qL3Jr5BDCxK","rect":[426,417,413,422],"offset":[0,0],"originalSize":[413,422],"rotated":1,"capInsets":[0,0,0,0]}},{"__type__":"cc.SpriteFrame","content":{"name":"表情4","texture":"ddPVsGNoZL9qL3Jr5BDCxK","rect":[426,2,413,422],"offset":[0,0],"originalSize":[413,422],"rotated":1,"capInsets":[0,0,0,0]}},{"__type__":"cc.SpriteAtlas","_name":"5_skin_plist.plist","_spriteFrames":{"表情":{"__uuid__":"49pWS6dgNGUriK3BJL2Ous"},"表情1":{"__uuid__":"26fpLG4FxMjbB2MX748AVp"},"表情2":{"__uuid__":"90cVbv/eBBtrk5fbCBBKr2"},"表情3":{"__uuid__":"f4B7TvlApPzbdgxiiAfton"},"表情4":{"__uuid__":"a6QZX9RuNGyapj0AYvcD2S"},"表情5":{"__uuid__":"cec2nM6GdDq5r4K7VPst74"}}},{"__type__":"cc.SpriteFrame","content":{"name":"表情5","texture":"ddPVsGNoZL9qL3Jr5BDCxK","rect":[2,2,413,422],"offset":[0,0],"originalSize":[413,422],"rotated":1,"capInsets":[0,0,0,0]}},{"__type__":"cc.SpriteFrame","content":{"name":"表情3","texture":"ddPVsGNoZL9qL3Jr5BDCxK","rect":[2,417,413,422],"offset":[0,0],"originalSize":[413,422],"rotated":1,"capInsets":[0,0,0,0]}}]