[{"__type__":"cc.SpriteFrame","content":{"name":"表情1","texture":"38lYye8VFOZYhH5H9zcJG+","rect":[2,832,413,422],"offset":[0,0],"originalSize":[413,422],"rotated":1,"capInsets":[0,0,0,0]}},{"__type__":"cc.SpriteFrame","content":{"name":"表情","texture":"38lYye8VFOZYhH5H9zcJG+","rect":[426,832,413,422],"offset":[0,0],"originalSize":[413,422],"rotated":1,"capInsets":[0,0,0,0]}},{"__type__":"cc.SpriteFrame","content":{"name":"表情2","texture":"38lYye8VFOZYhH5H9zcJG+","rect":[426,417,413,422],"offset":[0,0],"originalSize":[413,422],"rotated":1,"capInsets":[0,0,0,0]}},{"__type__":"cc.AnimationClip","_name":"face2","_duration":0.8666666666666667,"sample":30,"curveData":{"comps":{"cc.Sprite":{"spriteFrame":[{"frame":0,"value":{"__uuid__":"34MaSsugRJ9ak4bRbzd8Sk"}},{"frame":0.16666666666666666,"value":{"__uuid__":"2farNezdRCrbL073D0ul+K"}},{"frame":0.3333333333333333,"value":{"__uuid__":"375lOVTDNEwo4Iu7sMBRLW"}},{"frame":0.5,"value":{"__uuid__":"81hSQnMX9ChJJ5BYDZdKK1"}},{"frame":0.6666666666666666,"value":{"__uuid__":"375lOVTDNEwo4Iu7sMBRLW"}},{"frame":0.8333333333333334,"value":{"__uuid__":"81hSQnMX9ChJJ5BYDZdKK1"}}]}}}},{"__type__":"cc.SpriteFrame","content":{"name":"表情3","texture":"38lYye8VFOZYhH5H9zcJG+","rect":[2,417,413,422],"offset":[0,0],"originalSize":[413,422],"rotated":1,"capInsets":[0,0,0,0]}},[{"__type__":"cc.Prefab","_name":"redball-2","data":{"__id__":1}},{"__type__":"cc.Node","_name":"redball","_components":[{"__type__":"cc.Sprite","_name":"redball<Sprite>","node":{"__id__":1},"_materials":[{"__uuid__":"ecpdLyjvZBwrvm+cedCcQy"}],"_spriteFrame":{"__uuid__":"34MaSsugRJ9ak4bRbzd8Sk"},"_sizeMode":0},{"__type__":"cc.RigidBody","node":{"__id__":1},"_allowSleep":false,"_gravityScale":4,"_linearDamping":2.5,"_angularDamping":0.2,"enabledContactListener":true},{"__type__":"cc.PhysicsCircleCollider","node":{"__id__":1},"tag":1,"_density":2,"_friction":0.3,"_offset":{"__type__":"cc.Vec2","x":0.5,"y":0.2},"_radius":35},{"__type__":"dfa8blogb5HLonvKfid+4Lr","node":{"__id__":1},"dead_effect":{"__uuid__":"b83SG/oxpMbZ/bRF36oVqI"},"block":{"__uuid__":"d5PC5HPfFDCJHr0LiXcNBs"},"move_force":12600,"jump_force":1000},{"__type__":"cc.Animation","node":{"__id__":1},"_defaultClip":{"__uuid__":"72WVxHNV5MZaHx8tMbXcD1"},"_clips":[{"__uuid__":"72WVxHNV5MZaHx8tMbXcD1"}]}],"_prefab":{"__type__":"cc.PrefabInfo","root":{"__id__":1},"asset":{"__uuid__":"a84SgRcONDgrWAVrKmudZY"},"fileId":"69L5mTj55PpbuwVZ/y/fOh"},"_contentSize":{"__type__":"cc.Size","width":80,"height":80},"_trs":{"__type__":"TypedArray","ctor":"Float64Array","array":[500,400,0,0,0,0,1,1,1,1]},"_groupIndex":1,"groupIndex":1}]]