[1,["1awDM7/INC/5I7dmk+J8Pn@6c48a"],0,[["sp.SkeletonData",["_name","_atlasText","textureNames","_skeletonJson","textures"],-1,3]],[[0,0,1,2,3,4,5]],[[0,"Sound_S_Mint","\r\nSound_S_Mint.png\r\nsize: 449, 1135\r\nformat: RGBA8888\r\nfilter: Linear, Linear\r\nrepeat: none\r\n1\r\n  rotate: false\r\n  xy: 289, 283\r\n  size: 158, 280\r\n  orig: 158, 280\r\n  offset: 0, 0\r\n  index: -1\r\n10\r\n  rotate: false\r\n  xy: 289, 2\r\n  size: 157, 279\r\n  orig: 157, 279\r\n  offset: 0, 0\r\n  index: -1\r\n11\r\n  rotate: true\r\n  xy: 2, 975\r\n  size: 158, 288\r\n  orig: 158, 288\r\n  offset: 0, 0\r\n  index: -1\r\n2\r\n  rotate: true\r\n  xy: 2, 655\r\n  size: 158, 286\r\n  orig: 158, 286\r\n  offset: 0, 0\r\n  index: -1\r\n3\r\n  rotate: true\r\n  xy: 2, 496\r\n  size: 157, 285\r\n  orig: 157, 285\r\n  offset: 0, 0\r\n  index: -1\r\n4\r\n  rotate: true\r\n  xy: 2, 337\r\n  size: 157, 285\r\n  orig: 157, 285\r\n  offset: 0, 0\r\n  index: -1\r\n5\r\n  rotate: true\r\n  xy: 2, 178\r\n  size: 157, 285\r\n  orig: 157, 285\r\n  offset: 0, 0\r\n  index: -1\r\n6\r\n  rotate: false\r\n  xy: 292, 850\r\n  size: 155, 283\r\n  orig: 155, 283\r\n  offset: 0, 0\r\n  index: -1\r\n7\r\n  rotate: true\r\n  xy: 2, 19\r\n  size: 157, 278\r\n  orig: 157, 278\r\n  offset: 0, 0\r\n  index: -1\r\n8\r\n  rotate: false\r\n  xy: 291, 565\r\n  size: 155, 283\r\n  orig: 155, 283\r\n  offset: 0, 0\r\n  index: -1\r\n9\r\n  rotate: true\r\n  xy: 2, 815\r\n  size: 158, 287\r\n  orig: 158, 287\r\n  offset: 0, 0\r\n  index: -1\r\n",["Sound_S_Mint.png"],{"skeleton":{"hash":"HXo92gn8Iak","spine":"3.8-from-4.0-from-4.1-from-4.2.37","x":-65.77,"y":0.2,"width":157,"height":285,"images":"C:\\Users\\006\\Desktop\\111","audio":"./audio"},"bones":[{"name":"root"},{"name":"bone","parent":"root","x":0.49,"y":-12.75}],"slots":[{"name":"1","bone":"bone"},{"name":"2","bone":"bone"},{"name":"3","bone":"bone"},{"name":"4","bone":"bone"},{"name":"5","bone":"bone","attachment":"5"},{"name":"6","bone":"bone"},{"name":"7","bone":"bone"},{"name":"8","bone":"bone"},{"name":"9","bone":"bone"},{"name":"10","bone":"bone"},{"name":"11","bone":"bone"}],"skins":[{"name":"default","attachments":{"1":{"1":{"x":11.22,"y":152.95,"width":158,"height":280}},"2":{"2":{"x":7.95,"y":155.86,"width":158,"height":286}},"3":{"3":{"x":12.13,"y":155.5,"width":157,"height":285}},"4":{"4":{"x":13.45,"y":155.45,"width":157,"height":285}},"5":{"5":{"x":12.24,"y":155.45,"width":157,"height":285}},"6":{"6":{"x":14.77,"y":154.6,"width":155,"height":283}},"7":{"7":{"x":11.31,"y":152.11,"width":157,"height":278}},"8":{"8":{"x":15.78,"y":154.36,"width":155,"height":283}},"9":{"9":{"x":10.72,"y":156.77,"width":158,"height":287}},"10":{"10":{"x":11.93,"y":152.54,"width":157,"height":279}},"11":{"11":{"x":7.03,"y":156.77,"width":158,"height":288}}}}],"animations":{"Sound_1":{"slots":{"2":{"attachment":[{"time":0.3333,"name":"2"},{"time":0.4,"name":null},{"time":0.4667,"name":"2"},{"time":0.5333,"name":null},{"time":0.7333,"name":"2"},{"time":0.8,"name":null},{"time":0.8667,"name":"2"},{"time":0.9333,"name":null},{"time":1,"name":"2"},{"time":1.0667,"name":null},{"time":1.2667,"name":"2"},{"time":1.3333,"name":null},{"time":1.4,"name":"2"},{"time":1.4667,"name":null},{"time":1.6667,"name":"2"},{"time":1.7333,"name":null},{"time":1.8,"name":"2"},{"time":1.8667,"name":null},{"time":2.3333,"name":"2"},{"time":2.4,"name":null},{"time":2.4667,"name":"2"},{"time":2.5333,"name":null},{"time":2.6,"name":"2"},{"time":2.6667,"name":null},{"time":3.2333,"name":"2"},{"time":3.3333,"name":null}]},"3":{"attachment":[{"time":1.0667,"name":"3"},{"time":1.1333,"name":null}]},"4":{"attachment":[{"time":3.3333,"name":"4"},{"time":3.4333,"name":null},{"time":3.6667,"name":"4"},{"time":3.7667,"name":null},{"time":4.2667,"name":"4"},{"time":4.4333,"name":null},{"time":4.6,"name":"4"},{"time":4.7667,"name":null},{"time":5,"name":"4"},{"time":5.2,"name":null},{"time":5.4333,"name":"4"},{"time":5.7,"name":null},{"time":6,"name":"4"},{"time":6.3333,"name":null}]},"5":{"attachment":[{"time":0.3333,"name":null},{"time":3.7667,"name":"5"},{"time":3.9,"name":null},{"time":4.0667,"name":"5"},{"time":4.2667,"name":null},{"time":4.4333,"name":"5"},{"time":4.6,"name":null},{"time":4.7667,"name":"5"},{"time":5,"name":null},{"time":5.2,"name":"5"},{"time":5.4333,"name":null},{"time":5.7,"name":"5"},{"time":6,"name":null},{"time":6.3333,"name":"5"}]},"6":{"attachment":[{"time":2.7333,"name":"6"},{"time":2.8333,"name":null},{"time":2.9333,"name":"6"},{"time":3.0333,"name":null},{"time":3.1333,"name":"6"},{"time":3.2333,"name":null},{"time":3.5333,"name":"6"},{"time":3.6667,"name":null}]},"7":{"attachment":[{"time":0.4,"name":"7"},{"time":0.4667,"name":null},{"time":0.5333,"name":"7"},{"time":0.6,"name":null},{"time":0.6667,"name":"7"},{"time":0.7333,"name":null},{"time":0.9333,"name":"7"},{"time":1,"name":null},{"time":1.2,"name":"7"},{"time":1.2667,"name":null},{"time":1.3333,"name":"7"},{"time":1.4,"name":null},{"time":1.4667,"name":"7"},{"time":1.5333,"name":null},{"time":1.6,"name":"7"},{"time":1.6667,"name":null},{"time":1.8667,"name":"7"},{"time":1.9333,"name":null},{"time":2.1333,"name":"7"},{"time":2.2667,"name":null},{"time":2.4,"name":"7"},{"time":2.4667,"name":null},{"time":2.5333,"name":"7"},{"time":2.6,"name":null},{"time":2.6667,"name":"7"},{"time":2.7333,"name":null},{"time":2.8333,"name":"7"},{"time":2.9333,"name":null},{"time":3.4333,"name":"7"},{"time":3.5333,"name":null},{"time":6.9,"name":null}]},"8":{"attachment":[{"time":2.0667,"name":"8"},{"time":2.1333,"name":null}]},"9":{"attachment":[{"time":3.0333,"name":"9"},{"time":3.1333,"name":null},{"time":3.9,"name":"9"},{"time":4.0667,"name":null}]},"10":{"attachment":[{"time":0.8,"name":"10"},{"time":0.8667,"name":null},{"time":1.7333,"name":"10"},{"time":1.8,"name":null},{"time":2,"name":"10"},{"time":2.0667,"name":null}]},"11":{"attachment":[{"time":0.6,"name":"11"},{"time":0.6667,"name":null},{"time":1.1333,"name":"11"},{"time":1.2,"name":null},{"time":1.5333,"name":"11"},{"time":1.6,"name":null},{"time":1.9333,"name":"11"},{"time":2,"name":null},{"time":2.2667,"name":"11"},{"time":2.3333,"name":null}]}}},"Sound_2":{"slots":{"5":{"attachment":[{"time":6.9,"name":"5"}]}}}}},[0]]],0,0,[0],[-1],[0]]
