[1,["5doTSMmQBCUYiGhXnTRSDp@6c48a"],0,[["sp.SkeletonData",["_name","_atlasText","textureNames","_skeletonJson","textures"],-1,3]],[[0,0,1,2,3,4,5]],[[0,"Sound_1_Red","\r\nSound_1_Red.png\r\nsize: 952, 252\r\nformat: RGBA8888\r\nfilter: Linear, Linear\r\nrepeat: none\r\n1\r\n  rotate: false\r\n  xy: 762, 3\r\n  size: 188, 247\r\n  orig: 188, 247\r\n  offset: 0, 0\r\n  index: -1\r\n2\r\n  rotate: false\r\n  xy: 2, 2\r\n  size: 188, 248\r\n  orig: 188, 248\r\n  offset: 0, 0\r\n  index: -1\r\n3\r\n  rotate: false\r\n  xy: 192, 2\r\n  size: 188, 248\r\n  orig: 188, 248\r\n  offset: 0, 0\r\n  index: -1\r\n4\r\n  rotate: false\r\n  xy: 382, 2\r\n  size: 188, 248\r\n  orig: 188, 248\r\n  offset: 0, 0\r\n  index: -1\r\n5\r\n  rotate: false\r\n  xy: 572, 2\r\n  size: 188, 248\r\n  orig: 188, 248\r\n  offset: 0, 0\r\n  index: -1\r\n",["Sound_1_Red.png"],{"skeleton":{"hash":"bUrYsh0bvWA","spine":"3.8-from-4.0-from-4.1-from-4.2.38","images":"C:\\Users\\006\\Desktop\\222","audio":"./audio"},"bones":[{"name":"root"},{"name":"bone","parent":"root","x":0.54,"y":-18.41}],"slots":[{"name":"1","bone":"bone"},{"name":"2","bone":"bone"},{"name":"3","bone":"bone"},{"name":"4","bone":"bone","attachment":"4"},{"name":"5","bone":"bone"}],"skins":[{"name":"default","attachments":{"1":{"1":{"x":4.96,"y":138.11,"width":188,"height":247}},"2":{"2":{"x":7.26,"y":141.27,"width":188,"height":248}},"3":{"3":{"x":8.99,"y":141.84,"width":188,"height":248}},"4":{"4":{"x":11.29,"y":141.84,"width":188,"height":248}},"5":{"5":{"x":9.27,"y":141.84,"width":188,"height":248}}}}],"animations":{"Sound_1":{"slots":{"1":{"attachment":[{"time":0.6667,"name":"1"},{"time":0.7333,"name":null},{"time":1.7333,"name":"1"},{"time":1.8,"name":null},{"time":2.8333,"name":"1"},{"time":2.9,"name":null},{"time":3.9,"name":"1"},{"time":3.9667,"name":null},{"time":4.4,"name":"1"},{"time":4.4667,"name":null}]},"2":{"attachment":[{"time":0.6333,"name":"2"},{"time":0.6667,"name":null},{"time":0.7333,"name":"2"},{"time":0.8,"name":null},{"time":1.7,"name":"2"},{"time":1.7333,"name":null},{"time":1.8,"name":"2"},{"time":1.8667,"name":null},{"time":2.8,"name":"2"},{"time":2.8333,"name":null},{"time":2.9,"name":"2"},{"time":2.9667,"name":null},{"time":3.8667,"name":"2"},{"time":3.9,"name":null},{"time":3.9667,"name":"2"},{"time":4.0333,"name":null},{"time":4.3667,"name":"2"},{"time":4.4,"name":null},{"time":4.4667,"name":"2"},{"time":4.5333,"name":null}]},"3":{"attachment":[{"time":0.6,"name":"3"},{"time":0.6333,"name":null},{"time":0.8,"name":"3"},{"time":0.8667,"name":null},{"time":1.6667,"name":"3"},{"time":1.7,"name":null},{"time":1.8667,"name":"3"},{"time":1.9333,"name":null},{"time":2.7667,"name":"3"},{"time":2.8,"name":null},{"time":2.9667,"name":"3"},{"time":3.0333,"name":null},{"time":3.8333,"name":"3"},{"time":3.8667,"name":null},{"time":4.0333,"name":"3"},{"time":4.1,"name":null},{"time":4.3333,"name":"3"},{"time":4.3667,"name":null},{"time":4.5333,"name":"3"},{"time":4.6,"name":null}]},"4":{"attachment":[{"time":0.5667,"name":null},{"time":0.9333,"name":"4"},{"time":1.6333,"name":null},{"time":2,"name":"4"},{"time":2.7333,"name":null},{"time":3.1,"name":"4"},{"time":3.8,"name":null},{"time":4.1667,"name":"4"},{"time":4.3,"name":null},{"time":4.6667,"name":"4"},{"time":4.8,"name":"4"}]},"5":{"attachment":[{"time":0.5667,"name":"5"},{"time":0.6,"name":null},{"time":0.8667,"name":"5"},{"time":0.9333,"name":null},{"time":1.6333,"name":"5"},{"time":1.6667,"name":null},{"time":1.9333,"name":"5"},{"time":2,"name":null},{"time":2.7333,"name":"5"},{"time":2.7667,"name":null},{"time":3.0333,"name":"5"},{"time":3.1,"name":null},{"time":3.8,"name":"5"},{"time":3.8333,"name":null},{"time":4.1,"name":"5"},{"time":4.1667,"name":null},{"time":4.3,"name":"5"},{"time":4.3333,"name":null},{"time":4.6,"name":"5"},{"time":4.6667,"name":null}]}}},"Sound_2":{"slots":{"1":{"attachment":[{"time":0.6667,"name":"1"},{"time":0.7333,"name":null},{"time":1.7333,"name":"1"},{"time":1.8,"name":null},{"time":2.8333,"name":"1"},{"time":2.9,"name":null},{"time":3.9,"name":"1"},{"time":3.9667,"name":null},{"time":4.4,"name":"1"},{"time":4.4667,"name":null}]},"2":{"attachment":[{"time":0.6333,"name":"2"},{"time":0.6667,"name":null},{"time":0.7333,"name":"2"},{"time":0.8,"name":null},{"time":1.7,"name":"2"},{"time":1.7333,"name":null},{"time":1.8,"name":"2"},{"time":1.8667,"name":null},{"time":2.8,"name":"2"},{"time":2.8333,"name":null},{"time":2.9,"name":"2"},{"time":2.9667,"name":null},{"time":3.8667,"name":"2"},{"time":3.9,"name":null},{"time":3.9667,"name":"2"},{"time":4.0333,"name":null},{"time":4.3667,"name":"2"},{"time":4.4,"name":null},{"time":4.4667,"name":"2"},{"time":4.5333,"name":null}]},"3":{"attachment":[{"time":0.6,"name":"3"},{"time":0.6333,"name":null},{"time":0.8,"name":"3"},{"time":0.8667,"name":null},{"time":1.6667,"name":"3"},{"time":1.7,"name":null},{"time":1.8667,"name":"3"},{"time":1.9333,"name":null},{"time":2.7667,"name":"3"},{"time":2.8,"name":null},{"time":2.9667,"name":"3"},{"time":3.0333,"name":null},{"time":3.8333,"name":"3"},{"time":3.8667,"name":null},{"time":4.0333,"name":"3"},{"time":4.1,"name":null},{"time":4.3333,"name":"3"},{"time":4.3667,"name":null},{"time":4.5333,"name":"3"},{"time":4.6,"name":null}]},"4":{"attachment":[{"time":0.5667,"name":null},{"time":0.9333,"name":"4"},{"time":1.6333,"name":null},{"time":2,"name":"4"},{"time":2.7333,"name":null},{"time":3.1,"name":"4"},{"time":3.8,"name":null},{"time":4.1667,"name":"4"},{"time":4.3,"name":null},{"time":4.6667,"name":"4"},{"time":4.8,"name":"4"}]},"5":{"attachment":[{"time":0.5667,"name":"5"},{"time":0.6,"name":null},{"time":0.8667,"name":"5"},{"time":0.9333,"name":null},{"time":1.6333,"name":"5"},{"time":1.6667,"name":null},{"time":1.9333,"name":"5"},{"time":2,"name":null},{"time":2.7333,"name":"5"},{"time":2.7667,"name":null},{"time":3.0333,"name":"5"},{"time":3.1,"name":null},{"time":3.8,"name":"5"},{"time":3.8333,"name":null},{"time":4.1,"name":"5"},{"time":4.1667,"name":null},{"time":4.3,"name":"5"},{"time":4.3333,"name":null},{"time":4.6,"name":"5"},{"time":4.6667,"name":null}]}}}}},[0]]],0,0,[0],[-1],[0]]
