[1,["b1VwWO83hF5ZZqEJHgdbee@6c48a"],0,[["sp.SkeletonData",["_name","_atlasText","textureNames","_skeletonJson","textures"],-1,3]],[[0,0,1,2,3,4,5]],[[0,"Sound_2_Hat","\r\nSound_2_Hat.png\r\nsize: 1558, 344\r\nformat: RGBA8888\r\nfilter: Linear, Linear\r\nrepeat: none\r\n1\r\n  rotate: true\r\n  xy: 2, 174\r\n  size: 168, 258\r\n  orig: 179, 296\r\n  offset: 11, 7\r\n  index: -1\r\n10\r\n  rotate: true\r\n  xy: 262, 174\r\n  size: 168, 260\r\n  orig: 179, 296\r\n  offset: 11, 7\r\n  index: -1\r\n11\r\n  rotate: true\r\n  xy: 1299, 173\r\n  size: 169, 257\r\n  orig: 180, 296\r\n  offset: 11, 7\r\n  index: -1\r\n12\r\n  rotate: true\r\n  xy: 2, 3\r\n  size: 169, 257\r\n  orig: 180, 296\r\n  offset: 11, 7\r\n  index: -1\r\n2\r\n  rotate: true\r\n  xy: 524, 174\r\n  size: 168, 258\r\n  orig: 179, 296\r\n  offset: 11, 7\r\n  index: -1\r\n3\r\n  rotate: true\r\n  xy: 784, 174\r\n  size: 168, 256\r\n  orig: 179, 296\r\n  offset: 11, 7\r\n  index: -1\r\n4\r\n  rotate: true\r\n  xy: 261, 3\r\n  size: 169, 257\r\n  orig: 180, 296\r\n  offset: 11, 7\r\n  index: -1\r\n5\r\n  rotate: true\r\n  xy: 520, 3\r\n  size: 169, 254\r\n  orig: 180, 296\r\n  offset: 11, 7\r\n  index: -1\r\n6\r\n  rotate: true\r\n  xy: 776, 3\r\n  size: 169, 253\r\n  orig: 180, 296\r\n  offset: 11, 7\r\n  index: -1\r\n7\r\n  rotate: true\r\n  xy: 1031, 3\r\n  size: 169, 257\r\n  orig: 180, 296\r\n  offset: 11, 7\r\n  index: -1\r\n8\r\n  rotate: true\r\n  xy: 1042, 174\r\n  size: 168, 255\r\n  orig: 179, 296\r\n  offset: 11, 7\r\n  index: -1\r\n9\r\n  rotate: true\r\n  xy: 1290, 2\r\n  size: 169, 257\r\n  orig: 180, 296\r\n  offset: 11, 7\r\n  index: -1\r\n",["Sound_2_Hat.png"],{"skeleton":{"hash":"3K+4Nad51Kw","spine":"3.8-from-4.0-from-4.1-from-4.2.38","images":"C:\\Users\\006\\Desktop\\222","audio":"./audio"},"bones":[{"name":"root"}],"slots":[{"name":"1","bone":"root"},{"name":"2","bone":"root"},{"name":"3","bone":"root","attachment":"3"},{"name":"4","bone":"root"},{"name":"5","bone":"root"},{"name":"6","bone":"root"},{"name":"7","bone":"root"},{"name":"8","bone":"root"},{"name":"9","bone":"root"},{"name":"10","bone":"root"},{"name":"11","bone":"root"},{"name":"12","bone":"root"}],"skins":[{"name":"default","attachments":{"1":{"1":{"x":1.82,"y":140.08,"width":179,"height":296}},"2":{"2":{"x":1.52,"y":140.35,"width":179,"height":296}},"3":{"3":{"x":2.12,"y":139.75,"width":179,"height":296}},"4":{"4":{"x":2.12,"y":140.05,"width":180,"height":296}},"5":{"5":{"x":2.12,"y":139.75,"width":180,"height":296}},"6":{"6":{"x":2.12,"y":140.66,"width":180,"height":296}},"7":{"7":{"x":2.43,"y":140.66,"width":180,"height":296}},"8":{"8":{"x":1.82,"y":139.75,"width":179,"height":296}},"9":{"9":{"x":2.12,"y":140.35,"width":180,"height":296}},"10":{"10":{"x":2.12,"y":140.05,"width":179,"height":296}},"11":{"11":{"x":2.43,"y":140.05,"width":180,"height":296}},"12":{"12":{"x":2.43,"y":140.05,"width":180,"height":296}}}}],"animations":{"Sound_1":{"slots":{"1":{"attachment":[{"time":3.8333,"name":"1"},{"time":4.0333,"name":null},{"time":4.4333,"name":"1"},{"time":4.6333,"name":null}]},"2":{"attachment":[{"time":0.5667,"name":"2"},{"time":0.7667,"name":null},{"time":2.7,"name":"2"},{"time":2.9,"name":null},{"time":3.0667,"name":"2"},{"time":3.2667,"name":null}]},"3":{"attachment":[{"time":0.2,"name":null},{"time":2.1333,"name":"3"},{"time":2.3,"name":null},{"time":4.8,"name":"3"}]},"4":{"attachment":[{"time":0.9667,"name":"4"},{"time":1.1667,"name":null}]},"5":{"attachment":[{"time":0.2,"name":"5"},{"time":0.4,"name":null},{"time":2.3,"name":"5"},{"time":2.5,"name":null},{"time":3.2667,"name":"5"},{"time":3.4667,"name":null}]},"6":{"attachment":[{"time":3.4667,"name":"6"},{"time":3.6667,"name":null},{"time":4.0333,"name":"6"},{"time":4.2333,"name":null}]},"7":{"attachment":[{"time":0.7667,"name":"7"},{"time":0.9667,"name":null}]},"8":{"attachment":[{"time":1.9333,"name":"8"},{"time":2.1333,"name":null}]},"9":{"attachment":[{"time":2.9,"name":"9"},{"time":3.0667,"name":null}]},"10":{"attachment":[{"time":0.4,"name":"10"},{"time":0.5667,"name":null},{"time":2.5,"name":"10"},{"time":2.7,"name":null}]},"11":{"attachment":[{"time":1.1667,"name":"11"},{"time":1.9333,"name":null}]},"12":{"attachment":[{"time":3.6667,"name":"12"},{"time":3.8333,"name":null},{"time":4.2333,"name":"12"},{"time":4.4333,"name":null},{"time":4.6333,"name":"12"},{"time":4.8,"name":null}]}}},"Sound_2":{"slots":{"1":{"attachment":[{"time":3.8333,"name":"1"},{"time":4.0333,"name":null},{"time":4.4333,"name":"1"},{"time":4.6333,"name":null}]},"2":{"attachment":[{"time":0.5667,"name":"2"},{"time":0.7667,"name":null},{"time":2.7,"name":"2"},{"time":2.9,"name":null},{"time":3.0667,"name":"2"},{"time":3.2667,"name":null}]},"3":{"attachment":[{"time":0.2,"name":null},{"time":2.1333,"name":"3"},{"time":2.3,"name":null},{"time":4.8,"name":"3"}]},"4":{"attachment":[{"time":0.9667,"name":"4"},{"time":1.1667,"name":null}]},"5":{"attachment":[{"time":0.2,"name":"5"},{"time":0.4,"name":null},{"time":2.3,"name":"5"},{"time":2.5,"name":null},{"time":3.2667,"name":"5"},{"time":3.4667,"name":null}]},"6":{"attachment":[{"time":3.4667,"name":"6"},{"time":3.6667,"name":null},{"time":4.0333,"name":"6"},{"time":4.2333,"name":null}]},"7":{"attachment":[{"time":0.7667,"name":"7"},{"time":0.9667,"name":null}]},"8":{"attachment":[{"time":1.9333,"name":"8"},{"time":2.1333,"name":null}]},"9":{"attachment":[{"time":2.9,"name":"9"},{"time":3.0667,"name":null}]},"10":{"attachment":[{"time":0.4,"name":"10"},{"time":0.5667,"name":null},{"time":2.5,"name":"10"},{"time":2.7,"name":null}]},"11":{"attachment":[{"time":1.1667,"name":"11"},{"time":1.9333,"name":null}]},"12":{"attachment":[{"time":3.6667,"name":"12"},{"time":3.8333,"name":null},{"time":4.2333,"name":"12"},{"time":4.4333,"name":null},{"time":4.6333,"name":"12"},{"time":4.8,"name":null}]}}}}},[0]]],0,0,[0],[-1],[0]]
