[1,["0atEvQjBxKNozBQpxwr+73@6c48a"],0,[["sp.SkeletonData",["_name","_atlasText","textureNames","_skeletonJson","textures"],-1,3]],[[0,0,1,2,3,4,5]],[[0,"Sound_H_Navi","\r\nSound_H_Navi.png\r\nsize: 788, 308\r\nformat: RGBA8888\r\nfilter: Linear, Linear\r\nrepeat: none\r\n1\r\n  rotate: true\r\n  xy: 2, 155\r\n  size: 151, 258\r\n  orig: 151, 267\r\n  offset: 0, 6\r\n  index: -1\r\n2\r\n  rotate: true\r\n  xy: 262, 155\r\n  size: 151, 256\r\n  orig: 151, 267\r\n  offset: 0, 5\r\n  index: -1\r\n3\r\n  rotate: true\r\n  xy: 520, 155\r\n  size: 151, 260\r\n  orig: 151, 267\r\n  offset: 0, 6\r\n  index: -1\r\n4\r\n  rotate: true\r\n  xy: 2, 2\r\n  size: 151, 258\r\n  orig: 151, 267\r\n  offset: 0, 5\r\n  index: -1\r\n5\r\n  rotate: true\r\n  xy: 262, 2\r\n  size: 151, 260\r\n  orig: 151, 267\r\n  offset: 0, 6\r\n  index: -1\r\n6\r\n  rotate: true\r\n  xy: 524, 2\r\n  size: 151, 262\r\n  orig: 151, 267\r\n  offset: 0, 5\r\n  index: -1\r\n",["Sound_H_Navi.png"],{"skeleton":{"hash":"T5ibwKjQ0sY","spine":"3.8-from-4.0-from-4.1-from-4.2.37","x":-71.86,"y":-5.7,"width":151,"height":267,"images":"C:\\Users\\006\\Desktop\\111","audio":"./audio"},"bones":[{"name":"root"},{"name":"bone","parent":"root","x":1.71,"y":-25.31}],"slots":[{"name":"1","bone":"bone"},{"name":"2","bone":"bone","attachment":"2"},{"name":"3","bone":"bone"},{"name":"4","bone":"bone"},{"name":"5","bone":"bone"},{"name":"6","bone":"bone"}],"skins":[{"name":"default","attachments":{"1":{"1":{"x":1.93,"y":153.11,"width":151,"height":267}},"2":{"2":{"x":1.93,"y":153.11,"width":151,"height":267}},"3":{"3":{"x":1.93,"y":153.11,"width":151,"height":267}},"4":{"4":{"x":1.93,"y":153.11,"width":151,"height":267}},"5":{"5":{"x":1.93,"y":153.11,"width":151,"height":267}},"6":{"6":{"x":1.93,"y":153.11,"width":151,"height":267}}}}],"animations":{"Sound_1":{"slots":{"2":{"attachment":[{"time":0.2667,"name":null},{"time":1.3,"name":"2"},{"time":2.1333,"name":null},{"time":3.1667,"name":"2"},{"time":4,"name":null},{"time":5.0333,"name":"2"},{"time":5.8667,"name":null},{"time":6.9,"name":"2"}]},"3":{"attachment":[{"time":0.7667,"name":"3"},{"time":1,"name":null},{"time":2.6333,"name":"3"},{"time":2.8667,"name":null},{"time":4.5,"name":"3"},{"time":4.7333,"name":null},{"time":6.3667,"name":"3"},{"time":6.6,"name":null}]},"4":{"attachment":[{"time":0.2667,"name":"4"},{"time":0.5,"name":null},{"time":2.1333,"name":"4"},{"time":2.3667,"name":null},{"time":4,"name":"4"},{"time":4.2333,"name":null},{"time":5.8667,"name":"4"},{"time":6.1,"name":null}]},"5":{"attachment":[{"time":0.5,"name":"5"},{"time":0.7667,"name":null},{"time":2.3667,"name":"5"},{"time":2.6333,"name":null},{"time":4.2333,"name":"5"},{"time":4.5,"name":null},{"time":6.1,"name":"5"},{"time":6.3667,"name":null}]},"6":{"attachment":[{"time":1,"name":"6"},{"time":1.3,"name":null},{"time":2.8667,"name":"6"},{"time":3.1667,"name":null},{"time":4.7333,"name":"6"},{"time":5.0333,"name":null},{"time":6.6,"name":"6"},{"time":6.9,"name":null}]}}},"Sound_2":{"slots":{"2":{"attachment":[{"time":0.2667,"name":null},{"time":1.3,"name":"2"},{"time":2.1333,"name":null},{"time":3.1667,"name":"2"},{"time":4,"name":null},{"time":5.0333,"name":"2"},{"time":5.8667,"name":null},{"time":6.9,"name":"2"}]},"3":{"attachment":[{"time":0.7667,"name":"3"},{"time":1,"name":null},{"time":2.6333,"name":"3"},{"time":2.8667,"name":null},{"time":4.5,"name":"3"},{"time":4.7333,"name":null},{"time":6.3667,"name":"3"},{"time":6.6,"name":null}]},"4":{"attachment":[{"time":0.2667,"name":"4"},{"time":0.5,"name":null},{"time":2.1333,"name":"4"},{"time":2.3667,"name":null},{"time":4,"name":"4"},{"time":4.2333,"name":null},{"time":5.8667,"name":"4"},{"time":6.1,"name":null}]},"5":{"attachment":[{"time":0.5,"name":"5"},{"time":0.7667,"name":null},{"time":2.3667,"name":"5"},{"time":2.6333,"name":null},{"time":4.2333,"name":"5"},{"time":4.5,"name":null},{"time":6.1,"name":"5"},{"time":6.3667,"name":null}]},"6":{"attachment":[{"time":1,"name":"6"},{"time":1.3,"name":null},{"time":2.8667,"name":"6"},{"time":3.1667,"name":null},{"time":4.7333,"name":"6"},{"time":5.0333,"name":null},{"time":6.6,"name":"6"},{"time":6.9,"name":null}]}}}}},[0]]],0,0,[0],[-1],[0]]
