[{"__type__":"cc.SpriteFrame","content":{"name":"IdleFrame1","texture":"175b632e3","rect":[917,3,100,100],"offset":[0,0],"originalSize":[128,128],"capInsets":[0,0,0,0]}},{"__type__":"cc.SpriteFrame","content":{"name":"IdleFrame4","texture":"175b632e3","rect":[917,109,100,100],"offset":[0,0],"originalSize":[128,128],"capInsets":[0,0,0,0]}},{"__type__":"cc.SpriteFrame","content":{"name":"skin1_2","texture":"1f08b2bb3","rect":[243,850,100,100],"offset":[0,0],"originalSize":[128,128],"capInsets":[0,0,0,0]}},{"__type__":"cc.AnimationClip","_name":"face","_duration":0.7,"sample":30,"curveData":{"comps":{"cc.Sprite":{"spriteFrame":[{"frame":0,"value":{"__uuid__":"189tKQV+5KG6aJJOlM/SdZ"}},{"frame":0.16666666666666666,"value":{"__uuid__":"8amSVup6xJdK42n8GJawo0"}},{"frame":0.3333333333333333,"value":{"__uuid__":"feeM9vTrNDqqnSx31Gwmwe"}},{"frame":0.5,"value":{"__uuid__":"80Ok3mqHNJhIJDWkmKooFm"}},{"frame":0.6666666666666666,"value":{"__uuid__":"189tKQV+5KG6aJJOlM/SdZ"}}]}}}},{"__type__":"cc.SpriteFrame","content":{"name":"IdleFrame3","texture":"175b632e3","rect":[917,215,100,100],"offset":[0,0],"originalSize":[128,128],"capInsets":[0,0,0,0]}}]