[{"__type__":"cc.SpriteFrame","content":{"name":"panel_bg_2","texture":"1a6e86a82","rect":[852,385,581,406],"offset":[-0.5,-4],"originalSize":[606,436],"rotated":1,"capInsets":[0,0,0,0]}},{"__type__":"cc.SpriteFrame","content":{"name":"skinb_4","texture":"12db07cca","rect":[850,3,322,96],"offset":[0,-0.5],"originalSize":[322,97],"rotated":1,"capInsets":[0,0,0,0]}},{"__type__":"cc.SpriteFrame","content":{"name":"skinb_3","texture":"12db07cca","rect":[850,331,313,96],"offset":[0,-0.5],"originalSize":[313,97],"rotated":1,"capInsets":[0,0,0,0]}},[{"__type__":"cc.Prefab","_name":"skin_panel","data":{"__id__":1}},{"__type__":"cc.Node","_name":"skin_panel","_children":[{"__id__":2},{"__id__":4},{"__id__":11},{"__id__":12},{"__id__":17},{"__id__":22},{"__id__":27}],"_components":[{"__type__":"cc.Widget","node":{"__id__":1},"_alignFlags":18,"_top":320,"_bottom":320},{"__type__":"36030Oi54FMV6Tz63gy8WKM","node":{"__id__":1}}],"_prefab":{"__type__":"cc.PrefabInfo","root":{"__id__":1},"asset":{"__uuid__":"885fnHuaVJ6p2GksjH2j/q"},"fileId":"25RhooDsxJsZSQD6WD2ra2"},"_contentSize":{"__type__":"cc.Size","width":520},"_trs":{"__type__":"TypedArray","ctor":"Float64Array","array":[480,320,0,0,0,0,1,1,1,1]},"_groupIndex":4,"groupIndex":4},{"__type__":"cc.Node","_name":"title","_parent":{"__id__":1},"_children":[{"__id__":3}],"_components":[{"__type__":"cc.Sprite","_name":"title<Sprite>","node":{"__id__":2},"_materials":[{"__uuid__":"ecpdLyjvZBwrvm+cedCcQy"}],"_spriteFrame":{"__uuid__":"c98knwNsRA+6Garzq8CRWk"},"_sizeMode":0},{"__type__":"cc.Widget","node":{"__id__":2},"_alignFlags":17,"_top":-254.365}],"_prefab":{"__type__":"cc.PrefabInfo","root":{"__id__":1},"asset":{"__uuid__":"885fnHuaVJ6p2GksjH2j/q"},"fileId":"a2i6axVBVN9Z0MDrq10ptv"},"_contentSize":{"__type__":"cc.Size","width":330,"height":70},"_trs":{"__type__":"TypedArray","ctor":"Float64Array","array":[0,212.365,0,0,0,0,1,1.2,1.2,1]},"_groupIndex":4,"groupIndex":4},{"__type__":"cc.Node","_name":"New Label","_parent":{"__id__":2},"_components":[{"__type__":"cc.Label","_name":"New Label<Label>","node":{"__id__":3},"_materials":[{"__uuid__":"ecpdLyjvZBwrvm+cedCcQy"}],"_useOriginalSize":false,"_string":"皮肤商店","_N$string":"皮肤商店","_fontSize":50,"_N$file":{"__uuid__":"39pMCfQX9NOavSJ7c3j9Yy"},"_isSystemFontUsed":false,"_N$horizontalAlign":1,"_N$verticalAlign":1}],"_prefab":{"__type__":"cc.PrefabInfo","root":{"__id__":1},"asset":{"__uuid__":"885fnHuaVJ6p2GksjH2j/q"},"fileId":"5bIYZJUAdDiIc8lO6+1Bfm"},"_color":{"__type__":"cc.Color","r":90,"g":35,"b":35},"_contentSize":{"__type__":"cc.Size","width":156.25,"height":40},"_trs":{"__type__":"TypedArray","ctor":"Float64Array","array":[0,8,0,0,0,0,1,1,1,1]},"_groupIndex":4,"groupIndex":4},{"__type__":"cc.Node","_name":"background","_parent":{"__id__":1},"_children":[{"__id__":5},{"__id__":6},{"__id__":8},{"__id__":9},{"__id__":10}],"_components":[{"__type__":"cc.Widget","node":{"__id__":4},"_alignFlags":1,"_top":-202},{"__type__":"cc.Sprite","node":{"__id__":4},"_materials":[{"__uuid__":"ecpdLyjvZBwrvm+cedCcQy"}],"_spriteFrame":{"__uuid__":"9aCOzX4MpGYpYzLEbjYwg+"}}],"_prefab":{"__type__":"cc.PrefabInfo","root":{"__id__":1},"asset":{"__uuid__":"885fnHuaVJ6p2GksjH2j/q"},"fileId":"76N3VEaVFKj5q0VdMUw8sn"},"_contentSize":{"__type__":"cc.Size","width":639,"height":424},"_trs":{"__type__":"TypedArray","ctor":"Float64Array","array":[0,-10,0,0,0,0,1,1,1,1]},"_groupIndex":4,"groupIndex":4},{"__type__":"cc.Node","_name":"panel_bg_2","_parent":{"__id__":4},"_components":[{"__type__":"cc.Sprite","node":{"__id__":5},"_materials":[{"__uuid__":"ecpdLyjvZBwrvm+cedCcQy"}],"_spriteFrame":{"__uuid__":"0eR5rEiuBF7IXyLOieRZzl"}}],"_prefab":{"__type__":"cc.PrefabInfo","root":{"__id__":1},"asset":{"__uuid__":"885fnHuaVJ6p2GksjH2j/q"},"fileId":"a3/VtchGVER5ghLSINuk0e"},"_contentSize":{"__type__":"cc.Size","width":581,"height":406},"_trs":{"__type__":"TypedArray","ctor":"Float64Array","array":[0,-10,0,0,0,0,1,1,1,1]},"_groupIndex":4,"groupIndex":4},{"__type__":"cc.Node","_name":"panel_ads_def","_parent":{"__id__":4},"_children":[{"__id__":7}],"_components":[{"__type__":"cc.Sprite","node":{"__id__":6},"_materials":[{"__uuid__":"ecpdLyjvZBwrvm+cedCcQy"}],"_spriteFrame":{"__uuid__":"8amSVup6xJdK42n8GJawo0"}},{"__type__":"cc.Button","node":{"__id__":6},"clickEvents":[{"__type__":"cc.ClickEvent","target":{"__id__":4},"_componentId":"27b9eINVxlA3ZRC4+cBdVg1","handler":"onClick"}]}],"_prefab":{"__type__":"cc.PrefabInfo","root":{"__id__":1},"asset":{"__uuid__":"885fnHuaVJ6p2GksjH2j/q"},"fileId":"085uDeohBGDq/sc2SXWPPx"},"_contentSize":{"__type__":"cc.Size","width":100,"height":100},"_trs":{"__type__":"TypedArray","ctor":"Float64Array","array":[0,46.647,0,0,0,0,1,1,1,1]},"_groupIndex":4,"groupIndex":4},{"__type__":"cc.Node","_name":"panel_ads_icon","_parent":{"__id__":6},"_components":[{"__type__":"cc.Sprite","node":{"__id__":7},"_materials":[{"__uuid__":"ecpdLyjvZBwrvm+cedCcQy"}]},{"__type__":"cc.Widget","node":{"__id__":7},"_alignFlags":12,"_left":5,"_bottom":-4.5}],"_prefab":{"__type__":"cc.PrefabInfo","root":{"__id__":1},"asset":{"__uuid__":"885fnHuaVJ6p2GksjH2j/q"},"fileId":"d2U9vko8lNeJ2Fd7gUOgSx"},"_contentSize":{"__type__":"cc.Size","width":40,"height":40},"_trs":{"__type__":"TypedArray","ctor":"Float64Array","array":[-25,-34.5,0,0,0,0,1,1,1,1]},"_groupIndex":4,"groupIndex":4},{"__type__":"cc.Node","_name":"panel_ads_button","_parent":{"__id__":4},"_components":[{"__type__":"cc.Sprite","node":{"__id__":8},"_materials":[{"__uuid__":"ecpdLyjvZBwrvm+cedCcQy"}]}],"_prefab":{"__type__":"cc.PrefabInfo","root":{"__id__":1},"asset":{"__uuid__":"885fnHuaVJ6p2GksjH2j/q"},"fileId":"45E1vFa7dHd7A6DjSeke0p"},"_contentSize":{"__type__":"cc.Size","width":40,"height":40},"_trs":{"__type__":"TypedArray","ctor":"Float64Array","array":[158.917,-44.674,0,0,0,0,1,1,1,1]},"_groupIndex":4,"groupIndex":4},{"__type__":"cc.Node","_name":"title","_parent":{"__id__":4},"_active":false,"_components":[{"__type__":"cc.Label","node":{"__id__":9},"_materials":[{"__uuid__":"ecpdLyjvZBwrvm+cedCcQy"}],"_useOriginalSize":false,"_string":"Label","_N$string":"Label","_N$horizontalAlign":1,"_N$verticalAlign":1,"_N$overflow":3}],"_prefab":{"__type__":"cc.PrefabInfo","root":{"__id__":1},"asset":{"__uuid__":"885fnHuaVJ6p2GksjH2j/q"},"fileId":"65Ut5E2UJE4arjjFdY6Rk9"},"_contentSize":{"__type__":"cc.Size","width":97.87,"height":90.39999999999999},"_trs":{"__type__":"TypedArray","ctor":"Float64Array","array":[0,113.819,0,0,0,0,1,1,1,1]},"_groupIndex":4,"groupIndex":4},{"__type__":"cc.Node","_name":"desc","_parent":{"__id__":4},"_active":false,"_components":[{"__type__":"cc.Label","node":{"__id__":10},"_materials":[{"__uuid__":"ecpdLyjvZBwrvm+cedCcQy"}],"_useOriginalSize":false,"_string":"Label","_N$string":"Label","_N$horizontalAlign":1,"_N$verticalAlign":1,"_N$overflow":3}],"_prefab":{"__type__":"cc.PrefabInfo","root":{"__id__":1},"asset":{"__uuid__":"885fnHuaVJ6p2GksjH2j/q"},"fileId":"68a4uD3AhCQqp5nvzbHrYE"},"_contentSize":{"__type__":"cc.Size","width":97.87,"height":90.39999999999999},"_trs":{"__type__":"TypedArray","ctor":"Float64Array","array":[0,0,0,0,0,0,1,1,1,1]},"_groupIndex":4,"groupIndex":4},{"__type__":"cc.Node","_name":"close_new","_parent":{"__id__":1},"_components":[{"__type__":"cc.Sprite","_name":"close_new<Sprite>","node":{"__id__":11},"_materials":[{"__uuid__":"ecpdLyjvZBwrvm+cedCcQy"}],"_spriteFrame":{"__uuid__":"d6dS0E2udNtJbZFvA3CIPn"}},{"__type__":"cc.Button","node":{"__id__":11},"zoomScale":0,"clickEvents":[{"__type__":"cc.ClickEvent","target":{"__id__":1},"_componentId":"36030Oi54FMV6Tz63gy8WKM","handler":"on_close"}]}],"_prefab":{"__type__":"cc.PrefabInfo","root":{"__id__":1},"asset":{"__uuid__":"885fnHuaVJ6p2GksjH2j/q"},"fileId":"2dIlCfqedNy6zqCPn+Sheo"},"_contentSize":{"__type__":"cc.Size","width":119,"height":107},"_trs":{"__type__":"TypedArray","ctor":"Float64Array","array":[284.777,160,0,0,0,0,1,0.6,0.6,0.6]},"_groupIndex":4,"groupIndex":4},{"__type__":"cc.Node","_name":"skin1","_parent":{"__id__":1},"_children":[{"__id__":13},{"__id__":14},{"__id__":15},{"__id__":16}],"_components":[{"__type__":"7e7c8eAfJ1OwY9eANfYSRz2","node":{"__id__":12},"icon_ball":{"__id__":13},"icon_unlock":{"__id__":14},"icon_lock":{"__id__":16},"icon_got":{"__id__":15}}],"_prefab":{"__type__":"cc.PrefabInfo","root":{"__id__":1},"asset":{"__uuid__":"885fnHuaVJ6p2GksjH2j/q"},"fileId":"c9tLJEOydFUKJOpxex2FW+"},"_trs":{"__type__":"TypedArray","ctor":"Float64Array","array":[-195,-123,0,0,0,0,1,0.7,0.7,1]},"_groupIndex":4,"groupIndex":4},{"__type__":"cc.Node","_name":"skin1_2","_parent":{"__id__":12},"_components":[{"__type__":"cc.Sprite","node":{"__id__":13},"_materials":[{"__uuid__":"ecpdLyjvZBwrvm+cedCcQy"}],"_spriteFrame":{"__uuid__":"8amSVup6xJdK42n8GJawo0"}}],"_prefab":{"__type__":"cc.PrefabInfo","root":{"__id__":1},"asset":{"__uuid__":"885fnHuaVJ6p2GksjH2j/q"},"fileId":"2fn6vaiaJHZI1TgjZTrzow"},"_contentSize":{"__type__":"cc.Size","width":100,"height":100},"_trs":{"__type__":"TypedArray","ctor":"Float64Array","array":[0,0,0,0,0,0,1,1,1,1]},"_groupIndex":4,"groupIndex":4},{"__type__":"cc.Node","_name":"skinb_1","_parent":{"__id__":12},"_components":[{"__type__":"cc.Sprite","node":{"__id__":14},"_materials":[{"__uuid__":"ecpdLyjvZBwrvm+cedCcQy"}],"_spriteFrame":{"__uuid__":"a32nyqugBH+bphGAeo6bNO"}}],"_prefab":{"__type__":"cc.PrefabInfo","root":{"__id__":1},"asset":{"__uuid__":"885fnHuaVJ6p2GksjH2j/q"},"fileId":"c0ImwVECtCBJeDE2AvC/AM"},"_contentSize":{"__type__":"cc.Size","width":282,"height":96},"_trs":{"__type__":"TypedArray","ctor":"Float64Array","array":[0,-83.75,0,0,0,0,1,0.5,0.5,1]},"_groupIndex":4,"groupIndex":4},{"__type__":"cc.Node","_name":"sign_ok","_parent":{"__id__":12},"_components":[{"__type__":"cc.Sprite","node":{"__id__":15},"_materials":[{"__uuid__":"ecpdLyjvZBwrvm+cedCcQy"}],"_spriteFrame":{"__uuid__":"a9pTJJpbRMPbbMs3vLoJ6M"}}],"_prefab":{"__type__":"cc.PrefabInfo","root":{"__id__":1},"asset":{"__uuid__":"885fnHuaVJ6p2GksjH2j/q"},"fileId":"bcV0uUDh1KSZnfDQPYU5da"},"_contentSize":{"__type__":"cc.Size","width":89,"height":73},"_trs":{"__type__":"TypedArray","ctor":"Float64Array","array":[0,-92.5,0,0,0,0,1,0.6,0.6,1]},"_groupIndex":4,"groupIndex":4},{"__type__":"cc.Node","_name":"skinb_2","_parent":{"__id__":12},"_active":false,"_components":[{"__type__":"cc.Sprite","node":{"__id__":16},"_materials":[{"__uuid__":"ecpdLyjvZBwrvm+cedCcQy"}],"_spriteFrame":{"__uuid__":"f0rt7ux1ZLXZfEmPPObV4S"}}],"_prefab":{"__type__":"cc.PrefabInfo","root":{"__id__":1},"asset":{"__uuid__":"885fnHuaVJ6p2GksjH2j/q"},"fileId":"d0ntPl8GRNXoVEnwZI0XnZ"},"_contentSize":{"__type__":"cc.Size","width":356,"height":96},"_trs":{"__type__":"TypedArray","ctor":"Float64Array","array":[0,-83.75,0,0,0,0,1,0.5,0.5,1]},"_groupIndex":4,"groupIndex":4},{"__type__":"cc.Node","_name":"skin1 copy","_parent":{"__id__":1},"_children":[{"__id__":18},{"__id__":19},{"__id__":20},{"__id__":21}],"_components":[{"__type__":"7e7c8eAfJ1OwY9eANfYSRz2","node":{"__id__":17},"icon_ball":{"__id__":18},"icon_unlock":{"__id__":19},"icon_lock":{"__id__":21},"icon_got":{"__id__":20},"icon_index":2}],"_prefab":{"__type__":"cc.PrefabInfo","root":{"__id__":1},"asset":{"__uuid__":"885fnHuaVJ6p2GksjH2j/q"},"fileId":"b2pzn2wzNH/I9hX+2tUaEM"},"_trs":{"__type__":"TypedArray","ctor":"Float64Array","array":[-65,-123,0,0,0,0,1,0.7,0.7,1]},"_groupIndex":4,"groupIndex":4},{"__type__":"cc.Node","_name":"skin1_2","_parent":{"__id__":17},"_components":[{"__type__":"cc.Sprite","node":{"__id__":18},"_materials":[{"__uuid__":"ecpdLyjvZBwrvm+cedCcQy"}]}],"_prefab":{"__type__":"cc.PrefabInfo","root":{"__id__":1},"asset":{"__uuid__":"885fnHuaVJ6p2GksjH2j/q"},"fileId":"93r8KuzJxCVr+yDYkxJ7Q/"},"_contentSize":{"__type__":"cc.Size","width":113,"height":114},"_trs":{"__type__":"TypedArray","ctor":"Float64Array","array":[0,0,0,0,0,0,1,0.9,0.9,1]},"_groupIndex":4,"groupIndex":4},{"__type__":"cc.Node","_name":"skinb_1","_parent":{"__id__":17},"_active":false,"_components":[{"__type__":"cc.Sprite","node":{"__id__":19},"_materials":[{"__uuid__":"ecpdLyjvZBwrvm+cedCcQy"}],"_spriteFrame":{"__uuid__":"a32nyqugBH+bphGAeo6bNO"}}],"_prefab":{"__type__":"cc.PrefabInfo","root":{"__id__":1},"asset":{"__uuid__":"885fnHuaVJ6p2GksjH2j/q"},"fileId":"38xzFywv9Cu7+zLTtuN7Av"},"_contentSize":{"__type__":"cc.Size","width":282,"height":96},"_trs":{"__type__":"TypedArray","ctor":"Float64Array","array":[0,-83.75,0,0,0,0,1,0.5,0.5,1]},"_groupIndex":4,"groupIndex":4},{"__type__":"cc.Node","_name":"sign_ok","_parent":{"__id__":17},"_components":[{"__type__":"cc.Sprite","node":{"__id__":20},"_materials":[{"__uuid__":"ecpdLyjvZBwrvm+cedCcQy"}],"_spriteFrame":{"__uuid__":"a9pTJJpbRMPbbMs3vLoJ6M"}}],"_prefab":{"__type__":"cc.PrefabInfo","root":{"__id__":1},"asset":{"__uuid__":"885fnHuaVJ6p2GksjH2j/q"},"fileId":"92er87JuFIULY2KSLPI/gU"},"_contentSize":{"__type__":"cc.Size","width":89,"height":73},"_trs":{"__type__":"TypedArray","ctor":"Float64Array","array":[0,-92.5,0,0,0,0,1,0.6,0.6,1]},"_groupIndex":4,"groupIndex":4},{"__type__":"cc.Node","_name":"skinb_2","_parent":{"__id__":17},"_components":[{"__type__":"cc.Sprite","node":{"__id__":21},"_materials":[{"__uuid__":"ecpdLyjvZBwrvm+cedCcQy"}],"_spriteFrame":{"__uuid__":"f0rt7ux1ZLXZfEmPPObV4S"}}],"_prefab":{"__type__":"cc.PrefabInfo","root":{"__id__":1},"asset":{"__uuid__":"885fnHuaVJ6p2GksjH2j/q"},"fileId":"2dGM60o9hKu4wiletrRzmR"},"_contentSize":{"__type__":"cc.Size","width":356,"height":96},"_trs":{"__type__":"TypedArray","ctor":"Float64Array","array":[0,-83.75,0,0,0,0,1,0.5,0.5,1]},"_groupIndex":4,"groupIndex":4},{"__type__":"cc.Node","_name":"skin1 copy","_parent":{"__id__":1},"_children":[{"__id__":23},{"__id__":24},{"__id__":25},{"__id__":26}],"_components":[{"__type__":"7e7c8eAfJ1OwY9eANfYSRz2","node":{"__id__":22},"icon_ball":{"__id__":23},"icon_unlock":{"__id__":24},"icon_lock":{"__id__":26},"icon_got":{"__id__":25},"icon_index":3}],"_prefab":{"__type__":"cc.PrefabInfo","root":{"__id__":1},"asset":{"__uuid__":"885fnHuaVJ6p2GksjH2j/q"},"fileId":"3dYpt3gX1Dr6FCI5ZG+Hcq"},"_trs":{"__type__":"TypedArray","ctor":"Float64Array","array":[65,-123,0,0,0,0,1,0.7,0.7,1]},"_groupIndex":4,"groupIndex":4},{"__type__":"cc.Node","_name":"skin1_2","_parent":{"__id__":22},"_components":[{"__type__":"cc.Sprite","node":{"__id__":23},"_materials":[{"__uuid__":"ecpdLyjvZBwrvm+cedCcQy"}]}],"_prefab":{"__type__":"cc.PrefabInfo","root":{"__id__":1},"asset":{"__uuid__":"885fnHuaVJ6p2GksjH2j/q"},"fileId":"e322x4D5pFc6WeSp5wnIlh"},"_contentSize":{"__type__":"cc.Size","width":114,"height":114},"_trs":{"__type__":"TypedArray","ctor":"Float64Array","array":[0,0,0,0,0,0,1,0.9,0.9,1]},"_groupIndex":4,"groupIndex":4},{"__type__":"cc.Node","_name":"skinb_1","_parent":{"__id__":22},"_active":false,"_components":[{"__type__":"cc.Sprite","node":{"__id__":24},"_materials":[{"__uuid__":"ecpdLyjvZBwrvm+cedCcQy"}],"_spriteFrame":{"__uuid__":"a32nyqugBH+bphGAeo6bNO"}}],"_prefab":{"__type__":"cc.PrefabInfo","root":{"__id__":1},"asset":{"__uuid__":"885fnHuaVJ6p2GksjH2j/q"},"fileId":"0cQI47yo9DnK2417ZgVJEg"},"_contentSize":{"__type__":"cc.Size","width":282,"height":96},"_trs":{"__type__":"TypedArray","ctor":"Float64Array","array":[0,-83.75,0,0,0,0,1,0.5,0.5,1]},"_groupIndex":4,"groupIndex":4},{"__type__":"cc.Node","_name":"sign_ok","_parent":{"__id__":22},"_components":[{"__type__":"cc.Sprite","node":{"__id__":25},"_materials":[{"__uuid__":"ecpdLyjvZBwrvm+cedCcQy"}],"_spriteFrame":{"__uuid__":"a9pTJJpbRMPbbMs3vLoJ6M"}}],"_prefab":{"__type__":"cc.PrefabInfo","root":{"__id__":1},"asset":{"__uuid__":"885fnHuaVJ6p2GksjH2j/q"},"fileId":"13nmiAdPRBxb/8HoWSg7n4"},"_contentSize":{"__type__":"cc.Size","width":89,"height":73},"_trs":{"__type__":"TypedArray","ctor":"Float64Array","array":[0,-92.5,0,0,0,0,1,0.6,0.6,0.6]},"_groupIndex":4,"groupIndex":4},{"__type__":"cc.Node","_name":"skinb_3","_parent":{"__id__":22},"_components":[{"__type__":"cc.Sprite","node":{"__id__":26},"_materials":[{"__uuid__":"ecpdLyjvZBwrvm+cedCcQy"}],"_spriteFrame":{"__uuid__":"80ruDIS+xJB4BdzIXO53Pn"}}],"_prefab":{"__type__":"cc.PrefabInfo","root":{"__id__":1},"asset":{"__uuid__":"885fnHuaVJ6p2GksjH2j/q"},"fileId":"70npCal1lPeopPadoYD5hS"},"_contentSize":{"__type__":"cc.Size","width":313,"height":96},"_trs":{"__type__":"TypedArray","ctor":"Float64Array","array":[0,-83.75,0,0,0,0,1,0.5,0.5,1]},"_groupIndex":4,"groupIndex":4},{"__type__":"cc.Node","_name":"skin1 copy","_parent":{"__id__":1},"_children":[{"__id__":28},{"__id__":29},{"__id__":30},{"__id__":31}],"_components":[{"__type__":"7e7c8eAfJ1OwY9eANfYSRz2","node":{"__id__":27},"icon_ball":{"__id__":28},"icon_unlock":{"__id__":29},"icon_lock":{"__id__":31},"icon_got":{"__id__":30},"icon_index":4}],"_prefab":{"__type__":"cc.PrefabInfo","root":{"__id__":1},"asset":{"__uuid__":"885fnHuaVJ6p2GksjH2j/q"},"fileId":"f7ExMtXLREXIMjPN9QKSOr"},"_trs":{"__type__":"TypedArray","ctor":"Float64Array","array":[195,-123,0,0,0,0,1,0.7,0.7,1]},"_groupIndex":4,"groupIndex":4},{"__type__":"cc.Node","_name":"skin1_2","_parent":{"__id__":27},"_components":[{"__type__":"cc.Sprite","node":{"__id__":28},"_materials":[{"__uuid__":"ecpdLyjvZBwrvm+cedCcQy"}]}],"_prefab":{"__type__":"cc.PrefabInfo","root":{"__id__":1},"asset":{"__uuid__":"885fnHuaVJ6p2GksjH2j/q"},"fileId":"74l6iKM4FB+5aQ/6JIox0X"},"_contentSize":{"__type__":"cc.Size","width":113,"height":114},"_trs":{"__type__":"TypedArray","ctor":"Float64Array","array":[0,0,0,0,0,0,1,0.9,0.9,1]},"_groupIndex":4,"groupIndex":4},{"__type__":"cc.Node","_name":"skinb_1","_parent":{"__id__":27},"_active":false,"_components":[{"__type__":"cc.Sprite","node":{"__id__":29},"_materials":[{"__uuid__":"ecpdLyjvZBwrvm+cedCcQy"}],"_spriteFrame":{"__uuid__":"a32nyqugBH+bphGAeo6bNO"}}],"_prefab":{"__type__":"cc.PrefabInfo","root":{"__id__":1},"asset":{"__uuid__":"885fnHuaVJ6p2GksjH2j/q"},"fileId":"7aShrxcUJC6Y6Bm39a8wIn"},"_contentSize":{"__type__":"cc.Size","width":282,"height":96},"_trs":{"__type__":"TypedArray","ctor":"Float64Array","array":[0,-83.75,0,0,0,0,1,0.5,0.5,1]},"_groupIndex":4,"groupIndex":4},{"__type__":"cc.Node","_name":"sign_ok","_parent":{"__id__":27},"_components":[{"__type__":"cc.Sprite","node":{"__id__":30},"_materials":[{"__uuid__":"ecpdLyjvZBwrvm+cedCcQy"}],"_spriteFrame":{"__uuid__":"a9pTJJpbRMPbbMs3vLoJ6M"}}],"_prefab":{"__type__":"cc.PrefabInfo","root":{"__id__":1},"asset":{"__uuid__":"885fnHuaVJ6p2GksjH2j/q"},"fileId":"7dE29QF1hLWZy8pu03gMWN"},"_contentSize":{"__type__":"cc.Size","width":89,"height":73},"_trs":{"__type__":"TypedArray","ctor":"Float64Array","array":[0,-92.5,0,0,0,0,1,0.6,0.6,1]},"_groupIndex":4,"groupIndex":4},{"__type__":"cc.Node","_name":"skinb_4","_parent":{"__id__":27},"_components":[{"__type__":"cc.Sprite","node":{"__id__":31},"_materials":[{"__uuid__":"ecpdLyjvZBwrvm+cedCcQy"}],"_spriteFrame":{"__uuid__":"55FljqnctLgbARaWA5nHfg"}}],"_prefab":{"__type__":"cc.PrefabInfo","root":{"__id__":1},"asset":{"__uuid__":"885fnHuaVJ6p2GksjH2j/q"},"fileId":"7dXN0xHsBHLpLdtE15usGp"},"_contentSize":{"__type__":"cc.Size","width":322,"height":96},"_trs":{"__type__":"TypedArray","ctor":"Float64Array","array":[0,-83.75,0,0,0,0,1,0.5,0.5,1]},"_groupIndex":4,"groupIndex":4}],{"__type__":"cc.SpriteFrame","content":{"name":"skin1_2","texture":"1f08b2bb3","rect":[243,850,100,100],"offset":[0,0],"originalSize":[128,128],"capInsets":[0,0,0,0]}},{"__type__":"cc.SpriteFrame","content":{"name":"panel_bg_1","texture":"1a6e86a82","rect":[214,973,639,424],"offset":[-0.5,-2],"originalSize":[658,458],"rotated":1,"capInsets":[0,0,0,0]}},{"__type__":"cc.SpriteFrame","content":{"name":"skinb_1","texture":"12db07cca","rect":[727,850,282,96],"offset":[0,-0.5],"originalSize":[282,97],"capInsets":[0,0,0,0]}},{"__type__":"cc.SpriteFrame","content":{"name":"sign_ok","texture":"1f08b2bb3","rect":[455,850,89,73],"offset":[0.5,0],"originalSize":[130,103],"capInsets":[0,0,0,0]}},{"__type__":"cc.SpriteFrame","content":{"name":"title_new","texture":"1a6e86a82","rect":[3,973,732,205],"offset":[0,0],"originalSize":[732,205],"rotated":1,"capInsets":[0,0,0,0]}},{"__type__":"cc.SpriteFrame","content":{"name":"close_new","texture":"1a6e86a82","rect":[1068,1575,119,107],"offset":[0,0],"originalSize":[119,107],"rotated":1,"capInsets":[0,0,0,0]}},{"__type__":"cc.SpriteFrame","content":{"name":"skinb_2","texture":"12db07cca","rect":[365,850,356,96],"offset":[0,-0.5],"originalSize":[356,97],"capInsets":[0,0,0,0]}}]