[1,["304Yp4WwhBFKqMq00DhS9O@6c48a"],0,[["sp.SkeletonData",["_name","_atlasText","textureNames","_skeletonJson","textures"],-1,3]],[[0,0,1,2,3,4,5]],[[0,"Sound_H_Yellow","\r\nSound_H_Yellow.png\r\nsize: 856, 375\r\nformat: RGBA8888\r\nfilter: Linear, Linear\r\nrepeat: none\r\n1\r\n  rotate: true\r\n  xy: 582, 189\r\n  size: 184, 272\r\n  orig: 184, 272\r\n  offset: 0, 0\r\n  index: -1\r\n2\r\n  rotate: true\r\n  xy: 271, 4\r\n  size: 185, 276\r\n  orig: 185, 276\r\n  offset: 0, 0\r\n  index: -1\r\n3\r\n  rotate: true\r\n  xy: 2, 5\r\n  size: 185, 267\r\n  orig: 185, 267\r\n  offset: 0, 0\r\n  index: -1\r\n4\r\n  rotate: true\r\n  xy: 549, 2\r\n  size: 185, 276\r\n  orig: 185, 276\r\n  offset: 0, 0\r\n  index: -1\r\n5\r\n  rotate: true\r\n  xy: 2, 192\r\n  size: 181, 274\r\n  orig: 181, 274\r\n  offset: 0, 0\r\n  index: -1\r\n6\r\n  rotate: true\r\n  xy: 278, 191\r\n  size: 182, 302\r\n  orig: 182, 302\r\n  offset: 0, 0\r\n  index: -1\r\n",["Sound_H_Yellow.png"],{"skeleton":{"hash":"AgmlQxWGHrE","spine":"3.8-from-4.0-from-4.1-from-4.2.37","x":-90.27,"y":-6.16,"width":185,"height":276,"images":"C:\\Users\\006\\Desktop\\111","audio":"./audio"},"bones":[{"name":"root"}],"slots":[{"name":"1","bone":"root"},{"name":"2","bone":"root","attachment":"2"},{"name":"3","bone":"root"},{"name":"4","bone":"root"},{"name":"5","bone":"root"},{"name":"6","bone":"root"}],"skins":[{"name":"default","attachments":{"1":{"1":{"x":31.49,"y":130.07,"width":184,"height":272}},"2":{"2":{"x":2.23,"y":131.84,"width":185,"height":276}},"3":{"3":{"x":21.23,"y":127.15,"width":185,"height":267}},"4":{"4":{"x":2.46,"y":131.84,"width":185,"height":276}},"5":{"5":{"x":-17.66,"y":130.73,"width":181,"height":274}},"6":{"6":{"x":2.68,"y":143.58,"width":182,"height":302}}}}],"animations":{"Sound_1":{"slots":{"1":{"attachment":[{"time":1.4,"name":"1"},{"time":1.5667,"name":null},{"time":2.3667,"name":"1"},{"time":2.5,"name":null},{"time":3.1333,"name":"1"},{"time":3.3,"name":null},{"time":3.7667,"name":"1"},{"time":3.9333,"name":null},{"time":4.7,"name":"1"},{"time":4.8667,"name":null},{"time":5.5,"name":"1"},{"time":5.6333,"name":null}]},"2":{"attachment":[{"time":0.1667,"name":null},{"time":0.6333,"name":"2"},{"time":0.8,"name":null},{"time":1.1,"name":"2"},{"time":1.2667,"name":null},{"time":1.5667,"name":"2"},{"time":1.7333,"name":null},{"time":2.0333,"name":"2"},{"time":2.2,"name":null},{"time":2.5,"name":"2"},{"time":2.6667,"name":null},{"time":2.8333,"name":"2"},{"time":2.9667,"name":null},{"time":3.3,"name":"2"},{"time":3.4667,"name":null},{"time":3.9333,"name":"2"},{"time":4.0667,"name":null},{"time":4.4,"name":"2"},{"time":4.5333,"name":null},{"time":4.8667,"name":"2"},{"time":5.0333,"name":null},{"time":5.3333,"name":"2"},{"time":5.5,"name":null},{"time":5.6333,"name":"2"},{"time":5.8,"name":null},{"time":6.1,"name":"2"},{"time":6.2667,"name":null},{"time":6.4333,"name":"2"},{"time":6.6,"name":null},{"time":6.9,"name":"2"}]},"3":{"attachment":[{"time":0.3,"name":"3"},{"time":0.4667,"name":null},{"time":0.9333,"name":"3"},{"time":1.1,"name":null},{"time":1.8667,"name":"3"},{"time":2.0333,"name":null},{"time":2.6667,"name":"3"},{"time":2.8333,"name":null},{"time":3.4667,"name":"3"},{"time":3.6,"name":null},{"time":4.2333,"name":"3"},{"time":4.4,"name":null},{"time":5.1667,"name":"3"},{"time":5.3333,"name":null},{"time":5.9667,"name":"3"},{"time":6.1,"name":null},{"time":6.6,"name":"3"},{"time":6.7333,"name":null}]},"5":{"attachment":[{"time":0.4667,"name":"5"},{"time":0.6333,"name":null},{"time":1.2667,"name":"5"},{"time":1.4,"name":null},{"time":2.2,"name":"5"},{"time":2.3667,"name":null},{"time":2.9667,"name":"5"},{"time":3.1333,"name":null},{"time":3.6,"name":"5"},{"time":3.7667,"name":null},{"time":4.5333,"name":"5"},{"time":4.7,"name":null},{"time":6.7333,"name":"5"},{"time":6.9,"name":null}]},"6":{"attachment":[{"time":0.1667,"name":"6"},{"time":0.3,"name":null},{"time":0.8,"name":"6"},{"time":0.9333,"name":null},{"time":1.7333,"name":"6"},{"time":1.8667,"name":null},{"time":4.0667,"name":"6"},{"time":4.2333,"name":null},{"time":5.0333,"name":"6"},{"time":5.1667,"name":null},{"time":5.8,"name":"6"},{"time":5.9667,"name":null},{"time":6.2667,"name":"6"},{"time":6.4333,"name":null}]}}},"Sound_2":{"slots":{"1":{"attachment":[{"time":1.4,"name":"1"},{"time":1.5667,"name":null},{"time":2.3667,"name":"1"},{"time":2.5,"name":null},{"time":3.1333,"name":"1"},{"time":3.3,"name":null},{"time":3.7667,"name":"1"},{"time":3.9333,"name":null},{"time":4.7,"name":"1"},{"time":4.8667,"name":null},{"time":5.5,"name":"1"},{"time":5.6333,"name":null}]},"2":{"attachment":[{"time":0.1667,"name":null},{"time":0.6333,"name":"2"},{"time":0.8,"name":null},{"time":1.1,"name":"2"},{"time":1.2667,"name":null},{"time":1.5667,"name":"2"},{"time":1.7333,"name":null},{"time":2.0333,"name":"2"},{"time":2.2,"name":null},{"time":2.5,"name":"2"},{"time":2.6667,"name":null},{"time":2.8333,"name":"2"},{"time":2.9667,"name":null},{"time":3.3,"name":"2"},{"time":3.4667,"name":null},{"time":3.9333,"name":"2"},{"time":4.0667,"name":null},{"time":4.4,"name":"2"},{"time":4.5333,"name":null},{"time":4.8667,"name":"2"},{"time":5.0333,"name":null},{"time":5.3333,"name":"2"},{"time":5.5,"name":null},{"time":5.6333,"name":"2"},{"time":5.8,"name":null},{"time":6.1,"name":"2"},{"time":6.2667,"name":null},{"time":6.4333,"name":"2"},{"time":6.6,"name":null},{"time":6.9,"name":"2"}]},"3":{"attachment":[{"time":0.3,"name":"3"},{"time":0.4667,"name":null},{"time":0.9333,"name":"3"},{"time":1.1,"name":null},{"time":1.8667,"name":"3"},{"time":2.0333,"name":null},{"time":2.6667,"name":"3"},{"time":2.8333,"name":null},{"time":3.4667,"name":"3"},{"time":3.6,"name":null},{"time":4.2333,"name":"3"},{"time":4.4,"name":null},{"time":5.1667,"name":"3"},{"time":5.3333,"name":null},{"time":5.9667,"name":"3"},{"time":6.1,"name":null},{"time":6.6,"name":"3"},{"time":6.7333,"name":null}]},"5":{"attachment":[{"time":0.4667,"name":"5"},{"time":0.6333,"name":null},{"time":1.2667,"name":"5"},{"time":1.4,"name":null},{"time":2.2,"name":"5"},{"time":2.3667,"name":null},{"time":2.9667,"name":"5"},{"time":3.1333,"name":null},{"time":3.6,"name":"5"},{"time":3.7667,"name":null},{"time":4.5333,"name":"5"},{"time":4.7,"name":null},{"time":6.7333,"name":"5"},{"time":6.9,"name":null}]},"6":{"attachment":[{"time":0.1667,"name":"6"},{"time":0.3,"name":null},{"time":0.8,"name":"6"},{"time":0.9333,"name":null},{"time":1.7333,"name":"6"},{"time":1.8667,"name":null},{"time":4.0667,"name":"6"},{"time":4.2333,"name":null},{"time":5.0333,"name":"6"},{"time":5.1667,"name":null},{"time":5.8,"name":"6"},{"time":5.9667,"name":null},{"time":6.2667,"name":"6"},{"time":6.4333,"name":null}]}}}}},[0]]],0,0,[0],[-1],[0]]
